"date","geography","geography code","Rural Urban","Rooms: All categories: Number of rooms; measures: Value","Rooms: 1 room; measures: Value","Rooms: 2 rooms; measures: Value","Rooms: 3 rooms; measures: Value","Rooms: 4 rooms; measures: Value","Rooms: 5 rooms; measures: Value","Rooms: 6 rooms; measures: Value","Rooms: 7 rooms; measures: Value","Rooms: 8 rooms; measures: Value","Rooms: 9 or more rooms; measures: Value"
"2011","Darlington 001","E02002559","Total",3646,2,26,118,393,736,799,585,492,495
"2011","Darlington 002","E02002560","Total",2511,1,14,40,420,827,717,238,145,109
"2011","Darlington 003","E02002561","Total",2507,1,8,117,472,702,544,362,214,87
"2011","Darlington 004","E02002562","Total",2933,6,85,459,814,757,487,154,105,66
"2011","Darlington 005","E02002563","Total",2343,3,14,121,543,733,596,196,93,44
"2011","Darlington 006","E02002564","Total",4137,6,43,447,747,1218,1106,364,148,58
"2011","Darlington 007","E02002565","Total",2667,6,19,89,768,869,650,153,74,39
"2011","Darlington 008","E02002566","Total",3475,82,163,648,848,859,470,161,118,126
"2011","Darlington 009","E02002567","Total",3209,7,67,225,899,1016,707,201,64,23
"2011","Darlington 010","E02002568","Total",2634,17,88,270,343,259,507,411,343,396
"2011","Darlington 011","E02002569","Total",3912,2,11,154,402,559,1110,768,472,434
"2011","Darlington 012","E02002570","Total",3723,15,86,540,945,1054,757,191,78,57
"2011","Darlington 013","E02002571","Total",2758,3,33,222,717,978,576,159,50,20
"2011","Darlington 014","E02002572","Total",2727,2,51,241,639,794,546,216,116,122
"2011","Darlington 015","E02002573","Total",3488,1,28,140,443,778,693,622,364,419
"2011","County Durham 002","E02004290","Total",2518,1,41,90,390,651,603,421,211,110
"2011","County Durham 005","E02004291","Total",3131,3,25,202,933,1119,534,174,86,55
"2011","County Durham 007","E02004292","Total",3523,10,23,274,569,910,817,455,275,190
"2011","County Durham 011","E02004293","Total",4412,14,51,720,779,1673,772,202,114,87
"2011","County Durham 013","E02004294","Total",3655,4,25,141,853,714,657,512,388,361
"2011","County Durham 015","E02004295","Total",3213,0,18,144,712,830,698,352,222,237
"2011","County Durham 019","E02004296","Total",3529,8,31,228,732,1218,718,314,159,121
"2011","County Durham 001","E02004297","Total",3550,2,18,132,843,1024,744,383,225,179
"2011","County Durham 003","E02004298","Total",4178,5,12,105,748,1086,957,506,385,374
"2011","County Durham 004","E02004299","Total",3758,5,38,138,1006,1102,828,331,177,133
"2011","County Durham 006","E02004300","Total",3491,2,32,87,1222,1032,643,259,120,94
"2011","County Durham 008","E02004301","Total",3913,4,36,148,1274,1281,775,246,96,53
"2011","County Durham 009","E02004302","Total",3530,5,34,210,1007,1065,769,260,101,79
"2011","County Durham 010","E02004303","Total",5253,12,85,285,1533,1387,1052,460,273,166
"2011","County Durham 012","E02004304","Total",3896,4,44,108,876,1357,784,369,220,134
"2011","County Durham 014","E02004305","Total",3816,4,36,118,859,1263,849,352,185,150
"2011","County Durham 020","E02004306","Total",2681,3,15,91,488,691,647,337,206,203
"2011","County Durham 024","E02004307","Total",2878,2,18,113,764,790,540,294,179,178
"2011","County Durham 022","E02004308","Total",2987,0,18,117,475,514,744,549,355,215
"2011","County Durham 023","E02004309","Total",2769,0,13,326,650,776,514,263,143,84
"2011","County Durham 026","E02004310","Total",3526,1,22,228,755,1090,686,375,200,169
"2011","County Durham 027","E02004311","Total",4118,12,27,258,1059,1216,733,401,210,202
"2011","County Durham 028","E02004312","Total",3409,3,36,177,562,677,843,579,363,169
"2011","County Durham 029","E02004313","Total",2957,3,28,307,635,1078,593,182,67,64
"2011","County Durham 030","E02004314","Total",2363,14,68,334,493,333,386,311,216,208
"2011","County Durham 033","E02004315","Total",3845,3,23,188,416,550,882,733,508,542
"2011","County Durham 031","E02004316","Total",2644,1,27,108,634,1023,520,159,93,79
"2011","County Durham 038","E02004317","Total",3554,11,62,310,781,1167,656,277,159,131
"2011","County Durham 041","E02004318","Total",2666,0,23,136,611,776,468,251,185,216
"2011","County Durham 044","E02004319","Total",3293,2,18,177,797,1048,661,297,163,130
"2011","County Durham 016","E02004320","Total",3851,5,44,370,631,1244,782,345,221,209
"2011","County Durham 017","E02004321","Total",3662,3,37,435,803,1106,825,247,125,81
"2011","County Durham 018","E02004322","Total",3769,3,37,312,1340,1239,549,189,60,40
"2011","County Durham 021","E02004323","Total",3337,1,31,236,825,948,768,299,154,75
"2011","County Durham 025","E02004324","Total",2588,3,15,159,567,859,530,203,140,112
"2011","County Durham 032","E02004325","Total",3722,5,26,301,1330,1117,590,220,89,44
"2011","County Durham 034","E02004326","Total",2713,3,28,240,689,868,489,203,116,77
"2011","County Durham 036","E02004327","Total",2913,9,40,186,1141,912,439,99,53,34
"2011","County Durham 035","E02004328","Total",3115,1,22,181,634,1249,696,201,89,42
"2011","County Durham 037","E02004329","Total",2807,6,36,175,309,950,636,316,230,149
"2011","County Durham 039","E02004330","Total",2742,2,27,210,808,899,511,161,80,44
"2011","County Durham 040","E02004331","Total",3084,2,21,249,744,1029,637,207,123,72
"2011","County Durham 043","E02004332","Total",3113,3,15,141,631,891,688,327,178,239
"2011","County Durham 047","E02004333","Total",3195,2,14,146,655,859,855,389,158,117
"2011","County Durham 048","E02004334","Total",3192,4,16,192,819,1025,678,245,131,82
"2011","County Durham 049","E02004335","Total",2929,8,47,239,926,926,528,137,67,51
"2011","County Durham 050","E02004336","Total",3264,8,50,269,1081,1000,509,198,85,64
"2011","County Durham 052","E02004337","Total",4037,2,42,244,1060,1122,685,444,270,168
"2011","County Durham 053","E02004338","Total",3029,2,29,218,796,940,587,261,119,77
"2011","County Durham 054","E02004339","Total",2997,0,34,172,465,588,631,479,310,318
"2011","County Durham 059","E02004340","Total",4812,6,65,358,1527,1462,902,282,122,88
"2011","County Durham 060","E02004341","Total",3474,1,29,106,479,870,734,502,410,343
"2011","County Durham 061","E02004342","Total",2401,2,16,130,509,1231,366,91,35,21
"2011","County Durham 062","E02004343","Total",2492,1,19,136,627,731,593,239,99,47
"2011","County Durham 063","E02004344","Total",3244,3,24,151,662,880,806,409,189,120
"2011","County Durham 064","E02004345","Total",5755,6,32,247,1147,1515,1125,701,480,502
"2011","County Durham 065","E02004346","Total",2344,1,14,79,357,436,453,347,278,379
"2011","County Durham 066","E02004347","Total",3012,5,57,224,629,735,591,356,238,177
"2011","County Durham 042","E02004348","Total",3700,2,23,164,770,832,776,454,298,381
"2011","County Durham 045","E02004349","Total",4081,1,26,301,1031,1183,810,389,189,151
"2011","County Durham 046","E02004350","Total",4378,16,49,189,1048,1296,830,409,303,238
"2011","County Durham 051","E02004351","Total",3135,2,30,296,909,935,495,185,126,157
"2011","County Durham 055","E02004352","Total",3409,11,56,238,871,922,611,306,212,182
"2011","County Durham 056","E02004353","Total",3313,1,22,116,529,875,803,478,282,207
"2011","County Durham 057","E02004354","Total",3891,4,20,193,917,1165,752,353,270,217
"2011","County Durham 058","E02004355","Total",3247,9,38,326,971,946,578,217,104,58
"2011","Hartlepool 001","E02002483","Total",3847,2,17,227,703,1054,833,467,294,250
"2011","Hartlepool 002","E02002484","Total",4553,13,67,573,1250,1341,842,255,112,100
"2011","Hartlepool 003","E02002485","Total",3474,10,51,400,607,1110,906,255,77,58
"2011","Hartlepool 005","E02002487","Total",2765,8,68,365,1060,655,414,119,40,36
"2011","Hartlepool 006","E02002488","Total",2512,1,5,88,248,380,669,413,313,395
"2011","Hartlepool 007","E02002489","Total",3532,46,132,502,643,702,649,349,253,256
"2011","Hartlepool 008","E02002490","Total",2857,4,20,195,721,954,611,197,98,57
"2011","Hartlepool 009","E02002491","Total",2887,5,42,296,470,927,800,232,78,37
"2011","Hartlepool 010","E02002492","Total",2924,2,19,192,677,918,694,251,104,67
"2011","Hartlepool 011","E02002493","Total",2698,2,31,110,378,622,597,442,297,219
"2011","Hartlepool 012","E02002494","Total",3399,1,37,365,1168,1077,486,159,68,38
"2011","Hartlepool 014","E02006909","Total",4986,1,13,143,610,1046,1062,814,620,677
"2011","Middlesbrough 001","E02002496","Total",4349,51,204,777,1125,1114,564,253,153,108
"2011","Middlesbrough 002","E02002497","Total",2815,13,33,259,681,1275,394,87,40,33
"2011","Middlesbrough 003","E02002498","Total",3820,26,122,415,1010,1362,696,110,48,31
"2011","Middlesbrough 004","E02002499","Total",3005,2,37,206,416,1612,581,107,32,12
"2011","Middlesbrough 005","E02002500","Total",2339,24,45,135,331,636,723,232,117,96
"2011","Middlesbrough 006","E02002501","Total",2228,9,33,272,425,726,479,148,94,42
"2011","Middlesbrough 007","E02002502","Total",4180,12,99,565,766,1626,885,155,51,21
"2011","Middlesbrough 008","E02002503","Total",2567,4,10,127,350,1035,763,178,70,30
"2011","Middlesbrough 009","E02002504","Total",3719,9,68,227,505,762,1094,497,306,251
"2011","Middlesbrough 010","E02002505","Total",2531,3,17,121,520,1174,548,110,25,13
"2011","Middlesbrough 011","E02002506","Total",2426,47,50,299,449,875,530,103,40,33
"2011","Middlesbrough 012","E02002507","Total",2498,3,13,155,217,470,917,459,176,88
"2011","Middlesbrough 013","E02002508","Total",2118,7,23,35,281,551,672,316,140,93
"2011","Middlesbrough 014","E02002509","Total",2343,4,19,105,428,939,448,217,122,61
"2011","Middlesbrough 015","E02002510","Total",2482,1,9,49,442,902,642,269,101,67
"2011","Middlesbrough 017","E02002512","Total",2205,2,21,64,265,458,519,409,275,192
"2011","Middlesbrough 018","E02002513","Total",3824,8,46,518,649,1488,544,329,137,105
"2011","Middlesbrough 019","E02002514","Total",3827,7,75,577,746,924,519,422,338,219
"2011","Middlesbrough 020","E02006811","Total",3927,3,35,123,481,701,928,729,426,501
"2011","Northumberland 004","E02005702","Total",2690,5,26,86,349,584,528,413,311,388
"2011","Northumberland 005","E02005703","Total",3150,17,109,462,613,788,609,278,152,122
"2011","Northumberland 006","E02005704","Total",5508,10,47,349,922,1327,1231,705,462,455
"2011","Northumberland 007","E02005705","Total",3407,5,47,154,529,735,623,486,357,471
"2011","Northumberland 001","E02005706","Total",4329,14,83,553,1445,1107,637,266,126,98
"2011","Northumberland 002","E02005707","Total",3123,4,23,138,598,814,648,357,245,296
"2011","Northumberland 003","E02005708","Total",5013,7,60,299,1085,1311,911,542,326,472
"2011","Northumberland 022","E02005709","Total",2984,16,39,472,788,945,532,130,38,24
"2011","Northumberland 023","E02005710","Total",4067,8,80,543,1060,948,777,352,194,105
"2011","Northumberland 024","E02005711","Total",3680,3,24,311,919,1341,740,209,93,40
"2011","Northumberland 025","E02005712","Total",2914,5,22,205,561,822,636,372,196,95
"2011","Northumberland 026","E02005713","Total",2736,0,4,52,410,694,737,430,259,150
"2011","Northumberland 027","E02005714","Total",2003,0,2,6,177,295,488,430,286,319
"2011","Northumberland 029","E02005715","Total",3714,18,74,306,934,1247,697,271,94,73
"2011","Northumberland 028","E02005716","Total",3732,26,63,215,838,1082,931,354,157,66
"2011","Northumberland 030","E02005717","Total",3598,3,49,325,669,931,807,431,227,156
"2011","Northumberland 031","E02005718","Total",3085,2,37,116,890,724,592,333,189,202
"2011","Northumberland 032","E02005719","Total",3536,7,65,481,815,848,750,332,142,96
"2011","Northumberland 008","E02005720","Total",4822,8,35,305,1079,1285,1035,530,321,224
"2011","Northumberland 011","E02005721","Total",2140,3,24,181,452,525,398,213,177,167
"2011","Northumberland 015","E02005722","Total",2990,0,20,93,332,499,484,403,443,716
"2011","Northumberland 016","E02005723","Total",3124,19,90,380,869,655,605,233,141,132
"2011","Northumberland 018","E02005724","Total",2548,1,10,30,172,319,561,573,492,390
"2011","Northumberland 033","E02005725","Total",2792,9,33,119,358,422,528,423,371,529
"2011","Northumberland 034","E02005726","Total",3008,0,12,65,227,385,490,491,513,825
"2011","Northumberland 019","E02005727","Total",2839,3,14,105,509,666,545,372,272,353
"2011","Northumberland 037","E02005728","Total",3172,4,22,205,552,853,674,366,242,254
"2011","Northumberland 036","E02005729","Total",2395,1,10,161,403,521,435,356,228,280
"2011","Northumberland 035","E02005730","Total",5725,13,107,491,1243,1147,949,621,472,682
"2011","Northumberland 038","E02005731","Total",4533,5,45,347,918,1257,899,510,307,245
"2011","Northumberland 039","E02005732","Total",3905,3,18,199,573,674,672,503,494,769
"2011","Northumberland 040","E02005733","Total",3487,6,21,206,548,735,597,423,376,575
"2011","Northumberland 009","E02005734","Total",2853,2,34,246,602,1119,515,168,87,80
"2011","Northumberland 010","E02005735","Total",3621,16,23,147,1516,1113,592,135,47,32
"2011","Northumberland 013","E02005736","Total",3369,2,48,371,892,960,567,250,163,116
"2011","Northumberland 012","E02005737","Total",3232,4,65,342,736,874,571,286,173,181
"2011","Northumberland 014","E02005738","Total",2188,2,6,78,430,605,546,252,184,85
"2011","Northumberland 017","E02005739","Total",4257,2,33,244,811,1402,956,463,230,116
"2011","Northumberland 020","E02005740","Total",4677,11,53,441,1214,1470,877,313,190,108
"2011","Northumberland 021","E02005741","Total",3588,11,34,239,524,914,772,471,329,294
"2011","Redcar and Cleveland 001","E02002515","Total",3270,29,109,419,755,763,684,264,135,112
"2011","Redcar and Cleveland 002","E02002516","Total",2432,0,10,205,291,806,767,247,59,47
"2011","Redcar and Cleveland 003","E02002517","Total",2386,1,39,198,508,680,659,194,54,53
"2011","Redcar and Cleveland 004","E02002518","Total",4510,6,14,150,676,1069,1270,706,385,234
"2011","Redcar and Cleveland 005","E02002519","Total",3153,7,46,484,686,857,579,264,152,78
"2011","Redcar and Cleveland 006","E02002520","Total",5772,4,43,297,678,1464,1521,852,512,401
"2011","Redcar and Cleveland 007","E02002521","Total",2865,33,53,393,531,544,530,360,222,199
"2011","Redcar and Cleveland 009","E02002523","Total",2716,3,26,203,777,1155,437,65,26,24
"2011","Redcar and Cleveland 010","E02002524","Total",2291,3,6,98,445,684,630,232,129,64
"2011","Redcar and Cleveland 011","E02002525","Total",3772,6,61,310,1064,1239,755,216,66,55
"2011","Redcar and Cleveland 012","E02002526","Total",3189,1,9,128,760,894,654,360,215,168
"2011","Redcar and Cleveland 013","E02002527","Total",2254,3,21,96,558,819,498,147,79,33
"2011","Redcar and Cleveland 015","E02002529","Total",2620,2,18,306,443,986,453,223,123,66
"2011","Redcar and Cleveland 016","E02002530","Total",2881,0,20,114,699,866,635,276,132,139
"2011","Redcar and Cleveland 018","E02002532","Total",2933,6,56,414,554,838,600,243,126,96
"2011","Redcar and Cleveland 019","E02002533","Total",2437,0,5,36,296,664,529,389,296,222
"2011","Redcar and Cleveland 020","E02002534","Total",2469,0,6,43,244,564,639,445,318,210
"2011","Redcar and Cleveland 021","E02006812","Total",3354,2,40,298,641,1091,702,305,178,97
"2011","Redcar and Cleveland 022","E02006910","Total",4301,8,43,308,690,1368,1206,419,151,108
"2011","Stockton-on-Tees 001","E02002535","Total",4062,4,29,144,594,939,980,700,422,250
"2011","Stockton-on-Tees 002","E02002536","Total",4239,5,32,219,775,1674,1064,301,113,56
"2011","Stockton-on-Tees 003","E02002537","Total",3673,5,18,151,410,1665,1104,214,68,38
"2011","Stockton-on-Tees 004","E02002538","Total",2429,2,35,194,267,797,801,219,78,36
"2011","Stockton-on-Tees 005","E02002539","Total",3517,1,5,60,349,634,655,570,439,804
"2011","Stockton-on-Tees 006","E02002540","Total",2808,1,8,203,438,672,574,427,270,215
"2011","Stockton-on-Tees 007","E02002541","Total",2870,6,37,204,520,999,690,256,67,91
"2011","Stockton-on-Tees 008","E02002542","Total",3358,2,16,275,664,1115,870,256,106,54
"2011","Stockton-on-Tees 009","E02002543","Total",3356,4,40,450,634,1016,759,201,167,85
"2011","Stockton-on-Tees 010","E02002544","Total",3391,16,42,462,752,1127,745,139,61,47
"2011","Stockton-on-Tees 011","E02002545","Total",2294,4,11,94,306,817,620,295,103,44
"2011","Stockton-on-Tees 012","E02002546","Total",3103,5,34,237,569,1021,781,264,114,78
"2011","Stockton-on-Tees 013","E02002547","Total",2765,3,16,200,412,664,646,403,245,176
"2011","Stockton-on-Tees 014","E02002548","Total",4986,104,235,968,1169,1241,727,255,157,130
"2011","Stockton-on-Tees 015","E02002549","Total",3361,0,7,122,452,962,984,504,220,110
"2011","Stockton-on-Tees 016","E02002550","Total",2670,9,73,181,334,600,644,393,228,208
"2011","Stockton-on-Tees 017","E02002551","Total",2739,17,90,499,632,769,490,143,57,42
"2011","Stockton-on-Tees 018","E02002552","Total",2798,4,43,189,376,1308,637,163,49,29
"2011","Stockton-on-Tees 019","E02002553","Total",2585,6,31,253,550,846,588,169,93,49
"2011","Stockton-on-Tees 020","E02002554","Total",2355,5,35,249,569,889,352,173,59,24
"2011","Stockton-on-Tees 021","E02002555","Total",4137,0,21,161,607,982,921,649,401,395
"2011","Stockton-on-Tees 022","E02002556","Total",2726,0,11,35,269,502,493,472,437,507
"2011","Stockton-on-Tees 023","E02002557","Total",4792,0,6,88,353,769,791,956,929,900
"2011","Stockton-on-Tees 024","E02002558","Total",4145,9,47,252,585,791,702,694,555,510
"2011","Gateshead 001","E02001682","Total",3431,4,26,237,826,892,699,418,181,148
"2011","Gateshead 002","E02001683","Total",4002,6,48,214,1276,1043,702,361,202,150
"2011","Gateshead 003","E02001684","Total",3311,18,94,503,1183,824,454,121,72,42
"2011","Gateshead 004","E02001685","Total",3612,7,60,430,836,1126,799,232,87,35
"2011","Gateshead 005","E02001686","Total",3168,5,40,248,695,851,725,328,167,109
"2011","Gateshead 007","E02001688","Total",3799,24,139,780,1427,905,333,110,39,42
"2011","Gateshead 008","E02001689","Total",3351,11,101,428,1138,782,376,238,130,147
"2011","Gateshead 009","E02001690","Total",3325,20,110,220,889,837,618,347,174,110
"2011","Gateshead 010","E02001691","Total",3876,10,61,345,1587,897,427,287,132,130
"2011","Gateshead 011","E02001692","Total",2765,13,43,222,1054,892,377,85,49,30
"2011","Gateshead 012","E02001693","Total",2633,11,55,337,912,868,287,104,40,19
"2011","Gateshead 013","E02001694","Total",2814,5,50,161,627,874,706,251,98,42
"2011","Gateshead 014","E02001695","Total",2702,8,73,245,520,745,612,278,143,78
"2011","Gateshead 015","E02001696","Total",4065,5,77,343,1082,1412,864,193,54,35
"2011","Gateshead 016","E02001697","Total",3386,9,41,209,761,801,779,425,229,132
"2011","Gateshead 017","E02001698","Total",3202,4,28,133,575,817,675,454,301,215
"2011","Gateshead 018","E02001699","Total",3124,8,46,330,909,1043,561,148,49,30
"2011","Gateshead 019","E02001700","Total",4585,12,52,186,1088,1417,933,459,240,198
"2011","Gateshead 020","E02001701","Total",2763,5,42,179,524,552,705,434,203,119
"2011","Gateshead 021","E02001702","Total",3522,7,65,403,944,1416,440,145,67,35
"2011","Gateshead 022","E02001703","Total",2435,3,9,127,394,595,563,349,208,187
"2011","Gateshead 023","E02001704","Total",3380,7,41,431,1035,1199,437,135,58,37
"2011","Gateshead 024","E02001705","Total",3200,4,22,209,1188,766,546,223,136,106
"2011","Gateshead 025","E02001706","Total",2924,18,43,251,764,936,488,197,107,120
"2011","Gateshead 026","E02001707","Total",3599,5,46,292,912,995,725,349,157,118
"2011","Gateshead 027","E02006841","Total",3949,70,205,980,1389,823,242,127,63,50
"2011","Gateshead 028","E02006842","Total",2231,7,40,259,700,527,336,187,100,75
"2011","Newcastle upon Tyne 001","E02001708","Total",4122,2,40,242,838,1202,882,501,231,184
"2011","Newcastle upon Tyne 002","E02001709","Total",4218,8,20,152,745,528,915,710,520,620
"2011","Newcastle upon Tyne 003","E02001710","Total",4381,23,104,489,1070,1287,938,311,109,50
"2011","Newcastle upon Tyne 004","E02001711","Total",4129,16,76,306,847,1765,596,266,121,136
"2011","Newcastle upon Tyne 005","E02001712","Total",4214,4,66,296,927,737,823,560,414,387
"2011","Newcastle upon Tyne 006","E02001713","Total",4389,18,74,345,712,738,690,556,518,738
"2011","Newcastle upon Tyne 007","E02001714","Total",3901,3,20,100,597,637,992,715,440,397
"2011","Newcastle upon Tyne 008","E02001715","Total",4712,9,61,428,928,1405,1073,460,218,130
"2011","Newcastle upon Tyne 011","E02001718","Total",2427,9,38,203,642,781,522,151,51,30
"2011","Newcastle upon Tyne 012","E02001719","Total",3759,1,26,174,718,1091,915,446,241,147
"2011","Newcastle upon Tyne 013","E02001720","Total",3343,19,112,231,880,430,313,411,469,478
"2011","Newcastle upon Tyne 014","E02001721","Total",4647,8,78,298,1362,1304,884,412,178,123
"2011","Newcastle upon Tyne 015","E02001722","Total",4195,6,46,363,861,1569,917,278,107,48
"2011","Newcastle upon Tyne 016","E02001723","Total",2575,6,43,184,659,796,479,204,106,98
"2011","Newcastle upon Tyne 017","E02001724","Total",3575,40,161,475,1072,515,314,320,316,362
"2011","Newcastle upon Tyne 018","E02001725","Total",4536,33,118,678,1453,1082,520,354,196,102
"2011","Newcastle upon Tyne 019","E02001726","Total",4687,18,67,283,1215,1356,1114,365,186,83
"2011","Newcastle upon Tyne 020","E02001727","Total",3877,32,157,265,999,1169,777,315,124,39
"2011","Newcastle upon Tyne 021","E02001728","Total",4248,13,57,349,1051,1354,920,326,125,53
"2011","Newcastle upon Tyne 022","E02001729","Total",4145,30,248,510,1068,800,680,357,264,188
"2011","Newcastle upon Tyne 023","E02001730","Total",4835,65,409,775,1755,819,401,312,175,124
"2011","Newcastle upon Tyne 024","E02001731","Total",5587,149,688,1882,1364,793,256,233,119,103
"2011","Newcastle upon Tyne 025","E02001732","Total",2193,11,68,193,598,778,354,119,45,27
"2011","Newcastle upon Tyne 026","E02001733","Total",5675,54,214,1001,1729,1497,885,182,78,35
"2011","Newcastle upon Tyne 027","E02001734","Total",3233,12,58,388,813,983,620,219,97,43
"2011","Newcastle upon Tyne 028","E02001735","Total",2884,12,64,386,907,1163,237,56,37,22
"2011","Newcastle upon Tyne 029","E02001736","Total",4959,36,214,714,1653,1161,659,271,108,143
"2011","Newcastle upon Tyne 030","E02001737","Total",2968,33,163,488,1086,839,247,60,32,20
"2011","Newcastle upon Tyne 031","E02006893","Total",4739,2,37,262,1045,1386,1057,539,255,156
"2011","North Tyneside 001","E02001738","Total",2471,3,7,62,283,343,441,489,457,386
"2011","North Tyneside 002","E02001739","Total",3355,10,41,429,801,1002,593,270,128,81
"2011","North Tyneside 003","E02001740","Total",2294,5,29,76,182,236,538,565,380,283
"2011","North Tyneside 004","E02001741","Total",3283,1,29,217,857,1018,655,298,129,79
"2011","North Tyneside 005","E02001742","Total",2604,1,9,98,515,513,743,400,203,122
"2011","North Tyneside 006","E02001743","Total",3195,18,71,295,524,473,752,502,329,231
"2011","North Tyneside 007","E02001744","Total",2877,2,16,264,635,830,626,292,135,77
"2011","North Tyneside 008","E02001745","Total",2786,3,28,216,750,851,526,251,99,62
"2011","North Tyneside 009","E02001746","Total",3598,13,57,264,617,814,982,442,233,176
"2011","North Tyneside 010","E02001747","Total",2880,2,23,192,508,627,797,421,187,123
"2011","North Tyneside 011","E02001748","Total",3253,4,42,281,797,913,602,310,189,115
"2011","North Tyneside 012","E02001749","Total",2772,4,17,305,691,797,406,251,160,141
"2011","North Tyneside 013","E02001750","Total",2841,2,12,144,453,586,640,455,329,220
"2011","North Tyneside 014","E02001751","Total",2716,1,31,226,602,783,623,263,138,49
"2011","North Tyneside 015","E02001752","Total",2789,8,52,280,579,975,591,197,74,33
"2011","North Tyneside 016","E02001753","Total",3230,8,81,515,815,603,493,355,191,169
"2011","North Tyneside 017","E02001754","Total",2849,2,25,189,713,499,559,359,283,220
"2011","North Tyneside 018","E02001755","Total",3500,4,37,328,665,680,663,495,354,274
"2011","North Tyneside 019","E02001756","Total",4391,9,99,424,1141,1430,856,266,117,49
"2011","North Tyneside 020","E02001757","Total",2753,4,43,162,579,824,650,292,122,77
"2011","North Tyneside 021","E02001758","Total",2450,4,14,171,630,863,414,211,93,50
"2011","North Tyneside 022","E02001759","Total",3261,18,105,480,1041,660,498,220,129,110
"2011","North Tyneside 023","E02001760","Total",3471,6,40,348,1228,1097,497,155,72,28
"2011","North Tyneside 024","E02001761","Total",2448,7,25,229,586,948,422,153,47,31
"2011","North Tyneside 025","E02001762","Total",2471,6,51,191,727,669,418,246,118,45
"2011","North Tyneside 026","E02001763","Total",2882,10,58,302,917,899,507,136,35,18
"2011","North Tyneside 027","E02001764","Total",3883,27,141,863,1197,980,440,141,59,35
"2011","North Tyneside 028","E02001765","Total",3312,7,63,452,1022,941,470,227,87,43
"2011","North Tyneside 029","E02001766","Total",3295,6,45,307,1150,771,599,220,128,69
"2011","North Tyneside 030","E02001767","Total",3385,11,61,435,981,908,617,225,86,61
"2011","South Tyneside 001","E02001768","Total",3812,14,72,431,1168,959,634,252,157,125
"2011","South Tyneside 002","E02001769","Total",3973,8,115,930,1337,1021,347,121,60,34
"2011","South Tyneside 003","E02001770","Total",3035,6,28,278,951,754,488,269,157,104
"2011","South Tyneside 004","E02001771","Total",2806,10,34,176,594,858,710,272,94,58
"2011","South Tyneside 005","E02001772","Total",2467,2,16,199,644,711,491,247,89,68
"2011","South Tyneside 006","E02001773","Total",2381,1,11,30,308,680,632,381,184,154
"2011","South Tyneside 007","E02001774","Total",2559,11,102,406,517,791,427,161,98,46
"2011","South Tyneside 008","E02001775","Total",2450,3,26,254,453,703,604,304,75,28
"2011","South Tyneside 009","E02001776","Total",3729,5,28,278,1168,1123,703,242,132,50
"2011","South Tyneside 010","E02001777","Total",2897,6,28,201,949,773,498,228,138,76
"2011","South Tyneside 011","E02001778","Total",2939,1,48,352,1014,926,352,124,60,62
"2011","South Tyneside 012","E02001779","Total",2519,7,63,356,608,799,460,160,49,17
"2011","South Tyneside 013","E02001780","Total",2318,7,25,256,299,926,452,204,100,49
"2011","South Tyneside 014","E02001781","Total",2567,7,66,228,735,891,487,105,32,16
"2011","South Tyneside 015","E02001782","Total",3835,6,44,340,700,1379,930,266,112,58
"2011","South Tyneside 016","E02001783","Total",2980,4,37,257,976,1196,361,78,43,28
"2011","South Tyneside 017","E02001784","Total",2970,8,34,292,408,864,982,249,95,38
"2011","South Tyneside 018","E02001785","Total",3555,8,52,320,705,904,833,373,194,166
"2011","South Tyneside 019","E02001786","Total",3178,5,48,361,774,1095,639,160,59,37
"2011","South Tyneside 020","E02001787","Total",2457,3,14,184,403,963,554,206,86,44
"2011","South Tyneside 021","E02001788","Total",2636,3,33,314,611,764,463,230,135,83
"2011","South Tyneside 022","E02001789","Total",2471,0,13,67,234,395,577,488,351,346
"2011","South Tyneside 023","E02001790","Total",2633,6,37,173,392,713,627,328,208,149
"2011","Sunderland 001","E02001791","Total",2427,2,11,90,261,698,801,371,121,72
"2011","Sunderland 002","E02001792","Total",3048,2,17,158,463,640,907,464,247,150
"2011","Sunderland 003","E02001793","Total",3822,5,60,450,1394,1176,539,135,41,22
"2011","Sunderland 004","E02001794","Total",3732,3,39,305,1103,1218,711,234,91,28
"2011","Sunderland 005","E02001795","Total",3577,21,84,502,1088,973,621,170,82,36
"2011","Sunderland 006","E02001796","Total",4426,113,109,487,1227,1112,728,365,171,114
"2011","Sunderland 007","E02001797","Total",2486,0,15,228,432,691,510,277,179,154
"2011","Sunderland 008","E02001798","Total",3445,17,47,290,1137,1070,521,206,103,54
"2011","Sunderland 009","E02001799","Total",4424,11,62,487,1208,1632,678,227,85,34
"2011","Sunderland 010","E02001800","Total",3014,3,23,113,693,1083,683,274,101,41
"2011","Sunderland 011","E02001801","Total",2515,9,50,283,828,668,450,150,51,26
"2011","Sunderland 012","E02001802","Total",2638,5,45,154,775,977,497,123,45,17
"2011","Sunderland 013","E02001803","Total",4188,133,305,1235,1131,558,397,193,101,135
"2011","Sunderland 014","E02001804","Total",2706,5,28,190,724,877,562,180,84,56
"2011","Sunderland 015","E02001805","Total",2501,5,17,94,545,795,623,255,109,58
"2011","Sunderland 016","E02001806","Total",4143,42,213,790,1299,896,486,192,111,114
"2011","Sunderland 017","E02001807","Total",3027,1,24,303,464,1052,615,301,156,111
"2011","Sunderland 018","E02001808","Total",2468,14,32,148,387,656,650,357,162,62
"2011","Sunderland 019","E02001809","Total",2881,5,29,243,482,906,634,369,139,74
"2011","Sunderland 020","E02001810","Total",3699,5,30,261,687,1228,825,426,183,54
"2011","Sunderland 021","E02001811","Total",4087,19,56,389,1252,1233,723,244,109,62
"2011","Sunderland 022","E02001812","Total",4354,3,34,221,450,858,1194,818,456,320
"2011","Sunderland 023","E02001813","Total",4318,12,61,506,1116,1423,812,264,82,42
"2011","Sunderland 024","E02001814","Total",2762,13,26,327,502,837,598,245,130,84
"2011","Sunderland 025","E02001815","Total",4244,2,25,185,578,919,849,593,539,554
"2011","Sunderland 026","E02001816","Total",3357,4,38,390,1379,899,432,123,59,33
"2011","Sunderland 027","E02001817","Total",2714,5,25,285,617,742,658,224,92,66
"2011","Sunderland 028","E02001818","Total",3530,8,52,384,850,887,651,346,192,160
"2011","Sunderland 029","E02001819","Total",3054,9,40,136,594,562,716,506,286,205
"2011","Sunderland 030","E02001820","Total",3618,6,50,273,769,1012,732,410,191,175
"2011","Sunderland 031","E02001821","Total",2453,12,36,194,477,702,455,296,180,101
"2011","Sunderland 032","E02001822","Total",3165,2,16,148,642,827,758,376,223,173
"2011","Sunderland 033","E02001823","Total",3064,1,24,242,834,1017,589,167,117,73
"2011","Sunderland 034","E02001824","Total",3722,5,32,355,667,1190,852,328,175,118
"2011","Sunderland 035","E02001825","Total",3232,7,25,356,794,930,684,250,114,72
"2011","Sunderland 036","E02001826","Total",2917,3,25,327,797,824,602,206,73,60
"2011","Blackburn with Darwen 001","E02002615","Total",3952,8,44,261,803,1179,989,390,160,118
"2011","Blackburn with Darwen 002","E02002616","Total",2941,4,24,47,325,583,848,473,315,322
"2011","Blackburn with Darwen 003","E02002617","Total",2668,6,49,236,436,679,722,324,125,91
"2011","Blackburn with Darwen 004","E02002618","Total",2143,9,55,144,248,443,590,330,216,108
"2011","Blackburn with Darwen 005","E02002619","Total",3057,32,92,343,563,751,651,258,163,204
"2011","Blackburn with Darwen 006","E02002620","Total",3225,34,171,596,851,603,481,273,123,93
"2011","Blackburn with Darwen 007","E02002621","Total",2610,14,80,371,385,702,603,241,130,84
"2011","Blackburn with Darwen 008","E02002622","Total",3903,12,62,367,984,1592,617,142,77,50
"2011","Blackburn with Darwen 009","E02002623","Total",4559,34,118,503,1165,1506,934,174,78,47
"2011","Blackburn with Darwen 010","E02002624","Total",3346,5,34,97,427,761,892,491,298,341
"2011","Blackburn with Darwen 011","E02002625","Total",3935,14,64,390,821,1018,978,362,179,109
"2011","Blackburn with Darwen 012","E02002626","Total",3091,5,12,211,475,1082,954,217,83,52
"2011","Blackburn with Darwen 013","E02002627","Total",2969,4,18,48,325,770,770,465,363,206
"2011","Blackburn with Darwen 014","E02002628","Total",3132,10,49,269,659,926,698,293,129,99
"2011","Blackburn with Darwen 015","E02002629","Total",2588,4,53,221,575,972,530,163,51,19
"2011","Blackburn with Darwen 016","E02002630","Total",2661,18,91,155,565,851,601,215,99,66
"2011","Blackburn with Darwen 017","E02002631","Total",3925,5,37,245,765,1125,841,442,256,209
"2011","Blackburn with Darwen 018","E02002632","Total",2648,2,13,64,412,545,574,366,286,386
"2011","Blackpool 001","E02002633","Total",3595,8,52,279,607,1017,1063,373,119,77
"2011","Blackpool 002","E02002634","Total",4040,5,51,594,835,1278,701,323,153,100
"2011","Blackpool 003","E02002635","Total",3683,6,101,362,565,819,1029,497,188,116
"2011","Blackpool 004","E02002636","Total",3738,3,42,328,574,1171,1026,369,144,81
"2011","Blackpool 005","E02002637","Total",2673,3,20,89,286,728,885,415,172,75
"2011","Blackpool 006","E02002638","Total",2907,129,356,660,500,268,342,299,190,163
"2011","Blackpool 007","E02002639","Total",2745,14,101,661,634,834,357,105,23,16
"2011","Blackpool 008","E02002640","Total",3493,27,99,708,866,877,593,208,73,42
"2011","Blackpool 009","E02002641","Total",3570,5,35,245,606,978,937,409,195,160
"2011","Blackpool 010","E02002642","Total",3382,122,417,859,569,371,484,261,141,158
"2011","Blackpool 011","E02002643","Total",3358,10,111,367,523,816,963,354,153,61
"2011","Blackpool 012","E02002644","Total",3512,5,65,174,514,910,1153,445,169,77
"2011","Blackpool 013","E02002645","Total",2581,129,379,599,506,288,254,172,101,153
"2011","Blackpool 014","E02002646","Total",3352,20,69,393,911,967,634,221,87,50
"2011","Blackpool 015","E02002647","Total",3655,10,101,287,731,1051,1061,291,74,49
"2011","Blackpool 016","E02002648","Total",3267,4,25,214,766,1093,843,235,55,32
"2011","Blackpool 017","E02002649","Total",3675,46,163,415,510,622,969,502,256,192
"2011","Blackpool 018","E02002650","Total",3610,0,26,266,722,1056,826,361,206,147
"2011","Blackpool 019","E02002651","Total",3531,11,29,309,479,883,1174,415,158,73
"2011","Cheshire East 022","E02003811","Total",2433,0,8,49,213,337,420,397,385,624
"2011","Cheshire East 023","E02003812","Total",2419,1,15,145,299,427,405,392,385,350
"2011","Cheshire East 024","E02003813","Total",2710,13,54,186,440,586,571,367,287,206
"2011","Cheshire East 025","E02003814","Total",2961,3,21,135,487,693,577,420,348,277
"2011","Cheshire East 026","E02003815","Total",2897,10,35,233,568,935,531,254,158,173
"2011","Cheshire East 027","E02003816","Total",3192,7,56,326,704,929,481,294,225,170
"2011","Cheshire East 028","E02003817","Total",3005,1,18,140,419,673,702,438,319,295
"2011","Cheshire East 029","E02003818","Total",2467,1,11,72,300,492,444,392,325,430
"2011","Cheshire East 030","E02003819","Total",2540,4,25,130,372,612,559,338,253,247
"2011","Cheshire East 031","E02003820","Total",2770,10,24,78,418,718,625,410,269,218
"2011","Cheshire East 032","E02003821","Total",2530,2,23,219,499,694,518,259,170,146
"2011","Cheshire East 033","E02003822","Total",4584,8,40,140,581,1129,1034,699,442,511
"2011","Cheshire East 040","E02003823","Total",2967,5,28,245,323,659,765,445,256,241
"2011","Cheshire East 042","E02003824","Total",2216,10,20,112,289,489,424,323,262,287
"2011","Cheshire East 034","E02003825","Total",2618,4,21,68,437,520,569,463,327,209
"2011","Cheshire East 035","E02003826","Total",2998,3,23,206,459,1173,805,197,74,58
"2011","Cheshire East 036","E02003827","Total",3882,14,92,489,943,1481,607,166,50,40
"2011","Cheshire East 037","E02003828","Total",2804,9,32,225,641,1057,484,186,111,59
"2011","Cheshire East 038","E02003829","Total",2549,5,26,144,485,835,613,233,119,89
"2011","Cheshire East 039","E02003830","Total",3213,23,72,368,669,1157,597,183,87,57
"2011","Cheshire East 041","E02003831","Total",3660,2,16,114,341,814,854,514,441,564
"2011","Cheshire East 043","E02003832","Total",2488,15,95,238,334,640,749,267,97,53
"2011","Cheshire East 044","E02003833","Total",2640,0,9,120,349,917,735,270,147,93
"2011","Cheshire East 045","E02003834","Total",2786,7,54,291,419,779,733,242,160,101
"2011","Cheshire East 046","E02003835","Total",3303,0,6,43,265,610,685,604,515,575
"2011","Cheshire East 047","E02003836","Total",3419,8,84,434,703,840,587,364,211,188
"2011","Cheshire East 049","E02003837","Total",4612,13,26,152,412,660,821,665,675,1188
"2011","Cheshire East 048","E02003838","Total",2764,9,14,76,357,772,691,363,248,234
"2011","Cheshire East 050","E02003839","Total",3291,2,51,290,639,779,751,338,229,212
"2011","Cheshire East 051","E02003840","Total",4140,7,31,186,378,632,760,623,568,955
"2011","Cheshire East 001","E02003853","Total",2472,2,23,100,352,471,508,399,294,323
"2011","Cheshire East 002","E02003854","Total",2697,5,10,147,272,552,666,459,329,257
"2011","Cheshire East 003","E02003855","Total",2811,1,17,134,328,501,607,537,400,286
"2011","Cheshire East 004","E02003856","Total",4778,27,124,600,1145,1009,717,506,295,355
"2011","Cheshire East 005","E02003857","Total",2735,1,29,172,432,634,471,377,280,339
"2011","Cheshire East 006","E02003858","Total",2911,5,28,219,537,371,317,348,374,712
"2011","Cheshire East 007","E02003859","Total",4801,3,30,176,668,799,840,680,540,1065
"2011","Cheshire East 008","E02003860","Total",2889,2,28,44,267,492,674,543,414,425
"2011","Cheshire East 009","E02003861","Total",2896,0,38,241,422,801,654,344,243,153
"2011","Cheshire East 011","E02003862","Total",2093,6,7,60,163,191,239,272,348,807
"2011","Cheshire East 010","E02003863","Total",3014,9,74,208,337,467,489,425,410,595
"2011","Cheshire East 012","E02003864","Total",3624,6,40,265,570,585,580,366,398,814
"2011","Cheshire East 013","E02003865","Total",3437,2,45,311,733,866,712,382,204,182
"2011","Cheshire East 014","E02003866","Total",2402,1,11,79,274,323,378,397,361,578
"2011","Cheshire East 015","E02003867","Total",3140,1,39,189,581,741,631,381,305,272
"2011","Cheshire East 016","E02003868","Total",3901,6,52,488,945,1025,702,334,186,163
"2011","Cheshire East 017","E02003869","Total",2992,2,27,227,397,630,609,482,333,285
"2011","Cheshire East 018","E02003870","Total",5079,26,180,677,1435,1288,768,320,207,178
"2011","Cheshire East 019","E02003871","Total",3058,2,33,321,659,905,605,309,142,82
"2011","Cheshire East 020","E02003872","Total",4188,6,24,204,440,682,785,654,557,836
"2011","Cheshire East 021","E02003873","Total",2665,11,53,389,764,722,401,170,81,74
"2011","Cheshire West and Chester 022","E02003794","Total",3531,11,34,166,486,829,751,486,345,423
"2011","Cheshire West and Chester 025","E02003795","Total",2211,6,13,34,146,424,517,425,284,362
"2011","Cheshire West and Chester 027","E02003796","Total",3254,6,23,229,629,853,789,381,213,131
"2011","Cheshire West and Chester 028","E02003797","Total",3990,43,113,205,472,665,1066,656,417,353
"2011","Cheshire West and Chester 029","E02003798","Total",2488,2,30,196,496,941,599,143,53,28
"2011","Cheshire West and Chester 031","E02003799","Total",3103,2,34,267,819,1107,573,170,84,47
"2011","Cheshire West and Chester 030","E02003800","Total",2603,0,3,34,282,509,555,457,362,401
"2011","Cheshire West and Chester 032","E02003801","Total",2888,5,6,60,289,762,1001,451,211,103
"2011","Cheshire West and Chester 033","E02003802","Total",4274,42,282,1033,1261,776,420,222,121,117
"2011","Cheshire West and Chester 034","E02003803","Total",3869,98,305,777,741,650,561,343,176,218
"2011","Cheshire West and Chester 036","E02003804","Total",3217,6,58,309,665,862,662,368,170,117
"2011","Cheshire West and Chester 039","E02003805","Total",2535,7,17,66,163,456,546,428,359,493
"2011","Cheshire West and Chester 041","E02003806","Total",2547,2,23,98,327,557,573,419,301,247
"2011","Cheshire West and Chester 043","E02003807","Total",3832,15,52,200,482,834,758,489,452,550
"2011","Cheshire West and Chester 044","E02003808","Total",2776,16,50,239,553,841,660,221,123,73
"2011","Cheshire West and Chester 046","E02003809","Total",3061,3,24,103,344,520,590,463,390,624
"2011","Cheshire West and Chester 047","E02003810","Total",3445,4,22,116,422,642,675,496,408,660
"2011","Cheshire West and Chester 001","E02003841","Total",3462,4,42,283,520,753,680,466,305,409
"2011","Cheshire West and Chester 004","E02003842","Total",2367,2,20,62,211,335,486,401,383,467
"2011","Cheshire West and Chester 005","E02003843","Total",2612,10,16,212,286,835,714,292,147,100
"2011","Cheshire West and Chester 006","E02003844","Total",2948,3,12,104,371,802,812,451,231,162
"2011","Cheshire West and Chester 007","E02003845","Total",3846,31,102,559,1081,1091,708,167,75,32
"2011","Cheshire West and Chester 008","E02003846","Total",2928,4,40,300,520,1330,534,117,53,30
"2011","Cheshire West and Chester 009","E02003847","Total",3844,3,13,69,251,729,1014,722,560,483
"2011","Cheshire West and Chester 010","E02003848","Total",2135,2,9,174,135,835,657,212,70,41
"2011","Cheshire West and Chester 011","E02003849","Total",3003,2,27,354,521,1090,738,178,56,37
"2011","Cheshire West and Chester 013","E02003850","Total",2265,3,12,111,162,826,649,320,114,68
"2011","Cheshire West and Chester 014","E02003851","Total",2375,1,4,26,121,564,745,426,281,207
"2011","Cheshire West and Chester 016","E02003852","Total",2792,1,11,52,285,677,835,519,267,145
"2011","Cheshire West and Chester 002","E02003874","Total",4025,10,37,327,577,925,785,625,379,360
"2011","Cheshire West and Chester 003","E02003875","Total",2681,0,8,67,259,485,515,472,351,524
"2011","Cheshire West and Chester 012","E02003876","Total",2393,9,22,88,413,778,585,287,127,84
"2011","Cheshire West and Chester 015","E02003877","Total",3884,4,24,193,490,727,793,572,451,630
"2011","Cheshire West and Chester 017","E02003878","Total",3299,5,15,111,481,799,702,481,328,377
"2011","Cheshire West and Chester 018","E02003879","Total",2800,9,83,272,768,832,464,182,112,78
"2011","Cheshire West and Chester 019","E02003880","Total",2755,2,22,97,454,929,624,290,175,162
"2011","Cheshire West and Chester 020","E02003881","Total",2730,9,38,291,615,744,543,270,122,98
"2011","Cheshire West and Chester 021","E02003882","Total",3989,13,43,258,879,1276,829,365,183,143
"2011","Cheshire West and Chester 023","E02003883","Total",4031,3,29,182,433,570,713,660,666,775
"2011","Cheshire West and Chester 024","E02003884","Total",3318,1,21,102,339,547,545,554,507,702
"2011","Cheshire West and Chester 026","E02003885","Total",2408,4,9,54,342,614,510,374,268,233
"2011","Cheshire West and Chester 035","E02003886","Total",2599,9,27,102,368,1052,576,255,134,76
"2011","Cheshire West and Chester 037","E02003887","Total",2496,3,11,83,371,702,501,351,249,225
"2011","Cheshire West and Chester 038","E02003888","Total",2627,4,27,187,528,944,456,228,150,103
"2011","Cheshire West and Chester 040","E02003889","Total",2297,1,17,223,380,872,393,181,123,107
"2011","Cheshire West and Chester 042","E02003890","Total",2454,1,23,150,436,776,462,239,160,207
"2011","Cheshire West and Chester 045","E02003891","Total",2455,9,16,90,312,426,409,373,306,514
"2011","Halton 001","E02002574","Total",2986,2,11,88,347,712,823,496,288,219
"2011","Halton 002","E02002575","Total",3732,2,31,175,405,533,711,637,547,691
"2011","Halton 003","E02002576","Total",3233,6,40,389,534,1123,763,249,75,54
"2011","Halton 004","E02002577","Total",3287,8,41,423,717,1238,531,179,87,63
"2011","Halton 005","E02002578","Total",3207,6,34,258,377,966,902,397,173,94
"2011","Halton 006","E02002579","Total",3193,8,31,268,432,1313,811,222,73,35
"2011","Halton 007","E02002580","Total",3426,9,98,501,854,1247,488,153,42,34
"2011","Halton 008","E02002581","Total",3108,4,22,180,383,989,794,417,197,122
"2011","Halton 009","E02002582","Total",3103,1,10,64,241,461,522,655,582,567
"2011","Halton 010","E02002583","Total",3093,1,30,240,740,1048,700,226,72,36
"2011","Halton 011","E02002584","Total",3089,2,22,193,389,1058,958,302,106,59
"2011","Halton 012","E02002585","Total",4897,9,141,571,1105,1406,1039,338,183,105
"2011","Halton 013","E02002586","Total",4060,12,43,410,705,1643,939,207,57,44
"2011","Halton 014","E02002587","Total",2919,12,75,272,533,1323,464,164,51,25
"2011","Halton 015","E02002588","Total",3245,9,60,468,384,1531,528,171,70,24
"2011","Halton 016","E02002589","Total",2734,2,5,47,303,817,767,458,217,118
"2011","Warrington 001","E02002590","Total",2525,1,7,63,267,481,481,421,365,439
"2011","Warrington 002","E02002591","Total",2772,4,17,177,334,632,723,384,282,219
"2011","Warrington 003","E02002592","Total",2557,2,17,76,295,777,648,282,215,245
"2011","Warrington 004","E02002593","Total",2367,9,52,201,471,589,478,294,164,109
"2011","Warrington 005","E02002594","Total",2472,17,110,312,508,642,509,221,109,44
"2011","Warrington 006","E02002595","Total",3409,10,37,561,682,1403,464,134,55,63
"2011","Warrington 007","E02002596","Total",3538,5,19,203,505,991,842,501,280,192
"2011","Warrington 008","E02002597","Total",3837,17,47,544,627,1490,827,181,73,31
"2011","Warrington 009","E02002598","Total",2892,7,24,238,334,462,445,489,479,414
"2011","Warrington 010","E02002599","Total",4129,5,21,289,542,671,656,625,656,664
"2011","Warrington 011","E02002600","Total",4104,8,60,400,951,1439,913,231,66,36
"2011","Warrington 012","E02002601","Total",3343,1,19,99,415,1010,1053,411,211,124
"2011","Warrington 013","E02002602","Total",3166,18,89,447,758,1174,495,124,30,31
"2011","Warrington 014","E02002603","Total",2862,1,10,86,294,839,793,423,251,165
"2011","Warrington 015","E02002604","Total",3141,2,13,98,304,713,1027,537,272,175
"2011","Warrington 016","E02002605","Total",3742,4,48,237,265,1259,1165,462,186,116
"2011","Warrington 017","E02002606","Total",4930,19,233,958,1345,1376,648,217,84,50
"2011","Warrington 018","E02002607","Total",4868,37,218,981,928,1438,812,277,125,52
"2011","Warrington 019","E02002608","Total",3526,0,15,53,311,1045,1122,535,268,177
"2011","Warrington 020","E02002609","Total",3731,14,120,622,637,1514,573,145,68,38
"2011","Warrington 021","E02002610","Total",5171,7,58,277,697,980,1065,798,536,753
"2011","Warrington 022","E02002611","Total",3253,2,23,196,282,670,905,580,316,279
"2011","Warrington 023","E02002612","Total",4009,3,50,288,456,765,1034,569,431,413
"2011","Warrington 024","E02002613","Total",2402,1,6,32,137,320,551,449,397,509
"2011","Warrington 025","E02002614","Total",2394,2,4,17,105,206,389,424,474,773
"2011","Allerdale 001","E02003965","Total",4705,5,29,182,779,1326,1008,625,385,366
"2011","Allerdale 002","E02003966","Total",2945,2,13,57,256,518,643,499,463,494
"2011","Allerdale 003","E02003967","Total",3580,2,17,107,536,896,842,470,340,370
"2011","Allerdale 004","E02003968","Total",3755,9,50,221,602,1137,834,431,248,223
"2011","Allerdale 005","E02003969","Total",2898,2,22,160,570,1188,644,181,69,62
"2011","Allerdale 006","E02003970","Total",3454,2,42,212,659,728,641,431,314,425
"2011","Allerdale 007","E02003971","Total",3513,3,26,93,507,887,746,508,352,391
"2011","Allerdale 008","E02003972","Total",4141,11,47,214,823,1118,1074,440,240,174
"2011","Allerdale 009","E02003973","Total",4132,7,66,296,1150,1503,786,209,64,51
"2011","Allerdale 010","E02003974","Total",3461,4,28,225,678,1304,725,280,134,83
"2011","Allerdale 011","E02003975","Total",2749,3,7,62,405,706,721,407,236,202
"2011","Allerdale 012","E02003976","Total",3012,11,59,244,542,701,573,352,231,299
"2011","Barrow-in-Furness 001","E02003977","Total",2680,3,17,63,389,790,676,349,217,176
"2011","Barrow-in-Furness 002","E02003978","Total",2618,4,21,125,419,959,640,254,111,85
"2011","Barrow-in-Furness 003","E02003979","Total",3350,1,16,46,438,854,968,473,281,273
"2011","Barrow-in-Furness 004","E02003980","Total",3189,6,95,464,705,1189,507,151,47,25
"2011","Barrow-in-Furness 005","E02003981","Total",2990,4,23,134,542,761,798,358,221,149
"2011","Barrow-in-Furness 006","E02003982","Total",3224,1,7,131,380,976,903,442,213,171
"2011","Barrow-in-Furness 007","E02003983","Total",3426,2,28,250,796,1252,790,206,62,40
"2011","Barrow-in-Furness 008","E02003984","Total",3422,20,145,395,874,1111,522,179,102,74
"2011","Barrow-in-Furness 009","E02003985","Total",3088,2,23,231,828,1035,689,168,75,37
"2011","Barrow-in-Furness 010","E02003986","Total",3237,2,43,309,736,981,783,231,93,59
"2011","Carlisle 001","E02003987","Total",2629,8,34,138,390,605,557,349,235,313
"2011","Carlisle 002","E02003988","Total",2948,3,47,202,489,692,571,356,293,295
"2011","Carlisle 003","E02003989","Total",3335,0,13,146,551,739,997,445,277,167
"2011","Carlisle 004","E02003990","Total",4217,8,28,109,627,918,963,673,460,431
"2011","Carlisle 005","E02003991","Total",3197,1,19,72,423,710,891,553,282,246
"2011","Carlisle 006","E02003992","Total",4201,108,205,581,976,788,642,378,254,269
"2011","Carlisle 007","E02003993","Total",3720,2,9,113,460,660,682,582,541,671
"2011","Carlisle 008","E02003994","Total",3519,7,53,293,1237,934,591,231,104,69
"2011","Carlisle 009","E02003995","Total",4475,9,55,611,1218,1378,804,248,113,39
"2011","Carlisle 010","E02003996","Total",4756,20,155,502,1380,1314,967,270,101,47
"2011","Carlisle 011","E02003997","Total",4280,4,53,367,1415,1363,723,214,82,59
"2011","Carlisle 012","E02003998","Total",3007,8,18,171,692,1102,698,199,70,49
"2011","Carlisle 013","E02003999","Total",4058,2,31,155,567,880,988,622,441,372
"2011","Copeland 001","E02004000","Total",2309,2,16,53,379,872,497,215,130,145
"2011","Copeland 002","E02004001","Total",2735,19,127,369,603,573,546,240,139,119
"2011","Copeland 003","E02004002","Total",4325,3,46,146,667,1233,1121,486,336,287
"2011","Copeland 004","E02004003","Total",5278,4,35,156,1122,1764,983,504,317,393
"2011","Copeland 005","E02004004","Total",3983,7,49,145,728,1694,906,276,107,71
"2011","Copeland 006","E02004005","Total",3605,6,28,167,581,1401,795,347,158,122
"2011","Copeland 007","E02004006","Total",3926,1,15,117,453,774,863,680,488,535
"2011","Copeland 008","E02004007","Total",4375,7,32,164,790,1302,964,490,297,329
"2011","Eden 001","E02004008","Total",2771,10,24,97,373,547,543,447,334,396
"2011","Eden 002","E02004009","Total",2493,4,25,61,301,452,500,433,330,387
"2011","Eden 003","E02004010","Total",3354,52,144,454,885,850,476,281,127,85
"2011","Eden 004","E02004011","Total",4311,4,59,150,734,1052,975,594,399,344
"2011","Eden 005","E02004012","Total",2491,12,28,66,352,486,512,380,327,328
"2011","Eden 006","E02004013","Total",4319,5,58,165,582,1013,951,644,422,479
"2011","Eden 007","E02004014","Total",3304,1,40,144,390,678,713,521,375,442
"2011","South Lakeland 001","E02004015","Total",2924,24,112,338,611,594,483,304,201,257
"2011","South Lakeland 002","E02004016","Total",3738,17,89,320,716,854,714,422,292,314
"2011","South Lakeland 003","E02004017","Total",3865,7,123,284,748,988,863,396,233,223
"2011","South Lakeland 004","E02004018","Total",3783,25,233,573,865,927,537,286,176,161
"2011","South Lakeland 005","E02004019","Total",3397,3,29,168,541,905,759,445,264,283
"2011","South Lakeland 006","E02004020","Total",3597,5,50,194,680,933,869,468,237,161
"2011","South Lakeland 007","E02004021","Total",2404,4,27,83,365,518,468,337,229,373
"2011","South Lakeland 008","E02004022","Total",2493,4,13,77,349,548,484,396,260,362
"2011","South Lakeland 009","E02004023","Total",2661,2,44,191,496,534,508,352,234,300
"2011","South Lakeland 010","E02004024","Total",3107,3,17,65,341,649,674,533,374,451
"2011","South Lakeland 011","E02004025","Total",3656,2,69,130,638,868,878,464,309,298
"2011","South Lakeland 012","E02004026","Total",3745,18,70,286,735,928,835,432,240,201
"2011","South Lakeland 013","E02004027","Total",3744,9,26,265,699,936,778,466,271,294
"2011","South Lakeland 014","E02004028","Total",3438,2,21,101,416,841,794,590,350,323
"2011","Bolton 001","E02000984","Total",3146,1,38,100,408,637,736,519,383,324
"2011","Bolton 002","E02000985","Total",3205,1,16,68,464,695,776,495,341,349
"2011","Bolton 003","E02000986","Total",3682,9,158,327,731,859,874,395,205,124
"2011","Bolton 004","E02000987","Total",3288,11,50,364,824,905,680,243,127,84
"2011","Bolton 005","E02000988","Total",3496,3,52,427,975,858,587,268,177,149
"2011","Bolton 006","E02000989","Total",3637,0,16,142,525,1017,963,533,288,153
"2011","Bolton 007","E02000990","Total",3286,8,40,174,587,819,787,378,287,206
"2011","Bolton 008","E02000991","Total",3316,2,44,163,841,834,835,318,143,136
"2011","Bolton 009","E02000992","Total",2518,3,15,160,374,772,598,299,172,125
"2011","Bolton 010","E02000993","Total",3135,11,77,511,792,1104,435,114,57,34
"2011","Bolton 011","E02000994","Total",3343,13,102,662,1184,759,330,208,52,33
"2011","Bolton 012","E02000995","Total",3430,1,27,225,687,850,795,397,226,222
"2011","Bolton 013","E02000996","Total",3321,5,53,501,937,921,667,131,73,33
"2011","Bolton 014","E02000997","Total",2372,4,21,135,381,500,532,349,207,243
"2011","Bolton 015","E02000998","Total",3654,50,186,469,1232,818,502,210,105,82
"2011","Bolton 016","E02000999","Total",3580,46,208,1132,1216,570,193,128,43,44
"2011","Bolton 017","E02001000","Total",4123,93,158,385,1159,1141,809,235,86,57
"2011","Bolton 018","E02001001","Total",3197,13,38,247,707,662,686,302,226,316
"2011","Bolton 019","E02001002","Total",4018,4,40,236,1014,1349,863,298,134,80
"2011","Bolton 020","E02001003","Total",2850,1,10,75,266,531,477,415,422,653
"2011","Bolton 021","E02001004","Total",3185,31,130,559,1043,790,378,143,66,45
"2011","Bolton 022","E02001005","Total",3130,19,133,450,835,735,583,227,88,60
"2011","Bolton 023","E02001006","Total",2801,7,74,149,989,770,514,165,70,63
"2011","Bolton 024","E02001007","Total",4396,2,49,311,896,1339,1010,512,182,95
"2011","Bolton 025","E02001008","Total",2843,6,77,331,791,800,560,168,68,42
"2011","Bolton 026","E02001009","Total",2975,8,68,423,640,861,643,188,87,57
"2011","Bolton 027","E02001010","Total",2468,16,89,264,800,634,405,146,62,52
"2011","Bolton 028","E02001011","Total",4125,5,32,212,728,926,947,560,417,298
"2011","Bolton 029","E02001012","Total",2919,0,16,121,334,1129,849,285,120,65
"2011","Bolton 030","E02001013","Total",2495,0,9,56,373,619,611,390,235,202
"2011","Bolton 031","E02001014","Total",3650,2,42,398,826,1196,677,249,167,93
"2011","Bolton 032","E02001015","Total",3762,17,140,646,1117,953,573,197,82,37
"2011","Bolton 033","E02001016","Total",3354,8,42,314,618,1299,808,179,50,36
"2011","Bolton 034","E02001017","Total",4663,4,116,463,925,1470,1005,402,189,89
"2011","Bolton 035","E02001018","Total",3008,2,26,82,476,791,629,385,343,274
"2011","Bury 001","E02001019","Total",3982,8,74,324,1080,958,715,400,200,223
"2011","Bury 002","E02001020","Total",2483,1,9,72,297,474,617,450,287,276
"2011","Bury 003","E02001021","Total",3115,1,38,103,401,703,653,458,361,397
"2011","Bury 004","E02001022","Total",3326,4,39,267,550,907,925,343,180,111
"2011","Bury 005","E02001023","Total",2324,2,24,124,371,519,511,407,222,144
"2011","Bury 006","E02001024","Total",3341,3,17,95,673,946,800,406,226,175
"2011","Bury 007","E02001025","Total",3349,13,65,417,1069,979,446,189,96,75
"2011","Bury 008","E02001026","Total",3671,25,135,407,1370,988,486,147,62,51
"2011","Bury 009","E02001027","Total",3029,10,92,382,867,825,563,162,72,56
"2011","Bury 010","E02001028","Total",3108,1,12,110,286,676,841,613,363,206
"2011","Bury 011","E02001029","Total",2880,8,78,315,700,777,657,204,83,58
"2011","Bury 012","E02001030","Total",2346,2,5,111,308,576,527,371,228,218
"2011","Bury 013","E02001031","Total",2841,10,46,346,612,785,563,252,127,100
"2011","Bury 014","E02001032","Total",3120,3,16,169,714,995,695,290,142,96
"2011","Bury 015","E02001033","Total",2390,7,44,181,686,779,422,157,71,43
"2011","Bury 016","E02001034","Total",3831,8,117,834,1284,879,480,145,57,27
"2011","Bury 017","E02001035","Total",2981,1,14,122,342,670,842,489,314,187
"2011","Bury 018","E02001036","Total",3011,5,29,173,720,954,583,241,145,161
"2011","Bury 019","E02001037","Total",3016,7,19,134,459,579,653,445,336,384
"2011","Bury 020","E02001038","Total",2637,8,40,417,563,702,558,189,86,74
"2011","Bury 021","E02001039","Total",3443,3,37,275,602,1562,628,217,83,36
"2011","Bury 022","E02001040","Total",2548,12,45,190,281,549,824,376,159,112
"2011","Bury 023","E02001041","Total",3369,22,98,263,611,1118,777,265,143,72
"2011","Bury 024","E02001042","Total",2875,27,129,432,497,543,533,314,183,217
"2011","Bury 025","E02001043","Total",2307,3,27,144,454,574,628,256,139,82
"2011","Bury 026","E02001044","Total",2790,6,31,195,168,513,816,422,319,320
"2011","Manchester 001","E02001045","Total",3622,11,62,294,1046,1422,502,165,70,50
"2011","Manchester 002","E02001046","Total",3956,13,62,402,703,1499,853,260,103,61
"2011","Manchester 003","E02001047","Total",4369,22,86,542,934,1571,818,255,103,38
"2011","Manchester 004","E02001048","Total",3560,30,194,420,841,890,781,202,119,83
"2011","Manchester 005","E02001049","Total",4049,5,37,187,599,1681,1012,337,119,72
"2011","Manchester 006","E02001050","Total",3195,30,150,455,716,1063,556,131,54,40
"2011","Manchester 007","E02001051","Total",3393,14,71,273,617,1216,885,215,71,31
"2011","Manchester 008","E02001052","Total",4384,98,254,738,737,922,970,377,179,109
"2011","Manchester 009","E02001053","Total",4494,35,143,845,1238,1310,567,240,63,53
"2011","Manchester 011","E02001055","Total",3829,24,134,440,966,1376,606,160,83,40
"2011","Manchester 012","E02001056","Total",3463,21,122,476,524,1589,508,132,55,36
"2011","Manchester 013","E02001057","Total",4018,69,432,1179,857,1015,289,119,33,25
"2011","Manchester 015","E02001059","Total",4369,43,274,861,1150,1324,482,128,71,36
"2011","Manchester 017","E02001061","Total",3863,23,119,527,844,1373,688,160,87,42
"2011","Manchester 018","E02001062","Total",3546,88,287,916,826,841,383,119,52,34
"2011","Manchester 019","E02001063","Total",3629,152,192,980,1039,750,290,161,40,25
"2011","Manchester 020","E02001064","Total",3624,58,246,582,921,1107,436,163,68,43
"2011","Manchester 021","E02001065","Total",3787,34,101,368,892,1276,802,204,70,40
"2011","Manchester 022","E02001066","Total",3533,109,345,757,550,506,669,310,160,127
"2011","Manchester 023","E02001067","Total",3791,31,123,496,870,1274,732,175,55,35
"2011","Manchester 024","E02001068","Total",3696,37,176,650,811,796,851,212,102,61
"2011","Manchester 025","E02001069","Total",4059,77,231,458,884,1369,692,162,101,85
"2011","Manchester 026","E02001070","Total",3294,76,314,718,528,501,638,233,152,134
"2011","Manchester 027","E02001071","Total",4566,31,199,444,1113,1419,926,270,93,71
"2011","Manchester 028","E02001072","Total",3741,104,348,984,661,402,553,382,173,134
"2011","Manchester 029","E02001073","Total",4015,24,237,779,466,611,985,483,254,176
"2011","Manchester 030","E02001074","Total",4299,46,204,665,722,1071,943,313,189,146
"2011","Manchester 031","E02001075","Total",3320,49,182,497,595,830,738,245,117,67
"2011","Manchester 032","E02001076","Total",2965,34,147,456,425,485,688,396,174,160
"2011","Manchester 033","E02001077","Total",3117,20,151,470,415,491,671,401,292,206
"2011","Manchester 034","E02001078","Total",3835,21,65,368,502,867,1314,442,155,101
"2011","Manchester 035","E02001079","Total",3341,9,70,373,468,1223,820,196,92,90
"2011","Manchester 036","E02001080","Total",3367,54,213,529,640,606,692,310,129,194
"2011","Manchester 037","E02001081","Total",2776,6,78,282,546,773,550,268,184,89
"2011","Manchester 038","E02001082","Total",2921,56,265,587,561,419,326,288,218,201
"2011","Manchester 039","E02001083","Total",3902,40,404,1088,869,638,398,202,123,140
"2011","Manchester 040","E02001084","Total",3325,19,98,407,431,911,781,289,177,212
"2011","Manchester 041","E02001085","Total",3177,5,45,192,524,1495,720,126,43,27
"2011","Manchester 042","E02001086","Total",2949,25,118,420,596,931,428,230,96,105
"2011","Manchester 043","E02001087","Total",4402,48,194,622,1005,680,788,411,307,347
"2011","Manchester 044","E02001088","Total",3780,9,35,294,682,1683,734,200,92,51
"2011","Manchester 045","E02001089","Total",3123,1,44,267,351,664,1005,423,234,134
"2011","Manchester 046","E02001090","Total",3100,25,64,388,525,775,740,294,174,115
"2011","Manchester 047","E02001091","Total",3876,13,67,534,976,1151,678,246,132,79
"2011","Manchester 048","E02001092","Total",3724,18,63,475,609,1357,755,252,115,80
"2011","Manchester 049","E02001093","Total",3778,11,45,340,686,1974,438,155,75,54
"2011","Manchester 050","E02001094","Total",3805,19,67,522,589,1989,403,129,64,23
"2011","Manchester 051","E02001095","Total",3580,6,45,353,585,1257,993,219,80,42
"2011","Manchester 052","E02001096","Total",3311,6,41,244,774,1132,715,242,108,49
"2011","Manchester 053","E02001097","Total",3452,6,47,178,738,1208,858,274,110,33
"2011","Manchester 054","E02006902","Total",3368,107,733,1321,697,374,76,26,17,17
"2011","Manchester 055","E02006912","Total",3885,161,904,1661,817,204,75,31,19,13
"2011","Manchester 056","E02006913","Total",2939,94,464,909,511,429,337,136,37,22
"2011","Manchester 057","E02006914","Total",2299,102,416,872,536,241,99,17,6,10
"2011","Manchester 058","E02006915","Total",3047,38,185,558,823,873,355,126,53,36
"2011","Manchester 059","E02006916","Total",3274,66,448,1214,908,443,116,50,13,16
"2011","Manchester 060","E02006917","Total",3087,51,604,1524,700,140,41,12,8,7
"2011","Oldham 001","E02001098","Total",2756,2,12,232,660,876,560,229,127,58
"2011","Oldham 002","E02001099","Total",2724,5,30,273,897,825,405,166,73,50
"2011","Oldham 003","E02001100","Total",2586,1,35,205,552,751,477,269,161,135
"2011","Oldham 004","E02001101","Total",2457,3,15,68,354,773,698,294,155,97
"2011","Oldham 005","E02001102","Total",2475,3,21,76,527,826,557,268,126,71
"2011","Oldham 006","E02001103","Total",2353,0,27,252,347,521,413,308,237,248
"2011","Oldham 007","E02001104","Total",2726,0,24,94,569,927,571,293,150,98
"2011","Oldham 008","E02001105","Total",2631,5,37,277,626,800,441,243,122,80
"2011","Oldham 009","E02001106","Total",2668,5,46,298,690,796,494,185,90,64
"2011","Oldham 010","E02001107","Total",2390,3,22,137,568,719,535,191,126,89
"2011","Oldham 011","E02001108","Total",2148,1,27,190,851,709,247,71,27,25
"2011","Oldham 012","E02001109","Total",3332,14,72,430,1060,951,503,184,79,39
"2011","Oldham 013","E02001110","Total",2742,4,39,146,518,529,553,386,288,279
"2011","Oldham 014","E02001111","Total",2928,28,118,676,889,770,259,112,47,29
"2011","Oldham 015","E02001112","Total",2371,0,13,60,303,717,630,339,195,114
"2011","Oldham 016","E02001113","Total",2664,18,72,309,824,676,342,255,104,64
"2011","Oldham 017","E02001114","Total",3381,16,45,325,993,1019,583,210,114,76
"2011","Oldham 018","E02001115","Total",2539,2,26,159,707,810,482,204,99,50
"2011","Oldham 019","E02001116","Total",2358,1,31,90,799,746,440,155,59,37
"2011","Oldham 020","E02001117","Total",2529,3,48,206,406,527,558,353,234,194
"2011","Oldham 021","E02001118","Total",2602,2,17,134,546,517,553,407,253,173
"2011","Oldham 022","E02001119","Total",2840,11,69,150,736,712,485,337,193,147
"2011","Oldham 024","E02001121","Total",2224,14,75,273,636,569,392,138,80,47
"2011","Oldham 026","E02001123","Total",2751,5,37,244,939,876,416,147,54,33
"2011","Oldham 027","E02001124","Total",2507,8,56,388,786,802,333,80,33,21
"2011","Oldham 028","E02001125","Total",3351,1,25,194,701,1165,899,262,63,41
"2011","Oldham 029","E02001126","Total",3141,9,57,248,1135,1030,450,127,51,34
"2011","Oldham 030","E02001127","Total",2790,8,52,182,728,765,643,232,118,62
"2011","Oldham 031","E02001128","Total",3271,5,23,209,1049,1074,665,165,58,23
"2011","Oldham 032","E02001129","Total",2622,5,54,276,870,828,414,116,37,22
"2011","Oldham 033","E02001130","Total",2520,4,17,276,523,741,480,230,146,103
"2011","Oldham 034","E02001131","Total",2298,4,10,93,508,837,567,196,62,21
"2011","Oldham 035","E02006860","Total",4028,19,97,309,956,966,750,440,244,247
"2011","Rochdale 001","E02001132","Total",2860,7,56,268,758,817,477,224,125,128
"2011","Rochdale 002","E02001133","Total",2544,0,15,110,363,902,578,301,144,131
"2011","Rochdale 003","E02001134","Total",2583,2,32,146,384,640,611,365,237,166
"2011","Rochdale 004","E02001135","Total",3052,15,81,577,700,1108,314,129,71,57
"2011","Rochdale 005","E02001136","Total",3667,7,52,341,722,1144,595,346,237,223
"2011","Rochdale 006","E02001137","Total",2497,1,16,113,359,674,519,345,251,219
"2011","Rochdale 007","E02001138","Total",3647,2,24,236,600,721,682,514,414,454
"2011","Rochdale 008","E02001139","Total",2906,17,90,302,958,711,399,243,118,68
"2011","Rochdale 009","E02001140","Total",2958,3,60,242,764,815,668,211,105,90
"2011","Rochdale 010","E02001141","Total",5181,105,354,959,1567,1186,534,221,142,113
"2011","Rochdale 011","E02001142","Total",2396,1,12,85,284,423,569,420,270,332
"2011","Rochdale 012","E02001143","Total",3988,15,72,411,932,1203,814,312,139,90
"2011","Rochdale 013","E02001144","Total",2702,6,43,268,715,806,425,213,124,102
"2011","Rochdale 014","E02001145","Total",3024,0,32,190,622,940,643,318,177,102
"2011","Rochdale 015","E02001146","Total",2896,11,87,322,812,683,477,280,113,111
"2011","Rochdale 016","E02001147","Total",3878,7,99,563,1153,839,639,227,190,161
"2011","Rochdale 017","E02001148","Total",4257,7,71,452,1030,1222,808,373,174,120
"2011","Rochdale 018","E02001149","Total",4671,17,137,829,1642,1221,563,136,78,48
"2011","Rochdale 019","E02001150","Total",3591,6,77,273,919,1321,649,194,105,47
"2011","Rochdale 020","E02001151","Total",3867,7,38,233,867,993,782,479,285,183
"2011","Rochdale 021","E02001152","Total",3984,23,53,534,943,1235,705,264,130,97
"2011","Rochdale 022","E02001153","Total",4452,11,53,367,1135,1664,797,252,118,55
"2011","Rochdale 023","E02001154","Total",4387,3,95,418,1194,1561,716,247,116,37
"2011","Rochdale 024","E02001155","Total",3433,26,85,590,936,972,504,163,91,66
"2011","Rochdale 025","E02001156","Total",4131,4,40,212,530,987,1275,557,311,215
"2011","Salford 001","E02001157","Total",3183,4,49,454,759,1008,664,153,67,25
"2011","Salford 002","E02001158","Total",2700,10,56,363,605,899,615,106,28,18
"2011","Salford 003","E02001159","Total",2579,16,41,328,593,841,493,152,85,30
"2011","Salford 004","E02001160","Total",2555,3,14,179,445,923,660,200,85,46
"2011","Salford 005","E02001161","Total",2680,6,66,288,674,793,509,194,103,47
"2011","Salford 006","E02001162","Total",2709,7,45,299,687,921,507,177,42,24
"2011","Salford 007","E02001163","Total",4182,12,64,329,624,1092,1181,510,231,139
"2011","Salford 008","E02001164","Total",2677,5,42,211,626,957,551,134,94,57
"2011","Salford 009","E02001165","Total",2664,1,24,168,508,1059,638,180,44,42
"2011","Salford 010","E02001166","Total",2343,42,116,426,514,250,168,196,175,456
"2011","Salford 011","E02001167","Total",2710,8,78,426,585,614,548,195,127,129
"2011","Salford 012","E02001168","Total",4093,5,65,382,797,1283,1042,327,117,75
"2011","Salford 013","E02001169","Total",4252,0,13,72,452,916,984,720,575,520
"2011","Salford 014","E02001170","Total",4130,4,25,208,394,744,1240,689,413,413
"2011","Salford 015","E02001171","Total",2336,0,22,83,211,901,733,219,92,75
"2011","Salford 016","E02001172","Total",4989,121,337,1020,1008,1166,768,271,145,153
"2011","Salford 017","E02001173","Total",3153,50,89,481,879,1108,407,90,32,17
"2011","Salford 018","E02001174","Total",2362,11,51,141,329,592,677,327,136,98
"2011","Salford 019","E02001175","Total",2914,8,49,280,362,1115,779,194,97,30
"2011","Salford 020","E02001176","Total",5147,52,153,1024,1015,762,1001,467,327,346
"2011","Salford 021","E02001177","Total",5293,35,214,817,1095,1270,1079,471,187,125
"2011","Salford 022","E02001178","Total",5633,309,728,1666,1741,853,231,61,23,21
"2011","Salford 023","E02001179","Total",2874,68,92,310,824,858,483,140,64,35
"2011","Salford 024","E02001180","Total",2981,20,119,599,1227,674,250,51,22,19
"2011","Salford 025","E02001181","Total",2606,10,46,363,635,768,602,123,37,22
"2011","Salford 026","E02001182","Total",2858,9,56,457,867,746,532,125,41,25
"2011","Salford 027","E02001183","Total",2782,4,53,242,814,908,534,134,65,28
"2011","Salford 028","E02001184","Total",5710,303,623,1571,1742,955,397,73,28,18
"2011","Salford 029","E02001185","Total",4208,18,48,240,640,1761,968,323,153,57
"2011","Salford 030","E02001186","Total",4253,8,65,422,758,1233,1121,395,154,97
"2011","Stockport 001","E02001187","Total",3076,7,47,220,591,1142,740,203,89,37
"2011","Stockport 002","E02001188","Total",3503,27,105,405,977,1089,661,153,54,32
"2011","Stockport 003","E02001189","Total",3616,6,50,229,735,1064,1002,338,133,59
"2011","Stockport 004","E02001190","Total",3053,15,79,612,873,765,549,86,49,25
"2011","Stockport 005","E02001191","Total",2618,4,43,356,367,603,659,325,149,112
"2011","Stockport 006","E02001192","Total",2831,33,152,488,341,358,505,400,300,254
"2011","Stockport 007","E02001193","Total",2952,18,79,345,901,920,476,131,54,28
"2011","Stockport 008","E02001194","Total",2493,26,71,253,378,249,382,412,347,375
"2011","Stockport 009","E02001195","Total",3208,0,15,100,780,1097,808,249,110,49
"2011","Stockport 010","E02001196","Total",3339,1,22,232,519,708,870,456,288,243
"2011","Stockport 011","E02001197","Total",2610,3,58,184,437,605,654,367,174,128
"2011","Stockport 012","E02001198","Total",3341,4,51,415,757,933,640,302,149,90
"2011","Stockport 013","E02001199","Total",3413,25,79,283,598,702,795,463,292,176
"2011","Stockport 014","E02001200","Total",3446,27,127,993,926,862,304,96,54,57
"2011","Stockport 015","E02001201","Total",2431,6,14,84,461,783,719,245,78,41
"2011","Stockport 016","E02001202","Total",2998,10,84,319,806,1114,460,128,45,32
"2011","Stockport 017","E02001203","Total",2387,4,18,64,231,359,468,463,398,382
"2011","Stockport 018","E02001204","Total",3803,14,34,228,456,1517,1085,313,92,64
"2011","Stockport 019","E02001205","Total",3645,19,122,524,792,1128,706,216,87,51
"2011","Stockport 020","E02001206","Total",2940,7,52,213,402,622,697,459,255,233
"2011","Stockport 021","E02001207","Total",2942,1,17,204,406,746,731,439,243,155
"2011","Stockport 022","E02001208","Total",3261,11,45,298,688,1129,711,221,87,71
"2011","Stockport 023","E02001209","Total",3382,4,48,202,848,1073,670,293,137,107
"2011","Stockport 024","E02001210","Total",2889,6,24,306,509,875,747,250,116,56
"2011","Stockport 025","E02001211","Total",2413,5,47,188,176,399,667,481,270,180
"2011","Stockport 026","E02001212","Total",2563,2,45,275,434,1060,535,130,54,28
"2011","Stockport 027","E02001213","Total",3991,15,90,384,599,807,1088,511,275,222
"2011","Stockport 028","E02001214","Total",3081,10,61,291,393,540,547,462,394,383
"2011","Stockport 029","E02001215","Total",2502,3,29,153,346,586,617,338,222,208
"2011","Stockport 030","E02001216","Total",2986,4,27,117,329,509,879,522,358,241
"2011","Stockport 031","E02001217","Total",3066,13,105,319,808,855,590,218,90,68
"2011","Stockport 032","E02001218","Total",2375,0,15,51,273,460,442,352,294,488
"2011","Stockport 033","E02001219","Total",2240,1,5,44,214,557,584,399,248,188
"2011","Stockport 034","E02001220","Total",2270,15,46,96,280,506,474,354,270,229
"2011","Stockport 035","E02001221","Total",2361,0,5,58,158,405,702,522,309,202
"2011","Stockport 036","E02001222","Total",2375,0,3,32,183,510,760,478,255,154
"2011","Stockport 037","E02001223","Total",2797,1,13,87,338,454,467,525,429,483
"2011","Stockport 038","E02001224","Total",2577,0,16,71,322,605,669,428,248,218
"2011","Stockport 039","E02001225","Total",2947,3,27,118,269,591,759,566,331,283
"2011","Stockport 040","E02001226","Total",2722,3,24,101,362,664,833,380,209,146
"2011","Stockport 041","E02001227","Total",2376,3,23,30,164,347,627,491,354,337
"2011","Stockport 042","E02001228","Total",2160,1,12,64,182,259,425,403,383,431
"2011","Tameside 001","E02001229","Total",4417,10,70,338,1398,1164,737,375,196,129
"2011","Tameside 002","E02001230","Total",2392,5,18,113,352,617,520,392,236,139
"2011","Tameside 003","E02001231","Total",2846,3,17,160,605,802,583,372,195,109
"2011","Tameside 004","E02001232","Total",3504,2,38,276,1225,968,573,234,108,80
"2011","Tameside 005","E02001233","Total",3258,3,69,362,682,914,785,263,111,69
"2011","Tameside 006","E02001234","Total",3256,9,100,284,951,1018,587,182,83,42
"2011","Tameside 007","E02001235","Total",2814,9,78,236,766,730,584,224,115,72
"2011","Tameside 008","E02001236","Total",2509,14,75,324,596,865,436,119,55,25
"2011","Tameside 009","E02001237","Total",2932,17,57,323,740,879,505,213,116,82
"2011","Tameside 010","E02001238","Total",3422,13,77,356,714,1006,689,319,152,96
"2011","Tameside 011","E02001239","Total",3897,14,63,300,902,1521,773,209,78,37
"2011","Tameside 012","E02001240","Total",2597,5,17,85,391,1136,676,202,60,25
"2011","Tameside 013","E02001241","Total",4252,48,301,785,1514,861,436,158,94,55
"2011","Tameside 014","E02001242","Total",2360,10,45,89,351,701,747,248,103,66
"2011","Tameside 015","E02001243","Total",3529,11,40,375,676,708,663,431,339,286
"2011","Tameside 016","E02001244","Total",2275,0,6,37,361,885,607,231,104,44
"2011","Tameside 017","E02001245","Total",3573,21,61,538,1114,766,574,251,154,94
"2011","Tameside 018","E02001246","Total",3118,7,32,483,650,895,690,227,85,49
"2011","Tameside 019","E02001247","Total",3064,10,30,375,785,860,654,194,101,55
"2011","Tameside 020","E02001248","Total",4547,10,103,748,1211,1378,700,233,93,71
"2011","Tameside 021","E02001249","Total",2811,9,67,194,775,967,513,173,62,51
"2011","Tameside 022","E02001250","Total",2679,5,10,143,452,733,596,344,235,161
"2011","Tameside 023","E02001251","Total",2750,2,31,209,653,693,517,284,197,164
"2011","Tameside 024","E02001252","Total",3293,7,36,179,559,967,941,369,164,71
"2011","Tameside 025","E02001253","Total",2267,1,31,109,609,753,465,194,68,37
"2011","Tameside 026","E02001254","Total",2484,3,25,207,605,907,495,155,50,37
"2011","Tameside 027","E02001255","Total",2672,2,17,244,627,1289,318,86,49,40
"2011","Tameside 028","E02001256","Total",4015,9,81,508,1444,1012,518,230,120,93
"2011","Tameside 029","E02001257","Total",4272,9,81,456,1219,1324,699,285,122,77
"2011","Tameside 030","E02001258","Total",3148,4,24,180,615,870,759,359,191,146
"2011","Trafford 001","E02001259","Total",4162,58,234,749,906,846,836,317,140,76
"2011","Trafford 002","E02001260","Total",3031,4,17,133,184,858,1096,465,189,85
"2011","Trafford 003","E02001261","Total",3451,8,84,281,673,977,1062,270,67,29
"2011","Trafford 004","E02001262","Total",3009,27,56,274,264,588,1010,463,217,110
"2011","Trafford 005","E02001263","Total",3293,1,30,117,338,682,1012,564,318,231
"2011","Trafford 006","E02001264","Total",3230,11,21,179,322,982,1151,369,122,73
"2011","Trafford 007","E02001265","Total",3369,7,36,289,354,960,1013,431,186,93
"2011","Trafford 008","E02001266","Total",3033,10,84,374,724,580,646,350,166,99
"2011","Trafford 009","E02001267","Total",3363,57,161,516,569,629,667,383,226,155
"2011","Trafford 010","E02001268","Total",2972,2,7,150,348,682,976,447,217,143
"2011","Trafford 011","E02001269","Total",3628,38,110,556,655,618,889,421,205,136
"2011","Trafford 012","E02001270","Total",3418,10,47,340,573,743,864,431,226,184
"2011","Trafford 013","E02001271","Total",2874,6,34,279,499,899,667,285,136,69
"2011","Trafford 014","E02001272","Total",3396,16,54,249,462,624,963,539,269,220
"2011","Trafford 015","E02001273","Total",4242,45,195,753,1053,595,568,393,330,310
"2011","Trafford 016","E02001274","Total",3188,3,23,197,269,425,728,603,461,479
"2011","Trafford 017","E02001275","Total",3544,9,47,297,859,1350,669,190,72,51
"2011","Trafford 018","E02001276","Total",3299,3,34,247,459,957,1005,384,146,64
"2011","Trafford 019","E02001277","Total",3786,7,54,505,934,1133,649,250,166,88
"2011","Trafford 020","E02001278","Total",3271,7,40,298,268,496,1098,617,291,156
"2011","Trafford 021","E02001279","Total",3229,2,6,77,196,579,1180,600,351,238
"2011","Trafford 022","E02001280","Total",3558,7,39,363,645,1007,717,357,227,196
"2011","Trafford 023","E02001281","Total",3078,1,8,130,277,530,969,544,356,263
"2011","Trafford 024","E02001282","Total",3883,8,49,298,655,1037,993,428,239,176
"2011","Trafford 025","E02001283","Total",3748,29,107,375,644,674,553,398,336,632
"2011","Trafford 026","E02001284","Total",3131,4,17,156,275,454,626,485,429,685
"2011","Trafford 027","E02001285","Total",3251,5,44,220,496,496,365,335,396,894
"2011","Trafford 028","E02001286","Total",3047,6,12,96,210,426,484,502,480,831
"2011","Wigan 001","E02001287","Total",2321,10,21,56,311,651,545,348,214,165
"2011","Wigan 002","E02001288","Total",3173,3,26,180,570,687,566,391,380,370
"2011","Wigan 003","E02001289","Total",4248,3,13,127,619,1246,1062,604,358,216
"2011","Wigan 004","E02001290","Total",2615,0,21,210,463,683,546,310,173,209
"2011","Wigan 005","E02001291","Total",3199,3,33,176,518,1358,765,213,100,33
"2011","Wigan 006","E02001292","Total",3528,19,91,315,493,742,886,441,301,240
"2011","Wigan 007","E02001293","Total",2583,2,9,124,391,913,595,270,170,109
"2011","Wigan 008","E02001294","Total",3492,19,62,323,558,995,970,353,151,61
"2011","Wigan 009","E02001295","Total",3641,18,91,711,1015,1097,501,127,48,33
"2011","Wigan 010","E02001296","Total",3745,14,74,456,764,1525,727,104,53,28
"2011","Wigan 011","E02001297","Total",2958,7,44,287,695,925,617,203,115,65
"2011","Wigan 012","E02001298","Total",3372,14,43,300,619,1462,696,141,55,42
"2011","Wigan 013","E02001299","Total",3708,6,31,279,705,1107,840,404,225,111
"2011","Wigan 014","E02001300","Total",3413,6,36,237,711,1245,831,223,79,45
"2011","Wigan 015","E02001301","Total",3823,40,143,666,779,1310,661,136,55,33
"2011","Wigan 016","E02001302","Total",3251,10,35,314,490,1049,742,359,148,104
"2011","Wigan 017","E02001303","Total",3740,7,60,424,807,1456,642,191,90,63
"2011","Wigan 018","E02001304","Total",5320,2,28,285,745,1494,1325,720,401,320
"2011","Wigan 019","E02001305","Total",3376,1,18,81,512,1235,860,376,181,112
"2011","Wigan 020","E02001306","Total",2989,1,6,69,374,1133,889,316,141,60
"2011","Wigan 021","E02001307","Total",4334,2,7,57,325,1324,1194,762,427,236
"2011","Wigan 022","E02001308","Total",2672,5,37,251,543,797,644,233,93,69
"2011","Wigan 023","E02001309","Total",3565,15,42,370,944,1056,617,264,156,101
"2011","Wigan 024","E02001310","Total",3766,4,45,283,819,1355,765,301,123,71
"2011","Wigan 025","E02001311","Total",3706,6,30,342,969,976,779,336,181,87
"2011","Wigan 026","E02001312","Total",3202,4,13,119,653,1139,753,331,118,72
"2011","Wigan 027","E02001313","Total",3409,22,65,288,924,1100,651,203,85,71
"2011","Wigan 028","E02001314","Total",3157,2,44,166,289,893,884,423,273,183
"2011","Wigan 029","E02001315","Total",3326,5,14,148,411,1179,788,392,214,175
"2011","Wigan 030","E02001316","Total",3095,33,92,251,1165,819,523,132,50,30
"2011","Wigan 031","E02001317","Total",3602,15,61,408,808,826,806,339,200,139
"2011","Wigan 032","E02001318","Total",3397,6,43,336,543,883,918,339,223,106
"2011","Wigan 033","E02001319","Total",3159,6,30,203,756,1178,707,173,64,42
"2011","Wigan 034","E02001320","Total",3475,2,39,256,1016,1014,709,269,115,55
"2011","Wigan 035","E02001321","Total",3375,4,22,136,523,1112,854,374,206,144
"2011","Wigan 036","E02001322","Total",3159,1,22,143,459,982,864,376,186,126
"2011","Wigan 037","E02001323","Total",3356,2,54,232,776,817,682,365,238,190
"2011","Wigan 038","E02001324","Total",3607,4,46,263,693,1326,823,268,100,84
"2011","Wigan 039","E02001325","Total",3241,4,19,132,366,920,759,490,317,234
"2011","Wigan 040","E02001326","Total",3288,1,38,194,552,917,784,418,217,167
"2011","Burnley 001","E02005176","Total",3681,5,23,155,624,1299,965,318,172,120
"2011","Burnley 002","E02005177","Total",2482,4,21,111,588,890,579,180,66,43
"2011","Burnley 003","E02005178","Total",3019,8,92,230,824,919,526,206,110,104
"2011","Burnley 004","E02005179","Total",4114,10,109,411,1025,1174,836,292,142,115
"2011","Burnley 005","E02005180","Total",2906,5,17,158,487,656,670,390,291,232
"2011","Burnley 006","E02005181","Total",2845,6,39,208,759,958,599,163,74,39
"2011","Burnley 007","E02005182","Total",2790,23,88,373,561,856,616,156,68,49
"2011","Burnley 008","E02005183","Total",2844,6,48,430,649,634,606,245,131,95
"2011","Burnley 009","E02005184","Total",2211,0,26,81,364,490,563,310,202,175
"2011","Burnley 010","E02005185","Total",3864,11,93,413,1077,1188,695,214,109,64
"2011","Burnley 011","E02005186","Total",2524,0,10,123,381,755,629,300,191,135
"2011","Burnley 014","E02006881","Total",4270,2,52,212,852,1102,1138,471,253,188
"2011","Chorley 001","E02005189","Total",2360,5,58,334,496,771,365,169,94,68
"2011","Chorley 002","E02005190","Total",2602,2,4,47,389,577,593,387,264,339
"2011","Chorley 003","E02005191","Total",3457,3,27,133,508,825,653,536,423,349
"2011","Chorley 004","E02005192","Total",3073,6,81,161,396,616,557,451,378,427
"2011","Chorley 005","E02005193","Total",3506,2,9,128,332,839,950,532,359,355
"2011","Chorley 006","E02005194","Total",3528,2,33,181,659,1058,893,376,175,151
"2011","Chorley 007","E02005195","Total",2456,20,21,114,270,536,508,363,278,346
"2011","Chorley 008","E02005196","Total",3281,19,99,273,383,848,681,483,274,221
"2011","Chorley 009","E02005197","Total",3003,6,56,328,689,915,594,224,115,76
"2011","Chorley 010","E02005198","Total",3747,13,126,318,733,995,877,344,196,145
"2011","Chorley 011","E02005199","Total",3023,5,11,107,348,720,677,506,332,317
"2011","Chorley 012","E02005200","Total",3523,8,34,396,733,997,661,305,215,174
"2011","Chorley 013","E02005201","Total",3264,1,37,154,518,1035,821,342,193,163
"2011","Chorley 014","E02005202","Total",4096,3,54,197,665,1061,967,477,326,346
"2011","Fylde 001","E02005203","Total",2968,0,20,159,434,610,600,427,305,413
"2011","Fylde 002","E02005204","Total",4533,7,64,326,680,1227,1001,510,384,334
"2011","Fylde 003","E02005205","Total",2564,2,5,71,333,625,574,369,298,287
"2011","Fylde 004","E02005206","Total",3265,13,75,325,523,900,885,343,128,73
"2011","Fylde 005","E02005207","Total",3782,2,12,191,637,800,791,641,345,363
"2011","Fylde 006","E02005208","Total",5105,56,333,970,1338,561,524,477,427,419
"2011","Fylde 007","E02005209","Total",3565,3,27,207,772,946,808,429,229,144
"2011","Fylde 008","E02005210","Total",4923,8,85,498,1036,822,838,667,486,483
"2011","Fylde 009","E02005211","Total",4180,34,86,266,804,969,869,498,302,352
"2011","Hyndburn 001","E02005212","Total",4788,13,59,394,754,1602,1132,390,251,193
"2011","Hyndburn 002","E02005213","Total",4891,10,59,265,803,1447,1174,580,356,197
"2011","Hyndburn 003","E02005214","Total",2912,11,40,181,515,983,727,242,127,86
"2011","Hyndburn 004","E02005215","Total",5338,3,61,419,1213,1895,1092,359,170,126
"2011","Hyndburn 005","E02005216","Total",2304,2,24,259,471,736,502,194,73,43
"2011","Hyndburn 006","E02005217","Total",4185,9,58,336,815,1498,936,284,124,125
"2011","Hyndburn 007","E02005218","Total",3387,10,59,339,766,1159,694,215,93,52
"2011","Hyndburn 008","E02005219","Total",3770,2,45,257,706,1022,905,431,233,169
"2011","Hyndburn 009","E02005220","Total",2766,4,27,184,514,869,680,262,124,102
"2011","Lancaster 001","E02005221","Total",4379,2,17,206,716,1166,1056,579,334,303
"2011","Lancaster 002","E02005222","Total",2565,1,17,75,266,444,524,428,351,459
"2011","Lancaster 003","E02005223","Total",3164,4,9,91,457,773,762,494,299,275
"2011","Lancaster 004","E02005224","Total",2570,4,37,288,654,587,427,281,177,115
"2011","Lancaster 005","E02005225","Total",2310,0,19,105,309,582,560,329,209,197
"2011","Lancaster 006","E02005226","Total",3576,25,255,642,752,676,604,276,172,174
"2011","Lancaster 008","E02005228","Total",2422,2,15,125,417,700,828,209,86,40
"2011","Lancaster 009","E02005229","Total",2636,22,158,557,584,356,340,251,164,204
"2011","Lancaster 010","E02005230","Total",3059,3,41,244,1096,924,473,151,74,53
"2011","Lancaster 011","E02005231","Total",3605,9,40,342,967,1241,667,197,93,49
"2011","Lancaster 013","E02005233","Total",2421,5,30,218,388,667,613,255,138,107
"2011","Lancaster 014","E02005234","Total",3377,72,283,907,721,586,359,236,95,118
"2011","Lancaster 015","E02005235","Total",2105,0,17,130,573,548,488,184,112,53
"2011","Lancaster 016","E02005236","Total",5512,5,49,320,988,1486,1353,656,387,268
"2011","Lancaster 017","E02005237","Total",3933,8,57,327,815,887,732,421,319,367
"2011","Lancaster 018","E02005238","Total",2459,7,28,189,367,590,803,279,113,83
"2011","Lancaster 019","E02005239","Total",2571,3,19,98,336,594,547,437,272,265
"2011","Lancaster 020","E02006871","Total",5158,12,59,308,864,1515,1406,635,235,124
"2011","Pendle 001","E02005240","Total",2366,12,38,97,508,663,604,243,120,81
"2011","Pendle 002","E02005241","Total",2499,8,82,192,480,681,578,257,126,95
"2011","Pendle 003","E02005242","Total",2678,2,22,145,516,711,690,313,144,135
"2011","Pendle 004","E02005243","Total",2462,3,60,407,552,660,490,169,66,55
"2011","Pendle 005","E02005244","Total",2413,0,29,223,292,959,615,165,69,61
"2011","Pendle 006","E02005245","Total",3016,2,23,178,533,698,713,392,234,243
"2011","Pendle 007","E02005246","Total",2409,7,54,255,656,635,481,176,90,55
"2011","Pendle 008","E02005247","Total",4459,11,73,244,791,1005,924,562,415,434
"2011","Pendle 009","E02005248","Total",2451,9,73,354,624,717,435,109,59,71
"2011","Pendle 010","E02005249","Total",4058,4,82,367,1350,1113,860,172,55,55
"2011","Pendle 011","E02005250","Total",2627,5,33,141,722,669,627,196,120,114
"2011","Pendle 012","E02005251","Total",2629,0,18,127,440,806,680,308,156,94
"2011","Pendle 013","E02005252","Total",3281,2,33,152,650,815,802,354,238,235
"2011","Preston 001","E02005253","Total",2293,1,8,56,184,386,509,419,300,430
"2011","Preston 002","E02005254","Total",2528,0,7,50,132,321,457,523,440,598
"2011","Preston 003","E02005255","Total",3742,11,41,108,336,919,1139,690,301,197
"2011","Preston 004","E02005256","Total",2915,17,71,251,370,603,622,388,308,285
"2011","Preston 005","E02005257","Total",2776,5,61,544,777,737,362,150,81,59
"2011","Preston 006","E02005258","Total",3299,17,55,273,426,467,820,525,330,386
"2011","Preston 007","E02005259","Total",4099,5,47,412,586,1353,1033,396,163,104
"2011","Preston 008","E02005260","Total",2860,2,13,77,325,751,1020,402,178,92
"2011","Preston 009","E02005261","Total",4054,14,50,553,557,1402,1043,245,128,62
"2011","Preston 010","E02005262","Total",2682,1,18,200,505,542,494,378,293,251
"2011","Preston 011","E02005263","Total",2788,11,45,213,911,711,566,200,84,47
"2011","Preston 012","E02005264","Total",5005,31,105,508,1400,1346,1154,298,96,67
"2011","Preston 013","E02005265","Total",4706,16,78,543,781,1325,1108,465,215,175
"2011","Preston 014","E02005266","Total",3295,29,115,523,1072,867,464,132,51,42
"2011","Preston 015","E02005267","Total",2188,80,136,501,471,399,349,171,48,33
"2011","Preston 016","E02005268","Total",3529,15,77,268,731,1098,901,284,100,55
"2011","Preston 017","E02005269","Total",4808,127,468,1146,1213,711,605,267,117,154
"2011","Ribble Valley 001","E02005270","Total",2944,3,24,169,385,489,535,468,335,536
"2011","Ribble Valley 002","E02005271","Total",3266,28,29,191,540,783,729,420,303,243
"2011","Ribble Valley 003","E02005272","Total",3295,12,102,357,664,973,711,261,140,75
"2011","Ribble Valley 004","E02005273","Total",2381,2,26,103,351,528,491,349,238,293
"2011","Ribble Valley 005","E02005274","Total",2842,2,31,127,396,609,653,395,317,312
"2011","Ribble Valley 006","E02005275","Total",2291,25,62,116,388,618,476,261,146,199
"2011","Ribble Valley 007","E02005276","Total",3332,6,11,204,491,612,652,396,346,614
"2011","Ribble Valley 008","E02005277","Total",3694,4,20,134,375,679,797,635,494,556
"2011","Rossendale 001","E02005278","Total",3162,4,38,189,518,658,554,450,353,398
"2011","Rossendale 002","E02005279","Total",4263,11,84,461,1092,915,755,430,256,259
"2011","Rossendale 003","E02005280","Total",4281,6,61,303,1068,1090,824,444,240,245
"2011","Rossendale 004","E02005281","Total",3503,3,65,417,762,886,646,345,169,210
"2011","Rossendale 007","E02005284","Total",2405,1,23,161,441,565,525,312,199,178
"2011","Rossendale 008","E02005285","Total",2740,1,20,149,546,632,597,352,222,221
"2011","Rossendale 009","E02005286","Total",3292,5,40,295,895,864,546,309,192,146
"2011","Rossendale 010","E02006884","Total",5412,16,101,685,1446,1420,953,406,216,169
"2011","South Ribble 001","E02005287","Total",2158,2,22,37,119,366,731,409,252,220
"2011","South Ribble 002","E02005288","Total",2596,2,15,85,366,671,673,370,241,173
"2011","South Ribble 003","E02005289","Total",2615,4,20,76,292,518,606,506,306,287
"2011","South Ribble 004","E02005290","Total",2992,3,26,97,522,738,636,394,317,259
"2011","South Ribble 005","E02005291","Total",2418,14,22,110,321,675,720,276,155,125
"2011","South Ribble 006","E02005292","Total",2664,9,40,351,586,718,601,215,89,55
"2011","South Ribble 007","E02005293","Total",2521,3,28,239,579,771,591,196,80,34
"2011","South Ribble 008","E02005294","Total",2589,2,12,110,470,877,588,239,147,144
"2011","South Ribble 009","E02005295","Total",3125,3,31,145,476,985,812,313,216,144
"2011","South Ribble 010","E02005296","Total",2397,0,6,54,283,473,549,415,290,327
"2011","South Ribble 011","E02005297","Total",3481,5,15,110,437,795,737,525,414,443
"2011","South Ribble 012","E02005298","Total",2955,3,25,109,263,856,807,430,268,194
"2011","South Ribble 013","E02005299","Total",3076,7,40,168,627,975,707,299,171,82
"2011","South Ribble 014","E02005300","Total",2081,2,19,71,264,538,391,336,235,225
"2011","South Ribble 015","E02005301","Total",2787,3,26,307,409,767,743,266,149,117
"2011","South Ribble 016","E02005302","Total",2946,1,19,143,397,725,791,415,248,207
"2011","South Ribble 017","E02005303","Total",2701,7,35,327,469,897,571,207,121,67
"2011","West Lancashire 001","E02005304","Total",3493,4,22,157,339,702,810,568,463,428
"2011","West Lancashire 002","E02005305","Total",3157,2,23,213,500,676,634,430,312,367
"2011","West Lancashire 003","E02005306","Total",2971,1,14,165,379,582,676,474,336,344
"2011","West Lancashire 004","E02005307","Total",3729,4,23,265,505,993,837,494,333,275
"2011","West Lancashire 005","E02005308","Total",2766,1,9,81,232,555,583,443,367,495
"2011","West Lancashire 006","E02005309","Total",3459,1,13,77,440,825,1015,594,282,212
"2011","West Lancashire 007","E02005310","Total",3036,14,58,401,511,670,559,345,224,254
"2011","West Lancashire 008","E02005311","Total",2254,4,16,79,197,430,482,357,307,382
"2011","West Lancashire 009","E02005312","Total",2405,22,13,262,217,694,494,333,195,175
"2011","West Lancashire 010","E02005313","Total",3476,8,22,302,440,1640,701,223,90,50
"2011","West Lancashire 011","E02005314","Total",2834,5,20,239,596,1033,615,193,84,49
"2011","West Lancashire 012","E02005315","Total",3259,0,5,91,305,429,591,598,580,660
"2011","West Lancashire 013","E02005316","Total",2518,2,41,182,285,1023,493,266,145,81
"2011","West Lancashire 014","E02005317","Total",2939,5,36,284,409,1080,698,268,110,49
"2011","West Lancashire 015","E02005318","Total",3085,2,21,142,494,777,626,450,318,255
"2011","Wyre 001","E02005319","Total",3952,47,165,533,791,992,890,298,133,103
"2011","Wyre 002","E02005320","Total",2369,0,13,95,325,579,834,333,119,71
"2011","Wyre 003","E02005321","Total",2662,4,53,135,531,886,629,260,113,51
"2011","Wyre 004","E02005322","Total",4418,9,36,252,966,1182,928,466,287,292
"2011","Wyre 005","E02005323","Total",2873,6,19,227,394,1025,651,266,166,119
"2011","Wyre 006","E02005324","Total",2337,3,14,106,287,422,401,375,308,421
"2011","Wyre 007","E02005325","Total",4023,16,42,320,733,922,797,504,324,365
"2011","Wyre 008","E02005326","Total",3961,18,103,379,671,1039,1024,438,176,113
"2011","Wyre 009","E02005327","Total",2352,1,9,78,215,508,485,394,289,373
"2011","Wyre 010","E02005328","Total",3391,3,24,131,547,972,761,417,276,260
"2011","Wyre 011","E02005329","Total",3910,15,73,312,731,1174,932,388,160,125
"2011","Wyre 012","E02005330","Total",3840,2,12,104,550,969,935,630,358,280
"2011","Wyre 013","E02005331","Total",3578,10,68,273,709,896,722,380,261,259
"2011","Wyre 014","E02005332","Total",3615,6,10,52,444,959,1062,574,310,198
"2011","Knowsley 001","E02001327","Total",2883,1,20,144,420,1244,622,294,96,42
"2011","Knowsley 002","E02001328","Total",4090,7,55,236,592,1221,1105,465,280,129
"2011","Knowsley 003","E02001329","Total",3422,15,92,496,717,1002,590,342,112,56
"2011","Knowsley 004","E02001330","Total",3651,5,56,258,820,1407,695,296,73,41
"2011","Knowsley 005","E02001331","Total",4260,16,31,279,882,1343,971,412,190,136
"2011","Knowsley 006","E02001332","Total",3060,7,40,329,861,1108,366,243,72,34
"2011","Knowsley 007","E02001333","Total",3754,12,84,390,893,1211,711,253,122,78
"2011","Knowsley 008","E02001334","Total",2468,2,28,137,557,1313,340,44,24,23
"2011","Knowsley 009","E02001335","Total",3088,4,22,151,470,975,801,354,206,105
"2011","Knowsley 010","E02001336","Total",2963,5,38,295,448,1452,540,104,53,28
"2011","Knowsley 011","E02001337","Total",2403,2,9,154,200,819,771,232,145,71
"2011","Knowsley 012","E02001338","Total",2466,2,18,159,193,1177,691,140,52,34
"2011","Knowsley 013","E02001339","Total",2771,4,25,261,478,1205,518,147,89,44
"2011","Knowsley 014","E02001340","Total",3641,0,12,94,195,968,1585,510,191,86
"2011","Knowsley 015","E02001341","Total",3033,6,35,285,605,1209,578,184,66,65
"2011","Knowsley 016","E02001342","Total",2874,4,9,77,227,513,1053,530,286,175
"2011","Knowsley 017","E02001343","Total",2878,1,18,82,360,722,670,460,335,230
"2011","Knowsley 018","E02001344","Total",2231,7,20,299,329,629,393,288,164,102
"2011","Knowsley 019","E02001345","Total",2302,0,11,54,306,774,654,287,148,68
"2011","Knowsley 020","E02001346","Total",3085,10,55,311,490,986,629,410,128,66
"2011","Liverpool 001","E02001347","Total",3204,2,23,173,464,1292,743,266,174,67
"2011","Liverpool 002","E02001348","Total",3148,4,51,148,473,913,1054,315,114,76
"2011","Liverpool 003","E02001349","Total",3422,15,78,316,302,754,1218,403,198,138
"2011","Liverpool 004","E02001350","Total",3417,8,61,216,920,1053,667,275,156,61
"2011","Liverpool 005","E02001351","Total",3515,14,61,261,510,1370,926,211,112,50
"2011","Liverpool 006","E02001352","Total",3046,23,91,404,594,880,659,226,90,79
"2011","Liverpool 007","E02001353","Total",2959,0,11,70,528,898,628,387,263,174
"2011","Liverpool 008","E02001354","Total",3312,6,40,256,491,1550,746,132,61,30
"2011","Liverpool 009","E02001355","Total",3108,11,65,238,583,926,866,231,135,53
"2011","Liverpool 010","E02001356","Total",2364,3,28,149,279,1442,345,66,31,21
"2011","Liverpool 011","E02001357","Total",2858,2,5,84,138,1475,972,114,47,21
"2011","Liverpool 012","E02001358","Total",3450,12,52,246,1038,1232,696,108,43,23
"2011","Liverpool 013","E02001359","Total",2328,3,20,100,302,628,499,378,232,166
"2011","Liverpool 014","E02001360","Total",4130,31,173,566,956,1504,638,161,66,35
"2011","Liverpool 015","E02001361","Total",3388,6,43,287,489,1317,1002,176,50,18
"2011","Liverpool 016","E02001362","Total",3161,3,22,188,181,1043,1358,231,92,43
"2011","Liverpool 017","E02001363","Total",3481,9,61,383,606,1432,674,188,89,39
"2011","Liverpool 018","E02001364","Total",2532,7,55,336,703,663,469,199,58,42
"2011","Liverpool 019","E02001365","Total",4059,19,93,309,782,1294,1113,265,118,66
"2011","Liverpool 020","E02001366","Total",4081,32,117,455,609,1145,1087,328,176,132
"2011","Liverpool 021","E02001367","Total",3939,6,42,290,447,745,1188,633,375,213
"2011","Liverpool 022","E02001368","Total",2918,7,72,460,884,1043,286,94,41,31
"2011","Liverpool 023","E02001369","Total",3877,47,255,856,1068,1061,338,155,58,39
"2011","Liverpool 024","E02001370","Total",3153,44,110,548,1011,951,309,98,38,44
"2011","Liverpool 025","E02001371","Total",3076,6,23,185,441,1657,551,138,49,26
"2011","Liverpool 026","E02001372","Total",2728,20,74,317,419,772,675,255,130,66
"2011","Liverpool 027","E02001373","Total",4089,13,82,301,760,1173,1205,313,138,104
"2011","Liverpool 028","E02001374","Total",4105,105,295,952,821,709,600,287,161,175
"2011","Liverpool 029","E02001375","Total",3202,1,43,205,479,1063,1151,165,66,29
"2011","Liverpool 030","E02001376","Total",3789,24,120,364,985,1286,775,133,64,38
"2011","Liverpool 031","E02001377","Total",4063,125,271,814,936,916,583,217,125,76
"2011","Liverpool 032","E02001378","Total",3557,24,70,465,729,1020,759,269,122,99
"2011","Liverpool 034","E02001380","Total",3117,3,20,131,182,712,1232,485,236,116
"2011","Liverpool 035","E02001381","Total",4312,33,117,435,1382,1203,812,169,111,50
"2011","Liverpool 036","E02001382","Total",2782,3,3,41,91,680,1110,509,230,115
"2011","Liverpool 037","E02001383","Total",4260,206,504,1374,1035,562,269,88,112,110
"2011","Liverpool 038","E02001384","Total",3941,20,84,415,722,715,1030,492,311,152
"2011","Liverpool 039","E02001385","Total",3631,86,283,573,1169,797,375,180,94,74
"2011","Liverpool 040","E02001386","Total",3572,14,63,347,809,1240,710,278,81,30
"2011","Liverpool 041","E02001387","Total",3162,4,24,120,271,326,888,631,493,405
"2011","Liverpool 042","E02001388","Total",4170,301,249,328,508,624,1148,526,289,197
"2011","Liverpool 043","E02001389","Total",3740,105,457,1411,1006,325,201,51,46,138
"2011","Liverpool 044","E02001390","Total",4094,38,155,681,1105,1330,561,128,53,43
"2011","Liverpool 045","E02001391","Total",2481,4,16,126,391,1376,400,116,27,25
"2011","Liverpool 046","E02001392","Total",2556,0,18,70,343,636,647,406,254,182
"2011","Liverpool 047","E02001393","Total",2845,2,14,79,239,215,431,682,602,581
"2011","Liverpool 048","E02001394","Total",4290,63,201,1004,1032,679,569,257,187,298
"2011","Liverpool 049","E02001395","Total",2612,3,21,123,173,514,1081,412,179,106
"2011","Liverpool 050","E02001396","Total",3918,14,85,617,1100,1004,683,216,117,82
"2011","Liverpool 051","E02001397","Total",3848,11,111,667,795,812,766,327,207,152
"2011","Liverpool 052","E02001398","Total",3595,35,120,676,780,539,638,402,236,169
"2011","Liverpool 053","E02001399","Total",2866,1,15,84,142,313,1150,692,321,148
"2011","Liverpool 054","E02001400","Total",2839,5,22,273,219,621,1125,306,177,91
"2011","Liverpool 055","E02001401","Total",3395,3,22,285,289,875,1073,448,215,185
"2011","Liverpool 056","E02001402","Total",3762,7,62,376,554,450,854,597,416,446
"2011","Liverpool 057","E02001403","Total",2841,18,81,380,543,853,690,149,77,50
"2011","Liverpool 058","E02001404","Total",3155,5,35,286,504,1309,779,124,81,32
"2011","Liverpool 059","E02001405","Total",4154,10,66,446,911,1096,1291,208,76,50
"2011","Liverpool 060","E02006932","Total",3201,279,711,986,607,261,147,83,64,63
"2011","Liverpool 061","E02006933","Total",3135,106,437,878,1019,420,180,56,27,12
"2011","Liverpool 062","E02006934","Total",2782,71,469,1249,730,181,44,15,16,7
"2011","Sefton 001","E02001429","Total",3059,2,14,62,547,927,870,419,148,70
"2011","Sefton 002","E02001430","Total",3011,3,11,101,295,512,1014,653,279,143
"2011","Sefton 003","E02001431","Total",3639,13,114,729,961,395,496,362,254,315
"2011","Sefton 004","E02001432","Total",4486,192,502,1261,1213,499,324,180,126,189
"2011","Sefton 005","E02001433","Total",3140,5,17,142,475,975,880,362,193,91
"2011","Sefton 006","E02001434","Total",2868,10,24,177,289,656,794,430,277,211
"2011","Sefton 007","E02001435","Total",3411,37,130,366,688,648,616,376,285,265
"2011","Sefton 008","E02001436","Total",3558,5,30,184,440,960,943,490,266,240
"2011","Sefton 009","E02001437","Total",4309,24,127,379,930,575,497,456,441,880
"2011","Sefton 010","E02001438","Total",3065,7,11,95,331,652,970,510,278,211
"2011","Sefton 011","E02001439","Total",2733,2,31,277,325,565,882,362,194,95
"2011","Sefton 012","E02001440","Total",2600,0,9,29,130,457,642,545,445,343
"2011","Sefton 013","E02001441","Total",2688,3,4,48,122,358,585,610,456,502
"2011","Sefton 014","E02001442","Total",2609,2,25,182,407,417,597,405,274,300
"2011","Sefton 015","E02001443","Total",2279,0,3,55,122,270,529,549,387,364
"2011","Sefton 016","E02001444","Total",2397,0,5,40,212,646,766,395,180,153
"2011","Sefton 017","E02001445","Total",2942,0,13,132,293,697,902,496,263,146
"2011","Sefton 018","E02001446","Total",2855,2,14,124,303,713,860,510,217,112
"2011","Sefton 019","E02001447","Total",2555,2,7,146,305,588,777,361,205,164
"2011","Sefton 020","E02001448","Total",2789,2,22,143,177,597,984,493,258,113
"2011","Sefton 021","E02001449","Total",3865,2,19,226,324,741,1145,678,397,333
"2011","Sefton 022","E02001450","Total",3523,4,35,215,615,348,516,516,504,770
"2011","Sefton 023","E02001451","Total",2623,1,23,157,376,1163,679,146,43,35
"2011","Sefton 024","E02001452","Total",2871,3,48,332,625,1031,579,172,54,27
"2011","Sefton 025","E02001453","Total",3498,14,37,126,267,491,1350,745,282,186
"2011","Sefton 026","E02001454","Total",2912,0,14,102,215,749,935,514,240,143
"2011","Sefton 027","E02001455","Total",2913,1,16,72,255,895,1109,375,120,70
"2011","Sefton 028","E02001456","Total",3254,18,44,240,531,560,913,407,212,329
"2011","Sefton 029","E02001457","Total",2980,5,26,217,681,1107,666,203,50,25
"2011","Sefton 030","E02001458","Total",3211,16,65,307,304,404,957,541,368,249
"2011","Sefton 031","E02001459","Total",2928,6,20,117,314,962,1036,329,97,47
"2011","Sefton 032","E02001460","Total",3696,29,143,857,704,795,591,216,168,193
"2011","Sefton 033","E02001461","Total",2646,3,16,193,187,739,1106,282,79,41
"2011","Sefton 034","E02001462","Total",3406,15,71,419,750,1052,720,240,90,49
"2011","Sefton 035","E02001463","Total",2727,3,30,144,297,1246,685,180,83,59
"2011","Sefton 036","E02001464","Total",3102,1,45,256,565,1214,800,141,53,27
"2011","Sefton 037","E02001465","Total",3205,33,171,639,813,799,439,160,66,85
"2011","Sefton 038","E02001466","Total",3577,3,51,270,427,1177,1094,323,144,88
"2011","St. Helens 001","E02001406","Total",3445,2,14,106,401,937,891,527,308,259
"2011","St. Helens 002","E02001407","Total",2617,1,16,99,289,780,736,378,180,138
"2011","St. Helens 003","E02001408","Total",2368,2,14,62,255,618,700,371,206,140
"2011","St. Helens 004","E02001409","Total",4325,7,29,339,578,1349,1325,449,158,91
"2011","St. Helens 005","E02001410","Total",2498,2,15,139,354,1044,692,152,57,43
"2011","St. Helens 006","E02001411","Total",2520,0,36,180,393,855,610,252,136,58
"2011","St. Helens 007","E02001412","Total",3686,6,58,140,423,865,1192,528,246,228
"2011","St. Helens 008","E02001413","Total",4085,1,25,141,681,1548,1191,350,106,42
"2011","St. Helens 009","E02001414","Total",2253,0,4,42,161,330,720,510,275,211
"2011","St. Helens 010","E02001415","Total",2737,2,15,201,493,652,787,312,184,91
"2011","St. Helens 011","E02001416","Total",2540,6,36,171,659,970,518,115,40,25
"2011","St. Helens 012","E02001417","Total",3623,44,102,556,1074,1035,561,144,45,62
"2011","St. Helens 013","E02001418","Total",2487,12,37,299,600,786,513,148,66,26
"2011","St. Helens 014","E02001419","Total",3188,10,85,447,835,1106,534,96,38,37
"2011","St. Helens 015","E02001420","Total",4348,7,25,230,687,1452,1050,410,291,196
"2011","St. Helens 016","E02001421","Total",4658,8,41,241,896,1712,1143,338,152,127
"2011","St. Helens 017","E02001422","Total",2651,8,35,213,453,1093,599,161,56,33
"2011","St. Helens 018","E02001423","Total",2657,3,22,140,215,513,752,483,284,245
"2011","St. Helens 019","E02001424","Total",5700,12,59,454,1136,2003,1116,416,281,223
"2011","St. Helens 020","E02001425","Total",4523,3,36,237,757,1807,1156,354,123,50
"2011","St. Helens 021","E02001426","Total",2299,4,13,101,275,762,728,262,110,44
"2011","St. Helens 022","E02001427","Total",4276,2,39,321,600,1617,976,358,211,152
"2011","St. Helens 023","E02001428","Total",2252,2,7,45,203,443,695,411,241,205
"2011","Wirral 001","E02001467","Total",3732,15,89,633,819,547,569,452,348,260
"2011","Wirral 002","E02001468","Total",3346,9,75,328,561,623,641,455,312,342
"2011","Wirral 003","E02001469","Total",3465,5,63,289,493,485,979,510,310,331
"2011","Wirral 004","E02001470","Total",3456,0,20,137,224,358,1000,837,531,349
"2011","Wirral 005","E02001471","Total",3301,17,61,352,520,659,705,487,331,169
"2011","Wirral 006","E02001472","Total",2969,3,30,142,339,790,853,372,266,174
"2011","Wirral 007","E02001473","Total",3352,7,43,214,364,678,1170,539,245,92
"2011","Wirral 008","E02001474","Total",3248,16,130,401,457,960,807,254,134,89
"2011","Wirral 009","E02001475","Total",2777,1,27,301,567,1006,612,154,75,34
"2011","Wirral 010","E02001476","Total",3419,10,56,286,505,1194,1075,216,46,31
"2011","Wirral 011","E02001477","Total",3296,4,30,252,742,1473,500,162,70,63
"2011","Wirral 012","E02001478","Total",3507,4,33,228,503,946,1082,462,168,81
"2011","Wirral 013","E02001479","Total",2512,0,7,40,260,536,642,452,312,263
"2011","Wirral 014","E02001480","Total",3326,8,37,235,613,499,543,436,393,562
"2011","Wirral 015","E02001481","Total",3450,30,48,165,533,737,992,333,268,344
"2011","Wirral 016","E02001482","Total",4206,76,225,1126,914,858,576,201,140,90
"2011","Wirral 017","E02001483","Total",3202,1,9,66,430,870,1051,500,190,85
"2011","Wirral 018","E02001484","Total",3368,6,36,257,519,851,833,434,237,195
"2011","Wirral 019","E02001485","Total",2610,2,22,141,321,971,580,330,121,122
"2011","Wirral 020","E02001486","Total",4169,18,195,750,1186,518,422,331,290,459
"2011","Wirral 021","E02001487","Total",4321,25,111,483,994,1210,951,290,141,116
"2011","Wirral 022","E02001488","Total",3843,19,99,414,626,748,943,418,304,272
"2011","Wirral 023","E02001489","Total",3587,0,5,57,479,719,1065,672,359,231
"2011","Wirral 024","E02001490","Total",3451,2,13,59,192,1077,1149,566,243,150
"2011","Wirral 025","E02001491","Total",3101,8,55,381,621,999,722,222,63,30
"2011","Wirral 026","E02001492","Total",3539,10,44,330,675,634,754,384,286,422
"2011","Wirral 027","E02001493","Total",3727,31,108,529,811,1060,743,222,121,102
"2011","Wirral 028","E02001494","Total",2990,2,14,56,205,450,673,496,413,681
"2011","Wirral 029","E02001495","Total",3370,17,56,265,435,741,1074,434,239,109
"2011","Wirral 030","E02001496","Total",2470,4,16,116,294,411,555,427,288,359
"2011","Wirral 031","E02001497","Total",3663,14,48,408,713,1103,962,260,94,61
"2011","Wirral 032","E02001498","Total",3108,2,26,169,205,586,1086,547,297,190
"2011","Wirral 033","E02001499","Total",2941,1,10,69,475,619,827,518,266,156
"2011","Wirral 034","E02001500","Total",3234,0,26,64,336,698,1078,571,253,208
"2011","Wirral 035","E02001501","Total",3259,0,5,141,232,788,1172,523,272,126
"2011","Wirral 036","E02001502","Total",3665,8,29,305,681,1044,885,394,176,143
"2011","Wirral 037","E02001503","Total",3434,2,28,320,597,667,807,410,272,331
"2011","Wirral 038","E02001504","Total",3066,2,3,86,194,606,753,659,405,358
"2011","Wirral 039","E02001505","Total",2747,6,34,153,377,800,814,327,141,95
"2011","Wirral 040","E02001506","Total",3821,1,11,45,248,446,731,738,657,944
"2011","Wirral 041","E02001507","Total",3009,2,1,67,212,656,986,549,313,223
"2011","Wirral 042","E02001508","Total",3526,5,21,234,450,1184,999,409,145,79
"2011","East Riding of Yorkshire 001","E02002684","Total",4628,11,44,200,1173,1489,814,424,256,217
"2011","East Riding of Yorkshire 002","E02002685","Total",3739,7,30,161,713,1137,972,433,187,99
"2011","East Riding of Yorkshire 003","E02002686","Total",3571,10,91,568,998,1128,456,175,57,88
"2011","East Riding of Yorkshire 004","E02002687","Total",2759,26,139,441,569,469,506,273,158,178
"2011","East Riding of Yorkshire 005","E02002688","Total",2523,27,128,452,500,277,368,313,209,249
"2011","East Riding of Yorkshire 006","E02002689","Total",2511,1,11,67,350,547,538,409,271,317
"2011","East Riding of Yorkshire 008","E02002691","Total",3485,3,19,59,584,914,732,400,332,442
"2011","East Riding of Yorkshire 009","E02002692","Total",3384,5,32,84,459,703,622,549,427,503
"2011","East Riding of Yorkshire 010","E02002693","Total",2954,3,15,83,520,635,549,370,341,438
"2011","East Riding of Yorkshire 011","E02002694","Total",4737,20,70,248,903,1031,863,550,500,552
"2011","East Riding of Yorkshire 012","E02002695","Total",3626,5,74,256,662,770,808,443,315,293
"2011","East Riding of Yorkshire 013","E02002696","Total",2427,3,9,40,229,430,560,419,341,396
"2011","East Riding of Yorkshire 014","E02002697","Total",3232,4,12,94,415,664,697,487,434,425
"2011","East Riding of Yorkshire 015","E02002698","Total",3253,0,42,163,575,749,661,398,300,365
"2011","East Riding of Yorkshire 016","E02002699","Total",3977,3,33,65,375,970,877,646,485,523
"2011","East Riding of Yorkshire 017","E02002700","Total",2758,6,29,256,860,816,537,162,58,34
"2011","East Riding of Yorkshire 018","E02002701","Total",3456,4,18,93,326,619,702,475,470,749
"2011","East Riding of Yorkshire 019","E02002702","Total",4798,10,89,511,1226,1249,840,430,230,213
"2011","East Riding of Yorkshire 020","E02002703","Total",3663,2,26,141,442,741,758,587,492,474
"2011","East Riding of Yorkshire 021","E02002704","Total",3089,1,11,75,518,829,782,410,208,255
"2011","East Riding of Yorkshire 022","E02002705","Total",2765,11,16,82,383,668,659,443,263,240
"2011","East Riding of Yorkshire 023","E02002706","Total",3010,3,17,176,408,848,748,385,216,209
"2011","East Riding of Yorkshire 024","E02002707","Total",2881,5,6,56,329,503,574,463,407,538
"2011","East Riding of Yorkshire 025","E02002708","Total",2886,3,33,338,700,617,550,304,180,161
"2011","East Riding of Yorkshire 026","E02002709","Total",3203,3,12,177,494,882,629,388,270,348
"2011","East Riding of Yorkshire 027","E02002710","Total",3106,3,17,124,508,802,840,474,211,127
"2011","East Riding of Yorkshire 028","E02002711","Total",3172,0,9,44,341,628,691,535,459,465
"2011","East Riding of Yorkshire 029","E02002712","Total",3257,5,24,126,733,987,690,337,206,149
"2011","East Riding of Yorkshire 031","E02002714","Total",3264,3,21,62,495,773,732,488,346,344
"2011","East Riding of Yorkshire 032","E02002715","Total",5106,2,73,230,590,1078,1096,753,577,707
"2011","East Riding of Yorkshire 033","E02002716","Total",3604,1,12,117,727,1060,790,392,269,236
"2011","East Riding of Yorkshire 034","E02002717","Total",3460,8,68,353,865,990,674,273,137,92
"2011","East Riding of Yorkshire 035","E02002718","Total",3283,0,8,100,298,555,700,486,399,737
"2011","East Riding of Yorkshire 036","E02002719","Total",2363,3,19,84,270,440,575,354,267,351
"2011","East Riding of Yorkshire 037","E02002720","Total",2900,2,30,84,385,700,669,442,295,293
"2011","East Riding of Yorkshire 038","E02002721","Total",2739,1,29,217,440,618,510,335,273,316
"2011","East Riding of Yorkshire 039","E02002722","Total",3766,8,52,303,766,903,798,435,261,240
"2011","East Riding of Yorkshire 040","E02002723","Total",3559,6,48,230,669,1030,868,324,210,174
"2011","East Riding of Yorkshire 041","E02002724","Total",3811,21,104,337,938,1101,822,302,120,66
"2011","East Riding of Yorkshire 042","E02002725","Total",2740,2,20,162,336,720,587,365,276,272
"2011","East Riding of Yorkshire 043","E02006814","Total",3517,7,26,160,598,1322,969,296,91,48
"2011","East Riding of Yorkshire 044","E02006891","Total",3114,1,12,144,438,751,611,418,373,366
"2011","East Riding of Yorkshire 045","E02006892","Total",2956,2,77,299,786,740,543,218,140,151
"2011","Kingston upon Hull 001","E02002652","Total",4196,7,65,225,689,1646,757,364,244,199
"2011","Kingston upon Hull 002","E02002653","Total",3431,8,60,381,881,1371,399,232,65,34
"2011","Kingston upon Hull 003","E02002654","Total",3123,11,32,316,775,1052,624,220,68,25
"2011","Kingston upon Hull 004","E02002655","Total",3594,10,52,418,661,1382,635,276,118,42
"2011","Kingston upon Hull 005","E02002656","Total",2562,9,39,126,722,828,558,189,66,25
"2011","Kingston upon Hull 006","E02002657","Total",3106,3,9,153,583,1499,586,183,65,25
"2011","Kingston upon Hull 007","E02002658","Total",2992,3,41,216,637,893,660,284,156,102
"2011","Kingston upon Hull 008","E02002659","Total",4665,9,79,421,1500,1768,655,152,54,27
"2011","Kingston upon Hull 009","E02002660","Total",3154,11,23,353,885,1064,556,169,55,38
"2011","Kingston upon Hull 010","E02002661","Total",3373,5,38,279,863,1149,621,228,117,73
"2011","Kingston upon Hull 011","E02002662","Total",3355,6,53,503,805,1034,537,242,114,61
"2011","Kingston upon Hull 012","E02002663","Total",2457,67,114,131,248,560,671,338,174,154
"2011","Kingston upon Hull 013","E02002664","Total",3007,0,5,34,508,1010,916,343,121,70
"2011","Kingston upon Hull 014","E02002665","Total",3384,21,52,192,279,1020,1139,401,164,116
"2011","Kingston upon Hull 015","E02002666","Total",3653,52,192,673,918,764,559,243,131,121
"2011","Kingston upon Hull 016","E02002667","Total",3295,11,47,122,1148,1108,573,184,71,31
"2011","Kingston upon Hull 017","E02002668","Total",3928,3,56,339,1752,1011,591,118,38,20
"2011","Kingston upon Hull 018","E02002669","Total",3699,36,200,486,924,609,549,313,269,313
"2011","Kingston upon Hull 019","E02002670","Total",3688,6,52,399,1143,1101,686,186,81,34
"2011","Kingston upon Hull 020","E02002671","Total",3246,9,34,124,742,1059,849,276,106,47
"2011","Kingston upon Hull 021","E02002672","Total",3003,4,35,306,865,1219,374,129,54,17
"2011","Kingston upon Hull 022","E02002673","Total",3431,8,64,174,1114,1158,666,163,49,35
"2011","Kingston upon Hull 023","E02002674","Total",3251,3,27,172,1373,1085,446,100,31,14
"2011","Kingston upon Hull 024","E02002675","Total",4105,68,233,1087,1044,1024,335,170,84,60
"2011","Kingston upon Hull 025","E02002676","Total",3523,13,74,301,1055,1056,595,208,130,91
"2011","Kingston upon Hull 026","E02002677","Total",4273,22,76,689,1533,1062,495,210,120,66
"2011","Kingston upon Hull 027","E02002678","Total",3349,34,111,215,1009,988,686,200,88,18
"2011","Kingston upon Hull 028","E02002679","Total",3227,4,80,334,495,905,873,305,151,80
"2011","Kingston upon Hull 029","E02002680","Total",5316,111,694,1837,1704,667,163,73,37,30
"2011","Kingston upon Hull 030","E02002681","Total",3905,65,230,737,1052,1016,417,216,108,64
"2011","Kingston upon Hull 031","E02002682","Total",3514,8,56,339,1076,1233,620,126,38,18
"2011","Kingston upon Hull 033","E02006813","Total",3791,8,50,493,1011,1280,615,185,91,58
"2011","North East Lincolnshire 001","E02002726","Total",4427,10,52,231,598,1660,1117,450,203,106
"2011","North East Lincolnshire 002","E02002727","Total",3297,68,155,897,817,732,468,77,51,32
"2011","North East Lincolnshire 003","E02002728","Total",3681,23,111,450,696,1242,899,178,55,27
"2011","North East Lincolnshire 004","E02002729","Total",2578,8,26,272,340,840,478,296,182,136
"2011","North East Lincolnshire 005","E02002730","Total",3203,26,51,268,415,1078,960,261,97,47
"2011","North East Lincolnshire 006","E02002731","Total",2497,4,27,164,353,776,856,245,53,19
"2011","North East Lincolnshire 007","E02002732","Total",3093,1,14,97,346,699,626,565,414,331
"2011","North East Lincolnshire 008","E02002733","Total",2802,6,73,280,426,703,904,263,81,66
"2011","North East Lincolnshire 009","E02002734","Total",2233,7,20,136,266,861,672,180,64,27
"2011","North East Lincolnshire 010","E02002735","Total",2281,6,28,137,293,618,822,257,79,41
"2011","North East Lincolnshire 011","E02002736","Total",2451,10,79,241,275,624,796,258,121,47
"2011","North East Lincolnshire 012","E02002737","Total",3098,8,7,100,378,866,1145,396,136,62
"2011","North East Lincolnshire 013","E02002738","Total",3024,8,43,93,455,1027,845,343,149,61
"2011","North East Lincolnshire 014","E02002739","Total",2876,3,46,337,545,751,805,245,92,52
"2011","North East Lincolnshire 015","E02002740","Total",2438,4,32,229,305,921,730,151,41,25
"2011","North East Lincolnshire 016","E02002741","Total",3693,7,36,163,326,625,1199,642,377,318
"2011","North East Lincolnshire 017","E02002742","Total",2494,5,36,169,325,522,685,367,265,120
"2011","North East Lincolnshire 018","E02002743","Total",2665,4,21,320,468,744,723,228,102,55
"2011","North East Lincolnshire 019","E02002744","Total",2837,4,47,258,451,899,871,209,57,41
"2011","North East Lincolnshire 020","E02002745","Total",3406,5,25,121,464,1075,722,433,325,236
"2011","North East Lincolnshire 021","E02002746","Total",3779,3,22,305,415,1058,933,528,313,202
"2011","North East Lincolnshire 022","E02002747","Total",3409,1,14,99,377,911,806,527,384,290
"2011","North East Lincolnshire 023","E02002748","Total",3445,2,22,159,372,822,771,476,375,446
"2011","North Lincolnshire 001","E02002749","Total",4816,13,46,278,863,1322,1048,535,395,316
"2011","North Lincolnshire 002","E02002750","Total",2636,3,11,89,359,558,546,365,366,339
"2011","North Lincolnshire 003","E02002751","Total",2667,3,6,57,376,800,652,345,193,235
"2011","North Lincolnshire 004","E02002752","Total",2935,3,21,86,420,754,676,389,254,332
"2011","North Lincolnshire 005","E02002753","Total",3956,3,40,300,855,999,794,437,260,268
"2011","North Lincolnshire 006","E02002754","Total",3465,6,13,209,516,904,697,432,342,346
"2011","North Lincolnshire 007","E02002755","Total",2907,16,40,359,448,790,784,261,121,88
"2011","North Lincolnshire 008","E02002756","Total",3277,19,97,464,382,959,973,227,109,47
"2011","North Lincolnshire 009","E02002757","Total",2518,1,19,84,185,841,988,263,90,47
"2011","North Lincolnshire 010","E02002758","Total",2715,8,28,296,345,732,947,254,67,38
"2011","North Lincolnshire 011","E02002759","Total",4151,9,42,283,644,909,855,490,410,509
"2011","North Lincolnshire 012","E02002760","Total",2493,17,26,165,273,591,782,353,174,112
"2011","North Lincolnshire 013","E02002761","Total",2834,2,12,108,363,789,768,330,217,245
"2011","North Lincolnshire 014","E02002762","Total",2879,5,29,290,497,776,841,271,107,63
"2011","North Lincolnshire 015","E02002763","Total",3164,7,36,307,655,974,814,245,77,49
"2011","North Lincolnshire 016","E02002764","Total",2289,7,13,158,276,653,857,194,80,51
"2011","North Lincolnshire 017","E02002765","Total",2711,4,36,197,368,791,966,245,73,31
"2011","North Lincolnshire 018","E02002766","Total",3804,4,21,124,443,1265,1141,437,226,143
"2011","North Lincolnshire 019","E02002767","Total",2967,1,15,79,389,962,821,357,214,129
"2011","North Lincolnshire 020","E02002768","Total",3095,2,19,129,465,632,511,432,387,518
"2011","North Lincolnshire 021","E02002769","Total",2539,3,22,85,358,594,503,396,309,269
"2011","North Lincolnshire 022","E02002770","Total",2899,1,18,109,417,689,634,386,282,363
"2011","North Lincolnshire 023","E02002771","Total",2967,2,17,105,334,612,560,431,390,516
"2011","York 001","E02002772","Total",2673,6,21,81,343,606,499,392,334,391
"2011","York 002","E02002773","Total",2624,0,17,142,472,707,555,363,216,152
"2011","York 003","E02002774","Total",2646,0,13,72,484,542,528,478,343,186
"2011","York 004","E02002775","Total",2565,1,20,224,582,750,465,260,132,131
"2011","York 005","E02002776","Total",2864,0,23,205,634,919,634,245,137,67
"2011","York 006","E02002777","Total",3451,4,26,180,791,875,660,440,272,203
"2011","York 007","E02002778","Total",3619,23,77,264,654,781,817,443,310,250
"2011","York 008","E02002779","Total",4177,6,54,266,619,926,1077,553,387,289
"2011","York 009","E02002780","Total",3493,13,93,452,742,1193,626,231,88,55
"2011","York 010","E02002781","Total",4161,43,170,703,1088,1073,608,243,123,110
"2011","York 011","E02002782","Total",2491,1,6,49,276,444,476,441,358,440
"2011","York 012","E02002783","Total",4152,29,32,148,675,1156,1220,529,240,123
"2011","York 013","E02002784","Total",5511,156,661,1672,1510,646,375,206,139,146
"2011","York 014","E02002785","Total",2762,2,16,81,467,734,732,384,193,153
"2011","York 015","E02002786","Total",3996,18,111,506,919,1078,807,259,178,120
"2011","York 016","E02002787","Total",4276,41,81,575,1102,1118,742,347,165,105
"2011","York 017","E02002788","Total",4053,39,153,456,1008,994,690,322,221,170
"2011","York 018","E02002789","Total",3830,10,45,592,878,1211,682,253,108,51
"2011","York 019","E02002790","Total",4743,54,203,705,1063,1105,889,346,201,177
"2011","York 020","E02002791","Total",2627,1,13,62,348,490,493,448,356,416
"2011","York 021","E02002792","Total",3130,7,28,138,654,821,640,427,237,178
"2011","York 022","E02002793","Total",4072,5,32,269,907,1113,770,509,297,170
"2011","York 023","E02002794","Total",2173,11,57,156,359,374,395,312,237,272
"2011","York 024","E02002795","Total",3463,1,11,99,623,709,613,590,405,412
"2011","Craven 001","E02005742","Total",3314,8,35,155,558,712,699,460,325,362
"2011","Craven 002","E02005743","Total",2290,5,45,109,321,423,468,333,243,343
"2011","Craven 003","E02005744","Total",3421,7,61,172,607,760,730,454,325,305
"2011","Craven 004","E02005745","Total",2154,2,25,93,248,360,439,353,264,370
"2011","Craven 005","E02005746","Total",2987,8,68,276,579,903,666,305,108,74
"2011","Craven 006","E02005747","Total",3042,16,91,272,795,998,576,176,64,54
"2011","Craven 007","E02005748","Total",3215,6,33,193,616,733,649,378,261,346
"2011","Craven 008","E02005749","Total",4160,16,75,321,870,1045,825,446,282,280
"2011","Hambleton 001","E02005750","Total",3574,2,32,306,604,742,628,470,319,471
"2011","Hambleton 002","E02005751","Total",3811,2,18,123,389,593,641,579,564,902
"2011","Hambleton 003","E02005752","Total",2958,7,28,205,412,463,505,405,389,544
"2011","Hambleton 004","E02005753","Total",5775,13,88,565,1160,1459,1348,577,310,255
"2011","Hambleton 005","E02005754","Total",3170,1,13,74,333,653,720,519,396,461
"2011","Hambleton 006","E02005755","Total",2765,1,18,223,459,597,547,339,282,299
"2011","Hambleton 007","E02005756","Total",2575,1,7,45,276,469,609,407,306,455
"2011","Hambleton 008","E02005757","Total",3772,10,66,294,708,783,694,452,318,447
"2011","Hambleton 009","E02005758","Total",3410,4,43,176,615,830,620,371,296,455
"2011","Hambleton 010","E02005759","Total",3797,2,51,230,654,664,635,487,417,657
"2011","Hambleton 011","E02005760","Total",2510,3,14,50,351,393,531,330,307,531
"2011","Harrogate 001","E02005761","Total",2336,1,32,103,311,411,408,344,288,438
"2011","Harrogate 002","E02005762","Total",2410,4,75,242,414,428,428,318,235,266
"2011","Harrogate 003","E02005763","Total",2576,1,11,71,425,478,513,345,307,425
"2011","Harrogate 004","E02005764","Total",4549,35,100,432,998,1282,850,423,243,186
"2011","Harrogate 005","E02005765","Total",2635,6,40,175,443,471,469,362,321,348
"2011","Harrogate 006","E02005766","Total",2645,2,15,105,411,458,502,408,331,413
"2011","Harrogate 007","E02005767","Total",2749,2,11,86,266,453,512,436,401,582
"2011","Harrogate 008","E02005768","Total",2357,0,6,52,313,451,471,388,333,343
"2011","Harrogate 009","E02005769","Total",3173,8,79,362,725,848,605,271,155,120
"2011","Harrogate 010","E02005770","Total",4092,1,28,145,745,1309,1207,398,166,93
"2011","Harrogate 011","E02005771","Total",3336,3,34,386,918,1021,495,265,145,69
"2011","Harrogate 012","E02005772","Total",2481,7,13,76,229,435,560,505,340,316
"2011","Harrogate 013","E02005773","Total",4101,32,98,855,925,1072,646,260,122,91
"2011","Harrogate 014","E02005774","Total",3945,4,33,306,844,1189,929,403,144,93
"2011","Harrogate 015","E02005775","Total",4497,154,352,1044,1091,520,368,293,222,453
"2011","Harrogate 016","E02005776","Total",3185,13,29,77,350,592,553,430,414,727
"2011","Harrogate 017","E02005777","Total",3429,0,18,97,373,696,929,593,376,347
"2011","Harrogate 018","E02005778","Total",2466,4,12,69,238,385,414,434,350,560
"2011","Harrogate 019","E02005779","Total",3548,14,95,418,923,563,375,374,346,440
"2011","Harrogate 020","E02005780","Total",4362,1,21,168,544,682,863,683,580,820
"2011","Harrogate 021","E02005781","Total",2297,1,4,77,182,278,370,356,369,660
"2011","Richmondshire 001","E02005782","Total",3325,4,14,126,440,593,606,472,401,669
"2011","Richmondshire 002","E02005783","Total",3775,10,100,348,692,842,743,429,300,311
"2011","Richmondshire 003","E02005784","Total",2382,37,47,83,465,584,469,298,197,202
"2011","Richmondshire 004","E02005785","Total",4183,13,68,168,825,1257,999,510,196,147
"2011","Richmondshire 005","E02005786","Total",2822,7,38,138,430,544,560,429,298,378
"2011","Richmondshire 006","E02005787","Total",3720,6,53,156,612,842,779,485,355,432
"2011","Ryedale 001","E02005788","Total",2846,2,32,133,475,618,524,408,271,383
"2011","Ryedale 002","E02005789","Total",4593,5,49,236,858,1100,917,628,391,409
"2011","Ryedale 003","E02005790","Total",2788,6,26,113,390,539,559,402,304,449
"2011","Ryedale 004","E02005791","Total",2792,2,11,72,465,672,615,382,247,326
"2011","Ryedale 007","E02005794","Total",4076,3,19,97,614,766,794,586,482,715
"2011","Ryedale 008","E02006870","Total",5429,27,122,493,1150,1373,1036,557,337,334
"2011","Scarborough 001","E02005795","Total",3382,20,155,522,756,733,553,284,175,184
"2011","Scarborough 002","E02005796","Total",3007,4,25,151,488,636,559,410,309,425
"2011","Scarborough 003","E02005797","Total",2715,4,58,226,602,755,524,286,143,117
"2011","Scarborough 004","E02005798","Total",3802,7,35,179,508,824,842,552,379,476
"2011","Scarborough 005","E02005799","Total",3950,3,15,171,531,940,1126,566,321,277
"2011","Scarborough 006","E02005800","Total",3924,51,341,865,812,724,565,274,141,151
"2011","Scarborough 007","E02005801","Total",2364,8,26,261,388,841,495,197,73,75
"2011","Scarborough 008","E02005802","Total",3468,18,77,300,597,869,817,420,221,149
"2011","Scarborough 009","E02005803","Total",4161,35,99,386,1041,986,699,425,259,231
"2011","Scarborough 010","E02005804","Total",4433,74,390,1088,1626,499,272,150,130,204
"2011","Scarborough 011","E02005805","Total",3182,1,13,136,792,953,653,321,186,127
"2011","Scarborough 012","E02005806","Total",2926,6,18,223,547,1104,578,251,118,81
"2011","Scarborough 013","E02005807","Total",2687,3,10,53,396,675,590,398,274,288
"2011","Scarborough 014","E02005808","Total",5434,3,71,331,1314,1574,1013,562,308,258
"2011","Selby 001","E02005809","Total",3184,9,63,273,597,716,671,398,237,220
"2011","Selby 002","E02005810","Total",3526,2,45,137,398,627,619,528,483,687
"2011","Selby 003","E02005811","Total",3560,3,21,69,483,903,705,500,383,493
"2011","Selby 004","E02005812","Total",3734,3,31,197,670,1057,726,450,323,277
"2011","Selby 005","E02005813","Total",4809,22,157,629,1198,1481,841,252,140,89
"2011","Selby 006","E02005814","Total",2705,10,24,162,394,764,668,335,188,160
"2011","Selby 007","E02005815","Total",3339,4,7,61,474,773,766,559,341,354
"2011","Selby 008","E02005816","Total",3370,3,27,90,489,798,682,493,393,395
"2011","Selby 009","E02005817","Total",3029,2,24,110,494,767,540,380,337,375
"2011","Selby 010","E02005818","Total",3303,3,17,80,349,833,647,484,399,491
"2011","Barnsley 001","E02001509","Total",2696,5,25,179,508,800,530,345,192,112
"2011","Barnsley 002","E02001510","Total",2537,3,12,125,574,830,598,204,110,81
"2011","Barnsley 003","E02001511","Total",2673,2,15,104,606,861,613,273,123,76
"2011","Barnsley 004","E02001512","Total",3358,4,21,215,864,978,679,309,172,116
"2011","Barnsley 005","E02001513","Total",3325,3,23,151,517,1032,806,359,270,164
"2011","Barnsley 006","E02001514","Total",2999,1,26,158,641,1131,639,244,103,56
"2011","Barnsley 007","E02001515","Total",3918,4,27,314,1020,1487,819,157,61,29
"2011","Barnsley 008","E02001516","Total",2518,1,30,101,522,923,655,180,68,38
"2011","Barnsley 009","E02001517","Total",3448,5,35,361,640,1165,723,324,135,60
"2011","Barnsley 010","E02001518","Total",4376,14,89,378,780,1321,1020,422,198,154
"2011","Barnsley 011","E02001519","Total",2749,2,16,125,569,1179,551,175,78,54
"2011","Barnsley 012","E02001520","Total",4764,6,41,338,903,1309,1061,616,317,173
"2011","Barnsley 013","E02001521","Total",5349,55,183,506,1741,1497,821,282,139,125
"2011","Barnsley 014","E02001522","Total",3750,1,43,267,723,1474,857,236,96,53
"2011","Barnsley 015","E02001523","Total",3043,27,24,216,770,1115,537,216,88,50
"2011","Barnsley 016","E02001524","Total",2566,1,7,74,355,548,485,402,330,364
"2011","Barnsley 017","E02001525","Total",2955,17,87,541,964,796,362,107,40,41
"2011","Barnsley 018","E02001526","Total",2487,6,32,198,631,1074,392,83,42,29
"2011","Barnsley 019","E02001527","Total",2573,2,19,243,467,746,563,266,163,104
"2011","Barnsley 020","E02001528","Total",4424,8,35,230,838,1569,1095,367,171,111
"2011","Barnsley 021","E02001529","Total",4180,9,65,358,939,1400,893,328,124,64
"2011","Barnsley 022","E02001530","Total",2748,2,38,140,745,928,505,191,137,62
"2011","Barnsley 023","E02001531","Total",2954,23,48,162,953,967,541,158,68,34
"2011","Barnsley 024","E02001532","Total",4067,3,18,209,703,1173,978,454,293,236
"2011","Barnsley 025","E02001533","Total",3125,1,49,166,641,1178,749,214,79,48
"2011","Barnsley 026","E02001534","Total",3800,5,28,258,698,1374,850,329,166,92
"2011","Barnsley 027","E02001535","Total",2595,2,13,57,433,530,526,366,326,342
"2011","Barnsley 028","E02001536","Total",3807,6,31,241,931,1157,712,346,227,156
"2011","Barnsley 029","E02001537","Total",3525,2,34,217,798,1173,705,309,167,120
"2011","Barnsley 030","E02001538","Total",3425,5,33,189,654,1340,767,229,129,79
"2011","Doncaster 001","E02001539","Total",2400,9,12,104,264,1075,639,176,59,62
"2011","Doncaster 002","E02001540","Total",4810,13,35,296,839,1626,999,385,286,331
"2011","Doncaster 003","E02001541","Total",4876,10,44,239,921,1853,1096,387,187,139
"2011","Doncaster 004","E02001542","Total",3071,8,33,259,458,963,782,273,151,144
"2011","Doncaster 005","E02001543","Total",3622,7,36,249,650,1369,815,283,131,82
"2011","Doncaster 006","E02001544","Total",3526,2,25,124,527,1322,967,344,140,75
"2011","Doncaster 007","E02001545","Total",3726,5,21,132,556,1084,963,497,288,180
"2011","Doncaster 008","E02001546","Total",2805,0,15,77,345,874,713,370,206,205
"2011","Doncaster 009","E02001547","Total",4223,7,58,251,296,1600,1392,374,155,90
"2011","Doncaster 010","E02001548","Total",3397,7,68,402,635,1109,833,222,81,40
"2011","Doncaster 011","E02001549","Total",2521,2,19,164,343,769,663,275,192,94
"2011","Doncaster 012","E02001550","Total",3149,1,32,240,488,1042,929,263,109,45
"2011","Doncaster 013","E02001551","Total",2656,4,30,204,465,818,809,190,82,54
"2011","Doncaster 014","E02001552","Total",3151,2,19,252,559,1079,810,247,114,69
"2011","Doncaster 015","E02001553","Total",4193,11,38,255,538,1263,1501,405,133,49
"2011","Doncaster 016","E02001554","Total",2625,0,12,81,350,873,805,291,116,97
"2011","Doncaster 017","E02001555","Total",2463,0,15,79,539,844,555,237,128,66
"2011","Doncaster 018","E02001556","Total",3764,11,32,250,490,1392,1077,337,122,53
"2011","Doncaster 019","E02001557","Total",3965,89,153,373,437,735,1156,512,264,246
"2011","Doncaster 020","E02001558","Total",2715,5,7,172,362,704,647,347,225,246
"2011","Doncaster 021","E02001559","Total",3165,3,13,71,342,846,856,456,286,292
"2011","Doncaster 022","E02001560","Total",4318,46,160,465,828,1681,791,185,106,56
"2011","Doncaster 023","E02001561","Total",2953,24,59,364,705,975,556,152,75,43
"2011","Doncaster 024","E02001562","Total",2634,4,21,326,546,668,632,245,129,63
"2011","Doncaster 025","E02001563","Total",3254,1,11,156,499,633,740,474,375,365
"2011","Doncaster 026","E02001564","Total",3146,2,8,68,341,788,728,465,360,386
"2011","Doncaster 027","E02001565","Total",2860,1,24,111,453,438,465,429,456,483
"2011","Doncaster 028","E02001566","Total",3330,28,101,307,592,959,689,408,178,68
"2011","Doncaster 029","E02001567","Total",3786,9,34,294,519,1473,960,330,99,68
"2011","Doncaster 030","E02001568","Total",2623,1,28,258,560,950,505,218,63,40
"2011","Doncaster 031","E02001569","Total",3926,7,41,309,1094,1131,874,319,104,47
"2011","Doncaster 032","E02001570","Total",3114,15,52,413,654,1096,511,225,81,67
"2011","Doncaster 033","E02001571","Total",2620,6,8,91,356,772,726,326,205,130
"2011","Doncaster 034","E02001572","Total",2997,6,40,196,539,1131,779,189,76,41
"2011","Doncaster 035","E02001573","Total",3126,2,18,135,350,1250,970,273,85,43
"2011","Doncaster 036","E02001574","Total",2596,0,5,43,333,830,671,354,229,131
"2011","Doncaster 037","E02001575","Total",2941,5,26,231,365,1054,816,313,84,47
"2011","Doncaster 038","E02001576","Total",2459,6,19,139,444,629,431,274,228,289
"2011","Doncaster 039","E02001577","Total",2981,2,14,155,477,702,620,411,291,309
"2011","Rotherham 001","E02001578","Total",3946,10,31,333,676,1215,975,351,216,139
"2011","Rotherham 002","E02001579","Total",3919,3,40,246,641,1215,1100,371,186,117
"2011","Rotherham 003","E02001580","Total",3681,7,22,271,662,1150,1021,324,146,78
"2011","Rotherham 004","E02001581","Total",2466,1,11,79,461,910,634,229,88,53
"2011","Rotherham 005","E02001582","Total",3044,4,23,268,357,897,949,338,151,57
"2011","Rotherham 006","E02001583","Total",2423,1,16,119,401,954,692,155,57,28
"2011","Rotherham 007","E02001584","Total",2994,2,17,92,480,738,737,481,278,169
"2011","Rotherham 008","E02001585","Total",2772,22,58,466,593,813,508,193,82,37
"2011","Rotherham 009","E02001586","Total",3992,13,58,633,1078,1243,637,190,82,58
"2011","Rotherham 010","E02001587","Total",2558,5,31,231,658,843,520,137,76,57
"2011","Rotherham 011","E02001588","Total",3022,4,19,335,572,1265,653,119,37,18
"2011","Rotherham 012","E02001589","Total",3448,13,33,174,608,1016,734,415,235,220
"2011","Rotherham 013","E02001590","Total",2913,5,41,280,625,1252,524,117,47,22
"2011","Rotherham 014","E02001591","Total",3267,15,104,390,660,1087,716,182,64,49
"2011","Rotherham 015","E02001592","Total",3766,4,26,245,679,1250,1058,311,127,66
"2011","Rotherham 016","E02001593","Total",2853,14,66,299,973,865,370,125,86,55
"2011","Rotherham 017","E02001594","Total",2833,60,192,511,679,689,357,162,99,84
"2011","Rotherham 018","E02001595","Total",3577,2,23,151,479,1042,933,516,287,144
"2011","Rotherham 019","E02001596","Total",3687,2,37,200,695,1317,824,351,178,83
"2011","Rotherham 020","E02001597","Total",4060,4,60,287,823,1501,909,303,97,76
"2011","Rotherham 021","E02001598","Total",4068,3,21,303,701,1076,1152,470,216,126
"2011","Rotherham 022","E02001599","Total",2627,0,25,143,439,549,572,383,245,271
"2011","Rotherham 023","E02001600","Total",4126,30,76,255,514,684,1162,630,399,376
"2011","Rotherham 024","E02001601","Total",2188,1,9,152,373,636,569,249,120,79
"2011","Rotherham 025","E02001602","Total",3745,1,20,235,615,1334,1069,305,120,46
"2011","Rotherham 026","E02001603","Total",2794,6,12,175,480,844,727,293,151,106
"2011","Rotherham 027","E02001604","Total",3455,2,11,225,639,1231,712,325,169,141
"2011","Rotherham 028","E02001605","Total",3079,4,16,186,511,799,676,452,267,168
"2011","Rotherham 029","E02001606","Total",3306,1,31,160,454,1159,848,357,183,113
"2011","Rotherham 030","E02001607","Total",3755,4,17,204,566,1403,966,342,162,91
"2011","Rotherham 031","E02001608","Total",2818,2,12,77,437,934,703,314,196,143
"2011","Rotherham 032","E02001609","Total",3578,0,10,124,448,1096,897,486,273,244
"2011","Rotherham 033","E02001610","Total",3533,2,24,146,549,1067,762,427,295,261
"2011","Sheffield 001","E02001611","Total",3356,6,39,370,601,1157,687,276,132,88
"2011","Sheffield 002","E02001612","Total",2539,7,24,178,402,782,614,301,141,90
"2011","Sheffield 003","E02001613","Total",4522,12,40,303,832,1646,933,432,216,108
"2011","Sheffield 004","E02001614","Total",4728,5,25,185,839,1433,1159,525,344,213
"2011","Sheffield 005","E02001615","Total",3289,1,9,111,501,961,860,455,256,135
"2011","Sheffield 006","E02001616","Total",3116,5,49,355,602,1150,604,200,98,53
"2011","Sheffield 007","E02001617","Total",2287,5,16,85,678,1217,219,42,12,13
"2011","Sheffield 008","E02001618","Total",4057,1,56,251,717,979,798,499,370,386
"2011","Sheffield 009","E02001619","Total",3996,6,43,369,1098,1620,627,134,55,44
"2011","Sheffield 010","E02001620","Total",2773,10,41,159,1057,1069,317,69,23,28
"2011","Sheffield 011","E02001621","Total",2305,3,34,279,812,699,355,75,34,14
"2011","Sheffield 012","E02001622","Total",4004,17,103,517,1413,1226,531,119,48,30
"2011","Sheffield 013","E02001623","Total",3301,9,69,561,828,1180,465,105,55,29
"2011","Sheffield 014","E02001624","Total",4020,8,71,424,759,1637,797,215,71,38
"2011","Sheffield 015","E02001625","Total",3179,7,34,172,1227,1297,318,74,24,26
"2011","Sheffield 016","E02001626","Total",2474,3,26,106,264,617,895,331,151,81
"2011","Sheffield 017","E02001627","Total",2788,9,52,293,543,1007,669,143,51,21
"2011","Sheffield 018","E02001628","Total",2235,12,56,272,552,703,404,130,72,34
"2011","Sheffield 019","E02001629","Total",2858,42,112,424,953,771,318,142,56,40
"2011","Sheffield 020","E02001630","Total",2802,25,72,301,420,696,680,315,173,120
"2011","Sheffield 021","E02001631","Total",3357,15,58,213,380,1314,958,260,106,53
"2011","Sheffield 022","E02001632","Total",4370,106,355,803,939,1036,699,253,103,76
"2011","Sheffield 023","E02001633","Total",3177,3,25,146,478,815,787,427,283,213
"2011","Sheffield 024","E02001634","Total",4398,22,84,416,740,1704,1014,261,93,64
"2011","Sheffield 025","E02001635","Total",2930,13,50,451,477,1039,564,206,85,45
"2011","Sheffield 026","E02001636","Total",4176,81,177,811,1114,1251,504,146,45,47
"2011","Sheffield 027","E02001637","Total",2350,16,77,392,620,635,349,162,44,55
"2011","Sheffield 028","E02001638","Total",2218,6,16,101,358,593,663,297,118,66
"2011","Sheffield 029","E02001639","Total",2779,7,21,256,616,954,614,181,80,50
"2011","Sheffield 030","E02001640","Total",2871,71,164,522,453,346,389,274,300,352
"2011","Sheffield 032","E02001642","Total",4011,7,60,210,1034,1405,889,256,96,54
"2011","Sheffield 033","E02001643","Total",2729,9,44,172,321,462,747,457,274,243
"2011","Sheffield 036","E02001646","Total",2758,60,148,354,401,308,401,430,302,354
"2011","Sheffield 037","E02001647","Total",2682,6,33,290,425,856,725,211,84,52
"2011","Sheffield 038","E02001648","Total",2769,37,112,248,457,390,351,387,240,547
"2011","Sheffield 039","E02001649","Total",4178,28,80,856,1013,1615,420,95,47,24
"2011","Sheffield 040","E02001650","Total",3391,220,475,711,629,444,494,188,108,122
"2011","Sheffield 041","E02001651","Total",3306,1,14,71,307,476,720,644,515,558
"2011","Sheffield 042","E02001652","Total",3791,136,337,517,557,870,794,346,125,109
"2011","Sheffield 043","E02001653","Total",3101,13,118,447,1100,1031,295,67,16,14
"2011","Sheffield 044","E02001654","Total",2639,0,21,196,345,1078,567,278,109,45
"2011","Sheffield 045","E02001655","Total",3419,6,53,386,869,1265,585,159,67,29
"2011","Sheffield 046","E02001656","Total",3042,9,39,207,337,574,843,511,299,223
"2011","Sheffield 047","E02001657","Total",3619,2,19,155,271,711,1284,632,334,211
"2011","Sheffield 048","E02001658","Total",2321,13,30,140,1198,751,133,31,12,13
"2011","Sheffield 049","E02001659","Total",2976,27,80,552,701,788,533,183,81,31
"2011","Sheffield 050","E02001660","Total",4084,67,189,582,607,542,710,589,434,364
"2011","Sheffield 051","E02001661","Total",3647,40,123,473,918,1233,590,163,66,41
"2011","Sheffield 052","E02001662","Total",3394,17,51,211,797,1310,734,163,69,42
"2011","Sheffield 053","E02001663","Total",3343,24,130,219,372,1002,1011,381,120,84
"2011","Sheffield 054","E02001664","Total",2768,4,14,235,356,1049,728,241,94,47
"2011","Sheffield 055","E02001665","Total",3794,4,9,118,331,413,730,824,666,699
"2011","Sheffield 056","E02001666","Total",2584,2,16,201,563,965,476,170,111,80
"2011","Sheffield 059","E02001669","Total",3500,4,38,215,697,1079,982,318,128,39
"2011","Sheffield 060","E02001670","Total",2766,21,59,529,434,1054,527,96,25,21
"2011","Sheffield 061","E02001671","Total",2669,4,39,259,582,690,452,319,204,120
"2011","Sheffield 062","E02001672","Total",2734,17,64,209,448,1025,660,194,70,47
"2011","Sheffield 063","E02001673","Total",2195,5,29,73,358,603,513,328,201,85
"2011","Sheffield 064","E02001674","Total",3904,12,51,339,375,1086,1096,523,272,150
"2011","Sheffield 065","E02001675","Total",4149,12,41,595,1054,1467,567,218,136,59
"2011","Sheffield 066","E02001676","Total",2514,0,62,96,187,522,816,448,244,139
"2011","Sheffield 068","E02001678","Total",4344,1,24,220,429,735,790,695,582,868
"2011","Sheffield 069","E02001679","Total",3011,11,59,365,842,874,577,174,67,42
"2011","Sheffield 070","E02001680","Total",3133,21,78,571,925,1072,327,80,42,17
"2011","Sheffield 071","E02001681","Total",3332,5,31,232,392,709,767,544,351,301
"2011","Sheffield 072","E02006803","Total",3763,5,73,249,714,965,715,479,312,251
"2011","Sheffield 073","E02006843","Total",3270,382,898,1017,317,203,229,152,35,37
"2011","Sheffield 074","E02006844","Total",3155,255,590,844,452,451,191,153,116,103
"2011","Sheffield 075","E02006868","Total",5068,41,166,553,1525,1631,733,224,108,87
"2011","Sheffield 076","E02006869","Total",4820,10,43,393,1283,1896,841,225,82,47
"2011","Bradford 001","E02002183","Total",2579,7,48,241,456,493,378,354,301,301
"2011","Bradford 002","E02002184","Total",5556,8,93,407,907,907,859,738,649,988
"2011","Bradford 003","E02002185","Total",2478,3,27,152,380,511,496,357,275,277
"2011","Bradford 004","E02002186","Total",5450,17,93,360,1127,1581,1106,575,349,242
"2011","Bradford 005","E02002187","Total",2475,0,22,125,322,373,492,390,323,428
"2011","Bradford 006","E02002188","Total",3173,1,35,114,471,848,739,414,285,266
"2011","Bradford 007","E02002189","Total",2249,12,35,141,331,449,402,311,305,263
"2011","Bradford 008","E02002190","Total",4222,34,145,443,809,1146,849,404,229,163
"2011","Bradford 009","E02002191","Total",3523,8,75,360,791,1298,607,221,90,73
"2011","Bradford 010","E02002192","Total",3910,3,58,301,499,746,737,566,489,511
"2011","Bradford 011","E02002193","Total",2828,13,113,532,661,888,372,143,56,50
"2011","Bradford 012","E02002194","Total",3107,2,38,313,514,1232,614,179,119,96
"2011","Bradford 013","E02002195","Total",2766,2,39,235,416,518,524,416,340,276
"2011","Bradford 014","E02002196","Total",2622,1,30,144,455,796,539,317,195,145
"2011","Bradford 015","E02002197","Total",4019,25,114,767,796,967,673,316,200,161
"2011","Bradford 016","E02002198","Total",3766,22,70,377,900,937,716,337,206,201
"2011","Bradford 017","E02002199","Total",2804,3,54,289,478,667,607,353,211,142
"2011","Bradford 018","E02002200","Total",4032,30,103,362,840,771,655,465,361,445
"2011","Bradford 019","E02002201","Total",5203,27,123,513,1350,1157,982,475,330,246
"2011","Bradford 020","E02002202","Total",3408,52,275,676,717,458,612,296,175,147
"2011","Bradford 021","E02002203","Total",3285,8,63,377,1039,1062,443,158,73,62
"2011","Bradford 022","E02002204","Total",4900,11,64,283,989,1153,1090,589,369,352
"2011","Bradford 023","E02002205","Total",4476,10,105,351,998,1115,855,466,290,286
"2011","Bradford 024","E02002206","Total",3427,8,22,182,646,1237,783,314,134,101
"2011","Bradford 025","E02002207","Total",2307,44,72,248,284,309,471,340,301,238
"2011","Bradford 026","E02002208","Total",3235,7,57,335,690,942,821,237,92,54
"2011","Bradford 027","E02002209","Total",2283,6,26,210,482,938,450,95,40,36
"2011","Bradford 028","E02002210","Total",2824,8,34,126,551,1025,639,234,123,84
"2011","Bradford 029","E02002211","Total",2064,3,44,203,304,270,391,303,246,300
"2011","Bradford 030","E02002212","Total",2260,5,40,127,397,709,492,208,131,151
"2011","Bradford 031","E02002213","Total",2917,4,47,289,585,710,511,336,213,222
"2011","Bradford 032","E02002214","Total",2404,6,49,145,336,807,686,225,88,62
"2011","Bradford 033","E02002215","Total",2733,62,157,309,290,379,503,484,320,229
"2011","Bradford 034","E02002216","Total",2700,123,218,533,476,295,267,291,230,267
"2011","Bradford 035","E02002217","Total",2995,27,190,388,539,779,463,342,149,118
"2011","Bradford 036","E02002218","Total",3685,10,62,447,787,1057,683,352,177,110
"2011","Bradford 037","E02002219","Total",2152,20,59,191,469,522,397,264,136,94
"2011","Bradford 038","E02002220","Total",2561,8,45,159,337,899,547,326,152,88
"2011","Bradford 039","E02002221","Total",4961,110,703,1301,1138,551,453,345,205,155
"2011","Bradford 040","E02002222","Total",2944,8,43,243,663,1049,564,227,84,63
"2011","Bradford 041","E02002223","Total",2216,16,96,215,519,583,305,243,146,93
"2011","Bradford 042","E02002224","Total",2803,29,86,302,582,644,541,435,109,75
"2011","Bradford 043","E02002225","Total",3448,9,76,405,728,969,625,293,175,168
"2011","Bradford 044","E02002226","Total",3478,150,185,275,520,511,702,447,347,341
"2011","Bradford 045","E02002227","Total",2444,28,63,408,728,596,400,138,46,37
"2011","Bradford 046","E02002228","Total",2824,33,109,472,759,950,312,118,39,32
"2011","Bradford 047","E02002229","Total",3152,5,55,342,701,799,598,306,184,162
"2011","Bradford 048","E02002230","Total",3332,133,227,607,868,680,319,226,144,128
"2011","Bradford 049","E02002231","Total",4442,9,67,336,764,1365,1040,460,244,157
"2011","Bradford 050","E02002232","Total",2516,17,100,406,597,694,407,154,84,57
"2011","Bradford 051","E02002233","Total",2695,23,64,226,631,971,424,179,118,59
"2011","Bradford 052","E02002234","Total",3192,10,45,522,862,1140,446,104,37,26
"2011","Bradford 053","E02002235","Total",2438,14,72,276,474,759,537,189,77,40
"2011","Bradford 054","E02002236","Total",2493,3,45,198,447,790,624,216,108,62
"2011","Bradford 055","E02002237","Total",3258,3,64,161,596,1213,757,252,123,89
"2011","Bradford 056","E02002238","Total",2546,15,65,306,513,938,463,152,49,45
"2011","Bradford 057","E02002239","Total",4000,13,97,293,897,1260,760,341,201,138
"2011","Bradford 058","E02002240","Total",4423,8,104,410,985,1091,805,423,326,271
"2011","Bradford 059","E02002241","Total",4897,8,119,473,1000,1781,965,328,129,94
"2011","Bradford 060","E02002242","Total",3369,15,51,248,814,1089,740,243,113,56
"2011","Bradford 061","E02002243","Total",4047,9,83,393,848,1299,881,298,152,84
"2011","Calderdale 001","E02002244","Total",2525,0,28,167,471,746,654,270,113,76
"2011","Calderdale 002","E02002245","Total",2441,10,22,217,743,779,426,141,61,42
"2011","Calderdale 003","E02002246","Total",4183,2,68,368,764,967,892,494,295,333
"2011","Calderdale 004","E02002247","Total",4310,12,128,476,856,1006,763,452,295,322
"2011","Calderdale 005","E02002248","Total",3180,5,80,281,721,980,713,204,119,77
"2011","Calderdale 006","E02002249","Total",2385,8,24,213,845,817,318,92,35,33
"2011","Calderdale 007","E02002250","Total",3805,5,68,408,914,828,656,364,272,290
"2011","Calderdale 008","E02002251","Total",3869,54,222,894,1214,751,366,165,98,105
"2011","Calderdale 009","E02002252","Total",2570,1,25,119,687,740,538,244,129,87
"2011","Calderdale 010","E02002253","Total",2957,5,65,236,995,924,442,158,79,53
"2011","Calderdale 011","E02002254","Total",2497,14,33,191,379,572,536,310,244,218
"2011","Calderdale 012","E02002255","Total",2485,44,96,523,569,440,289,230,177,117
"2011","Calderdale 013","E02002256","Total",4156,4,73,392,963,1184,748,364,237,191
"2011","Calderdale 014","E02002257","Total",2074,8,49,170,714,488,307,148,97,93
"2011","Calderdale 015","E02002258","Total",4005,12,147,642,743,847,718,380,259,257
"2011","Calderdale 016","E02002259","Total",2902,6,100,409,647,640,476,257,168,199
"2011","Calderdale 017","E02002260","Total",4301,7,125,627,1194,1026,651,357,167,147
"2011","Calderdale 018","E02002261","Total",3655,11,74,411,996,1018,545,287,163,150
"2011","Calderdale 019","E02002262","Total",3689,21,121,520,1024,777,600,282,188,156
"2011","Calderdale 020","E02002263","Total",2881,1,56,284,722,732,516,290,151,129
"2011","Calderdale 021","E02002264","Total",3030,7,86,285,543,548,601,390,235,335
"2011","Calderdale 022","E02002265","Total",2512,8,51,221,656,643,415,216,150,152
"2011","Calderdale 023","E02002266","Total",2556,6,76,215,587,584,491,276,176,145
"2011","Calderdale 024","E02002267","Total",3510,5,68,447,678,914,793,354,166,85
"2011","Calderdale 025","E02002268","Total",4519,19,91,668,1246,1110,729,326,183,147
"2011","Calderdale 026","E02002269","Total",4106,3,87,366,872,1047,738,431,304,258
"2011","Calderdale 027","E02002270","Total",3518,5,43,296,678,623,593,448,373,459
"2011","Kirklees 001","E02002271","Total",3040,9,49,256,543,745,672,334,221,211
"2011","Kirklees 002","E02002272","Total",4107,17,150,465,1027,1096,771,323,149,109
"2011","Kirklees 003","E02002273","Total",2702,4,62,167,662,654,561,275,176,141
"2011","Kirklees 004","E02002274","Total",2879,2,48,238,556,678,602,358,223,174
"2011","Kirklees 005","E02002275","Total",3942,20,120,643,1021,954,628,298,154,104
"2011","Kirklees 006","E02002276","Total",2976,7,94,230,544,949,580,284,178,110
"2011","Kirklees 007","E02002277","Total",2527,13,81,240,534,692,480,268,107,112
"2011","Kirklees 008","E02002278","Total",2680,6,53,312,548,749,460,249,175,128
"2011","Kirklees 009","E02002279","Total",2780,4,63,487,780,648,384,193,127,94
"2011","Kirklees 010","E02002280","Total",2274,11,159,439,587,516,271,158,75,58
"2011","Kirklees 011","E02002281","Total",4340,10,122,496,1054,1264,757,349,179,109
"2011","Kirklees 012","E02002282","Total",2536,7,79,339,620,704,416,165,127,79
"2011","Kirklees 013","E02002283","Total",2413,10,91,281,632,578,376,253,121,71
"2011","Kirklees 014","E02002284","Total",2648,7,47,271,476,815,629,244,97,62
"2011","Kirklees 015","E02002285","Total",3356,3,84,223,551,1001,690,394,228,182
"2011","Kirklees 016","E02002286","Total",2372,12,56,336,688,651,355,140,70,64
"2011","Kirklees 017","E02002287","Total",2732,56,220,616,538,447,339,183,157,176
"2011","Kirklees 018","E02002288","Total",3831,13,93,452,947,1179,711,253,102,81
"2011","Kirklees 019","E02002289","Total",2126,12,36,213,498,765,311,139,96,56
"2011","Kirklees 020","E02002290","Total",2697,3,30,181,420,658,629,381,201,194
"2011","Kirklees 021","E02002291","Total",2709,6,49,171,449,696,650,334,210,144
"2011","Kirklees 022","E02002292","Total",2391,4,38,198,407,498,473,323,224,226
"2011","Kirklees 023","E02002293","Total",2624,22,79,408,678,675,420,171,108,63
"2011","Kirklees 024","E02002294","Total",3102,9,71,306,719,769,526,315,222,165
"2011","Kirklees 025","E02002295","Total",2951,12,54,464,1007,800,406,118,57,33
"2011","Kirklees 026","E02002296","Total",3114,58,167,390,599,665,555,302,212,166
"2011","Kirklees 027","E02002297","Total",2773,1,41,254,454,521,447,397,300,358
"2011","Kirklees 028","E02002298","Total",2878,6,38,322,664,782,515,217,154,180
"2011","Kirklees 029","E02002299","Total",2852,95,215,365,983,635,350,121,54,34
"2011","Kirklees 030","E02002300","Total",2931,15,71,277,596,660,623,354,215,120
"2011","Kirklees 031","E02002301","Total",2839,34,120,414,578,629,510,277,170,107
"2011","Kirklees 032","E02002302","Total",2650,2,33,145,487,623,609,326,241,184
"2011","Kirklees 033","E02002303","Total",2880,14,152,344,606,679,503,220,158,204
"2011","Kirklees 034","E02002304","Total",2972,156,222,505,733,366,339,233,185,233
"2011","Kirklees 035","E02002305","Total",2639,13,50,466,745,530,580,148,68,39
"2011","Kirklees 036","E02002306","Total",2692,2,50,215,487,657,578,302,221,180
"2011","Kirklees 037","E02002307","Total",2623,10,50,281,569,683,681,204,75,70
"2011","Kirklees 038","E02002308","Total",2876,4,96,276,629,760,671,233,130,77
"2011","Kirklees 039","E02002309","Total",2838,79,153,540,647,501,391,225,170,132
"2011","Kirklees 040","E02002310","Total",2713,17,46,387,684,717,517,227,65,53
"2011","Kirklees 041","E02002311","Total",2812,7,121,249,629,839,573,204,105,85
"2011","Kirklees 042","E02002312","Total",3054,54,198,572,805,698,406,171,86,64
"2011","Kirklees 043","E02002313","Total",2544,21,102,312,782,594,338,161,129,105
"2011","Kirklees 044","E02002314","Total",2624,7,40,177,436,680,622,310,181,171
"2011","Kirklees 045","E02002315","Total",3028,26,98,388,849,859,469,199,75,65
"2011","Kirklees 046","E02002316","Total",2758,2,33,150,485,797,565,300,210,216
"2011","Kirklees 047","E02002317","Total",2920,12,97,280,741,749,606,219,121,95
"2011","Kirklees 048","E02002318","Total",2883,14,75,529,736,736,479,165,93,56
"2011","Kirklees 049","E02002319","Total",2876,1,58,227,723,796,581,249,126,115
"2011","Kirklees 050","E02002320","Total",3097,9,100,486,710,625,507,335,195,130
"2011","Kirklees 051","E02002321","Total",2569,4,67,151,433,513,478,344,252,327
"2011","Kirklees 052","E02002322","Total",2781,6,42,141,634,738,563,284,176,197
"2011","Kirklees 053","E02002323","Total",3612,7,80,239,634,785,761,470,345,291
"2011","Kirklees 054","E02002324","Total",2811,2,39,214,543,709,542,328,233,201
"2011","Kirklees 055","E02002325","Total",3567,4,56,298,549,947,728,445,276,264
"2011","Kirklees 056","E02002326","Total",2509,3,29,67,291,579,508,383,319,330
"2011","Kirklees 057","E02002327","Total",4086,5,39,156,767,975,809,541,384,410
"2011","Kirklees 058","E02002328","Total",2942,5,63,246,457,659,524,419,262,307
"2011","Kirklees 059","E02002329","Total",5047,2,89,310,789,1184,1013,632,485,543
"2011","Leeds 001","E02002330","Total",2785,5,15,66,255,468,598,545,428,405
"2011","Leeds 002","E02002331","Total",2679,10,59,347,673,531,422,310,163,164
"2011","Leeds 003","E02002332","Total",2534,9,48,166,488,648,597,306,173,99
"2011","Leeds 004","E02002333","Total",3625,13,102,389,769,881,693,428,204,146
"2011","Leeds 005","E02002334","Total",3156,11,21,189,511,591,579,421,371,462
"2011","Leeds 006","E02002335","Total",3154,3,14,81,298,410,552,487,501,808
"2011","Leeds 007","E02002336","Total",2826,6,26,104,323,481,509,430,376,571
"2011","Leeds 008","E02002337","Total",2830,2,28,275,385,469,571,398,341,361
"2011","Leeds 009","E02002338","Total",2888,7,47,270,478,717,605,380,231,153
"2011","Leeds 010","E02002339","Total",2597,7,67,409,760,656,430,148,73,47
"2011","Leeds 011","E02002340","Total",2536,10,35,215,579,690,582,253,94,78
"2011","Leeds 012","E02002341","Total",3016,0,9,78,448,426,758,478,328,491
"2011","Leeds 013","E02002342","Total",2577,20,20,226,319,759,598,354,174,107
"2011","Leeds 014","E02002343","Total",2419,1,13,97,414,716,588,292,168,130
"2011","Leeds 015","E02002344","Total",3427,3,62,278,790,695,611,438,251,299
"2011","Leeds 016","E02002345","Total",2334,0,21,115,298,245,337,461,381,476
"2011","Leeds 017","E02002346","Total",2727,10,59,326,669,842,464,181,85,91
"2011","Leeds 018","E02002347","Total",2734,18,65,370,949,676,269,165,128,94
"2011","Leeds 019","E02002348","Total",2727,12,37,254,762,649,472,253,180,108
"2011","Leeds 020","E02002349","Total",2540,11,52,288,544,403,363,276,232,371
"2011","Leeds 021","E02002350","Total",2563,24,47,102,266,490,620,477,284,253
"2011","Leeds 022","E02002351","Total",2265,1,10,49,257,448,501,354,254,391
"2011","Leeds 023","E02002352","Total",3116,5,70,291,648,468,707,481,265,181
"2011","Leeds 024","E02002353","Total",2225,2,21,81,249,335,658,411,253,215
"2011","Leeds 025","E02002354","Total",3328,11,51,471,427,820,873,374,188,113
"2011","Leeds 027","E02002356","Total",3217,10,34,223,565,646,752,427,277,283
"2011","Leeds 028","E02002357","Total",3585,26,83,392,761,1028,718,312,134,131
"2011","Leeds 029","E02002358","Total",3159,5,28,359,577,1083,576,308,130,93
"2011","Leeds 030","E02002359","Total",2773,3,9,163,431,586,533,388,320,340
"2011","Leeds 031","E02002360","Total",2954,15,53,290,562,758,682,317,154,123
"2011","Leeds 032","E02002361","Total",2462,36,42,304,450,427,447,290,233,233
"2011","Leeds 033","E02002362","Total",3562,13,50,552,869,1255,556,142,70,55
"2011","Leeds 034","E02002363","Total",3300,21,107,357,622,721,805,401,161,105
"2011","Leeds 035","E02002364","Total",2699,14,44,461,833,963,279,63,27,15
"2011","Leeds 037","E02002366","Total",2844,7,65,180,353,596,849,347,207,240
"2011","Leeds 038","E02002367","Total",2603,18,75,395,647,856,323,164,78,47
"2011","Leeds 039","E02002368","Total",3537,4,95,293,607,885,867,412,217,157
"2011","Leeds 040","E02002369","Total",2928,34,55,390,757,751,671,169,71,30
"2011","Leeds 041","E02002370","Total",2880,7,30,336,1026,973,321,129,31,27
"2011","Leeds 042","E02002371","Total",4149,60,217,584,780,896,692,427,283,210
"2011","Leeds 044","E02002373","Total",2670,64,172,276,365,296,496,398,330,273
"2011","Leeds 045","E02002374","Total",2979,18,114,399,721,869,536,179,84,59
"2011","Leeds 046","E02002375","Total",2296,10,34,283,717,723,327,131,42,29
"2011","Leeds 047","E02002376","Total",2455,10,49,261,531,917,439,152,72,24
"2011","Leeds 048","E02002377","Total",2282,41,133,351,419,317,529,280,131,81
"2011","Leeds 050","E02002379","Total",2044,7,28,206,588,636,365,154,36,24
"2011","Leeds 051","E02002380","Total",2353,3,44,188,524,781,521,171,75,46
"2011","Leeds 052","E02002381","Total",2891,8,61,347,845,956,373,169,69,63
"2011","Leeds 053","E02002382","Total",2302,22,114,173,902,504,322,194,34,37
"2011","Leeds 054","E02002383","Total",2332,38,102,251,445,373,412,321,233,157
"2011","Leeds 055","E02002384","Total",4306,213,549,1089,1177,739,272,157,57,53
"2011","Leeds 056","E02002385","Total",3419,39,232,491,896,779,496,254,151,81
"2011","Leeds 057","E02002386","Total",3853,16,60,184,910,1081,916,404,200,82
"2011","Leeds 058","E02002387","Total",2435,12,43,363,655,793,344,126,59,40
"2011","Leeds 059","E02002388","Total",3196,20,66,400,683,1038,651,228,81,29
"2011","Leeds 060","E02002389","Total",2906,21,65,375,883,1013,382,104,29,34
"2011","Leeds 061","E02002390","Total",2665,5,56,294,448,901,682,180,57,42
"2011","Leeds 062","E02002391","Total",3505,7,116,328,915,964,694,299,110,72
"2011","Leeds 063","E02002392","Total",2352,150,319,628,456,417,173,72,52,85
"2011","Leeds 064","E02002393","Total",3870,157,395,975,1306,745,183,62,16,31
"2011","Leeds 065","E02002394","Total",3198,40,114,494,1219,838,328,100,35,30
"2011","Leeds 066","E02002395","Total",2440,1,19,112,334,632,741,300,169,132
"2011","Leeds 067","E02002396","Total",3822,41,167,483,780,995,787,330,157,82
"2011","Leeds 068","E02002397","Total",3277,3,38,360,782,1148,519,220,113,94
"2011","Leeds 069","E02002398","Total",3256,9,39,166,558,876,931,384,170,123
"2011","Leeds 070","E02002399","Total",2631,1,29,80,797,1106,405,152,37,24
"2011","Leeds 071","E02002400","Total",3641,75,200,684,1328,815,324,115,55,45
"2011","Leeds 072","E02002401","Total",2541,18,61,273,750,818,407,142,53,19
"2011","Leeds 073","E02002402","Total",2396,11,17,78,284,622,632,384,216,152
"2011","Leeds 074","E02002403","Total",2633,1,31,199,541,714,604,277,135,131
"2011","Leeds 075","E02002404","Total",4432,162,703,1125,1118,907,265,96,41,15
"2011","Leeds 076","E02002405","Total",3228,9,45,330,519,928,819,326,157,95
"2011","Leeds 077","E02002406","Total",2850,1,5,71,416,871,743,460,203,80
"2011","Leeds 078","E02002407","Total",2835,20,72,367,957,923,317,118,46,15
"2011","Leeds 079","E02002408","Total",3268,2,74,406,881,818,546,307,137,97
"2011","Leeds 080","E02002409","Total",2633,7,20,240,647,873,510,201,87,48
"2011","Leeds 081","E02002410","Total",3051,16,65,364,693,953,655,174,96,35
"2011","Leeds 082","E02002411","Total",3502,266,415,843,902,556,311,115,60,34
"2011","Leeds 083","E02002412","Total",3051,5,55,275,668,965,623,290,112,58
"2011","Leeds 085","E02002414","Total",2682,86,189,644,794,606,202,102,28,31
"2011","Leeds 086","E02002415","Total",2599,201,315,318,583,387,460,183,87,65
"2011","Leeds 087","E02002416","Total",2794,1,36,192,574,836,659,291,121,84
"2011","Leeds 088","E02002417","Total",2727,2,21,186,583,875,570,243,138,109
"2011","Leeds 089","E02002418","Total",3038,7,61,115,680,952,701,297,140,85
"2011","Leeds 090","E02002419","Total",3503,22,94,499,972,1113,557,139,63,44
"2011","Leeds 091","E02002420","Total",3299,22,56,107,736,1155,821,269,88,45
"2011","Leeds 092","E02002421","Total",2609,16,63,501,807,759,262,130,44,27
"2011","Leeds 093","E02002422","Total",2662,1,34,202,552,795,524,256,188,110
"2011","Leeds 094","E02002423","Total",2482,13,45,296,739,854,349,123,38,25
"2011","Leeds 095","E02002424","Total",3271,3,51,295,762,952,569,342,182,115
"2011","Leeds 096","E02002425","Total",3685,10,101,213,723,987,804,424,261,162
"2011","Leeds 097","E02002426","Total",3240,3,38,184,477,948,676,395,280,239
"2011","Leeds 098","E02002427","Total",3021,3,29,218,696,1019,623,250,116,67
"2011","Leeds 099","E02002428","Total",3110,12,64,344,847,1047,477,182,84,53
"2011","Leeds 100","E02002429","Total",3523,4,19,161,760,1105,796,366,177,135
"2011","Leeds 101","E02002430","Total",3017,9,43,288,942,1283,291,96,39,26
"2011","Leeds 102","E02002431","Total",3591,12,182,446,1145,934,502,199,106,65
"2011","Leeds 103","E02002432","Total",2919,4,13,170,561,943,593,310,189,136
"2011","Leeds 104","E02002433","Total",3182,33,269,650,925,683,343,141,77,61
"2011","Leeds 105","E02002434","Total",3542,3,32,167,828,1163,673,334,223,119
"2011","Leeds 106","E02002435","Total",3269,11,101,224,702,965,655,316,169,126
"2011","Leeds 107","E02002436","Total",2831,7,45,228,722,708,625,272,134,90
"2011","Leeds 108","E02002437","Total",2445,1,17,35,351,573,532,397,302,237
"2011","Leeds 109","E02006852","Total",4551,26,171,515,896,571,779,636,431,526
"2011","Leeds 110","E02006861","Total",3887,161,352,687,795,440,407,310,340,395
"2011","Leeds 111","E02006875","Total",3569,257,987,1621,510,110,39,19,16,10
"2011","Leeds 112","E02006876","Total",3492,43,609,1061,845,605,224,52,31,22
"2011","Wakefield 001","E02002438","Total",3273,5,32,220,1065,1199,569,110,41,32
"2011","Wakefield 002","E02002439","Total",3639,17,55,211,1357,1077,660,167,69,26
"2011","Wakefield 003","E02002440","Total",3225,3,16,130,530,1177,846,319,142,62
"2011","Wakefield 004","E02002441","Total",3825,16,66,418,984,1270,618,269,116,68
"2011","Wakefield 005","E02002442","Total",2819,5,12,92,612,950,668,267,123,90
"2011","Wakefield 006","E02002443","Total",2353,2,11,90,490,569,545,316,196,134
"2011","Wakefield 007","E02002444","Total",2657,11,32,284,584,732,512,245,147,110
"2011","Wakefield 008","E02002445","Total",3057,8,28,271,597,1012,613,279,148,101
"2011","Wakefield 009","E02002446","Total",2585,0,22,104,571,754,563,323,147,101
"2011","Wakefield 010","E02002447","Total",2721,20,59,208,617,938,580,179,75,45
"2011","Wakefield 011","E02002448","Total",3352,5,38,239,839,1305,662,154,52,58
"2011","Wakefield 012","E02002449","Total",3230,1,11,40,481,1218,820,391,167,101
"2011","Wakefield 013","E02002450","Total",2859,5,41,160,628,835,573,330,179,108
"2011","Wakefield 014","E02002451","Total",3049,0,27,139,522,815,717,416,233,180
"2011","Wakefield 015","E02002452","Total",3723,14,89,456,1122,1071,584,197,92,98
"2011","Wakefield 016","E02002453","Total",4171,17,76,385,1093,1273,856,267,109,95
"2011","Wakefield 017","E02002454","Total",3399,103,212,701,941,545,387,231,128,151
"2011","Wakefield 018","E02002455","Total",2552,2,30,217,435,994,596,146,59,73
"2011","Wakefield 019","E02002456","Total",2738,12,79,261,678,691,520,241,143,113
"2011","Wakefield 020","E02002457","Total",3252,13,56,387,968,1041,493,157,85,52
"2011","Wakefield 021","E02002458","Total",3757,10,51,284,924,1040,776,335,188,149
"2011","Wakefield 022","E02002459","Total",3934,13,57,324,851,1243,867,338,149,92
"2011","Wakefield 023","E02002460","Total",3149,10,40,111,354,934,855,447,232,166
"2011","Wakefield 024","E02002461","Total",4173,2,18,205,985,1266,756,499,257,185
"2011","Wakefield 025","E02002462","Total",3337,12,71,373,819,868,569,295,187,143
"2011","Wakefield 026","E02002463","Total",3651,0,29,346,611,1823,599,149,60,34
"2011","Wakefield 027","E02002464","Total",3506,3,63,300,961,1255,567,190,84,83
"2011","Wakefield 028","E02002465","Total",2850,34,44,404,577,650,547,314,184,96
"2011","Wakefield 029","E02002466","Total",4012,6,81,379,1017,1075,728,396,194,136
"2011","Wakefield 030","E02002467","Total",3611,40,195,482,1090,915,574,184,88,43
"2011","Wakefield 031","E02002468","Total",2660,6,46,140,658,681,551,264,157,157
"2011","Wakefield 032","E02002469","Total",2423,3,11,57,406,794,569,306,172,105
"2011","Wakefield 033","E02002470","Total",2622,5,6,101,230,304,473,614,418,471
"2011","Wakefield 034","E02002471","Total",4499,4,53,179,732,1013,913,641,478,486
"2011","Wakefield 035","E02002472","Total",2439,0,17,104,516,656,476,276,209,185
"2011","Wakefield 036","E02002473","Total",2722,1,5,56,636,863,567,291,187,116
"2011","Wakefield 037","E02002474","Total",2700,5,39,211,802,872,412,188,98,73
"2011","Wakefield 038","E02002475","Total",2573,1,12,73,363,597,514,378,278,357
"2011","Wakefield 039","E02002476","Total",2375,4,20,120,467,944,539,171,64,46
"2011","Wakefield 040","E02002477","Total",2699,6,26,148,619,960,533,211,123,73
"2011","Wakefield 041","E02002478","Total",2459,0,15,120,346,897,596,254,150,81
"2011","Wakefield 042","E02002479","Total",3693,7,47,185,978,1127,866,262,152,69
"2011","Wakefield 043","E02002480","Total",2673,1,41,217,667,1062,452,145,50,38
"2011","Wakefield 044","E02002481","Total",2672,2,20,207,541,888,563,230,150,71
"2011","Wakefield 045","E02002482","Total",2746,3,22,130,573,951,662,244,102,59
"2011","Derby 001","E02002796","Total",2585,1,9,84,314,539,655,424,300,259
"2011","Derby 002","E02002797","Total",3371,2,14,142,394,838,879,495,322,285
"2011","Derby 003","E02002798","Total",4187,7,38,141,869,683,690,666,611,482
"2011","Derby 004","E02002799","Total",2451,3,19,127,537,798,666,215,56,30
"2011","Derby 005","E02002800","Total",3136,27,72,430,359,558,588,453,313,336
"2011","Derby 006","E02002801","Total",3160,2,17,197,485,1018,1000,294,93,54
"2011","Derby 007","E02002802","Total",3256,5,28,355,780,1293,544,160,58,33
"2011","Derby 008","E02002803","Total",3492,53,139,956,860,780,418,176,60,50
"2011","Derby 009","E02002804","Total",3243,4,25,201,599,1198,806,252,106,52
"2011","Derby 010","E02002805","Total",2575,0,9,102,326,792,706,349,188,103
"2011","Derby 011","E02002806","Total",2839,8,76,383,584,1099,474,126,50,39
"2011","Derby 012","E02002807","Total",3737,2,28,169,698,1224,1097,339,124,56
"2011","Derby 013","E02002808","Total",5590,122,411,1239,1133,1569,704,205,113,94
"2011","Derby 014","E02002809","Total",2830,5,53,167,450,916,774,309,97,59
"2011","Derby 015","E02002810","Total",3457,0,26,102,352,998,1004,515,256,204
"2011","Derby 016","E02002811","Total",3684,80,286,624,429,866,736,328,197,138
"2011","Derby 017","E02002812","Total",2722,16,48,225,494,479,632,360,237,231
"2011","Derby 018","E02002813","Total",3819,71,235,768,699,824,642,306,160,114
"2011","Derby 019","E02002814","Total",3273,2,37,205,521,708,791,531,293,185
"2011","Derby 020","E02002815","Total",2520,12,49,160,186,769,802,329,120,93
"2011","Derby 021","E02002816","Total",3377,1,39,155,406,475,568,450,537,746
"2011","Derby 022","E02002817","Total",2377,1,6,78,253,563,687,366,238,185
"2011","Derby 023","E02002818","Total",2852,11,80,284,405,1167,618,163,85,39
"2011","Derby 024","E02002819","Total",3452,12,61,383,894,1056,654,252,74,66
"2011","Derby 025","E02002820","Total",4043,14,61,315,579,1527,1071,324,97,55
"2011","Derby 026","E02002821","Total",4340,13,73,444,676,2021,819,207,56,31
"2011","Derby 027","E02002822","Total",2748,0,26,207,528,867,690,250,92,88
"2011","Derby 028","E02002823","Total",3236,8,53,245,599,1187,775,242,80,47
"2011","Derby 029","E02002824","Total",3716,13,72,380,721,1240,888,227,122,53
"2011","Derby 030","E02002825","Total",3557,6,48,349,629,779,787,404,279,276
"2011","Derby 031","E02002826","Total",2646,8,43,166,416,488,570,410,323,222
"2011","Leicester 001","E02002827","Total",2550,21,66,300,700,636,384,191,135,117
"2011","Leicester 002","E02002828","Total",2804,10,56,227,581,897,556,261,133,83
"2011","Leicester 003","E02002829","Total",4340,34,153,579,993,1379,930,193,55,24
"2011","Leicester 004","E02002830","Total",3909,56,152,591,826,1201,528,199,158,198
"2011","Leicester 005","E02002831","Total",2340,17,54,202,345,890,494,195,100,43
"2011","Leicester 006","E02002832","Total",2803,42,141,354,383,819,716,208,92,48
"2011","Leicester 007","E02002833","Total",2609,10,78,190,320,932,826,158,68,27
"2011","Leicester 008","E02002834","Total",3975,13,124,423,602,1304,951,349,137,72
"2011","Leicester 009","E02002835","Total",4369,15,158,445,715,898,894,587,361,296
"2011","Leicester 010","E02002836","Total",3131,49,127,346,476,1050,827,150,70,36
"2011","Leicester 011","E02002837","Total",2624,40,101,380,418,1177,354,87,42,25
"2011","Leicester 012","E02002838","Total",3093,16,59,498,517,977,758,193,48,27
"2011","Leicester 013","E02002839","Total",2911,7,44,332,370,876,820,247,139,76
"2011","Leicester 016","E02002842","Total",3418,48,182,355,544,1447,678,99,45,20
"2011","Leicester 017","E02002843","Total",3843,47,258,466,520,1118,1011,257,99,67
"2011","Leicester 018","E02002844","Total",3775,105,263,751,1091,743,509,211,60,42
"2011","Leicester 019","E02002845","Total",3933,67,177,713,690,1143,794,211,86,52
"2011","Leicester 020","E02002846","Total",3028,3,58,154,296,794,892,404,249,178
"2011","Leicester 021","E02002847","Total",2854,19,61,159,145,832,1064,318,164,92
"2011","Leicester 022","E02002848","Total",3344,70,252,375,342,910,845,264,166,120
"2011","Leicester 023","E02002849","Total",5256,225,495,862,898,1150,887,370,227,142
"2011","Leicester 025","E02002851","Total",2861,7,27,140,300,621,820,435,291,220
"2011","Leicester 026","E02002852","Total",2584,8,80,404,340,1215,400,80,27,30
"2011","Leicester 027","E02002853","Total",4029,84,210,368,364,695,1117,544,358,289
"2011","Leicester 028","E02002854","Total",3222,22,73,486,386,1187,809,171,60,28
"2011","Leicester 029","E02002855","Total",2786,25,74,282,334,927,734,258,103,49
"2011","Leicester 030","E02002856","Total",5066,93,340,747,729,1100,991,427,275,364
"2011","Leicester 031","E02002857","Total",2925,39,147,317,521,1163,550,101,48,39
"2011","Leicester 032","E02002858","Total",2928,20,57,177,298,368,644,547,374,443
"2011","Leicester 034","E02002860","Total",3350,2,52,270,504,1073,886,319,146,98
"2011","Leicester 035","E02002861","Total",2775,11,52,227,411,1241,614,132,56,31
"2011","Leicester 036","E02002862","Total",3547,14,61,533,898,1211,641,125,45,19
"2011","Leicester 037","E02006815","Total",3739,8,38,511,728,1439,649,203,98,65
"2011","Leicester 038","E02006817","Total",2974,9,85,189,329,966,830,303,156,107
"2011","Leicester 039","E02006819","Total",3254,17,40,449,598,984,847,212,73,34
"2011","Leicester 040","E02006850","Total",3215,222,457,915,381,545,442,131,75,47
"2011","Leicester 041","E02006851","Total",2961,172,914,1202,366,136,101,30,15,25
"2011","Nottingham 001","E02002868","Total",2458,0,16,91,378,1042,566,224,98,43
"2011","Nottingham 002","E02002869","Total",3297,21,57,354,1054,1137,484,121,39,30
"2011","Nottingham 004","E02002871","Total",3469,5,43,289,665,1267,854,233,75,38
"2011","Nottingham 005","E02002872","Total",3816,15,125,547,888,1399,510,198,89,45
"2011","Nottingham 006","E02002873","Total",3903,10,129,386,848,1778,547,130,53,22
"2011","Nottingham 007","E02002874","Total",3052,5,68,193,393,1010,869,270,129,115
"2011","Nottingham 008","E02002875","Total",3627,13,73,345,807,1526,680,116,39,28
"2011","Nottingham 009","E02002876","Total",3471,10,104,307,771,1198,736,201,85,59
"2011","Nottingham 010","E02002877","Total",3650,18,145,399,608,928,859,401,157,135
"2011","Nottingham 011","E02002878","Total",3258,1,36,113,588,1839,475,139,43,24
"2011","Nottingham 012","E02002879","Total",3936,26,139,375,729,1180,1033,306,93,55
"2011","Nottingham 013","E02002880","Total",3296,5,33,187,708,1799,429,80,35,20
"2011","Nottingham 014","E02002881","Total",2669,8,38,405,567,945,481,133,53,39
"2011","Nottingham 015","E02002882","Total",3784,119,328,586,840,473,463,311,274,390
"2011","Nottingham 016","E02002883","Total",3537,11,96,536,991,1136,491,156,72,48
"2011","Nottingham 017","E02002884","Total",2323,55,121,321,384,590,496,181,91,84
"2011","Nottingham 018","E02002885","Total",3107,59,237,424,674,882,440,235,102,54
"2011","Nottingham 019","E02002886","Total",3438,6,64,317,665,1039,811,291,151,94
"2011","Nottingham 020","E02002887","Total",2832,3,34,265,833,716,698,189,55,39
"2011","Nottingham 021","E02002888","Total",3064,34,96,498,687,1167,399,97,54,32
"2011","Nottingham 022","E02002889","Total",3140,119,232,1044,638,366,283,232,101,125
"2011","Nottingham 023","E02002890","Total",4727,243,661,1168,1173,873,345,143,62,59
"2011","Nottingham 024","E02002891","Total",3376,8,32,179,698,1261,750,259,120,69
"2011","Nottingham 025","E02002892","Total",2565,5,21,233,292,826,895,198,63,32
"2011","Nottingham 026","E02002893","Total",4388,153,267,762,1178,934,521,365,130,78
"2011","Nottingham 027","E02002894","Total",2689,9,26,138,173,564,862,451,250,216
"2011","Nottingham 028","E02002895","Total",3279,53,246,792,687,393,328,291,241,248
"2011","Nottingham 029","E02002896","Total",4372,33,150,584,1052,1308,891,214,88,52
"2011","Nottingham 030","E02002897","Total",3406,3,25,180,500,845,771,494,332,256
"2011","Nottingham 031","E02002898","Total",3738,80,197,442,830,627,712,399,264,187
"2011","Nottingham 032","E02002899","Total",2172,33,45,156,709,639,254,118,94,124
"2011","Nottingham 034","E02002901","Total",2540,4,24,176,339,774,749,264,135,75
"2011","Nottingham 035","E02002902","Total",3488,8,47,492,219,1402,1009,201,73,37
"2011","Nottingham 036","E02002903","Total",2859,6,67,471,495,1059,458,154,78,71
"2011","Nottingham 037","E02002904","Total",2633,1,21,222,113,1625,522,75,38,16
"2011","Nottingham 038","E02006834","Total",3661,21,158,809,523,1465,460,142,47,36
"2011","Nottingham 039","E02006904","Total",3787,131,869,1163,729,445,263,98,54,35
"2011","Nottingham 040","E02006905","Total",3324,45,273,669,778,907,432,149,47,24
"2011","Rutland 001","E02002863","Total",2676,3,32,108,323,563,537,331,287,492
"2011","Rutland 002","E02002864","Total",2519,4,31,135,249,627,616,309,228,320
"2011","Rutland 003","E02002865","Total",3390,0,36,199,551,722,570,400,408,504
"2011","Rutland 004","E02002866","Total",3088,5,21,136,285,605,632,425,407,572
"2011","Rutland 005","E02002867","Total",3329,5,49,191,481,548,555,418,405,677
"2011","Amber Valley 001","E02004029","Total",2845,4,44,210,589,883,716,223,114,62
"2011","Amber Valley 002","E02004030","Total",2550,2,12,157,402,522,575,343,243,294
"2011","Amber Valley 003","E02004031","Total",3218,2,47,300,887,1007,587,218,93,77
"2011","Amber Valley 004","E02004032","Total",3643,1,32,116,737,1110,834,386,239,188
"2011","Amber Valley 005","E02004033","Total",3828,2,29,186,743,1174,985,339,199,171
"2011","Amber Valley 006","E02004034","Total",3197,2,12,202,448,929,725,453,240,186
"2011","Amber Valley 007","E02004035","Total",2727,4,11,83,327,653,698,351,250,350
"2011","Amber Valley 008","E02004036","Total",4267,3,44,288,766,1516,971,394,173,112
"2011","Amber Valley 009","E02004037","Total",3154,0,19,95,490,777,759,492,330,192
"2011","Amber Valley 010","E02004038","Total",3643,18,62,385,860,968,750,331,140,129
"2011","Amber Valley 011","E02004039","Total",3413,0,45,155,692,880,764,403,272,202
"2011","Amber Valley 012","E02004040","Total",3658,2,11,100,507,1141,1053,438,221,185
"2011","Amber Valley 013","E02004041","Total",2938,2,26,131,466,938,769,354,157,95
"2011","Amber Valley 015","E02004043","Total",3009,0,15,176,433,852,735,365,218,215
"2011","Amber Valley 016","E02004044","Total",3151,2,20,186,359,404,509,453,472,746
"2011","Amber Valley 017","E02006827","Total",3355,3,34,281,682,1289,663,204,107,92
"2011","Bolsover 001","E02004045","Total",3899,0,30,144,691,1180,821,400,287,346
"2011","Bolsover 002","E02004046","Total",2738,1,10,101,643,902,593,250,128,110
"2011","Bolsover 003","E02004047","Total",2507,2,14,143,501,827,717,176,81,46
"2011","Bolsover 004","E02004048","Total",2919,2,27,107,540,1151,663,244,92,93
"2011","Bolsover 005","E02004049","Total",3478,4,25,178,648,1010,918,374,188,133
"2011","Bolsover 006","E02004050","Total",2969,2,26,143,677,1169,705,154,62,31
"2011","Bolsover 007","E02004051","Total",3831,3,47,150,709,1335,1035,322,134,96
"2011","Bolsover 008","E02004052","Total",3382,2,15,104,701,1162,694,351,195,158
"2011","Bolsover 009","E02004053","Total",3347,6,57,178,700,1136,701,320,141,108
"2011","Bolsover 010","E02004054","Total",3731,6,49,100,818,1094,853,412,232,167
"2011","Chesterfield 001","E02004055","Total",3286,2,74,315,847,1024,609,208,114,93
"2011","Chesterfield 002","E02004056","Total",3228,5,23,223,611,1290,687,228,106,55
"2011","Chesterfield 003","E02004057","Total",3398,11,58,223,859,1189,671,237,105,45
"2011","Chesterfield 004","E02004058","Total",3638,4,83,565,1119,950,568,201,93,55
"2011","Chesterfield 005","E02004059","Total",3232,7,37,219,703,914,750,306,187,109
"2011","Chesterfield 006","E02004060","Total",3190,1,19,127,543,1100,869,311,150,70
"2011","Chesterfield 007","E02004061","Total",3430,14,84,452,605,997,822,291,97,68
"2011","Chesterfield 008","E02004062","Total",3680,2,34,571,818,845,484,466,290,170
"2011","Chesterfield 009","E02004063","Total",3655,18,67,245,651,865,923,466,231,189
"2011","Chesterfield 010","E02004064","Total",4271,41,214,481,1161,1131,750,277,146,70
"2011","Chesterfield 011","E02004065","Total",3672,4,24,90,363,769,858,673,455,436
"2011","Chesterfield 012","E02004066","Total",5124,4,96,296,922,1688,1148,482,285,203
"2011","Chesterfield 013","E02004067","Total",2992,15,64,487,859,757,447,204,108,51
"2011","Derbyshire Dales 001","E02004068","Total",3302,2,36,215,611,688,643,433,325,349
"2011","Derbyshire Dales 002","E02004069","Total",3099,5,36,167,534,568,653,373,324,439
"2011","Derbyshire Dales 003","E02004070","Total",2763,13,35,161,446,628,626,364,230,260
"2011","Derbyshire Dales 004","E02004071","Total",2229,2,21,124,367,546,519,269,207,174
"2011","Derbyshire Dales 005","E02004072","Total",3722,5,38,161,556,889,844,563,363,303
"2011","Derbyshire Dales 006","E02004073","Total",4129,14,93,483,642,985,800,457,303,352
"2011","Derbyshire Dales 007","E02004074","Total",2582,1,45,191,433,658,574,333,184,163
"2011","Derbyshire Dales 008","E02004075","Total",3156,1,39,173,420,613,564,445,367,534
"2011","Derbyshire Dales 009","E02004076","Total",2796,7,60,247,468,720,536,263,232,263
"2011","Derbyshire Dales 010","E02004077","Total",2966,2,9,75,279,502,562,454,395,688
"2011","Erewash 001","E02004078","Total",3159,5,42,358,655,1320,564,140,40,35
"2011","Erewash 003","E02004080","Total",4284,12,106,280,831,1502,1020,305,142,86
"2011","Erewash 004","E02004081","Total",2470,0,6,139,286,628,602,330,257,222
"2011","Erewash 005","E02004082","Total",2550,1,5,40,311,638,587,461,285,222
"2011","Erewash 006","E02004083","Total",3310,3,30,128,540,1375,759,261,134,80
"2011","Erewash 007","E02004084","Total",2667,2,17,279,579,1059,547,124,34,26
"2011","Erewash 008","E02004085","Total",3726,15,52,244,499,1126,875,425,266,224
"2011","Erewash 009","E02004086","Total",3175,2,17,170,357,934,822,379,269,225
"2011","Erewash 010","E02004087","Total",3414,3,31,243,529,1224,919,276,122,67
"2011","Erewash 011","E02004088","Total",3124,0,32,90,449,648,766,482,370,287
"2011","Erewash 012","E02004089","Total",3259,23,105,512,601,1032,692,181,73,40
"2011","Erewash 013","E02004090","Total",2733,2,19,196,438,782,633,302,199,162
"2011","Erewash 014","E02004091","Total",3905,9,21,164,610,1267,1085,454,198,97
"2011","Erewash 015","E02004092","Total",4194,7,35,399,606,1511,1017,392,152,75
"2011","Erewash 016","E02006828","Total",2722,0,30,80,442,803,616,391,230,130
"2011","High Peak 001","E02004093","Total",2751,0,36,154,735,852,492,222,158,102
"2011","High Peak 002","E02004094","Total",2994,3,22,336,582,943,569,299,146,94
"2011","High Peak 003","E02004095","Total",4463,20,109,425,1305,1070,684,384,291,175
"2011","High Peak 004","E02004096","Total",3795,1,15,107,379,699,803,718,580,493
"2011","High Peak 005","E02004097","Total",3328,7,52,195,697,745,669,397,296,270
"2011","High Peak 006","E02004098","Total",3227,2,44,300,759,915,598,308,174,127
"2011","High Peak 008","E02004100","Total",3216,7,25,186,533,588,663,421,324,469
"2011","High Peak 010","E02004102","Total",3909,51,208,608,829,683,581,378,245,326
"2011","High Peak 011","E02004103","Total",2938,8,76,186,555,968,688,265,112,80
"2011","High Peak 012","E02004104","Total",2912,2,14,137,394,659,724,445,273,264
"2011","High Peak 013","E02006872","Total",5413,9,86,363,865,1381,1164,700,406,439
"2011","North East Derbyshire 001","E02004105","Total",3845,0,13,181,773,1247,844,417,210,160
"2011","North East Derbyshire 002","E02004106","Total",3111,9,22,145,558,925,689,384,205,174
"2011","North East Derbyshire 004","E02004108","Total",3387,3,35,354,647,951,749,300,179,169
"2011","North East Derbyshire 005","E02004109","Total",2880,3,3,83,262,689,650,503,371,316
"2011","North East Derbyshire 006","E02004110","Total",3136,0,1,65,428,947,805,479,244,167
"2011","North East Derbyshire 007","E02004111","Total",2414,6,25,109,451,781,511,261,125,145
"2011","North East Derbyshire 008","E02004112","Total",2894,0,12,126,388,657,538,411,346,416
"2011","North East Derbyshire 009","E02004113","Total",4027,4,43,271,973,1650,669,212,110,95
"2011","North East Derbyshire 010","E02004114","Total",3163,4,22,116,489,728,699,447,310,348
"2011","North East Derbyshire 011","E02004115","Total",3978,1,22,198,889,1328,763,391,227,159
"2011","North East Derbyshire 012","E02004116","Total",3604,6,87,230,1065,1032,721,258,128,77
"2011","North East Derbyshire 013","E02004117","Total",3170,1,18,105,590,1065,692,307,189,203
"2011","North East Derbyshire 014","E02006804","Total",3461,2,46,308,794,1239,533,229,160,150
"2011","South Derbyshire 001","E02004118","Total",2700,4,40,98,375,540,470,366,353,454
"2011","South Derbyshire 002","E02004119","Total",4330,22,105,203,604,930,749,642,518,557
"2011","South Derbyshire 003","E02004120","Total",2903,15,19,109,510,765,627,385,270,203
"2011","South Derbyshire 004","E02004121","Total",2800,8,17,130,362,442,559,480,395,407
"2011","South Derbyshire 005","E02004122","Total",2472,5,18,98,269,473,505,398,295,411
"2011","South Derbyshire 006","E02004123","Total",2816,4,23,188,543,610,556,346,255,291
"2011","South Derbyshire 007","E02004124","Total",3141,0,12,77,453,1122,899,309,168,101
"2011","South Derbyshire 008","E02004125","Total",3775,4,22,198,700,1259,886,372,193,141
"2011","South Derbyshire 009","E02004126","Total",3009,3,39,238,617,885,679,251,168,129
"2011","South Derbyshire 011","E02004128","Total",4296,1,30,144,632,1240,955,547,374,373
"2011","South Derbyshire 012","E02006919","Total",3595,5,102,236,727,995,802,379,208,141
"2011","South Derbyshire 013","E02006920","Total",3155,3,25,201,608,821,672,360,280,185
"2011","Blaby 002","E02005334","Total",2161,0,17,39,186,661,555,300,199,204
"2011","Blaby 003","E02005335","Total",2824,2,23,147,273,503,508,502,397,469
"2011","Blaby 004","E02005336","Total",2903,0,16,137,464,970,727,363,155,71
"2011","Blaby 005","E02005337","Total",3961,6,95,173,414,1400,1175,422,199,77
"2011","Blaby 006","E02005338","Total",4167,13,57,261,670,1097,940,570,334,225
"2011","Blaby 007","E02005339","Total",3502,5,26,162,543,810,716,504,422,314
"2011","Blaby 008","E02005340","Total",3553,1,36,199,517,977,1025,423,223,152
"2011","Blaby 009","E02005341","Total",2753,5,20,167,368,720,574,356,306,237
"2011","Blaby 010","E02005342","Total",2802,1,7,98,320,819,707,383,255,212
"2011","Blaby 011","E02005343","Total",2797,4,9,130,380,699,653,458,266,198
"2011","Blaby 012","E02005344","Total",3146,14,49,160,364,738,704,460,363,294
"2011","Blaby 013","E02006820","Total",4117,3,25,150,571,1080,968,631,382,307
"2011","Charnwood 001","E02005345","Total",2600,12,22,171,499,802,511,280,170,133
"2011","Charnwood 002","E02005346","Total",4925,69,234,1095,922,1242,893,248,144,78
"2011","Charnwood 003","E02005347","Total",3449,38,107,443,428,880,806,357,214,176
"2011","Charnwood 004","E02005348","Total",2540,19,58,332,401,571,463,321,203,172
"2011","Charnwood 005","E02005349","Total",2980,4,23,170,476,904,717,355,190,141
"2011","Charnwood 006","E02005350","Total",2813,12,82,236,649,605,529,324,218,158
"2011","Charnwood 007","E02005351","Total",2328,7,49,178,137,757,624,285,164,127
"2011","Charnwood 008","E02005352","Total",2421,1,11,45,195,389,441,342,394,603
"2011","Charnwood 009","E02005353","Total",3824,40,75,340,443,1370,815,366,192,183
"2011","Charnwood 010","E02005354","Total",3542,0,4,54,327,655,783,642,505,572
"2011","Charnwood 011","E02005355","Total",2766,4,45,197,367,710,594,302,268,279
"2011","Charnwood 012","E02005356","Total",2873,6,34,243,353,534,534,408,360,401
"2011","Charnwood 013","E02005357","Total",3036,4,34,148,638,994,692,289,142,95
"2011","Charnwood 014","E02005358","Total",4281,10,55,190,617,1177,858,538,457,379
"2011","Charnwood 015","E02005359","Total",2390,2,17,68,246,668,599,319,225,246
"2011","Charnwood 016","E02005360","Total",2546,0,8,84,207,414,468,378,370,617
"2011","Charnwood 017","E02005361","Total",2778,1,52,320,622,598,472,294,205,214
"2011","Charnwood 018","E02005362","Total",2627,6,34,154,462,831,635,283,141,81
"2011","Charnwood 019","E02005363","Total",2944,5,29,80,274,864,859,432,237,164
"2011","Charnwood 020","E02005364","Total",2098,0,21,99,214,618,640,289,116,101
"2011","Charnwood 021","E02005365","Total",3944,12,102,285,863,1274,864,304,153,87
"2011","Charnwood 022","E02005366","Total",2811,13,63,188,368,873,672,319,166,149
"2011","Harborough 002","E02005368","Total",2581,1,19,92,249,382,408,336,342,752
"2011","Harborough 003","E02005369","Total",4128,7,56,253,499,720,794,544,500,755
"2011","Harborough 004","E02005370","Total",3422,2,19,90,479,722,643,563,440,464
"2011","Harborough 005","E02005371","Total",3970,4,40,161,483,835,797,550,473,627
"2011","Harborough 006","E02005372","Total",3749,6,21,100,314,596,655,576,539,942
"2011","Harborough 007","E02005373","Total",3773,3,27,119,449,805,814,559,463,534
"2011","Harborough 008","E02005374","Total",3008,23,86,364,792,789,566,210,93,85
"2011","Harborough 009","E02005375","Total",3518,6,88,234,601,812,613,404,397,363
"2011","Harborough 010","E02005376","Total",3940,8,60,292,598,862,704,544,461,411
"2011","Harborough 011","E02006816","Total",2809,3,42,113,377,489,525,426,369,465
"2011","Hinckley and Bosworth 001","E02005377","Total",3568,3,23,124,739,893,655,406,382,343
"2011","Hinckley and Bosworth 002","E02005378","Total",2183,2,20,62,326,613,464,301,192,203
"2011","Hinckley and Bosworth 003","E02005379","Total",2532,5,33,80,476,704,510,349,223,152
"2011","Hinckley and Bosworth 004","E02005380","Total",3562,9,38,110,502,756,691,477,378,601
"2011","Hinckley and Bosworth 005","E02005381","Total",3378,1,19,71,452,915,656,457,351,456
"2011","Hinckley and Bosworth 006","E02005382","Total",4390,5,63,372,701,1430,1055,378,216,170
"2011","Hinckley and Bosworth 007","E02005383","Total",3908,11,53,233,731,1283,908,355,207,127
"2011","Hinckley and Bosworth 008","E02005384","Total",2646,3,13,65,296,648,612,382,280,347
"2011","Hinckley and Bosworth 009","E02005385","Total",2525,1,14,53,298,510,597,440,346,266
"2011","Hinckley and Bosworth 010","E02005386","Total",3870,7,100,341,773,1082,1006,329,156,76
"2011","Hinckley and Bosworth 011","E02005387","Total",3858,8,46,154,832,1101,962,405,197,153
"2011","Hinckley and Bosworth 012","E02005388","Total",2564,10,80,268,369,743,619,258,133,84
"2011","Hinckley and Bosworth 013","E02005389","Total",2619,2,37,281,361,636,596,298,220,188
"2011","Hinckley and Bosworth 014","E02005390","Total",3774,5,32,137,535,931,764,501,432,437
"2011","Melton 001","E02005391","Total",4087,1,35,148,485,737,806,602,509,764
"2011","Melton 002","E02005392","Total",3815,7,57,123,380,945,1040,565,372,326
"2011","Melton 003","E02005393","Total",3001,2,20,109,407,700,676,370,298,419
"2011","Melton 004","E02005394","Total",3961,18,133,295,792,1111,849,402,205,156
"2011","Melton 005","E02005395","Total",3837,19,76,295,458,1144,861,446,261,277
"2011","Melton 006","E02005396","Total",2789,3,19,71,304,399,557,402,392,642
"2011","North West Leicestershire 001","E02005397","Total",3576,18,57,223,464,895,842,437,300,340
"2011","North West Leicestershire 002","E02005398","Total",2598,0,30,117,333,628,548,325,285,332
"2011","North West Leicestershire 003","E02005399","Total",2752,4,43,227,442,731,440,338,252,275
"2011","North West Leicestershire 004","E02005400","Total",2438,0,20,105,375,708,558,282,215,175
"2011","North West Leicestershire 005","E02005401","Total",2345,3,6,78,179,480,441,339,303,516
"2011","North West Leicestershire 006","E02005402","Total",2498,2,20,140,250,614,523,351,305,293
"2011","North West Leicestershire 007","E02005403","Total",2966,8,28,166,440,885,826,348,154,111
"2011","North West Leicestershire 008","E02005404","Total",3145,2,21,108,459,853,681,437,302,282
"2011","North West Leicestershire 009","E02005405","Total",2828,0,36,220,344,852,714,336,186,140
"2011","North West Leicestershire 010","E02005406","Total",3125,0,41,236,556,956,791,276,165,104
"2011","North West Leicestershire 011","E02005407","Total",3481,4,23,104,325,888,982,547,349,259
"2011","North West Leicestershire 012","E02005408","Total",3074,3,38,127,501,790,607,362,283,363
"2011","North West Leicestershire 013","E02005409","Total",4302,2,32,178,625,1276,1059,501,368,261
"2011","Oadby and Wigston 003","E02005412","Total",3310,3,41,230,470,898,821,407,253,187
"2011","Oadby and Wigston 005","E02005414","Total",3245,18,100,291,599,1028,774,275,105,55
"2011","Oadby and Wigston 006","E02005415","Total",3256,4,45,204,897,1148,646,179,90,43
"2011","Oadby and Wigston 007","E02005416","Total",3613,1,28,93,626,1074,816,476,286,213
"2011","Oadby and Wigston 008","E02006818","Total",3277,4,20,53,291,1138,1039,397,193,142
"2011","Oadby and Wigston 009","E02006911","Total",4638,2,12,101,506,852,865,852,641,807
"2011","Boston 001","E02005417","Total",2935,1,15,68,396,730,739,428,284,274
"2011","Boston 002","E02005418","Total",4119,32,169,596,972,1265,649,231,107,98
"2011","Boston 003","E02005419","Total",3591,40,266,586,662,738,714,317,169,99
"2011","Boston 004","E02005420","Total",3623,8,55,361,837,1138,795,249,114,66
"2011","Boston 006","E02005422","Total",2569,4,19,64,357,633,564,366,247,315
"2011","Boston 007","E02005423","Total",4106,21,69,223,728,1030,830,537,324,344
"2011","Boston 008","E02006864","Total",3361,5,24,54,456,781,839,521,366,315
"2011","Boston 009","E02006865","Total",2987,0,13,86,328,833,788,434,298,207
"2011","East Lindsey 001","E02005424","Total",4281,3,25,83,560,1037,939,647,480,507
"2011","East Lindsey 002","E02005425","Total",2688,3,23,78,319,578,589,456,273,369
"2011","East Lindsey 003","E02005426","Total",4151,7,37,267,894,1106,896,446,238,260
"2011","East Lindsey 004","E02005427","Total",3379,6,73,329,890,715,568,318,229,251
"2011","East Lindsey 005","E02005428","Total",3686,6,43,250,1029,915,612,393,228,210
"2011","East Lindsey 006","E02005429","Total",3244,0,55,235,806,956,605,314,150,123
"2011","East Lindsey 007","E02005430","Total",3059,5,23,88,423,626,649,454,303,488
"2011","East Lindsey 008","E02005431","Total",3643,4,17,138,636,827,806,493,331,391
"2011","East Lindsey 009","E02005432","Total",3303,0,9,58,317,664,697,513,425,620
"2011","East Lindsey 010","E02005433","Total",3259,3,52,260,999,892,542,267,121,123
"2011","East Lindsey 011","E02005434","Total",3291,10,66,220,740,810,656,358,209,222
"2011","East Lindsey 012","E02005435","Total",3292,5,61,301,981,754,632,294,146,118
"2011","East Lindsey 013","E02005436","Total",3454,4,38,129,740,912,748,394,259,230
"2011","East Lindsey 014","E02005437","Total",2695,49,223,539,601,375,335,242,168,163
"2011","East Lindsey 015","E02005438","Total",3016,13,64,244,892,749,556,256,131,111
"2011","East Lindsey 016","E02005439","Total",4599,2,37,184,791,1172,987,633,383,410
"2011","East Lindsey 017","E02005440","Total",2272,5,32,90,410,534,499,327,174,201
"2011","East Lindsey 018","E02005441","Total",3578,2,19,54,424,758,827,609,414,471
"2011","Lincoln 001","E02005442","Total",2710,13,44,559,859,715,330,101,48,41
"2011","Lincoln 002","E02005443","Total",3177,6,68,447,884,713,504,272,187,96
"2011","Lincoln 003","E02005444","Total",5257,11,94,553,771,1145,1228,663,425,367
"2011","Lincoln 004","E02005445","Total",4806,47,174,717,906,1208,1122,346,160,126
"2011","Lincoln 005","E02005446","Total",2840,44,194,543,538,487,468,246,181,139
"2011","Lincoln 006","E02005447","Total",3202,26,186,568,498,766,797,234,82,45
"2011","Lincoln 007","E02005448","Total",3126,7,47,370,1018,911,432,180,106,55
"2011","Lincoln 008","E02005449","Total",2891,11,63,214,425,704,883,343,152,96
"2011","Lincoln 009","E02005450","Total",3708,1,31,124,730,980,772,460,325,285
"2011","Lincoln 010","E02005451","Total",3421,9,73,665,883,839,645,192,69,46
"2011","Lincoln 011","E02005452","Total",4687,7,33,250,634,1366,1195,619,369,214
"2011","North Kesteven 001","E02005453","Total",4569,2,12,71,512,1173,1080,671,486,562
"2011","North Kesteven 003","E02005455","Total",5113,0,37,170,660,1211,1003,768,557,707
"2011","North Kesteven 004","E02005456","Total",4023,4,36,151,821,1174,839,475,274,249
"2011","North Kesteven 005","E02005457","Total",3565,1,9,95,595,990,712,454,352,357
"2011","North Kesteven 006","E02005458","Total",2764,5,15,94,309,539,565,395,347,495
"2011","North Kesteven 007","E02005459","Total",3420,2,21,139,517,926,709,418,319,369
"2011","North Kesteven 008","E02005460","Total",2387,1,6,29,334,626,655,314,191,231
"2011","North Kesteven 009","E02005461","Total",2817,0,14,62,450,601,534,392,311,453
"2011","North Kesteven 010","E02005462","Total",4123,8,102,303,906,1165,822,366,244,207
"2011","North Kesteven 011","E02005463","Total",3530,2,14,91,551,646,677,543,509,497
"2011","North Kesteven 012","E02005464","Total",3591,1,20,73,516,762,699,550,450,520
"2011","North Kesteven 013","E02006866","Total",2792,3,34,120,543,812,521,307,227,225
"2011","North Kesteven 014","E02006867","Total",3278,17,19,87,516,895,818,478,270,178
"2011","South Holland 001","E02005465","Total",3523,1,16,102,494,799,766,571,355,419
"2011","South Holland 002","E02005466","Total",2699,1,15,31,291,682,672,498,255,254
"2011","South Holland 003","E02005467","Total",3209,11,38,174,711,821,685,400,193,176
"2011","South Holland 004","E02005468","Total",3084,0,14,68,355,691,678,498,325,455
"2011","South Holland 005","E02005469","Total",3079,4,18,106,430,617,737,512,308,347
"2011","South Holland 006","E02005470","Total",4483,25,127,413,909,862,831,529,405,382
"2011","South Holland 007","E02005471","Total",3857,27,79,375,749,923,794,408,273,229
"2011","South Holland 008","E02005472","Total",4314,9,43,240,786,1172,924,535,325,280
"2011","South Holland 009","E02005473","Total",3767,4,29,202,628,1009,917,425,304,249
"2011","South Holland 010","E02005474","Total",2726,0,7,47,340,591,667,465,303,306
"2011","South Holland 011","E02005475","Total",2523,1,21,71,279,495,548,417,341,350
"2011","South Kesteven 001","E02005476","Total",3017,4,10,48,356,521,534,440,426,678
"2011","South Kesteven 002","E02005477","Total",3798,1,18,109,547,677,623,524,450,849
"2011","South Kesteven 003","E02005478","Total",4339,10,63,229,681,979,1179,582,327,289
"2011","South Kesteven 004","E02005479","Total",3558,19,70,241,573,671,675,440,416,453
"2011","South Kesteven 005","E02005480","Total",2861,4,20,81,538,1160,749,206,60,43
"2011","South Kesteven 006","E02005481","Total",4985,29,178,502,1031,1097,1209,523,241,175
"2011","South Kesteven 007","E02005482","Total",4092,3,14,81,552,891,846,582,475,648
"2011","South Kesteven 008","E02005483","Total",3224,3,20,99,369,591,670,449,394,629
"2011","South Kesteven 009","E02005484","Total",3030,1,31,57,519,675,603,380,317,447
"2011","South Kesteven 010","E02005485","Total",2531,3,8,68,313,557,629,443,288,222
"2011","South Kesteven 011","E02005486","Total",3580,8,53,211,734,707,680,465,364,358
"2011","South Kesteven 012","E02005487","Total",3664,1,16,59,316,603,612,540,565,952
"2011","South Kesteven 013","E02005488","Total",2686,4,16,136,445,544,472,349,349,371
"2011","South Kesteven 014","E02005489","Total",2985,2,16,134,434,658,635,514,337,255
"2011","South Kesteven 015","E02005490","Total",4046,13,34,311,656,1189,1033,430,234,146
"2011","South Kesteven 016","E02005491","Total",4948,26,119,448,842,1083,1019,625,394,392
"2011","West Lindsey 001","E02005492","Total",4067,1,26,110,609,869,855,545,418,634
"2011","West Lindsey 002","E02005493","Total",3881,1,26,106,416,780,1006,566,470,510
"2011","West Lindsey 003","E02005494","Total",4130,2,36,188,721,876,793,574,412,528
"2011","West Lindsey 004","E02005495","Total",4499,7,62,390,715,1348,1235,425,184,133
"2011","West Lindsey 005","E02005496","Total",2685,3,13,63,362,505,555,405,312,467
"2011","West Lindsey 006","E02005497","Total",2981,0,19,276,684,1005,580,232,117,68
"2011","West Lindsey 007","E02005498","Total",3152,1,10,99,485,650,606,456,338,507
"2011","West Lindsey 008","E02005499","Total",3317,0,8,79,434,716,619,458,408,595
"2011","West Lindsey 009","E02005500","Total",2867,2,4,72,451,734,559,392,305,348
"2011","West Lindsey 010","E02005501","Total",3112,1,16,74,272,650,676,480,421,522
"2011","West Lindsey 011","E02005502","Total",3694,0,17,126,604,932,761,501,380,373
"2011","Corby 001","E02005612","Total",2744,8,35,244,346,777,613,316,206,199
"2011","Corby 002","E02005613","Total",3712,7,45,303,700,1254,973,278,112,40
"2011","Corby 003","E02005614","Total",2907,4,61,203,693,831,550,236,132,197
"2011","Corby 004","E02005615","Total",3699,17,59,207,508,1376,999,359,125,49
"2011","Corby 005","E02005616","Total",2221,12,47,186,467,715,504,188,74,28
"2011","Corby 006","E02005617","Total",4051,13,94,382,495,1401,1027,393,170,76
"2011","Corby 008","E02006862","Total",2499,6,13,131,226,818,600,308,213,184
"2011","Corby 009","E02006863","Total",3382,4,18,123,549,883,653,575,362,215
"2011","Daventry 001","E02005619","Total",2348,3,10,53,235,350,409,349,354,585
"2011","Daventry 002","E02005620","Total",3094,3,15,79,302,573,580,462,447,633
"2011","Daventry 003","E02005621","Total",2883,1,17,95,302,564,577,489,372,466
"2011","Daventry 004","E02005622","Total",3551,5,30,87,376,556,593,535,523,846
"2011","Daventry 005","E02005623","Total",3316,5,22,122,463,655,586,476,414,573
"2011","Daventry 006","E02005624","Total",3702,4,45,184,747,766,642,528,410,376
"2011","Daventry 007","E02005625","Total",3909,5,129,374,801,974,764,446,244,172
"2011","Daventry 008","E02005626","Total",2734,25,73,246,515,1090,431,198,81,75
"2011","Daventry 009","E02005627","Total",2955,6,50,217,451,587,540,403,304,397
"2011","Daventry 010","E02005628","Total",3155,12,40,118,381,555,672,518,381,478
"2011","East Northamptonshire 001","E02005629","Total",2398,2,13,68,287,432,448,330,319,499
"2011","East Northamptonshire 002","E02005630","Total",3798,5,37,167,544,640,595,513,488,809
"2011","East Northamptonshire 003","E02005631","Total",4064,3,41,182,521,823,789,577,511,617
"2011","East Northamptonshire 004","E02005632","Total",2464,6,17,92,308,505,438,356,330,412
"2011","East Northamptonshire 005","E02005633","Total",3555,1,37,177,539,1097,780,422,274,228
"2011","East Northamptonshire 006","E02005634","Total",3568,10,61,237,652,970,785,442,231,180
"2011","East Northamptonshire 007","E02005635","Total",3511,2,27,163,442,860,830,468,391,328
"2011","East Northamptonshire 008","E02005636","Total",4554,4,40,173,605,1570,1164,489,256,253
"2011","East Northamptonshire 009","E02005637","Total",3869,21,122,531,898,1041,739,282,127,108
"2011","East Northamptonshire 010","E02005638","Total",3881,0,13,78,432,1013,839,628,489,389
"2011","Kettering 001","E02005639","Total",2246,3,11,67,262,351,433,347,281,491
"2011","Kettering 002","E02005640","Total",4390,2,41,200,662,1092,1054,559,445,335
"2011","Kettering 003","E02005641","Total",3366,2,69,285,590,909,745,371,241,154
"2011","Kettering 004","E02005642","Total",3277,4,17,112,412,865,750,481,372,264
"2011","Kettering 005","E02005643","Total",3420,7,54,327,1077,1019,641,189,70,36
"2011","Kettering 006","E02005644","Total",3645,33,157,352,868,1183,666,226,96,64
"2011","Kettering 007","E02005645","Total",5081,26,187,949,983,965,822,467,332,350
"2011","Kettering 008","E02005646","Total",2700,4,16,49,345,908,782,355,144,97
"2011","Kettering 009","E02005647","Total",3145,19,50,300,712,870,628,290,147,129
"2011","Kettering 010","E02005648","Total",2897,1,26,51,320,643,630,496,379,351
"2011","Kettering 011","E02005649","Total",5534,1,22,302,800,1410,1125,700,567,607
"2011","Northampton 001","E02005650","Total",2373,8,30,155,340,750,576,297,142,75
"2011","Northampton 002","E02005651","Total",2744,2,9,81,566,868,624,296,190,108
"2011","Northampton 003","E02005652","Total",2609,3,33,182,495,795,560,299,147,95
"2011","Northampton 004","E02005653","Total",3162,28,121,277,665,1000,566,288,158,59
"2011","Northampton 005","E02005654","Total",3228,17,48,282,701,1136,489,248,156,151
"2011","Northampton 006","E02005655","Total",2560,7,27,183,385,709,641,316,175,117
"2011","Northampton 007","E02005656","Total",2286,8,67,278,327,1026,318,120,105,37
"2011","Northampton 008","E02005657","Total",2784,32,55,220,580,724,512,311,207,143
"2011","Northampton 009","E02005658","Total",2569,9,45,328,718,788,429,135,72,45
"2011","Northampton 010","E02005659","Total",2247,5,31,164,327,665,626,257,125,47
"2011","Northampton 011","E02005660","Total",2294,27,31,304,438,662,404,209,125,94
"2011","Northampton 012","E02005661","Total",2534,21,61,266,416,772,639,208,77,74
"2011","Northampton 013","E02005662","Total",2772,24,83,168,522,694,703,296,173,109
"2011","Northampton 014","E02005663","Total",2348,6,94,97,459,496,418,342,285,151
"2011","Northampton 015","E02005664","Total",2493,12,77,366,564,685,390,170,101,128
"2011","Northampton 016","E02005665","Total",3003,9,44,205,474,783,492,384,341,271
"2011","Northampton 017","E02005666","Total",3330,43,118,525,1052,858,504,144,57,29
"2011","Northampton 018","E02005667","Total",2676,5,55,317,623,761,410,240,144,121
"2011","Northampton 019","E02005668","Total",2598,2,18,82,393,826,655,296,191,135
"2011","Northampton 020","E02005669","Total",2251,0,5,47,122,369,423,430,365,490
"2011","Northampton 021","E02005670","Total",4056,133,379,1286,1160,670,238,78,52,60
"2011","Northampton 022","E02005671","Total",3102,19,138,333,517,795,730,343,143,84
"2011","Northampton 023","E02005672","Total",3292,70,306,663,771,814,395,138,79,56
"2011","Northampton 024","E02005673","Total",3249,30,154,444,888,845,556,184,77,71
"2011","Northampton 025","E02005674","Total",3341,36,223,811,889,593,324,205,144,116
"2011","Northampton 026","E02005675","Total",2340,6,47,225,540,723,421,196,126,56
"2011","Northampton 027","E02005676","Total",2389,5,48,201,380,699,654,260,88,54
"2011","Northampton 028","E02005677","Total",3601,11,139,361,862,865,648,289,226,200
"2011","Northampton 029","E02005678","Total",3986,5,100,339,640,701,507,555,515,624
"2011","Northampton 030","E02005679","Total",3565,16,84,113,672,621,648,567,465,379
"2011","Northampton 031","E02005680","Total",2949,9,15,35,256,519,445,479,542,649
"2011","South Northamptonshire 001","E02005681","Total",3286,0,20,48,391,755,739,466,384,483
"2011","South Northamptonshire 002","E02005682","Total",2673,1,7,47,333,531,524,447,336,447
"2011","South Northamptonshire 003","E02005683","Total",5212,5,38,155,803,1150,1026,735,581,719
"2011","South Northamptonshire 004","E02005684","Total",3311,3,35,92,430,530,518,524,495,684
"2011","South Northamptonshire 005","E02005685","Total",3408,7,58,249,573,869,592,398,315,347
"2011","South Northamptonshire 006","E02005686","Total",3037,1,30,87,371,629,649,424,374,472
"2011","South Northamptonshire 007","E02005687","Total",2356,2,12,52,247,358,423,339,345,578
"2011","South Northamptonshire 008","E02005688","Total",3453,7,21,116,449,802,701,493,411,453
"2011","South Northamptonshire 009","E02005689","Total",2951,0,40,89,340,619,533,483,436,411
"2011","South Northamptonshire 010","E02005690","Total",2363,21,78,290,446,596,374,256,155,147
"2011","South Northamptonshire 011","E02005691","Total",2667,4,29,90,393,570,504,347,285,445
"2011","Wellingborough 001","E02005692","Total",2981,5,64,188,526,757,574,317,236,314
"2011","Wellingborough 002","E02005693","Total",3276,6,26,259,325,1100,725,358,258,219
"2011","Wellingborough 003","E02005694","Total",3059,3,14,111,252,696,689,546,468,280
"2011","Wellingborough 004","E02005695","Total",3248,23,161,460,700,906,659,189,86,64
"2011","Wellingborough 005","E02005696","Total",2458,5,49,182,397,1127,510,123,41,24
"2011","Wellingborough 006","E02005697","Total",2964,22,181,589,614,643,527,193,111,84
"2011","Wellingborough 007","E02005698","Total",2368,3,12,171,300,946,523,215,128,70
"2011","Wellingborough 008","E02005699","Total",3164,3,30,188,621,985,692,313,175,157
"2011","Wellingborough 009","E02005700","Total",3860,2,26,182,545,916,836,517,388,448
"2011","Wellingborough 010","E02005701","Total",4679,2,39,230,698,1284,1062,561,367,436
"2011","Ashfield 001","E02005819","Total",2668,5,23,147,373,972,709,228,101,110
"2011","Ashfield 002","E02005820","Total",2513,7,26,83,407,910,687,226,113,54
"2011","Ashfield 003","E02005821","Total",2795,6,47,299,412,979,692,206,103,51
"2011","Ashfield 004","E02005822","Total",3974,14,66,306,528,1319,1194,344,119,84
"2011","Ashfield 005","E02005823","Total",3214,11,75,352,779,963,766,168,59,41
"2011","Ashfield 006","E02005824","Total",4097,3,26,131,508,1419,1108,462,278,162
"2011","Ashfield 007","E02005825","Total",3241,1,21,129,403,1196,845,310,147,189
"2011","Ashfield 008","E02005826","Total",2602,15,51,256,447,933,684,144,45,27
"2011","Ashfield 009","E02005827","Total",3453,0,18,101,532,1002,907,479,274,140
"2011","Ashfield 010","E02005828","Total",3116,0,16,66,597,1067,804,305,148,113
"2011","Ashfield 011","E02005829","Total",2785,2,13,84,453,865,756,290,192,130
"2011","Ashfield 012","E02005830","Total",2642,3,21,64,464,903,637,272,163,115
"2011","Ashfield 013","E02005831","Total",3686,6,58,212,764,1072,815,402,227,130
"2011","Ashfield 014","E02005832","Total",4034,17,83,450,708,1231,1011,347,115,72
"2011","Ashfield 015","E02005833","Total",3041,3,10,70,466,960,802,386,210,134
"2011","Ashfield 016","E02005834","Total",3070,0,33,260,647,1162,654,205,60,49
"2011","Bassetlaw 001","E02005835","Total",4289,7,45,314,531,1530,986,405,281,190
"2011","Bassetlaw 002","E02005836","Total",3809,1,27,92,416,794,838,571,463,607
"2011","Bassetlaw 003","E02005837","Total",2825,4,28,60,278,557,591,436,331,540
"2011","Bassetlaw 004","E02005838","Total",3495,4,28,221,404,1233,851,372,218,164
"2011","Bassetlaw 005","E02005839","Total",2793,3,40,246,513,803,676,267,125,120
"2011","Bassetlaw 006","E02005840","Total",3501,1,16,72,377,963,943,441,390,298
"2011","Bassetlaw 008","E02005842","Total",3756,7,49,237,552,971,951,421,283,285
"2011","Bassetlaw 009","E02005843","Total",2662,5,46,185,400,661,567,325,290,183
"2011","Bassetlaw 010","E02005844","Total",3411,14,69,295,647,820,792,373,222,179
"2011","Bassetlaw 012","E02005846","Total",2835,39,97,308,600,980,534,161,68,48
"2011","Bassetlaw 013","E02005847","Total",2921,6,72,142,549,712,621,329,256,234
"2011","Bassetlaw 014","E02005848","Total",2751,2,21,73,311,784,733,357,238,232
"2011","Bassetlaw 015","E02005849","Total",3662,2,24,106,452,803,778,511,408,578
"2011","Bassetlaw 016","E02006903","Total",4957,19,126,360,930,1421,1212,486,252,151
"2011","Broxtowe 001","E02005850","Total",2942,2,11,66,424,1059,823,294,169,94
"2011","Broxtowe 002","E02005851","Total",2614,4,58,309,480,905,559,199,61,39
"2011","Broxtowe 003","E02005852","Total",3426,1,19,101,618,1030,861,394,245,157
"2011","Broxtowe 004","E02005853","Total",3876,7,42,263,647,924,839,593,328,233
"2011","Broxtowe 007","E02005856","Total",3104,0,20,111,288,595,773,544,394,379
"2011","Broxtowe 008","E02005857","Total",2666,5,21,167,470,961,741,204,65,32
"2011","Broxtowe 009","E02005858","Total",3085,7,67,165,466,843,820,390,207,120
"2011","Broxtowe 010","E02005859","Total",3853,2,51,251,667,1403,834,343,188,114
"2011","Broxtowe 011","E02005860","Total",3809,8,172,680,702,892,780,288,144,143
"2011","Broxtowe 012","E02005861","Total",2453,15,52,188,505,876,552,160,70,35
"2011","Broxtowe 013","E02005862","Total",3356,4,38,227,638,1160,783,301,132,73
"2011","Broxtowe 014","E02005863","Total",3132,2,34,165,378,847,796,442,244,224
"2011","Broxtowe 015","E02005864","Total",3350,1,38,140,431,859,761,536,371,213
"2011","Broxtowe 016","E02006906","Total",5154,2,17,142,735,1411,1207,741,479,420
"2011","Gedling 001","E02005865","Total",3414,0,16,67,308,723,687,541,458,614
"2011","Gedling 002","E02005866","Total",3873,13,95,154,575,1010,894,494,324,314
"2011","Gedling 004","E02005868","Total",2798,1,23,153,577,835,653,285,159,112
"2011","Gedling 005","E02005869","Total",2446,5,18,284,312,949,584,188,68,38
"2011","Gedling 006","E02005870","Total",2957,4,78,281,511,1063,707,205,75,33
"2011","Gedling 007","E02005871","Total",3153,2,20,173,601,978,727,333,170,149
"2011","Gedling 008","E02005872","Total",2512,5,22,80,371,476,555,343,298,362
"2011","Gedling 009","E02005873","Total",4272,1,60,182,626,742,1087,729,481,364
"2011","Gedling 010","E02005874","Total",3708,53,105,151,379,978,1108,493,276,165
"2011","Gedling 011","E02005875","Total",2983,2,9,95,374,1290,760,275,112,66
"2011","Gedling 012","E02005876","Total",3700,6,33,178,411,1185,983,458,248,198
"2011","Gedling 013","E02005877","Total",3169,4,17,161,500,1181,774,320,138,74
"2011","Gedling 014","E02005878","Total",4393,1,142,452,895,1224,934,425,208,112
"2011","Gedling 015","E02005879","Total",3451,8,33,288,775,1179,717,213,133,105
"2011","Gedling 016","E02006835","Total",2520,6,48,143,460,755,473,306,168,161
"2011","Mansfield 001","E02005880","Total",2527,4,26,111,253,942,779,250,103,59
"2011","Mansfield 002","E02005881","Total",2408,3,27,149,388,698,765,230,92,56
"2011","Mansfield 003","E02005882","Total",3355,1,14,100,560,1134,809,377,214,146
"2011","Mansfield 004","E02005883","Total",3347,10,45,390,568,1135,747,271,115,66
"2011","Mansfield 005","E02005884","Total",2653,3,34,146,488,831,659,241,134,117
"2011","Mansfield 006","E02005885","Total",3577,6,37,384,468,1255,926,304,133,64
"2011","Mansfield 007","E02005886","Total",4231,0,12,145,525,1469,1092,481,296,211
"2011","Mansfield 008","E02005887","Total",4048,32,142,420,765,1349,890,244,105,101
"2011","Mansfield 009","E02005888","Total",3726,19,116,683,961,1020,595,169,95,68
"2011","Mansfield 010","E02005889","Total",4406,21,33,223,782,1429,1363,347,140,68
"2011","Mansfield 011","E02005890","Total",2790,1,7,41,332,939,861,335,157,117
"2011","Mansfield 012","E02005891","Total",2839,4,57,517,568,751,438,250,142,112
"2011","Mansfield 013","E02005892","Total",5021,2,20,149,547,1175,1328,820,523,457
"2011","Newark and Sherwood 001","E02005893","Total",4277,4,49,309,577,1542,1181,377,136,102
"2011","Newark and Sherwood 002","E02005894","Total",4095,4,38,137,540,1200,1070,468,332,306
"2011","Newark and Sherwood 003","E02005895","Total",3356,0,10,92,362,569,669,532,468,654
"2011","Newark and Sherwood 004","E02005896","Total",3156,3,10,79,359,633,616,514,378,564
"2011","Newark and Sherwood 005","E02005897","Total",3652,2,22,101,422,971,667,509,383,575
"2011","Newark and Sherwood 006","E02005898","Total",4555,6,29,167,823,1646,1139,408,202,135
"2011","Newark and Sherwood 007","E02005899","Total",4955,43,145,659,1026,1333,1108,353,170,118
"2011","Newark and Sherwood 008","E02005900","Total",3069,1,49,190,394,586,546,441,380,482
"2011","Newark and Sherwood 009","E02005901","Total",3827,9,72,184,549,1034,953,433,312,281
"2011","Newark and Sherwood 010","E02005902","Total",3602,8,65,259,595,1033,903,435,185,119
"2011","Newark and Sherwood 011","E02005903","Total",4303,3,25,181,765,1180,1113,516,278,242
"2011","Newark and Sherwood 012","E02005904","Total",3466,2,41,130,467,600,645,484,416,681
"2011","Newark and Sherwood 013","E02005905","Total",2460,2,9,66,223,335,426,397,358,644
"2011","Rushcliffe 001","E02005906","Total",2615,1,6,67,300,468,459,391,381,542
"2011","Rushcliffe 002","E02005907","Total",3889,6,29,148,779,878,759,571,367,352
"2011","Rushcliffe 003","E02005908","Total",3840,9,22,215,533,818,810,544,400,489
"2011","Rushcliffe 004","E02005909","Total",3229,17,57,207,337,429,881,698,390,213
"2011","Rushcliffe 005","E02005910","Total",3821,53,202,677,610,517,552,428,418,364
"2011","Rushcliffe 006","E02005911","Total",3501,3,17,169,632,593,498,551,483,555
"2011","Rushcliffe 007","E02005912","Total",3627,4,20,238,542,631,677,573,461,481
"2011","Rushcliffe 008","E02005913","Total",2764,3,6,116,388,446,488,389,393,535
"2011","Rushcliffe 009","E02005914","Total",2928,2,6,127,397,1079,753,310,131,123
"2011","Rushcliffe 010","E02005915","Total",2397,1,6,46,283,469,456,352,325,459
"2011","Rushcliffe 011","E02005916","Total",3146,3,28,149,520,825,772,363,222,264
"2011","Rushcliffe 012","E02005917","Total",2378,1,11,19,199,376,450,414,392,516
"2011","Rushcliffe 013","E02005918","Total",2260,6,4,55,334,673,508,315,193,172
"2011","Rushcliffe 014","E02005919","Total",2425,14,11,63,294,557,615,339,242,290
"2011","Rushcliffe 015","E02005920","Total",3015,0,21,75,302,592,547,486,405,587
"2011","Herefordshire 001","E02002905","Total",2650,4,14,64,291,567,538,375,321,476
"2011","Herefordshire 002","E02002906","Total",2497,2,47,174,543,789,420,244,154,124
"2011","Herefordshire 003","E02002907","Total",2687,7,72,327,575,575,497,283,157,194
"2011","Herefordshire 004","E02002908","Total",3635,15,31,107,378,663,727,609,472,633
"2011","Herefordshire 005","E02002909","Total",4444,6,67,323,647,851,846,616,438,650
"2011","Herefordshire 006","E02002910","Total",3420,11,41,163,463,708,676,492,338,528
"2011","Herefordshire 007","E02002911","Total",3790,1,26,158,418,662,809,615,472,629
"2011","Herefordshire 008","E02002912","Total",2763,2,27,129,274,466,551,419,413,482
"2011","Herefordshire 009","E02002913","Total",2399,5,29,107,241,378,433,367,353,486
"2011","Herefordshire 010","E02002914","Total",4010,35,131,451,841,891,743,465,265,188
"2011","Herefordshire 011","E02002915","Total",2832,8,76,177,301,528,598,427,362,355
"2011","Herefordshire 012","E02002916","Total",4424,67,274,711,960,1051,687,369,177,128
"2011","Herefordshire 013","E02002917","Total",3032,47,71,278,456,764,717,362,197,140
"2011","Herefordshire 014","E02002918","Total",2422,2,38,100,164,466,607,476,288,281
"2011","Herefordshire 015","E02002919","Total",3855,8,97,416,735,1065,903,375,151,105
"2011","Herefordshire 016","E02002920","Total",2741,2,87,141,441,523,509,389,331,318
"2011","Herefordshire 017","E02002921","Total",3176,9,45,343,838,1100,600,149,64,28
"2011","Herefordshire 018","E02002922","Total",2601,8,32,134,277,423,466,393,321,547
"2011","Herefordshire 019","E02002923","Total",4315,16,72,300,968,1011,793,469,310,376
"2011","Herefordshire 020","E02002924","Total",2573,3,19,98,292,487,484,391,337,462
"2011","Herefordshire 021","E02002925","Total",4433,16,59,207,525,810,837,665,542,772
"2011","Herefordshire 022","E02002926","Total",4784,16,132,608,931,979,907,552,348,311
"2011","Herefordshire 023","E02002927","Total",4836,10,76,187,566,712,802,731,669,1083
"2011","Shropshire 025","E02006008","Total",3316,4,55,207,645,740,654,442,270,299
"2011","Shropshire 027","E02006009","Total",2717,2,19,81,452,569,756,372,232,234
"2011","Shropshire 029","E02006010","Total",4799,4,55,324,784,977,1033,615,446,561
"2011","Shropshire 031","E02006011","Total",2683,8,67,273,479,545,522,318,207,264
"2011","Shropshire 033","E02006012","Total",2818,7,60,215,566,650,611,319,206,184
"2011","Shropshire 034","E02006013","Total",3195,2,15,110,426,596,662,463,389,532
"2011","Shropshire 035","E02006014","Total",3832,7,34,132,713,843,838,468,332,465
"2011","Shropshire 001","E02006015","Total",4282,7,65,420,817,997,845,449,329,353
"2011","Shropshire 002","E02006016","Total",3019,7,16,96,251,509,579,532,400,629
"2011","Shropshire 004","E02006017","Total",3098,4,38,158,444,645,592,411,356,450
"2011","Shropshire 005","E02006018","Total",5144,18,102,401,942,1265,962,658,421,375
"2011","Shropshire 008","E02006019","Total",2626,8,51,221,574,700,429,255,205,183
"2011","Shropshire 009","E02006020","Total",2422,2,11,62,267,500,453,369,308,450
"2011","Shropshire 010","E02006021","Total",3015,2,15,60,229,431,589,499,448,742
"2011","Shropshire 013","E02006022","Total",2275,0,21,55,226,427,539,359,277,371
"2011","Shropshire 003","E02006023","Total",3829,12,30,151,645,916,861,511,323,380
"2011","Shropshire 006","E02006024","Total",4098,2,41,217,927,1174,920,456,224,137
"2011","Shropshire 007","E02006025","Total",4205,7,99,446,880,860,699,458,350,406
"2011","Shropshire 011","E02006026","Total",2785,3,17,56,382,522,523,399,384,499
"2011","Shropshire 012","E02006027","Total",2188,0,8,43,210,399,458,363,308,399
"2011","Shropshire 014","E02006028","Total",3661,5,38,162,417,639,779,555,449,617
"2011","Shropshire 015","E02006029","Total",3316,3,28,270,321,1156,958,367,148,65
"2011","Shropshire 016","E02006030","Total",2904,1,10,120,408,766,969,369,174,87
"2011","Shropshire 017","E02006031","Total",3471,14,191,390,833,948,533,242,186,134
"2011","Shropshire 018","E02006032","Total",3695,11,50,323,503,864,1038,505,231,170
"2011","Shropshire 019","E02006033","Total",3889,59,349,625,817,484,598,396,240,321
"2011","Shropshire 020","E02006034","Total",3746,33,126,309,599,565,639,527,469,479
"2011","Shropshire 021","E02006035","Total",2553,5,49,144,265,474,644,429,287,256
"2011","Shropshire 022","E02006036","Total",2969,13,93,314,606,670,601,301,202,169
"2011","Shropshire 023","E02006037","Total",3999,7,84,222,454,681,1035,642,429,445
"2011","Shropshire 024","E02006038","Total",3223,1,27,132,316,634,786,539,371,417
"2011","Shropshire 026","E02006039","Total",3239,0,18,176,467,578,614,479,395,512
"2011","Shropshire 028","E02006040","Total",2981,2,22,113,331,454,556,433,396,674
"2011","Shropshire 030","E02006041","Total",2472,7,18,94,340,469,517,388,272,367
"2011","Shropshire 032","E02006042","Total",2647,5,19,167,394,459,517,356,289,441
"2011","Shropshire 036","E02006043","Total",2946,6,29,143,379,666,611,378,293,441
"2011","Shropshire 037","E02006044","Total",2750,8,32,96,314,516,556,431,341,456
"2011","Shropshire 038","E02006045","Total",5173,25,108,465,1125,1326,936,509,336,343
"2011","Shropshire 039","E02006046","Total",3694,13,35,163,563,774,694,492,443,517
"2011","Stoke-on-Trent 001","E02002951","Total",3204,10,14,177,665,1001,701,282,234,120
"2011","Stoke-on-Trent 002","E02002952","Total",2837,30,44,196,626,1107,516,179,93,46
"2011","Stoke-on-Trent 003","E02002953","Total",3090,7,38,285,651,1209,630,188,52,30
"2011","Stoke-on-Trent 004","E02002954","Total",3619,3,28,224,938,1277,813,183,92,61
"2011","Stoke-on-Trent 005","E02002955","Total",3012,7,80,296,660,1083,542,175,96,73
"2011","Stoke-on-Trent 006","E02002956","Total",3855,2,39,183,884,1477,873,236,115,46
"2011","Stoke-on-Trent 007","E02002957","Total",4274,0,20,182,802,1376,1022,483,214,175
"2011","Stoke-on-Trent 008","E02002958","Total",3568,4,35,362,812,1137,814,241,96,67
"2011","Stoke-on-Trent 009","E02002959","Total",3665,18,177,517,869,1251,579,152,51,51
"2011","Stoke-on-Trent 010","E02002960","Total",2459,2,18,126,464,792,676,219,101,61
"2011","Stoke-on-Trent 011","E02002961","Total",2857,12,74,313,636,1034,538,148,58,44
"2011","Stoke-on-Trent 012","E02002962","Total",3004,3,33,251,1002,1082,428,135,42,28
"2011","Stoke-on-Trent 013","E02002963","Total",3559,28,79,443,904,1449,451,123,50,32
"2011","Stoke-on-Trent 014","E02002964","Total",3846,7,34,332,836,1472,807,223,78,57
"2011","Stoke-on-Trent 015","E02002965","Total",2719,45,126,335,609,932,382,161,70,59
"2011","Stoke-on-Trent 016","E02002966","Total",3900,55,301,637,877,1162,538,198,96,36
"2011","Stoke-on-Trent 017","E02002967","Total",4212,3,42,448,1223,1327,921,171,50,27
"2011","Stoke-on-Trent 018","E02002968","Total",3980,5,121,310,764,1234,941,349,150,106
"2011","Stoke-on-Trent 019","E02002969","Total",4125,34,81,480,1007,1504,657,218,72,72
"2011","Stoke-on-Trent 020","E02002970","Total",3861,15,75,351,1059,1578,562,148,49,24
"2011","Stoke-on-Trent 021","E02002971","Total",2262,0,13,101,557,991,468,81,33,18
"2011","Stoke-on-Trent 022","E02002972","Total",2844,6,43,370,755,1002,499,106,29,34
"2011","Stoke-on-Trent 023","E02002973","Total",3496,4,43,251,783,1244,782,226,91,72
"2011","Stoke-on-Trent 024","E02002974","Total",2415,1,13,68,512,793,656,245,85,42
"2011","Stoke-on-Trent 025","E02002975","Total",3136,0,30,85,709,1196,721,235,110,50
"2011","Stoke-on-Trent 026","E02002976","Total",2420,1,18,73,337,981,738,183,68,21
"2011","Stoke-on-Trent 027","E02002977","Total",2814,3,57,527,733,863,407,112,65,47
"2011","Stoke-on-Trent 028","E02002978","Total",2793,6,19,219,885,959,528,113,39,25
"2011","Stoke-on-Trent 029","E02002979","Total",2075,3,24,112,446,706,492,158,73,61
"2011","Stoke-on-Trent 030","E02002980","Total",2692,2,18,83,599,804,601,296,176,113
"2011","Stoke-on-Trent 031","E02002981","Total",3238,1,37,208,679,968,591,287,246,221
"2011","Stoke-on-Trent 032","E02002982","Total",3194,5,33,508,666,873,715,199,103,92
"2011","Stoke-on-Trent 033","E02002983","Total",2269,1,5,53,241,602,524,368,272,203
"2011","Stoke-on-Trent 034","E02002984","Total",2281,0,5,44,246,499,551,381,306,249
"2011","Telford and Wrekin 001","E02002928","Total",2365,4,18,143,343,464,433,383,336,241
"2011","Telford and Wrekin 002","E02002929","Total",2135,1,14,39,147,366,427,342,306,493
"2011","Telford and Wrekin 003","E02002930","Total",2388,4,41,189,422,501,567,348,196,120
"2011","Telford and Wrekin 004","E02002931","Total",2472,3,20,84,242,437,446,394,418,428
"2011","Telford and Wrekin 005","E02002932","Total",3417,3,17,241,711,1040,932,294,94,85
"2011","Telford and Wrekin 006","E02002933","Total",3382,2,19,182,501,722,744,489,390,333
"2011","Telford and Wrekin 007","E02002934","Total",2365,4,18,171,404,462,405,315,288,298
"2011","Telford and Wrekin 008","E02002935","Total",2724,3,8,130,424,994,765,267,86,47
"2011","Telford and Wrekin 009","E02002936","Total",3174,5,29,249,520,916,728,377,203,147
"2011","Telford and Wrekin 010","E02002937","Total",4095,13,52,176,500,813,783,555,485,718
"2011","Telford and Wrekin 011","E02002938","Total",2631,11,62,252,478,535,642,253,185,213
"2011","Telford and Wrekin 012","E02002939","Total",2893,19,62,267,557,652,627,372,168,169
"2011","Telford and Wrekin 013","E02002940","Total",2693,3,19,263,740,712,525,224,132,75
"2011","Telford and Wrekin 014","E02002941","Total",4063,15,86,310,893,1163,874,351,228,143
"2011","Telford and Wrekin 015","E02002942","Total",2267,5,18,22,140,240,357,413,469,603
"2011","Telford and Wrekin 016","E02002943","Total",3528,1,46,124,566,897,629,416,408,441
"2011","Telford and Wrekin 017","E02002944","Total",3189,12,45,324,850,1125,478,189,102,64
"2011","Telford and Wrekin 018","E02002945","Total",3588,3,23,263,598,1250,753,325,231,142
"2011","Telford and Wrekin 019","E02002946","Total",3407,10,87,221,862,915,637,327,213,135
"2011","Telford and Wrekin 020","E02002947","Total",2671,1,29,177,338,1083,513,284,154,92
"2011","Telford and Wrekin 021","E02002948","Total",2475,2,26,111,297,1365,418,129,84,43
"2011","Telford and Wrekin 022","E02002949","Total",2429,3,87,274,499,487,483,232,187,177
"2011","Telford and Wrekin 023","E02002950","Total",2257,3,32,152,256,1076,345,149,122,122
"2011","Cannock Chase 001","E02006118","Total",3032,0,7,80,255,815,842,494,306,233
"2011","Cannock Chase 002","E02006119","Total",3481,18,87,412,492,1125,785,294,167,101
"2011","Cannock Chase 003","E02006120","Total",3698,4,56,204,510,1218,931,456,204,115
"2011","Cannock Chase 004","E02006121","Total",2293,1,19,215,450,713,470,223,131,71
"2011","Cannock Chase 005","E02006122","Total",2839,6,77,337,587,754,597,259,149,73
"2011","Cannock Chase 006","E02006123","Total",2616,2,25,191,350,681,514,327,266,260
"2011","Cannock Chase 007","E02006124","Total",2992,2,35,393,707,978,561,207,77,32
"2011","Cannock Chase 008","E02006125","Total",3248,11,71,471,564,1092,638,232,107,62
"2011","Cannock Chase 009","E02006126","Total",3372,3,37,287,503,884,694,444,282,238
"2011","Cannock Chase 010","E02006127","Total",2797,1,13,137,478,479,430,452,474,333
"2011","Cannock Chase 011","E02006128","Total",3745,12,53,384,540,694,802,579,382,299
"2011","Cannock Chase 012","E02006129","Total",3461,16,82,631,775,1015,623,202,76,41
"2011","Cannock Chase 013","E02006130","Total",3090,6,46,210,475,928,736,326,211,152
"2011","East Staffordshire 001","E02006131","Total",3152,1,10,75,419,659,632,434,398,524
"2011","East Staffordshire 002","E02006132","Total",2535,7,50,81,462,825,619,252,132,107
"2011","East Staffordshire 003","E02006133","Total",2942,5,71,234,522,637,532,327,283,331
"2011","East Staffordshire 004","E02006134","Total",3951,8,35,178,544,882,888,549,367,500
"2011","East Staffordshire 005","E02006135","Total",3285,7,31,134,497,721,676,529,399,291
"2011","East Staffordshire 006","E02006136","Total",3208,1,10,85,280,497,573,551,489,722
"2011","East Staffordshire 007","E02006137","Total",3673,17,64,328,535,1143,1052,338,126,70
"2011","East Staffordshire 008","E02006138","Total",2502,7,49,181,586,646,686,174,97,76
"2011","East Staffordshire 009","E02006139","Total",2931,18,122,427,548,738,665,223,108,82
"2011","East Staffordshire 010","E02006140","Total",3430,14,44,223,500,869,897,416,248,219
"2011","East Staffordshire 011","E02006141","Total",4377,40,254,602,729,1121,1097,315,126,93
"2011","East Staffordshire 012","E02006142","Total",2211,5,12,29,277,465,462,333,331,297
"2011","East Staffordshire 013","E02006143","Total",3033,3,38,174,481,712,656,417,322,230
"2011","East Staffordshire 014","E02006144","Total",3636,24,92,446,770,952,925,247,112,68
"2011","East Staffordshire 015","E02006145","Total",2385,7,36,115,231,522,529,359,273,313
"2011","Lichfield 001","E02006146","Total",2896,7,37,142,440,802,581,338,268,281
"2011","Lichfield 002","E02006147","Total",3000,1,8,81,297,542,602,445,422,602
"2011","Lichfield 003","E02006148","Total",2945,3,35,105,242,424,614,494,463,565
"2011","Lichfield 004","E02006149","Total",4590,19,101,754,1097,1053,732,324,213,297
"2011","Lichfield 005","E02006150","Total",4902,12,34,263,631,1006,929,776,629,622
"2011","Lichfield 006","E02006151","Total",3693,13,45,283,624,1057,766,435,283,187
"2011","Lichfield 007","E02006152","Total",4268,9,46,305,699,919,840,559,446,445
"2011","Lichfield 008","E02006153","Total",2767,1,13,70,316,536,527,411,358,535
"2011","Lichfield 009","E02006154","Total",4115,2,12,83,519,1260,1174,612,260,193
"2011","Lichfield 010","E02006155","Total",2315,7,24,186,448,855,533,159,65,38
"2011","Lichfield 011","E02006156","Total",3046,0,7,50,268,446,582,479,443,771
"2011","Lichfield 012","E02006157","Total",2687,3,9,112,488,696,533,362,233,251
"2011","Newcastle-under-Lyme 001","E02006158","Total",3543,1,17,79,518,1166,864,451,272,175
"2011","Newcastle-under-Lyme 002","E02006159","Total",2480,1,21,236,421,1039,497,149,69,47
"2011","Newcastle-under-Lyme 003","E02006160","Total",3588,1,22,225,596,1388,904,269,119,64
"2011","Newcastle-under-Lyme 004","E02006161","Total",2783,1,25,86,345,788,545,430,374,189
"2011","Newcastle-under-Lyme 005","E02006162","Total",3678,2,16,198,626,1157,895,377,236,171
"2011","Newcastle-under-Lyme 006","E02006163","Total",3226,3,16,220,474,1009,1078,274,105,47
"2011","Newcastle-under-Lyme 007","E02006164","Total",3179,8,37,325,716,1162,685,160,60,26
"2011","Newcastle-under-Lyme 008","E02006165","Total",3448,11,89,440,585,1124,696,279,128,96
"2011","Newcastle-under-Lyme 009","E02006166","Total",3103,1,13,149,304,849,1039,451,176,121
"2011","Newcastle-under-Lyme 010","E02006167","Total",3942,18,89,606,1199,1027,618,201,108,76
"2011","Newcastle-under-Lyme 011","E02006168","Total",4189,30,168,888,1045,916,635,243,139,125
"2011","Newcastle-under-Lyme 012","E02006169","Total",2167,2,20,179,397,675,500,185,107,102
"2011","Newcastle-under-Lyme 013","E02006170","Total",2236,2,32,98,348,454,481,300,238,283
"2011","Newcastle-under-Lyme 014","E02006171","Total",4000,4,58,383,664,860,1138,502,239,152
"2011","Newcastle-under-Lyme 015","E02006172","Total",4171,7,25,127,540,836,866,697,481,592
"2011","Newcastle-under-Lyme 016","E02006173","Total",2841,2,6,43,226,429,507,440,470,718
"2011","South Staffordshire 001","E02006174","Total",4264,3,37,132,474,969,900,636,527,586
"2011","South Staffordshire 002","E02006175","Total",2641,5,26,91,490,779,531,324,201,194
"2011","South Staffordshire 003","E02006176","Total",3146,5,24,148,424,556,674,490,350,475
"2011","South Staffordshire 004","E02006177","Total",3968,2,35,135,552,1117,981,549,348,249
"2011","South Staffordshire 005","E02006178","Total",3198,4,34,80,630,954,773,320,209,194
"2011","South Staffordshire 006","E02006179","Total",2787,4,35,138,587,571,576,375,300,201
"2011","South Staffordshire 007","E02006180","Total",2590,8,20,112,392,651,612,373,222,200
"2011","South Staffordshire 008","E02006181","Total",2567,11,43,249,635,592,487,262,153,135
"2011","South Staffordshire 009","E02006182","Total",2751,4,5,80,224,524,662,524,359,369
"2011","South Staffordshire 010","E02006183","Total",3090,3,39,146,401,553,614,555,413,366
"2011","South Staffordshire 011","E02006184","Total",2274,10,31,273,458,438,393,279,237,155
"2011","South Staffordshire 012","E02006185","Total",3113,7,51,288,676,733,638,375,198,147
"2011","South Staffordshire 013","E02006186","Total",4995,5,38,245,661,934,1048,810,596,658
"2011","South Staffordshire 014","E02006187","Total",3074,6,48,192,416,537,573,456,368,478
"2011","Stafford 001","E02006188","Total",2521,1,19,116,262,578,599,404,238,304
"2011","Stafford 002","E02006189","Total",3086,3,31,163,347,585,734,443,349,431
"2011","Stafford 003","E02006190","Total",4676,10,120,539,897,1000,903,506,336,365
"2011","Stafford 004","E02006191","Total",3268,7,16,84,383,563,610,575,497,533
"2011","Stafford 005","E02006192","Total",3388,5,25,198,326,565,670,510,444,645
"2011","Stafford 006","E02006193","Total",2780,2,18,63,330,712,800,472,220,163
"2011","Stafford 007","E02006194","Total",3222,2,28,203,672,927,807,301,172,110
"2011","Stafford 008","E02006195","Total",3543,0,15,177,334,691,761,623,454,488
"2011","Stafford 009","E02006196","Total",2856,68,71,317,781,698,563,185,119,54
"2011","Stafford 010","E02006197","Total",4233,119,222,933,771,905,788,278,142,75
"2011","Stafford 011","E02006198","Total",3111,3,24,99,419,621,821,493,341,290
"2011","Stafford 012","E02006199","Total",3359,17,19,141,306,508,674,565,517,612
"2011","Stafford 013","E02006200","Total",3546,8,56,317,886,972,850,291,106,60
"2011","Stafford 014","E02006201","Total",5006,2,7,38,359,981,1320,1001,741,557
"2011","Stafford 015","E02006202","Total",3641,3,17,174,359,555,707,605,542,679
"2011","Stafford 016","E02006203","Total",3467,9,82,370,574,691,873,452,240,176
"2011","Staffordshire Moorlands 001","E02006204","Total",3127,8,31,167,571,981,696,311,185,177
"2011","Staffordshire Moorlands 002","E02006205","Total",3058,2,20,72,418,667,650,503,357,369
"2011","Staffordshire Moorlands 003","E02006206","Total",3424,3,42,325,609,1254,578,310,183,120
"2011","Staffordshire Moorlands 004","E02006207","Total",2785,4,8,68,520,890,705,336,141,113
"2011","Staffordshire Moorlands 005","E02006208","Total",3911,19,126,491,893,1004,768,317,160,133
"2011","Staffordshire Moorlands 006","E02006209","Total",4594,3,58,240,597,1074,1103,666,441,412
"2011","Staffordshire Moorlands 007","E02006210","Total",2377,6,24,124,291,490,521,376,267,278
"2011","Staffordshire Moorlands 008","E02006211","Total",2708,1,6,87,361,664,663,415,259,252
"2011","Staffordshire Moorlands 009","E02006212","Total",3307,1,11,65,393,933,917,541,256,190
"2011","Staffordshire Moorlands 010","E02006213","Total",2844,4,15,150,521,659,656,341,251,247
"2011","Staffordshire Moorlands 011","E02006214","Total",2685,4,32,202,594,778,500,275,165,135
"2011","Staffordshire Moorlands 012","E02006215","Total",3382,1,11,110,441,907,884,488,278,262
"2011","Staffordshire Moorlands 013","E02006216","Total",3570,0,28,99,449,920,782,564,393,335
"2011","Tamworth 001","E02006217","Total",3649,1,23,173,416,1123,888,543,271,211
"2011","Tamworth 002","E02006218","Total",3877,15,156,772,997,1001,521,213,126,76
"2011","Tamworth 003","E02006219","Total",3101,2,32,250,326,972,590,375,289,265
"2011","Tamworth 004","E02006220","Total",3167,7,55,194,392,1176,836,323,110,74
"2011","Tamworth 005","E02006221","Total",2540,8,75,184,454,513,503,341,286,176
"2011","Tamworth 006","E02006222","Total",2716,3,28,186,332,1051,754,232,88,42
"2011","Tamworth 007","E02006223","Total",2756,3,25,322,454,1379,398,105,36,34
"2011","Tamworth 008","E02006224","Total",2946,0,19,135,457,685,613,466,322,249
"2011","Tamworth 009","E02006225","Total",3013,1,18,121,341,750,786,455,321,220
"2011","Tamworth 010","E02006226","Total",3852,1,17,239,639,1247,781,431,312,185
"2011","North Warwickshire 001","E02006468","Total",4174,3,23,184,478,1297,1059,554,306,270
"2011","North Warwickshire 002","E02006469","Total",3507,6,26,233,497,1019,1024,342,197,163
"2011","North Warwickshire 003","E02006470","Total",4824,20,88,460,965,1381,953,437,306,214
"2011","North Warwickshire 004","E02006471","Total",2864,3,21,129,371,667,660,408,294,311
"2011","North Warwickshire 005","E02006472","Total",3703,6,31,189,571,1121,923,384,221,257
"2011","North Warwickshire 006","E02006473","Total",4275,6,55,329,774,1065,990,505,333,218
"2011","North Warwickshire 007","E02006474","Total",2465,1,18,110,267,587,556,343,223,360
"2011","Nuneaton and Bedworth 001","E02006475","Total",3080,19,16,199,449,770,816,367,227,217
"2011","Nuneaton and Bedworth 002","E02006476","Total",3075,4,43,179,779,1172,614,168,68,48
"2011","Nuneaton and Bedworth 003","E02006477","Total",2733,11,27,63,213,540,610,507,417,345
"2011","Nuneaton and Bedworth 004","E02006478","Total",3176,1,7,50,469,1061,749,387,287,165
"2011","Nuneaton and Bedworth 005","E02006479","Total",3982,58,209,676,659,1021,934,266,102,57
"2011","Nuneaton and Bedworth 006","E02006480","Total",3184,12,44,327,669,1020,712,203,128,69
"2011","Nuneaton and Bedworth 007","E02006481","Total",2885,5,31,209,352,1244,738,189,77,40
"2011","Nuneaton and Bedworth 008","E02006482","Total",2797,7,51,156,351,896,819,291,142,84
"2011","Nuneaton and Bedworth 009","E02006483","Total",3235,16,104,398,513,932,931,235,66,40
"2011","Nuneaton and Bedworth 010","E02006484","Total",3292,9,59,288,609,933,731,295,185,183
"2011","Nuneaton and Bedworth 011","E02006485","Total",2807,0,9,34,211,604,719,532,404,294
"2011","Nuneaton and Bedworth 012","E02006486","Total",2966,10,36,151,478,940,772,346,153,80
"2011","Nuneaton and Bedworth 013","E02006487","Total",2985,6,50,334,610,929,724,212,81,39
"2011","Nuneaton and Bedworth 014","E02006488","Total",2794,12,42,125,443,911,700,280,151,130
"2011","Nuneaton and Bedworth 015","E02006489","Total",3341,1,30,170,849,1194,620,258,144,75
"2011","Nuneaton and Bedworth 016","E02006490","Total",3074,3,32,127,500,1186,686,271,138,131
"2011","Nuneaton and Bedworth 018","E02006806","Total",3305,19,47,138,538,1138,883,303,153,86
"2011","Rugby 001","E02006492","Total",4405,17,76,288,488,907,795,576,553,705
"2011","Rugby 002","E02006493","Total",3671,12,85,241,721,996,555,418,364,279
"2011","Rugby 003","E02006494","Total",3075,24,115,561,625,684,679,226,84,77
"2011","Rugby 004","E02006495","Total",3195,3,33,134,492,839,711,447,278,258
"2011","Rugby 005","E02006496","Total",3033,29,127,336,434,867,688,288,156,108
"2011","Rugby 006","E02006497","Total",3388,20,110,361,716,1048,723,229,119,62
"2011","Rugby 007","E02006498","Total",4435,2,42,184,784,1127,855,504,467,470
"2011","Rugby 008","E02006499","Total",2463,4,24,72,339,561,795,353,178,137
"2011","Rugby 009","E02006500","Total",2358,23,69,271,320,465,483,304,175,248
"2011","Rugby 010","E02006501","Total",3895,3,52,306,497,1034,1086,486,231,200
"2011","Rugby 011","E02006502","Total",4648,5,24,304,694,1176,1197,608,358,282
"2011","Rugby 012","E02006503","Total",3309,7,33,155,447,541,566,443,432,685
"2011","Stratford-on-Avon 001","E02006504","Total",2287,2,17,59,215,302,351,337,361,643
"2011","Stratford-on-Avon 002","E02006505","Total",3044,2,36,197,689,571,453,321,303,472
"2011","Stratford-on-Avon 003","E02006506","Total",2513,3,26,135,469,636,512,346,225,161
"2011","Stratford-on-Avon 004","E02006507","Total",3759,5,33,223,732,934,696,464,315,357
"2011","Stratford-on-Avon 005","E02006508","Total",3920,3,24,76,522,782,860,578,443,632
"2011","Stratford-on-Avon 006","E02006509","Total",2752,5,77,249,591,665,501,280,189,195
"2011","Stratford-on-Avon 007","E02006510","Total",2606,4,37,116,414,402,430,363,328,512
"2011","Stratford-on-Avon 008","E02006511","Total",3815,0,38,152,579,743,759,498,436,610
"2011","Stratford-on-Avon 009","E02006512","Total",5000,37,143,662,1147,1105,778,506,330,292
"2011","Stratford-on-Avon 010","E02006513","Total",3168,3,26,245,452,441,647,485,372,497
"2011","Stratford-on-Avon 011","E02006514","Total",4226,19,115,436,810,831,759,545,362,349
"2011","Stratford-on-Avon 012","E02006515","Total",3769,1,30,179,586,781,643,526,430,593
"2011","Stratford-on-Avon 013","E02006516","Total",3740,6,24,108,582,799,659,500,404,658
"2011","Stratford-on-Avon 014","E02006517","Total",3088,4,13,109,480,532,540,415,367,628
"2011","Stratford-on-Avon 015","E02006518","Total",4241,9,42,201,821,869,750,519,426,604
"2011","Warwick 001","E02006519","Total",3487,5,77,281,655,681,660,433,303,392
"2011","Warwick 002","E02006520","Total",3658,6,63,214,605,737,628,505,411,489
"2011","Warwick 003","E02006521","Total",3236,4,39,212,328,728,842,460,294,329
"2011","Warwick 004","E02006522","Total",2327,2,29,103,210,351,363,340,323,606
"2011","Warwick 005","E02006523","Total",4228,2,46,192,522,880,975,588,452,571
"2011","Warwick 006","E02006524","Total",2442,8,39,256,482,657,607,235,106,52
"2011","Warwick 007","E02006525","Total",5845,30,301,911,1184,857,934,569,455,604
"2011","Warwick 008","E02006526","Total",3630,3,25,239,922,960,838,398,155,90
"2011","Warwick 009","E02006527","Total",4115,61,179,484,945,638,484,443,406,475
"2011","Warwick 010","E02006528","Total",4693,49,179,662,1132,1009,771,385,232,274
"2011","Warwick 011","E02006529","Total",5238,14,207,610,1439,1084,916,440,284,244
"2011","Warwick 012","E02006530","Total",4480,18,94,370,918,804,716,581,442,537
"2011","Warwick 013","E02006531","Total",3865,42,140,511,915,1038,703,277,108,131
"2011","Warwick 014","E02006532","Total",3587,2,28,148,444,784,713,461,441,566
"2011","Warwick 015","E02006533","Total",3848,4,30,145,863,1042,885,477,241,161
"2011","Birmingham 001","E02001827","Total",2578,7,15,163,405,409,516,414,368,281
"2011","Birmingham 002","E02001828","Total",3141,5,33,287,667,501,564,389,340,355
"2011","Birmingham 003","E02001829","Total",3446,0,20,64,317,538,827,712,473,495
"2011","Birmingham 004","E02001830","Total",3954,16,41,240,498,419,496,634,572,1038
"2011","Birmingham 005","E02001831","Total",4399,8,93,536,776,1016,1078,499,225,168
"2011","Birmingham 006","E02001832","Total",3437,5,68,292,488,530,685,625,393,351
"2011","Birmingham 007","E02001833","Total",2288,1,11,69,214,537,733,389,207,127
"2011","Birmingham 008","E02001834","Total",2480,5,21,114,500,1066,568,143,39,24
"2011","Birmingham 009","E02001835","Total",3496,19,75,365,641,525,626,451,372,422
"2011","Birmingham 010","E02001836","Total",3672,6,32,206,246,625,968,776,529,284
"2011","Birmingham 011","E02001837","Total",4098,17,61,392,522,2079,795,159,49,24
"2011","Birmingham 012","E02001838","Total",3082,0,38,90,423,565,634,523,416,393
"2011","Birmingham 013","E02001839","Total",2810,6,44,274,575,1009,669,165,47,21
"2011","Birmingham 014","E02001840","Total",3586,14,60,514,664,1387,642,187,84,34
"2011","Birmingham 015","E02001841","Total",2414,3,14,50,264,266,436,567,425,389
"2011","Birmingham 016","E02001842","Total",3024,0,10,81,305,1260,944,288,88,48
"2011","Birmingham 017","E02001843","Total",2713,3,26,102,481,1047,752,204,65,33
"2011","Birmingham 018","E02001844","Total",4459,40,135,664,829,812,878,536,303,262
"2011","Birmingham 019","E02001845","Total",2575,3,10,158,342,1155,690,154,39,24
"2011","Birmingham 020","E02001846","Total",3359,25,86,412,551,1233,729,207,84,32
"2011","Birmingham 021","E02001847","Total",2399,1,18,114,354,674,635,337,166,100
"2011","Birmingham 022","E02001848","Total",2545,7,37,209,524,856,679,158,47,28
"2011","Birmingham 023","E02001849","Total",3211,42,124,488,863,703,543,259,97,92
"2011","Birmingham 024","E02001850","Total",3059,3,49,178,303,1098,953,294,115,66
"2011","Birmingham 025","E02001851","Total",3705,8,55,358,855,1024,758,374,179,94
"2011","Birmingham 026","E02001852","Total",2687,32,50,302,270,724,927,243,88,51
"2011","Birmingham 028","E02001854","Total",3252,14,44,297,624,1009,827,275,98,64
"2011","Birmingham 029","E02001855","Total",4247,25,111,412,1133,1540,665,244,74,43
"2011","Birmingham 030","E02001856","Total",3451,15,64,270,710,975,938,329,103,47
"2011","Birmingham 031","E02001857","Total",5340,129,306,995,970,902,1158,489,192,199
"2011","Birmingham 032","E02001858","Total",3126,100,200,656,466,504,476,280,201,243
"2011","Birmingham 033","E02001859","Total",2722,11,79,171,339,733,858,324,134,73
"2011","Birmingham 034","E02001860","Total",2852,26,88,215,240,895,959,251,125,53
"2011","Birmingham 035","E02001861","Total",3160,45,138,484,394,601,692,387,239,180
"2011","Birmingham 036","E02001862","Total",3337,43,136,405,372,969,900,295,128,89
"2011","Birmingham 037","E02001863","Total",2350,25,86,313,321,596,645,223,96,45
"2011","Birmingham 038","E02001864","Total",2248,18,61,343,345,963,368,98,32,20
"2011","Birmingham 039","E02001865","Total",3324,51,109,269,354,806,876,467,215,177
"2011","Birmingham 040","E02001866","Total",2576,54,133,448,401,407,444,309,209,171
"2011","Birmingham 041","E02001867","Total",2076,22,69,331,369,608,301,228,94,54
"2011","Birmingham 042","E02001868","Total",2637,2,7,90,143,588,981,466,202,158
"2011","Birmingham 043","E02001869","Total",2433,36,115,451,597,853,224,96,37,24
"2011","Birmingham 044","E02001870","Total",3575,15,63,211,368,1177,1120,391,140,90
"2011","Birmingham 045","E02001871","Total",3543,22,72,560,1175,1008,452,167,49,38
"2011","Birmingham 046","E02001872","Total",3128,19,83,379,977,975,455,161,61,18
"2011","Birmingham 047","E02001873","Total",3949,64,150,503,773,1278,833,178,94,76
"2011","Birmingham 048","E02001874","Total",2737,22,85,335,423,735,789,201,91,56
"2011","Birmingham 049","E02001875","Total",3264,104,287,770,749,786,310,169,47,42
"2011","Birmingham 050","E02001876","Total",3136,192,351,746,820,619,201,143,42,22
"2011","Birmingham 051","E02001877","Total",2867,24,66,305,334,669,957,284,141,87
"2011","Birmingham 052","E02001878","Total",2707,21,92,381,562,584,569,311,120,67
"2011","Birmingham 053","E02001879","Total",3155,58,185,378,499,836,593,257,200,149
"2011","Birmingham 054","E02001880","Total",3479,3,52,260,870,1482,535,180,65,32
"2011","Birmingham 055","E02001881","Total",2943,30,42,325,365,1144,724,190,83,40
"2011","Birmingham 056","E02001882","Total",3144,32,111,458,540,820,658,268,149,108
"2011","Birmingham 057","E02001883","Total",3615,15,125,519,1047,1293,443,106,41,26
"2011","Birmingham 058","E02001884","Total",2447,9,54,143,257,820,805,221,76,62
"2011","Birmingham 060","E02001886","Total",3231,146,197,424,344,597,529,340,304,350
"2011","Birmingham 062","E02001888","Total",2400,4,20,224,377,984,497,183,79,32
"2011","Birmingham 063","E02001889","Total",2276,8,51,164,220,686,779,252,75,41
"2011","Birmingham 064","E02001890","Total",4450,157,450,1028,932,476,384,306,254,463
"2011","Birmingham 066","E02001892","Total",3534,18,75,417,589,1449,708,158,67,53
"2011","Birmingham 067","E02001893","Total",3168,14,35,328,449,929,820,358,137,98
"2011","Birmingham 069","E02001895","Total",3259,8,68,327,754,1085,730,171,86,30
"2011","Birmingham 070","E02001896","Total",2422,24,93,190,251,513,639,330,238,144
"2011","Birmingham 071","E02001897","Total",2818,102,158,666,645,626,286,187,76,72
"2011","Birmingham 072","E02001898","Total",2664,1,42,145,270,902,866,294,110,34
"2011","Birmingham 073","E02001899","Total",3216,12,61,183,368,623,758,435,337,439
"2011","Birmingham 074","E02001900","Total",2625,32,123,490,601,437,328,195,157,262
"2011","Birmingham 075","E02001901","Total",3677,23,85,424,840,771,655,353,246,280
"2011","Birmingham 076","E02001902","Total",2487,8,19,167,319,922,741,216,65,30
"2011","Birmingham 077","E02001903","Total",2016,27,93,204,224,467,575,218,135,73
"2011","Birmingham 078","E02001904","Total",2618,14,69,278,468,801,662,155,93,78
"2011","Birmingham 079","E02001905","Total",2578,27,163,287,560,332,348,285,196,380
"2011","Birmingham 080","E02001906","Total",3798,8,36,152,474,1223,1204,446,174,81
"2011","Birmingham 081","E02001907","Total",4115,4,47,235,940,1296,1075,342,116,60
"2011","Birmingham 082","E02001908","Total",2178,29,65,100,197,568,664,293,174,88
"2011","Birmingham 083","E02001909","Total",2298,27,79,342,281,547,559,254,136,73
"2011","Birmingham 084","E02001910","Total",2330,41,129,428,413,548,347,202,104,118
"2011","Birmingham 085","E02001911","Total",3317,10,72,448,688,1240,615,159,54,31
"2011","Birmingham 087","E02001913","Total",3289,37,120,606,715,821,499,213,128,150
"2011","Birmingham 088","E02001914","Total",2195,21,71,178,348,282,409,307,253,326
"2011","Birmingham 089","E02001915","Total",4852,75,214,659,1022,1010,1074,411,231,156
"2011","Birmingham 090","E02001916","Total",3085,42,89,262,591,1008,696,216,95,86
"2011","Birmingham 092","E02001918","Total",4081,113,306,1142,725,426,363,275,269,462
"2011","Birmingham 093","E02001919","Total",2624,64,189,653,497,185,168,263,256,349
"2011","Birmingham 094","E02001920","Total",3256,19,62,484,736,1233,507,137,48,30
"2011","Birmingham 095","E02001921","Total",3283,9,52,281,693,1247,659,226,76,40
"2011","Birmingham 096","E02001922","Total",2994,23,38,116,258,689,890,475,297,208
"2011","Birmingham 097","E02001923","Total",3380,26,75,327,305,644,982,532,277,212
"2011","Birmingham 098","E02001924","Total",2396,9,29,294,178,615,830,280,100,61
"2011","Birmingham 099","E02001925","Total",2812,9,68,284,453,702,668,318,180,130
"2011","Birmingham 100","E02001926","Total",2829,27,68,220,375,756,808,257,151,167
"2011","Birmingham 101","E02001927","Total",3205,13,62,387,578,1331,541,191,75,27
"2011","Birmingham 102","E02001928","Total",3003,15,59,458,808,1055,394,139,45,30
"2011","Birmingham 103","E02001929","Total",3690,7,41,369,715,1649,699,128,50,32
"2011","Birmingham 104","E02001930","Total",3203,19,38,261,316,663,953,522,263,168
"2011","Birmingham 105","E02001931","Total",3067,8,28,292,395,571,788,527,280,178
"2011","Birmingham 106","E02001932","Total",2853,5,39,396,750,850,558,185,48,22
"2011","Birmingham 107","E02001933","Total",3119,7,84,281,392,1170,834,213,74,64
"2011","Birmingham 108","E02001934","Total",2297,2,15,71,147,469,738,459,264,132
"2011","Birmingham 109","E02001935","Total",3238,5,25,199,369,1061,876,401,182,120
"2011","Birmingham 110","E02001936","Total",2570,11,34,197,301,505,598,469,278,177
"2011","Birmingham 111","E02001937","Total",3249,14,44,433,614,1155,613,211,110,55
"2011","Birmingham 112","E02001938","Total",3286,22,97,281,384,901,970,387,171,73
"2011","Birmingham 113","E02001939","Total",2882,26,133,569,770,536,426,202,116,104
"2011","Birmingham 115","E02001941","Total",2519,7,29,292,426,1025,502,160,56,22
"2011","Birmingham 116","E02001942","Total",2971,46,89,350,596,782,509,233,173,193
"2011","Birmingham 117","E02001943","Total",2593,2,37,172,495,896,606,257,93,35
"2011","Birmingham 118","E02001944","Total",3411,6,67,322,707,898,867,312,149,83
"2011","Birmingham 119","E02001945","Total",3098,7,41,328,559,1373,568,156,45,21
"2011","Birmingham 120","E02001946","Total",3193,4,60,231,394,838,871,409,215,171
"2011","Birmingham 121","E02001947","Total",2869,15,69,601,747,879,374,137,27,20
"2011","Birmingham 122","E02001948","Total",3073,9,25,223,351,1219,885,251,71,39
"2011","Birmingham 123","E02001949","Total",2483,4,43,256,607,857,448,143,67,58
"2011","Birmingham 124","E02001950","Total",3608,2,58,223,590,1078,1050,424,134,49
"2011","Birmingham 125","E02001951","Total",3573,14,55,682,898,1248,456,134,55,31
"2011","Birmingham 126","E02001952","Total",4055,18,119,745,1147,1079,630,202,77,38
"2011","Birmingham 127","E02001953","Total",2963,5,29,232,326,1047,649,307,194,174
"2011","Birmingham 128","E02001954","Total",3400,18,90,605,856,1149,453,128,57,44
"2011","Birmingham 129","E02001955","Total",2738,17,75,314,562,1025,512,147,58,28
"2011","Birmingham 130","E02001956","Total",2684,13,35,228,539,851,626,220,104,68
"2011","Birmingham 131","E02001957","Total",3283,1,25,113,538,1374,846,244,101,41
"2011","Birmingham 132","E02006807","Total",3013,6,12,105,256,798,1027,491,201,117
"2011","Birmingham 133","E02006809","Total",3083,10,24,132,197,616,951,545,330,278
"2011","Birmingham 134","E02006895","Total",3179,122,531,948,872,414,176,74,27,15
"2011","Birmingham 135","E02006896","Total",3102,145,732,1260,651,181,59,39,14,21
"2011","Birmingham 136","E02006897","Total",3150,224,468,1071,721,436,90,66,46,28
"2011","Birmingham 137","E02006898","Total",3371,125,532,1131,950,455,97,46,18,17
"2011","Birmingham 138","E02006899","Total",3433,207,1080,1350,570,137,44,16,8,21
"2011","Birmingham 139","E02006900","Total",4067,21,98,353,570,945,1257,545,192,86
"2011","Birmingham 140","E02006901","Total",4174,22,118,250,488,1178,1359,407,224,128
"2011","Coventry 001","E02001958","Total",3268,16,70,340,900,999,594,199,100,50
"2011","Coventry 002","E02001959","Total",2378,0,17,50,263,975,720,214,86,53
"2011","Coventry 004","E02001961","Total",3277,26,131,431,741,1154,563,139,56,36
"2011","Coventry 005","E02001962","Total",2215,7,49,107,388,919,551,117,44,33
"2011","Coventry 006","E02001963","Total",2441,4,60,149,263,925,665,234,87,54
"2011","Coventry 007","E02001964","Total",3282,37,97,454,718,1418,318,136,61,43
"2011","Coventry 008","E02001965","Total",3309,10,62,259,562,1194,734,311,120,57
"2011","Coventry 009","E02001966","Total",2228,29,66,161,393,740,577,164,53,45
"2011","Coventry 010","E02001967","Total",2648,3,21,91,477,687,663,325,206,175
"2011","Coventry 011","E02001968","Total",2693,0,28,129,414,1194,649,172,75,32
"2011","Coventry 012","E02001969","Total",2677,5,31,300,546,990,608,131,46,20
"2011","Coventry 013","E02001970","Total",2474,9,35,163,721,851,507,110,52,26
"2011","Coventry 014","E02001971","Total",2401,11,30,159,242,900,751,193,75,40
"2011","Coventry 015","E02001972","Total",3644,84,203,443,757,1206,665,157,67,62
"2011","Coventry 016","E02001973","Total",3414,50,143,367,1039,1010,509,162,97,37
"2011","Coventry 017","E02001974","Total",3906,6,28,145,509,1440,1260,349,117,52
"2011","Coventry 018","E02001975","Total",2974,10,15,68,211,1356,974,252,61,27
"2011","Coventry 019","E02001976","Total",3126,20,101,452,533,1087,597,196,97,43
"2011","Coventry 020","E02001977","Total",4097,168,259,600,1098,1015,563,194,99,101
"2011","Coventry 021","E02001978","Total",2538,18,49,97,335,992,770,191,61,25
"2011","Coventry 022","E02001979","Total",2465,1,10,79,401,951,710,203,72,38
"2011","Coventry 023","E02001980","Total",2568,7,23,30,420,807,614,318,232,117
"2011","Coventry 024","E02001981","Total",4334,96,385,673,1038,1183,662,177,77,43
"2011","Coventry 025","E02001982","Total",3068,9,32,254,631,975,644,245,160,118
"2011","Coventry 026","E02001983","Total",3268,11,53,146,538,1116,960,306,95,43
"2011","Coventry 027","E02001984","Total",3515,12,49,183,391,1226,1084,347,140,83
"2011","Coventry 028","E02001985","Total",3071,77,135,245,581,1142,654,149,48,40
"2011","Coventry 029","E02001986","Total",3587,17,108,621,964,942,505,249,102,79
"2011","Coventry 030","E02001987","Total",2609,24,66,172,333,1079,663,196,55,21
"2011","Coventry 031","E02001988","Total",3562,184,418,884,843,412,325,172,114,210
"2011","Coventry 032","E02001989","Total",2296,0,18,68,342,941,591,204,89,43
"2011","Coventry 033","E02001990","Total",3661,0,23,148,507,1263,815,462,266,177
"2011","Coventry 034","E02001991","Total",3732,47,94,207,482,655,806,591,419,431
"2011","Coventry 035","E02001992","Total",3879,10,74,393,932,1605,564,179,70,52
"2011","Coventry 036","E02001993","Total",2937,29,145,295,360,779,556,221,171,381
"2011","Coventry 037","E02001994","Total",3398,10,54,195,338,1282,939,362,147,71
"2011","Coventry 038","E02001995","Total",3090,17,136,283,949,952,547,134,53,19
"2011","Coventry 039","E02001996","Total",3262,201,201,507,862,926,390,113,37,25
"2011","Coventry 040","E02001997","Total",3464,4,32,155,391,684,889,623,397,289
"2011","Coventry 041","E02001998","Total",2381,4,4,42,251,705,789,347,162,77
"2011","Coventry 042","E02001999","Total",2258,9,15,78,223,457,504,309,254,409
"2011","Coventry 043","E02006805","Total",3197,13,97,243,644,1367,579,167,55,32
"2011","Dudley 001","E02002000","Total",3218,13,30,246,629,1184,735,244,94,43
"2011","Dudley 002","E02002001","Total",2509,13,52,265,213,707,761,306,123,69
"2011","Dudley 003","E02002002","Total",2982,2,10,98,259,688,958,570,273,124
"2011","Dudley 004","E02002003","Total",3766,6,34,296,386,1155,1234,435,149,71
"2011","Dudley 005","E02002004","Total",2979,3,22,270,491,1160,694,195,86,58
"2011","Dudley 006","E02002005","Total",3024,3,36,135,575,1289,561,251,111,63
"2011","Dudley 007","E02002006","Total",2826,15,60,344,668,804,571,183,116,65
"2011","Dudley 008","E02002007","Total",3796,5,24,231,608,1200,1117,380,164,67
"2011","Dudley 009","E02002008","Total",3066,1,37,92,423,634,683,544,395,257
"2011","Dudley 010","E02002009","Total",2550,25,74,345,549,749,445,210,89,64
"2011","Dudley 011","E02002010","Total",3223,40,169,689,654,657,607,216,126,65
"2011","Dudley 012","E02002011","Total",2457,2,17,145,339,762,673,307,133,79
"2011","Dudley 013","E02002012","Total",3278,12,66,565,670,1002,670,180,78,35
"2011","Dudley 014","E02002013","Total",2783,5,38,128,335,628,759,445,279,166
"2011","Dudley 015","E02002014","Total",2643,10,33,186,385,729,791,303,119,87
"2011","Dudley 016","E02002015","Total",2429,2,15,92,475,693,622,269,175,86
"2011","Dudley 017","E02002016","Total",3132,4,57,326,807,1131,556,166,47,38
"2011","Dudley 018","E02002017","Total",3550,33,83,441,897,1103,639,209,92,53
"2011","Dudley 019","E02002018","Total",3707,1,36,104,421,915,967,634,411,218
"2011","Dudley 020","E02002019","Total",3102,8,36,138,555,1287,725,217,82,54
"2011","Dudley 021","E02002020","Total",3980,2,82,289,617,1199,1016,477,205,93
"2011","Dudley 022","E02002021","Total",3400,36,203,691,835,883,497,149,66,40
"2011","Dudley 023","E02002022","Total",3418,6,62,321,775,1103,753,256,105,37
"2011","Dudley 024","E02002023","Total",2221,13,19,73,423,773,594,224,74,28
"2011","Dudley 025","E02002024","Total",3434,11,46,299,534,1170,869,326,121,58
"2011","Dudley 026","E02002025","Total",3319,2,26,283,524,967,944,365,142,66
"2011","Dudley 027","E02002026","Total",2800,3,23,155,370,1080,715,271,126,57
"2011","Dudley 028","E02002027","Total",2223,4,15,108,417,338,437,423,304,177
"2011","Dudley 029","E02002028","Total",2587,2,21,199,425,594,688,361,199,98
"2011","Dudley 030","E02002029","Total",2468,0,13,107,295,596,799,374,172,112
"2011","Dudley 031","E02002030","Total",2690,6,34,253,520,1113,473,155,89,47
"2011","Dudley 032","E02002031","Total",2339,5,33,245,338,766,550,221,117,64
"2011","Dudley 033","E02002032","Total",4050,7,42,343,837,1478,909,279,101,54
"2011","Dudley 034","E02002033","Total",3190,4,29,179,482,929,975,371,147,74
"2011","Dudley 035","E02002034","Total",3724,14,141,471,653,890,799,391,210,155
"2011","Dudley 036","E02002035","Total",2490,1,8,152,203,358,677,564,335,192
"2011","Dudley 037","E02002036","Total",2773,4,78,478,381,1091,462,167,76,36
"2011","Dudley 038","E02002037","Total",2507,0,44,170,198,727,786,358,150,74
"2011","Dudley 039","E02002038","Total",4231,8,75,415,967,1150,932,408,176,100
"2011","Dudley 040","E02002039","Total",2562,2,35,209,378,616,500,340,264,218
"2011","Dudley 041","E02002040","Total",2510,1,14,105,225,434,549,452,365,365
"2011","Dudley 042","E02002041","Total",2570,0,7,54,301,543,738,409,267,251
"2011","Dudley 043","E02002042","Total",3361,0,15,130,238,767,1099,623,311,178
"2011","Sandwell 001","E02002043","Total",3165,16,27,264,432,1261,781,235,99,50
"2011","Sandwell 002","E02002044","Total",2834,5,30,164,619,849,626,277,175,89
"2011","Sandwell 003","E02002045","Total",3201,8,37,354,628,1100,722,231,75,46
"2011","Sandwell 004","E02002046","Total",2031,3,9,149,272,1131,365,59,26,17
"2011","Sandwell 005","E02002047","Total",2787,20,93,334,672,854,507,158,98,51
"2011","Sandwell 006","E02002048","Total",2635,6,22,131,387,609,729,406,202,143
"2011","Sandwell 007","E02002049","Total",2365,1,36,213,433,899,507,182,72,22
"2011","Sandwell 009","E02002051","Total",2041,4,29,158,393,941,315,110,59,32
"2011","Sandwell 010","E02002052","Total",4082,12,62,527,703,1346,1027,261,92,52
"2011","Sandwell 011","E02002053","Total",2477,2,36,191,297,887,762,200,69,33
"2011","Sandwell 012","E02002054","Total",2274,2,15,98,239,887,714,231,68,20
"2011","Sandwell 013","E02002055","Total",3519,19,41,388,616,1210,819,247,105,74
"2011","Sandwell 014","E02002056","Total",3532,6,49,627,654,1073,839,195,57,32
"2011","Sandwell 015","E02002057","Total",3655,14,66,587,793,996,753,245,127,74
"2011","Sandwell 016","E02002058","Total",4622,14,108,595,1160,1178,925,337,190,115
"2011","Sandwell 017","E02002059","Total",4244,20,105,661,734,998,1143,355,127,101
"2011","Sandwell 018","E02002060","Total",2369,11,53,334,397,821,555,123,49,26
"2011","Sandwell 019","E02002061","Total",2052,8,55,287,378,597,485,133,59,50
"2011","Sandwell 020","E02002062","Total",2952,45,136,647,654,701,493,135,84,57
"2011","Sandwell 021","E02002063","Total",3583,4,100,343,861,1183,676,235,123,58
"2011","Sandwell 022","E02002064","Total",4656,9,64,344,837,1634,1149,362,180,77
"2011","Sandwell 023","E02002065","Total",3774,27,105,356,424,1095,1078,316,186,187
"2011","Sandwell 024","E02002066","Total",2784,10,68,399,393,942,669,197,70,36
"2011","Sandwell 025","E02002067","Total",2190,1,9,156,226,847,592,186,114,59
"2011","Sandwell 026","E02002068","Total",4097,61,181,636,710,1011,1022,228,126,122
"2011","Sandwell 027","E02002069","Total",2917,8,68,350,749,836,625,183,77,21
"2011","Sandwell 028","E02002070","Total",3487,38,108,565,497,1047,850,216,102,64
"2011","Sandwell 029","E02002071","Total",2610,0,31,197,454,954,672,201,63,38
"2011","Sandwell 030","E02002072","Total",3415,12,58,376,492,1029,911,320,139,78
"2011","Sandwell 031","E02002073","Total",2867,3,27,207,288,1233,811,179,65,54
"2011","Sandwell 032","E02002074","Total",3109,2,48,246,295,1341,792,239,97,49
"2011","Sandwell 033","E02002075","Total",3593,14,76,413,740,1006,898,259,121,66
"2011","Sandwell 034","E02002076","Total",4479,15,84,203,655,1721,1225,356,130,90
"2011","Sandwell 035","E02002077","Total",4282,11,79,469,1096,1221,856,338,144,68
"2011","Sandwell 036","E02002078","Total",2483,4,15,121,161,843,787,319,165,68
"2011","Sandwell 037","E02002079","Total",3375,3,50,260,554,1108,951,300,88,61
"2011","Sandwell 038","E02002080","Total",2783,9,36,307,466,858,652,255,134,66
"2011","Sandwell 039","E02006810","Total",4177,12,56,288,865,1082,990,482,255,147
"2011","Solihull 001","E02002081","Total",2369,8,29,175,416,592,523,333,170,123
"2011","Solihull 002","E02002082","Total",2441,3,26,388,413,1056,406,73,32,44
"2011","Solihull 003","E02002083","Total",2339,0,4,62,106,687,826,410,176,68
"2011","Solihull 004","E02002084","Total",2614,6,37,383,400,1095,486,124,52,31
"2011","Solihull 005","E02002085","Total",2593,25,35,204,441,1055,531,203,66,33
"2011","Solihull 006","E02002086","Total",2462,8,45,513,675,795,285,79,36,26
"2011","Solihull 007","E02002087","Total",2684,7,29,509,525,1024,428,93,41,28
"2011","Solihull 008","E02002088","Total",4116,23,67,773,1073,1394,555,141,50,40
"2011","Solihull 009","E02002089","Total",3084,3,35,244,447,844,690,383,218,220
"2011","Solihull 010","E02002090","Total",2302,0,8,30,228,779,809,288,101,59
"2011","Solihull 011","E02002091","Total",3160,3,22,146,334,970,1041,412,159,73
"2011","Solihull 012","E02002092","Total",3058,6,46,326,397,860,820,368,164,71
"2011","Solihull 013","E02002093","Total",2836,26,112,329,510,673,526,272,190,198
"2011","Solihull 014","E02002094","Total",2380,1,14,69,375,268,483,500,387,283
"2011","Solihull 015","E02002095","Total",3613,7,107,233,561,765,652,503,407,378
"2011","Solihull 016","E02002096","Total",4165,12,50,271,767,596,661,622,564,622
"2011","Solihull 017","E02002097","Total",2860,8,25,202,417,531,479,362,318,518
"2011","Solihull 018","E02002098","Total",3808,10,52,300,465,686,964,658,393,280
"2011","Solihull 019","E02002099","Total",2687,2,16,135,469,170,286,431,489,689
"2011","Solihull 021","E02002101","Total",2645,9,51,259,440,721,679,297,133,56
"2011","Solihull 022","E02002102","Total",3474,5,21,139,588,817,791,499,357,257
"2011","Solihull 023","E02002103","Total",2575,0,12,137,241,590,680,461,310,144
"2011","Solihull 024","E02002104","Total",2399,3,7,75,222,304,356,419,460,553
"2011","Solihull 025","E02002105","Total",3101,1,20,148,230,363,430,530,541,838
"2011","Solihull 026","E02002106","Total",3888,7,30,163,489,496,599,722,673,709
"2011","Solihull 027","E02002107","Total",2269,3,16,83,322,276,285,386,468,430
"2011","Solihull 028","E02002108","Total",3867,1,33,143,344,505,567,602,697,975
"2011","Solihull 029","E02002109","Total",3874,3,139,377,457,655,631,525,488,599
"2011","Solihull 030","E02006808","Total",2393,2,16,49,147,672,897,395,138,77
"2011","Walsall 001","E02002110","Total",2689,1,21,194,380,866,602,323,181,121
"2011","Walsall 002","E02002111","Total",2484,9,47,204,434,826,611,213,87,53
"2011","Walsall 003","E02002112","Total",2219,2,12,133,206,624,603,334,192,113
"2011","Walsall 004","E02002113","Total",2683,6,23,273,441,791,644,309,124,72
"2011","Walsall 005","E02002114","Total",2642,1,22,243,382,685,707,347,163,92
"2011","Walsall 006","E02002115","Total",2835,6,31,163,567,872,703,291,133,69
"2011","Walsall 007","E02002116","Total",2849,5,28,186,285,684,667,449,327,218
"2011","Walsall 008","E02002117","Total",2682,17,45,236,651,587,483,277,214,172
"2011","Walsall 009","E02002118","Total",3019,2,56,239,476,1166,775,179,90,36
"2011","Walsall 010","E02002119","Total",2451,0,17,155,344,674,594,343,198,126
"2011","Walsall 011","E02002120","Total",2386,1,9,104,366,588,542,335,281,160
"2011","Walsall 012","E02002121","Total",2401,9,27,160,355,919,684,159,58,30
"2011","Walsall 013","E02002122","Total",2006,3,17,123,298,817,521,135,53,39
"2011","Walsall 014","E02002123","Total",2694,4,18,213,616,888,589,231,88,47
"2011","Walsall 015","E02002124","Total",3161,7,48,404,653,860,615,298,166,110
"2011","Walsall 016","E02002125","Total",2552,4,27,247,366,808,668,236,118,78
"2011","Walsall 017","E02002126","Total",2656,8,33,226,700,949,574,104,36,26
"2011","Walsall 018","E02002127","Total",3087,14,65,380,495,1178,642,178,78,57
"2011","Walsall 019","E02002128","Total",2386,2,32,195,505,873,485,184,71,39
"2011","Walsall 020","E02002129","Total",2451,1,12,168,359,841,645,263,105,57
"2011","Walsall 021","E02002130","Total",2540,1,24,112,659,873,611,168,59,33
"2011","Walsall 022","E02002131","Total",3182,3,15,139,252,622,882,587,372,310
"2011","Walsall 023","E02002132","Total",2559,2,13,185,595,878,611,171,67,37
"2011","Walsall 024","E02002133","Total",3041,48,129,457,678,440,505,344,221,219
"2011","Walsall 025","E02002134","Total",3308,9,37,322,565,1312,684,218,108,53
"2011","Walsall 026","E02002135","Total",2585,15,108,304,422,856,604,166,61,49
"2011","Walsall 027","E02002136","Total",3093,9,53,305,729,924,617,273,136,47
"2011","Walsall 028","E02002137","Total",2652,4,10,106,326,478,589,541,304,294
"2011","Walsall 029","E02002138","Total",2313,6,18,131,370,384,570,415,226,193
"2011","Walsall 030","E02002139","Total",3905,34,247,849,1062,536,461,271,221,224
"2011","Walsall 031","E02002140","Total",2936,21,87,284,530,957,708,225,73,51
"2011","Walsall 032","E02002141","Total",2666,6,24,107,197,716,744,411,269,192
"2011","Walsall 033","E02002142","Total",2443,7,57,292,433,804,566,159,83,42
"2011","Walsall 034","E02002143","Total",3150,7,53,292,502,1006,822,269,108,91
"2011","Walsall 035","E02002144","Total",2498,2,3,89,180,335,603,525,413,348
"2011","Walsall 036","E02002145","Total",2741,18,33,339,558,989,578,132,57,37
"2011","Walsall 037","E02002146","Total",2257,0,34,159,202,861,575,224,103,99
"2011","Walsall 038","E02002147","Total",3081,4,46,218,592,1066,834,207,86,28
"2011","Walsall 039","E02002148","Total",4539,0,24,184,373,1796,1459,435,166,102
"2011","Wolverhampton 001","E02002149","Total",4268,9,29,289,629,1430,1213,441,157,71
"2011","Wolverhampton 002","E02002150","Total",2259,3,11,162,389,610,583,290,143,68
"2011","Wolverhampton 003","E02002151","Total",2548,11,40,429,555,917,334,158,77,27
"2011","Wolverhampton 004","E02002152","Total",2337,1,14,207,376,853,597,175,71,43
"2011","Wolverhampton 005","E02002153","Total",3384,6,49,491,923,902,693,228,66,26
"2011","Wolverhampton 006","E02002154","Total",2270,22,31,249,330,565,704,262,61,46
"2011","Wolverhampton 007","E02002155","Total",2129,6,19,116,283,1131,394,116,40,24
"2011","Wolverhampton 008","E02002156","Total",3409,4,52,306,453,811,1091,467,157,68
"2011","Wolverhampton 009","E02002157","Total",3170,3,26,192,258,675,1066,521,230,199
"2011","Wolverhampton 010","E02002158","Total",3437,8,34,421,749,925,861,295,102,42
"2011","Wolverhampton 011","E02002159","Total",2215,2,24,137,374,805,592,176,75,30
"2011","Wolverhampton 012","E02002160","Total",2762,8,22,194,370,782,823,317,136,110
"2011","Wolverhampton 013","E02002161","Total",2426,26,43,363,461,737,513,178,73,32
"2011","Wolverhampton 014","E02002162","Total",3275,4,29,170,505,695,638,487,384,363
"2011","Wolverhampton 015","E02002163","Total",5059,64,146,932,1271,1382,777,303,109,75
"2011","Wolverhampton 016","E02002164","Total",2361,76,103,497,455,527,478,120,74,31
"2011","Wolverhampton 017","E02002165","Total",3611,161,265,748,699,434,483,326,273,222
"2011","Wolverhampton 018","E02002166","Total",3839,18,74,634,734,1351,702,207,74,45
"2011","Wolverhampton 019","E02002167","Total",2977,4,20,238,627,535,591,401,273,288
"2011","Wolverhampton 020","E02002168","Total",4422,58,314,981,888,834,831,273,148,95
"2011","Wolverhampton 021","E02002169","Total",3531,5,38,181,367,639,946,650,414,291
"2011","Wolverhampton 022","E02002170","Total",2461,8,30,200,438,783,628,240,93,41
"2011","Wolverhampton 023","E02002171","Total",3059,5,43,244,536,1168,748,195,83,37
"2011","Wolverhampton 026","E02002174","Total",2975,14,36,219,317,464,955,518,270,182
"2011","Wolverhampton 027","E02002175","Total",2901,14,78,447,530,940,550,196,94,52
"2011","Wolverhampton 028","E02002176","Total",3338,6,49,420,467,749,945,424,188,90
"2011","Wolverhampton 029","E02002177","Total",3821,23,92,614,784,1144,727,229,125,83
"2011","Wolverhampton 030","E02002178","Total",2722,2,19,113,201,477,896,509,294,211
"2011","Wolverhampton 031","E02002179","Total",2580,3,28,116,175,515,891,478,232,142
"2011","Wolverhampton 032","E02002180","Total",2666,5,37,211,488,799,754,242,94,36
"2011","Wolverhampton 033","E02002181","Total",2979,8,70,391,603,963,629,180,79,56
"2011","Wolverhampton 034","E02002182","Total",2515,1,36,203,317,685,740,263,176,94
"2011","Wolverhampton 035","E02006894","Total",4471,12,104,550,835,1231,1155,343,139,102
"2011","Bromsgrove 001","E02006696","Total",2504,6,15,59,254,407,480,439,373,471
"2011","Bromsgrove 002","E02006697","Total",3030,2,26,159,331,505,562,511,398,536
"2011","Bromsgrove 003","E02006698","Total",2674,0,26,122,185,797,872,388,185,99
"2011","Bromsgrove 004","E02006699","Total",2569,0,22,156,350,537,633,393,242,236
"2011","Bromsgrove 005","E02006700","Total",2308,2,10,54,243,444,584,414,279,278
"2011","Bromsgrove 006","E02006701","Total",2383,4,8,32,165,263,430,435,373,673
"2011","Bromsgrove 007","E02006702","Total",2427,2,33,184,243,807,525,309,185,139
"2011","Bromsgrove 008","E02006703","Total",2891,4,15,112,224,427,608,599,460,442
"2011","Bromsgrove 009","E02006704","Total",2717,1,18,151,433,544,497,377,314,382
"2011","Bromsgrove 010","E02006705","Total",2819,4,40,219,375,763,691,369,191,167
"2011","Bromsgrove 011","E02006706","Total",3062,5,113,530,625,620,499,306,203,161
"2011","Bromsgrove 012","E02006707","Total",2638,1,1,64,228,409,564,536,409,426
"2011","Bromsgrove 013","E02006708","Total",3418,5,58,409,786,885,654,294,183,144
"2011","Bromsgrove 014","E02006709","Total",2850,6,53,145,302,517,543,448,391,445
"2011","Malvern Hills 001","E02006710","Total",3402,8,39,154,488,692,602,482,370,567
"2011","Malvern Hills 002","E02006711","Total",3235,1,40,183,356,490,582,457,441,685
"2011","Malvern Hills 003","E02006712","Total",2842,5,12,70,250,511,550,500,395,549
"2011","Malvern Hills 004","E02006713","Total",2881,13,55,322,621,605,557,302,178,228
"2011","Malvern Hills 005","E02006714","Total",2293,4,10,122,288,423,400,361,288,397
"2011","Malvern Hills 006","E02006715","Total",3455,10,51,225,478,760,783,501,330,317
"2011","Malvern Hills 007","E02006716","Total",2740,4,62,410,573,585,557,280,150,119
"2011","Malvern Hills 008","E02006717","Total",2426,1,26,107,228,503,550,364,304,343
"2011","Malvern Hills 009","E02006718","Total",2730,4,35,224,501,481,621,342,261,261
"2011","Malvern Hills 010","E02006719","Total",3229,10,82,263,620,570,496,362,348,478
"2011","Malvern Hills 011","E02006720","Total",2979,5,45,213,453,538,524,430,322,449
"2011","Redditch 001","E02006721","Total",2401,2,9,107,287,508,524,421,291,252
"2011","Redditch 002","E02006722","Total",2312,35,71,413,515,835,304,80,41,18
"2011","Redditch 003","E02006723","Total",3441,9,133,385,839,794,643,298,173,167
"2011","Redditch 004","E02006724","Total",2742,39,90,477,565,637,639,175,79,41
"2011","Redditch 005","E02006725","Total",2411,5,47,316,437,881,384,179,90,72
"2011","Redditch 006","E02006726","Total",2594,44,139,284,253,636,595,315,198,130
"2011","Redditch 007","E02006727","Total",2475,7,25,136,246,769,709,344,139,100
"2011","Redditch 008","E02006728","Total",2961,17,75,249,389,550,501,419,361,400
"2011","Redditch 009","E02006729","Total",2831,2,13,142,269,1025,711,391,189,89
"2011","Redditch 010","E02006730","Total",2391,9,80,297,207,1172,356,156,79,35
"2011","Redditch 011","E02006731","Total",2597,10,71,362,485,657,440,304,188,80
"2011","Redditch 012","E02006732","Total",3007,11,43,198,401,664,612,424,345,309
"2011","Redditch 013","E02006733","Total",2559,4,52,226,355,438,405,321,329,429
"2011","Worcester 001","E02006734","Total",3494,7,41,198,395,719,922,570,351,291
"2011","Worcester 002","E02006735","Total",2379,9,53,466,599,777,332,89,34,20
"2011","Worcester 003","E02006736","Total",2829,7,64,234,550,579,382,358,341,314
"2011","Worcester 004","E02006737","Total",3464,9,55,247,702,993,757,342,216,143
"2011","Worcester 005","E02006738","Total",3649,17,73,421,620,1492,708,203,73,42
"2011","Worcester 006","E02006739","Total",2106,0,26,97,224,552,577,305,179,146
"2011","Worcester 007","E02006740","Total",3554,99,384,761,598,610,550,228,139,185
"2011","Worcester 008","E02006741","Total",2151,0,13,82,333,399,396,317,328,283
"2011","Worcester 009","E02006742","Total",3544,17,71,423,597,1118,742,345,151,80
"2011","Worcester 010","E02006743","Total",2579,2,36,197,406,815,763,233,80,47
"2011","Worcester 011","E02006744","Total",3262,84,276,633,671,441,553,293,171,140
"2011","Worcester 012","E02006745","Total",3252,4,19,97,357,838,883,474,338,242
"2011","Worcester 013","E02006746","Total",3297,5,79,285,429,896,707,407,248,241
"2011","Worcester 014","E02006747","Total",2482,3,58,117,459,495,471,387,275,217
"2011","Wychavon 001","E02006748","Total",2765,14,36,137,380,447,440,373,357,581
"2011","Wychavon 002","E02006749","Total",2185,0,35,222,351,800,397,193,89,98
"2011","Wychavon 003","E02006750","Total",2587,12,65,370,613,492,391,254,192,198
"2011","Wychavon 004","E02006751","Total",2561,4,24,299,447,633,494,298,183,179
"2011","Wychavon 005","E02006752","Total",2730,3,25,80,265,378,438,491,545,505
"2011","Wychavon 006","E02006753","Total",2595,9,14,115,292,447,483,398,350,487
"2011","Wychavon 007","E02006754","Total",2243,5,20,75,182,317,397,374,317,556
"2011","Wychavon 008","E02006755","Total",2212,5,13,41,174,326,379,391,331,552
"2011","Wychavon 009","E02006756","Total",2085,5,14,58,251,354,415,326,300,362
"2011","Wychavon 010","E02006757","Total",2854,12,20,110,349,452,528,445,360,578
"2011","Wychavon 011","E02006758","Total",2134,6,14,81,224,452,430,361,285,281
"2011","Wychavon 012","E02006759","Total",3285,13,75,323,555,699,668,388,291,273
"2011","Wychavon 013","E02006760","Total",3293,6,22,123,492,689,737,527,335,362
"2011","Wychavon 014","E02006761","Total",2776,33,187,601,663,621,389,154,82,46
"2011","Wychavon 015","E02006762","Total",2422,2,33,152,435,527,451,290,271,261
"2011","Wychavon 016","E02006763","Total",2619,6,27,101,369,593,550,431,319,223
"2011","Wychavon 017","E02006764","Total",2210,2,63,239,550,514,388,228,135,91
"2011","Wychavon 018","E02006765","Total",2696,8,41,165,430,600,490,351,287,324
"2011","Wychavon 019","E02006766","Total",3214,2,23,106,357,565,598,446,460,657
"2011","Wyre Forest 001","E02006767","Total",3804,8,91,242,598,591,747,542,394,591
"2011","Wyre Forest 002","E02006768","Total",2910,1,35,132,344,1037,864,305,112,80
"2011","Wyre Forest 003","E02006769","Total",3047,10,37,119,359,831,905,430,222,134
"2011","Wyre Forest 004","E02006770","Total",3196,25,89,481,798,877,566,197,105,58
"2011","Wyre Forest 005","E02006771","Total",2933,7,30,167,598,661,606,354,239,271
"2011","Wyre Forest 006","E02006772","Total",2815,7,29,284,382,707,669,317,220,200
"2011","Wyre Forest 007","E02006773","Total",3790,12,49,414,729,895,919,354,225,193
"2011","Wyre Forest 008","E02006774","Total",3347,24,58,307,511,879,940,329,174,125
"2011","Wyre Forest 009","E02006775","Total",2070,10,17,323,234,707,506,181,64,28
"2011","Wyre Forest 010","E02006776","Total",2817,1,61,157,521,620,498,415,335,209
"2011","Wyre Forest 011","E02006777","Total",3248,7,53,263,569,676,562,406,346,366
"2011","Wyre Forest 012","E02006778","Total",2894,3,13,121,372,825,817,413,194,136
"2011","Wyre Forest 013","E02006779","Total",3497,20,140,359,831,646,587,418,297,199
"2011","Wyre Forest 014","E02006780","Total",2617,2,20,150,528,771,592,290,149,115
"2011","Bedford 001","E02003616","Total",2275,2,12,84,193,416,408,325,322,513
"2011","Bedford 002","E02003617","Total",3714,3,35,213,401,645,659,537,492,729
"2011","Bedford 003","E02003618","Total",3521,8,26,200,529,819,747,457,304,431
"2011","Bedford 004","E02003619","Total",4057,4,29,181,399,837,786,542,508,771
"2011","Bedford 005","E02003620","Total",3497,28,68,252,295,873,750,500,398,333
"2011","Bedford 006","E02003621","Total",3304,5,27,111,224,880,819,575,354,309
"2011","Bedford 007","E02003622","Total",3762,13,57,350,809,1196,790,295,152,100
"2011","Bedford 008","E02003623","Total",3285,3,13,120,355,531,514,408,467,874
"2011","Bedford 009","E02003624","Total",2346,79,175,471,429,261,202,208,193,328
"2011","Bedford 010","E02003625","Total",3737,120,306,981,701,551,512,255,151,160
"2011","Bedford 011","E02003626","Total",2259,10,37,160,319,512,545,326,214,136
"2011","Bedford 012","E02003627","Total",4080,82,319,884,711,607,627,325,213,312
"2011","Bedford 013","E02003628","Total",2801,10,76,236,540,737,691,270,132,109
"2011","Bedford 014","E02003629","Total",3940,34,98,517,943,1071,827,291,98,61
"2011","Bedford 015","E02003630","Total",3681,21,150,488,718,941,957,278,92,36
"2011","Bedford 016","E02003631","Total",2180,11,72,210,417,492,394,230,206,148
"2011","Bedford 017","E02003632","Total",2491,10,72,202,420,784,603,227,104,69
"2011","Bedford 018","E02003633","Total",2982,6,52,203,328,946,881,344,131,91
"2011","Bedford 019","E02003634","Total",3747,6,27,221,648,934,730,484,347,350
"2011","Bedford 020","E02003635","Total",2153,7,34,162,276,500,456,287,213,218
"2011","Central Bedfordshire 001","E02003599","Total",2236,4,39,178,362,659,438,264,150,142
"2011","Central Bedfordshire 002","E02003600","Total",2556,6,48,131,491,672,515,281,210,202
"2011","Central Bedfordshire 003","E02003601","Total",3029,4,47,199,408,604,645,409,306,407
"2011","Central Bedfordshire 004","E02003602","Total",2444,0,19,117,291,482,505,348,268,414
"2011","Central Bedfordshire 005","E02003603","Total",4186,5,91,534,876,1091,769,407,241,172
"2011","Central Bedfordshire 006","E02003604","Total",2729,1,19,170,548,643,580,349,236,183
"2011","Central Bedfordshire 007","E02003605","Total",3066,12,44,141,353,654,689,392,363,418
"2011","Central Bedfordshire 008","E02003606","Total",3068,1,12,198,343,613,590,434,351,526
"2011","Central Bedfordshire 009","E02003607","Total",3499,4,39,256,477,782,731,457,323,430
"2011","Central Bedfordshire 010","E02003608","Total",4562,4,55,328,927,1042,905,466,397,438
"2011","Central Bedfordshire 011","E02003609","Total",4001,4,71,322,653,932,727,479,416,397
"2011","Central Bedfordshire 012","E02003610","Total",2966,4,29,233,465,562,600,398,330,345
"2011","Central Bedfordshire 013","E02003611","Total",3353,1,25,207,484,737,683,469,346,401
"2011","Central Bedfordshire 014","E02003612","Total",3978,1,64,309,637,909,874,534,316,334
"2011","Central Bedfordshire 015","E02003613","Total",2387,1,27,233,437,435,522,343,219,170
"2011","Central Bedfordshire 016","E02003614","Total",3020,5,29,163,584,859,609,345,223,203
"2011","Central Bedfordshire 017","E02003615","Total",3451,5,32,146,357,652,668,487,433,671
"2011","Central Bedfordshire 018","E02003636","Total",2974,2,24,121,593,717,616,330,302,269
"2011","Central Bedfordshire 019","E02003637","Total",3878,10,44,194,598,759,811,534,416,512
"2011","Central Bedfordshire 020","E02003638","Total",2933,0,12,66,348,867,598,442,268,332
"2011","Central Bedfordshire 021","E02003639","Total",3948,19,146,595,1034,841,688,324,187,114
"2011","Central Bedfordshire 022","E02003640","Total",2621,4,50,267,493,584,508,335,191,189
"2011","Central Bedfordshire 023","E02003641","Total",2233,5,14,90,341,542,510,315,256,160
"2011","Central Bedfordshire 025","E02003642","Total",3325,15,69,331,581,1383,622,234,57,33
"2011","Central Bedfordshire 024","E02003643","Total",3946,19,63,195,887,1077,830,455,258,162
"2011","Central Bedfordshire 026","E02003644","Total",3473,7,76,332,843,941,643,340,177,114
"2011","Central Bedfordshire 027","E02003645","Total",2648,1,21,136,389,907,737,304,102,51
"2011","Central Bedfordshire 028","E02003646","Total",3557,15,49,272,492,1126,890,373,191,149
"2011","Central Bedfordshire 029","E02003647","Total",3862,24,199,550,892,841,666,345,197,148
"2011","Central Bedfordshire 030","E02003648","Total",2206,6,37,325,461,571,495,175,85,51
"2011","Central Bedfordshire 031","E02003649","Total",2786,8,85,188,344,652,672,444,242,151
"2011","Central Bedfordshire 032","E02003650","Total",2914,11,42,169,390,559,534,410,368,431
"2011","Central Bedfordshire 033","E02003651","Total",2564,4,21,158,475,645,549,360,203,149
"2011","Luton 001","E02003258","Total",3462,13,81,275,472,737,699,597,377,211
"2011","Luton 002","E02003259","Total",2542,4,29,162,598,937,558,153,69,32
"2011","Luton 003","E02003260","Total",3194,22,107,408,755,1147,506,142,70,37
"2011","Luton 004","E02003261","Total",2470,9,28,231,518,669,395,317,169,134
"2011","Luton 005","E02003262","Total",3872,34,93,503,757,1299,770,251,101,64
"2011","Luton 006","E02003263","Total",4325,24,123,341,760,1504,1043,324,119,87
"2011","Luton 007","E02003264","Total",3226,3,15,80,336,645,948,540,389,270
"2011","Luton 008","E02003265","Total",3458,48,98,258,705,1015,808,344,111,71
"2011","Luton 009","E02003266","Total",3618,17,113,449,787,1164,810,168,78,32
"2011","Luton 010","E02003267","Total",3584,15,101,280,380,950,1159,346,202,151
"2011","Luton 011","E02003268","Total",3487,12,78,289,662,1067,973,266,98,42
"2011","Luton 012","E02003269","Total",4040,28,81,398,750,1124,978,377,183,121
"2011","Luton 013","E02003270","Total",3137,65,117,231,474,1153,763,215,85,34
"2011","Luton 014","E02003271","Total",3954,9,70,336,905,1121,715,395,262,141
"2011","Luton 015","E02003272","Total",2643,37,52,223,387,529,905,288,128,94
"2011","Luton 016","E02003273","Total",3789,16,40,222,452,1617,1053,250,98,41
"2011","Luton 017","E02003274","Total",3128,127,261,474,547,607,637,226,124,125
"2011","Luton 018","E02003275","Total",5297,267,690,1420,1249,790,597,170,73,41
"2011","Luton 019","E02003276","Total",2511,100,163,236,339,780,625,180,63,25
"2011","Luton 020","E02003277","Total",3720,36,97,516,561,1138,996,253,80,43
"2011","Luton 021","E02003278","Total",4836,245,543,970,829,954,735,293,165,102
"2011","Peterborough 001","E02003237","Total",2600,3,35,154,305,517,525,340,327,394
"2011","Peterborough 002","E02003238","Total",2466,12,91,261,394,629,464,332,178,105
"2011","Peterborough 003","E02003239","Total",3275,8,16,97,423,945,757,438,338,253
"2011","Peterborough 004","E02003240","Total",2480,4,17,82,393,572,446,305,232,429
"2011","Peterborough 005","E02003241","Total",2567,3,21,123,457,593,597,342,231,200
"2011","Peterborough 006","E02003242","Total",3584,9,87,292,612,998,885,373,169,159
"2011","Peterborough 007","E02003243","Total",4071,50,125,738,858,1369,569,227,84,51
"2011","Peterborough 008","E02003244","Total",3685,21,88,498,827,1068,806,224,94,59
"2011","Peterborough 009","E02003245","Total",2967,36,34,470,424,1264,502,139,53,45
"2011","Peterborough 010","E02003246","Total",3094,17,123,404,475,869,828,240,87,51
"2011","Peterborough 011","E02003247","Total",3272,28,65,412,374,1361,604,242,104,82
"2011","Peterborough 012","E02003248","Total",3284,25,117,277,339,573,974,502,260,217
"2011","Peterborough 013","E02003249","Total",4368,45,158,622,1051,1157,742,334,129,130
"2011","Peterborough 014","E02003250","Total",3835,76,279,645,855,643,672,330,185,150
"2011","Peterborough 015","E02003251","Total",2852,6,17,107,274,449,523,493,454,529
"2011","Peterborough 016","E02003252","Total",4163,19,72,485,808,987,880,408,289,215
"2011","Peterborough 017","E02003253","Total",3841,19,136,573,633,959,966,308,146,101
"2011","Peterborough 018","E02003254","Total",3732,5,23,221,427,879,621,455,472,629
"2011","Peterborough 019","E02003255","Total",3777,3,49,219,618,1218,985,409,197,79
"2011","Peterborough 021","E02003257","Total",3532,54,114,473,546,1296,712,225,73,39
"2011","Peterborough 022","E02006877","Total",3205,6,80,301,623,579,529,399,366,322
"2011","Peterborough 023","E02006878","Total",3373,4,94,321,657,726,502,384,375,310
"2011","Southend-on-Sea 001","E02003279","Total",3982,19,65,189,742,1305,891,468,186,117
"2011","Southend-on-Sea 002","E02003280","Total",4205,34,119,307,833,1367,870,407,187,81
"2011","Southend-on-Sea 003","E02003281","Total",4173,31,95,384,927,1199,830,355,206,146
"2011","Southend-on-Sea 004","E02003282","Total",4208,26,139,430,606,978,1071,556,268,134
"2011","Southend-on-Sea 005","E02003283","Total",4279,10,87,357,650,1254,1053,515,245,108
"2011","Southend-on-Sea 006","E02003284","Total",4646,17,127,481,823,1325,1321,375,135,42
"2011","Southend-on-Sea 007","E02003285","Total",4386,24,125,702,900,882,1033,448,200,72
"2011","Southend-on-Sea 008","E02003286","Total",3840,17,46,229,594,546,897,736,432,343
"2011","Southend-on-Sea 009","E02003287","Total",4065,11,89,351,709,924,876,569,305,231
"2011","Southend-on-Sea 010","E02003288","Total",4965,130,383,1268,1176,865,722,266,96,59
"2011","Southend-on-Sea 011","E02003289","Total",4608,16,123,734,1170,840,814,484,272,155
"2011","Southend-on-Sea 012","E02003290","Total",4369,114,250,790,1077,446,379,447,415,451
"2011","Southend-on-Sea 013","E02003291","Total",4782,44,183,777,1041,1319,746,356,175,141
"2011","Southend-on-Sea 014","E02003292","Total",5087,123,464,1220,1466,671,581,299,171,92
"2011","Southend-on-Sea 015","E02003293","Total",5199,179,406,1237,1659,696,352,287,192,191
"2011","Southend-on-Sea 016","E02003294","Total",3921,1,32,243,718,614,800,650,435,428
"2011","Southend-on-Sea 017","E02003295","Total",3963,5,43,273,557,1061,797,568,353,306
"2011","Thurrock 001","E02003296","Total",2743,5,18,44,278,1046,751,331,152,118
"2011","Thurrock 002","E02003297","Total",2895,3,37,244,418,1163,625,254,104,47
"2011","Thurrock 003","E02003298","Total",2838,3,35,171,412,1225,664,204,75,49
"2011","Thurrock 004","E02003299","Total",2370,6,21,108,293,553,491,378,252,268
"2011","Thurrock 005","E02003300","Total",3162,10,62,261,489,1164,714,274,117,71
"2011","Thurrock 006","E02003301","Total",3827,14,87,462,777,1284,696,255,149,103
"2011","Thurrock 007","E02003302","Total",4082,16,76,832,1088,1288,522,152,81,27
"2011","Thurrock 008","E02003303","Total",3126,15,73,267,522,1271,673,178,84,43
"2011","Thurrock 009","E02003304","Total",3599,8,38,429,239,1228,1050,348,171,88
"2011","Thurrock 010","E02003305","Total",2319,3,26,78,407,763,592,275,111,64
"2011","Thurrock 012","E02003307","Total",3935,7,57,383,566,1591,934,261,86,50
"2011","Thurrock 013","E02003308","Total",2447,17,38,109,415,909,529,272,95,63
"2011","Thurrock 014","E02003309","Total",2999,4,40,375,363,843,740,375,166,93
"2011","Thurrock 015","E02003310","Total",4783,53,248,991,1184,1348,718,155,56,30
"2011","Thurrock 016","E02003311","Total",3320,18,105,469,743,856,643,236,143,107
"2011","Thurrock 017","E02003312","Total",3466,42,234,887,1247,691,246,69,32,18
"2011","Thurrock 018","E02003313","Total",4921,24,187,562,919,2031,849,229,75,45
"2011","Thurrock 019","E02006859","Total",2680,3,57,229,858,514,367,260,197,195
"2011","Thurrock 020","E02006926","Total",2841,2,38,227,763,445,477,345,294,250
"2011","Cambridge 001","E02003719","Total",3918,37,179,694,961,1004,661,226,106,50
"2011","Cambridge 002","E02003720","Total",3886,33,211,574,714,918,796,340,179,121
"2011","Cambridge 003","E02003721","Total",4038,28,258,687,741,1003,848,256,131,86
"2011","Cambridge 004","E02003722","Total",3729,204,337,465,458,553,608,506,317,281
"2011","Cambridge 005","E02003723","Total",2082,55,95,251,363,365,387,215,161,190
"2011","Cambridge 006","E02003724","Total",4106,32,141,586,975,960,898,303,140,71
"2011","Cambridge 007","E02003725","Total",3372,83,372,393,585,538,458,291,233,419
"2011","Cambridge 008","E02003726","Total",3366,91,309,473,747,656,427,253,216,194
"2011","Cambridge 009","E02003727","Total",3857,107,182,457,637,1114,915,275,116,54
"2011","Cambridge 010","E02003728","Total",3788,54,247,689,626,725,813,367,157,110
"2011","Cambridge 011","E02003729","Total",3676,7,72,409,769,1001,757,327,196,138
"2011","Cambridge 012","E02003730","Total",3472,131,300,567,595,600,408,302,184,385
"2011","Cambridge 013","E02003731","Total",3424,108,170,159,395,603,655,450,340,544
"2011","East Cambridgeshire 001","E02003732","Total",3584,6,57,258,646,957,740,421,255,244
"2011","East Cambridgeshire 002","E02003733","Total",3414,0,26,126,420,795,758,466,395,428
"2011","East Cambridgeshire 003","E02003734","Total",4897,18,100,347,1024,1080,885,582,447,414
"2011","East Cambridgeshire 004","E02003735","Total",3642,7,82,367,642,758,661,401,356,368
"2011","East Cambridgeshire 005","E02003736","Total",4024,14,50,212,597,849,731,493,427,651
"2011","East Cambridgeshire 006","E02003737","Total",4782,20,73,377,994,1212,928,483,338,357
"2011","East Cambridgeshire 007","E02003738","Total",2534,1,29,120,410,550,490,324,258,352
"2011","East Cambridgeshire 008","E02003739","Total",2631,2,37,163,447,532,502,336,307,305
"2011","East Cambridgeshire 009","E02003740","Total",2393,2,20,108,339,472,445,350,251,406
"2011","East Cambridgeshire 011","E02006825","Total",2713,4,18,111,407,531,530,349,290,473
"2011","Fenland 001","E02003742","Total",2775,5,19,118,413,720,634,356,256,254
"2011","Fenland 002","E02003743","Total",4066,15,97,390,887,1160,845,348,172,152
"2011","Fenland 003","E02003744","Total",5517,46,284,661,1064,1232,1007,510,359,354
"2011","Fenland 004","E02003745","Total",4050,6,37,186,601,1035,896,500,350,439
"2011","Fenland 005","E02003746","Total",3066,1,18,150,550,939,760,327,185,136
"2011","Fenland 006","E02003747","Total",4861,8,69,379,783,1179,1088,638,368,349
"2011","Fenland 007","E02003748","Total",3444,4,79,354,788,923,720,297,139,140
"2011","Fenland 008","E02003749","Total",2509,3,19,79,401,621,553,363,230,240
"2011","Fenland 009","E02003750","Total",3068,2,41,310,588,778,498,344,248,259
"2011","Fenland 010","E02003751","Total",2727,2,13,73,425,650,543,411,283,327
"2011","Fenland 011","E02003752","Total",4537,3,76,318,963,1213,876,445,326,317
"2011","Huntingdonshire 001","E02003753","Total",4448,1,26,227,636,1220,1072,526,403,337
"2011","Huntingdonshire 002","E02003754","Total",2381,1,15,58,311,434,458,372,307,425
"2011","Huntingdonshire 003","E02003755","Total",3559,15,78,322,474,789,662,461,348,410
"2011","Huntingdonshire 004","E02003756","Total",2641,4,11,98,389,593,531,384,276,355
"2011","Huntingdonshire 005","E02003757","Total",2553,1,31,130,328,523,457,372,314,397
"2011","Huntingdonshire 006","E02003758","Total",3775,7,51,133,528,808,771,500,422,555
"2011","Huntingdonshire 007","E02003759","Total",2414,1,7,54,255,457,477,383,372,408
"2011","Huntingdonshire 008","E02003760","Total",3081,17,26,252,552,1317,573,191,84,69
"2011","Huntingdonshire 009","E02003761","Total",2386,1,18,93,265,689,452,319,291,258
"2011","Huntingdonshire 010","E02003762","Total",3431,4,19,107,505,727,665,516,382,506
"2011","Huntingdonshire 011","E02003763","Total",4072,10,79,285,657,1078,798,519,405,241
"2011","Huntingdonshire 012","E02003764","Total",3929,28,189,522,751,749,509,460,402,319
"2011","Huntingdonshire 013","E02003765","Total",2938,12,108,384,502,506,514,396,270,246
"2011","Huntingdonshire 014","E02003766","Total",2879,24,55,353,520,509,434,345,300,339
"2011","Huntingdonshire 015","E02003767","Total",2591,0,20,55,230,351,385,377,404,769
"2011","Huntingdonshire 016","E02003768","Total",3974,6,57,182,550,698,644,595,527,715
"2011","Huntingdonshire 017","E02003769","Total",2657,5,22,82,318,482,526,409,357,456
"2011","Huntingdonshire 018","E02003770","Total",3202,8,34,191,498,660,570,392,310,539
"2011","Huntingdonshire 019","E02003771","Total",2785,6,72,378,493,598,544,261,240,193
"2011","Huntingdonshire 020","E02003772","Total",2856,3,48,233,406,460,492,459,417,338
"2011","Huntingdonshire 021","E02003773","Total",4334,8,79,368,841,1406,800,464,196,172
"2011","Huntingdonshire 022","E02003774","Total",2447,5,27,246,414,826,417,253,162,97
"2011","South Cambridgeshire 001","E02003775","Total",2750,5,24,114,388,516,509,424,377,393
"2011","South Cambridgeshire 002","E02003776","Total",2658,3,31,141,498,480,483,359,326,337
"2011","South Cambridgeshire 003","E02003777","Total",2715,5,32,134,486,535,464,408,304,347
"2011","South Cambridgeshire 004","E02003778","Total",2290,16,26,165,449,586,358,267,198,225
"2011","South Cambridgeshire 005","E02003779","Total",2139,5,67,125,335,511,438,278,168,212
"2011","South Cambridgeshire 006","E02003780","Total",4211,6,80,467,670,853,787,554,394,400
"2011","South Cambridgeshire 007","E02003781","Total",2626,16,44,189,536,487,446,347,260,301
"2011","South Cambridgeshire 009","E02003783","Total",2772,14,44,156,380,474,499,423,355,427
"2011","South Cambridgeshire 010","E02003784","Total",3395,6,34,128,328,766,657,453,430,593
"2011","South Cambridgeshire 011","E02003785","Total",3602,16,124,304,699,734,609,420,335,361
"2011","South Cambridgeshire 012","E02003786","Total",2673,9,72,207,437,421,422,351,303,451
"2011","South Cambridgeshire 013","E02003787","Total",3019,5,29,125,426,629,573,393,334,505
"2011","South Cambridgeshire 014","E02003788","Total",2592,3,19,96,290,422,418,439,349,556
"2011","South Cambridgeshire 015","E02003789","Total",2992,8,45,180,477,758,731,385,233,175
"2011","South Cambridgeshire 016","E02003790","Total",3831,5,21,139,537,739,664,531,495,700
"2011","South Cambridgeshire 017","E02003791","Total",3215,3,45,167,479,592,529,411,378,611
"2011","South Cambridgeshire 018","E02003792","Total",3829,17,50,193,587,737,668,505,412,660
"2011","South Cambridgeshire 019","E02003793","Total",2871,10,14,101,413,517,553,397,374,492
"2011","South Cambridgeshire 020","E02006873","Total",2608,2,46,191,605,530,356,221,254,403
"2011","South Cambridgeshire 021","E02006874","Total",3172,7,40,176,491,529,519,426,389,595
"2011","Basildon 001","E02004424","Total",2755,0,33,55,200,521,440,540,437,529
"2011","Basildon 002","E02004425","Total",3169,8,71,326,516,754,581,441,295,177
"2011","Basildon 003","E02004426","Total",3284,3,39,249,435,756,562,469,334,437
"2011","Basildon 004","E02004427","Total",3333,11,40,247,428,738,608,515,350,396
"2011","Basildon 005","E02004428","Total",2694,7,51,349,517,672,547,275,165,111
"2011","Basildon 006","E02004429","Total",3111,2,63,139,451,752,696,495,238,275
"2011","Basildon 007","E02004430","Total",3206,2,42,106,539,888,695,469,301,164
"2011","Basildon 008","E02004431","Total",3814,11,100,429,800,961,740,398,239,136
"2011","Basildon 009","E02004432","Total",2604,5,13,110,296,667,524,392,269,328
"2011","Basildon 010","E02004433","Total",3691,8,102,489,807,871,671,386,230,127
"2011","Basildon 011","E02004434","Total",3454,17,108,377,813,1098,546,261,147,87
"2011","Basildon 012","E02004435","Total",3324,20,106,223,703,1316,656,198,68,34
"2011","Basildon 013","E02004436","Total",3142,19,106,485,426,1153,727,158,45,23
"2011","Basildon 014","E02004437","Total",3583,31,133,570,664,979,692,310,132,72
"2011","Basildon 015","E02004438","Total",3660,20,148,598,868,1136,643,151,72,24
"2011","Basildon 016","E02004439","Total",3472,12,72,556,789,1327,500,143,40,33
"2011","Basildon 017","E02004440","Total",3354,6,61,281,830,1251,637,203,59,26
"2011","Basildon 018","E02004441","Total",3209,11,117,448,477,1007,745,251,90,63
"2011","Basildon 019","E02004442","Total",3350,16,166,480,673,1159,573,175,67,41
"2011","Basildon 020","E02004443","Total",3415,15,98,320,785,1006,596,320,174,101
"2011","Basildon 021","E02004444","Total",3602,6,27,258,584,602,644,547,499,435
"2011","Basildon 022","E02004445","Total",3520,17,145,530,710,1092,649,242,103,32
"2011","Braintree 001","E02004446","Total",2749,1,12,78,403,561,514,419,340,421
"2011","Braintree 002","E02004447","Total",2500,2,9,43,309,414,446,368,332,577
"2011","Braintree 003","E02004448","Total",2688,3,32,170,457,534,546,325,278,343
"2011","Braintree 004","E02004449","Total",3831,11,127,448,833,1114,743,313,139,103
"2011","Braintree 005","E02004450","Total",2548,7,13,79,363,550,436,331,295,474
"2011","Braintree 006","E02004451","Total",3521,4,61,155,593,722,787,453,340,406
"2011","Braintree 007","E02004452","Total",3522,6,31,196,431,799,814,477,374,394
"2011","Braintree 008","E02004453","Total",2969,3,40,319,782,697,689,226,114,99
"2011","Braintree 009","E02004454","Total",4219,30,207,741,1062,874,684,306,183,132
"2011","Braintree 010","E02004455","Total",2884,1,8,52,314,644,636,471,374,384
"2011","Braintree 011","E02004456","Total",3809,16,91,396,884,1230,790,227,100,75
"2011","Braintree 012","E02004457","Total",4041,9,48,224,873,1087,790,414,300,296
"2011","Braintree 013","E02004458","Total",3540,0,25,122,561,678,674,507,482,491
"2011","Braintree 014","E02004459","Total",4339,17,52,273,786,873,709,597,473,559
"2011","Braintree 015","E02004460","Total",3706,9,51,198,664,1153,912,367,194,158
"2011","Braintree 016","E02004461","Total",2258,5,22,226,393,965,425,116,59,47
"2011","Braintree 017","E02004462","Total",4655,62,149,784,1105,1039,671,402,273,170
"2011","Braintree 018","E02004463","Total",3264,1,18,162,605,696,647,420,329,386
"2011","Brentwood 001","E02004464","Total",3742,3,19,146,339,755,791,733,500,456
"2011","Brentwood 002","E02004465","Total",2588,8,24,195,391,523,478,363,274,332
"2011","Brentwood 003","E02004466","Total",3314,7,46,248,693,1041,632,325,186,136
"2011","Brentwood 004","E02004467","Total",3062,16,96,250,689,763,626,365,174,83
"2011","Brentwood 005","E02004468","Total",4144,9,30,158,437,494,637,641,668,1070
"2011","Brentwood 006","E02004469","Total",2749,4,30,109,372,684,637,407,261,245
"2011","Brentwood 007","E02004470","Total",5127,50,426,1110,1379,859,547,368,202,186
"2011","Brentwood 008","E02004471","Total",3360,15,51,486,825,599,552,329,252,251
"2011","Brentwood 009","E02004472","Total",2560,8,64,148,340,564,544,361,231,300
"2011","Castle Point 001","E02004473","Total",3088,5,28,150,376,1110,831,381,149,58
"2011","Castle Point 002","E02004474","Total",2994,2,35,131,568,853,637,363,214,191
"2011","Castle Point 003","E02004475","Total",2607,5,29,113,342,690,549,402,297,180
"2011","Castle Point 004","E02004476","Total",3140,0,22,106,336,748,769,496,340,323
"2011","Castle Point 005","E02004477","Total",2606,0,11,79,440,744,595,360,219,158
"2011","Castle Point 006","E02004478","Total",2864,4,45,378,639,656,515,284,199,144
"2011","Castle Point 007","E02004479","Total",3270,3,42,139,614,836,733,434,270,199
"2011","Castle Point 008","E02004480","Total",2709,2,26,249,442,736,451,408,232,163
"2011","Castle Point 009","E02004481","Total",3194,2,59,513,941,818,431,256,115,59
"2011","Castle Point 010","E02004482","Total",3147,14,63,239,491,1377,592,212,102,57
"2011","Castle Point 011","E02004483","Total",3460,11,87,333,642,879,687,377,252,192
"2011","Castle Point 012","E02004484","Total",3361,17,41,480,739,837,531,344,218,154
"2011","Chelmsford 001","E02004485","Total",2805,12,25,194,366,561,506,385,325,431
"2011","Chelmsford 002","E02004486","Total",3336,14,102,138,380,750,808,530,353,261
"2011","Chelmsford 003","E02004487","Total",2946,15,59,186,445,721,682,377,221,240
"2011","Chelmsford 004","E02004488","Total",3446,10,82,250,631,958,757,446,189,123
"2011","Chelmsford 005","E02004489","Total",3480,2,62,273,390,640,613,509,385,606
"2011","Chelmsford 006","E02004490","Total",3275,15,155,520,751,864,595,176,101,98
"2011","Chelmsford 007","E02004491","Total",2989,5,40,135,407,790,668,414,259,271
"2011","Chelmsford 008","E02004492","Total",3910,39,93,468,765,930,685,433,263,234
"2011","Chelmsford 009","E02004493","Total",4209,11,109,485,977,702,880,462,354,229
"2011","Chelmsford 010","E02004494","Total",4664,32,312,1233,1343,751,546,241,104,102
"2011","Chelmsford 011","E02004495","Total",3421,20,38,213,426,732,795,563,331,303
"2011","Chelmsford 012","E02004496","Total",2874,4,47,96,274,599,913,515,268,158
"2011","Chelmsford 013","E02004497","Total",3308,7,63,279,382,650,643,505,396,383
"2011","Chelmsford 014","E02004498","Total",4209,14,118,562,687,972,885,470,292,209
"2011","Chelmsford 015","E02004499","Total",2698,0,7,33,191,1177,776,299,145,70
"2011","Chelmsford 016","E02004500","Total",3647,7,87,178,270,548,636,666,581,674
"2011","Chelmsford 017","E02004501","Total",3006,28,31,265,360,734,589,388,304,307
"2011","Chelmsford 018","E02004502","Total",2791,11,48,222,333,461,455,352,321,588
"2011","Chelmsford 019","E02004503","Total",3257,23,79,205,388,708,717,599,331,207
"2011","Chelmsford 020","E02004504","Total",3343,12,98,358,587,363,388,499,462,576
"2011","Chelmsford 021","E02004505","Total",2053,3,16,106,338,469,453,314,192,162
"2011","Colchester 001","E02004506","Total",2696,1,19,103,272,481,468,436,347,569
"2011","Colchester 002","E02004507","Total",4172,45,188,524,1096,837,511,374,256,341
"2011","Colchester 003","E02004508","Total",2620,2,24,93,263,575,504,363,335,461
"2011","Colchester 004","E02004509","Total",4413,39,146,493,931,818,832,483,377,294
"2011","Colchester 007","E02004512","Total",4961,47,246,1169,1242,978,700,291,143,145
"2011","Colchester 008","E02004513","Total",4268,78,221,754,1057,1221,615,196,85,41
"2011","Colchester 009","E02004514","Total",2311,2,16,146,337,478,448,336,269,279
"2011","Colchester 010","E02004515","Total",2880,2,38,111,320,538,574,425,351,521
"2011","Colchester 011","E02004516","Total",4437,131,209,548,1164,1252,786,211,90,46
"2011","Colchester 012","E02004517","Total",3506,10,91,329,613,782,678,456,305,242
"2011","Colchester 013","E02004518","Total",2583,13,83,285,305,411,580,347,245,314
"2011","Colchester 014","E02004519","Total",3076,5,30,107,299,722,860,506,321,226
"2011","Colchester 015","E02004520","Total",3163,19,57,341,792,815,515,329,172,123
"2011","Colchester 016","E02004521","Total",3904,35,148,476,997,962,720,299,159,108
"2011","Colchester 017","E02004522","Total",3457,23,85,222,491,910,787,434,301,204
"2011","Colchester 018","E02004523","Total",3634,10,48,351,647,1241,843,296,131,67
"2011","Colchester 019","E02004524","Total",3231,3,19,90,250,623,670,506,466,604
"2011","Colchester 020","E02004525","Total",3293,4,107,192,473,921,693,370,260,273
"2011","Colchester 021","E02004526","Total",3300,3,32,189,522,725,665,477,309,378
"2011","Colchester 022","E02006922","Total",5729,18,102,397,945,1661,1204,716,394,292
"2011","Epping Forest 001","E02004527","Total",3667,14,142,422,606,865,704,379,215,320
"2011","Epping Forest 002","E02004528","Total",3242,5,26,141,369,700,614,485,397,505
"2011","Epping Forest 003","E02004529","Total",2582,0,19,121,222,484,500,383,286,567
"2011","Epping Forest 004","E02004530","Total",2626,18,33,240,343,727,569,307,205,184
"2011","Epping Forest 005","E02004531","Total",2663,9,67,188,378,768,544,310,190,209
"2011","Epping Forest 006","E02004532","Total",2764,10,77,310,548,606,508,324,207,174
"2011","Epping Forest 007","E02004533","Total",2999,9,51,557,528,963,540,201,101,49
"2011","Epping Forest 008","E02004534","Total",3678,12,70,490,924,1063,607,266,146,100
"2011","Epping Forest 009","E02004535","Total",2493,44,110,422,604,473,316,186,139,199
"2011","Epping Forest 010","E02004536","Total",2520,4,59,213,336,474,511,371,251,301
"2011","Epping Forest 011","E02004537","Total",3805,32,181,800,995,1008,542,145,69,33
"2011","Epping Forest 012","E02004538","Total",3515,3,77,241,453,653,711,537,397,443
"2011","Epping Forest 013","E02004539","Total",3188,6,48,331,845,956,531,248,141,82
"2011","Epping Forest 014","E02004540","Total",2457,7,15,144,494,514,364,287,259,373
"2011","Epping Forest 015","E02004541","Total",4894,21,126,530,1056,924,957,599,353,328
"2011","Epping Forest 016","E02004542","Total",2396,3,26,97,267,490,439,376,273,425
"2011","Epping Forest 017","E02004543","Total",2502,4,52,164,693,508,363,232,182,304
"2011","Harlow 001","E02004544","Total",3012,9,106,356,531,749,588,283,190,200
"2011","Harlow 002","E02004545","Total",3025,20,108,373,883,886,402,202,93,58
"2011","Harlow 003","E02004546","Total",3260,54,137,535,968,854,428,151,92,41
"2011","Harlow 004","E02004547","Total",3369,18,165,499,1005,911,458,186,89,38
"2011","Harlow 005","E02004548","Total",3513,7,44,219,1019,737,676,384,248,179
"2011","Harlow 006","E02004549","Total",3244,17,110,375,875,929,622,179,81,56
"2011","Harlow 007","E02004550","Total",3331,34,154,527,981,801,550,194,57,33
"2011","Harlow 008","E02004551","Total",3180,14,87,439,925,887,542,183,68,35
"2011","Harlow 009","E02004552","Total",2748,11,68,379,523,893,508,205,87,74
"2011","Harlow 010","E02004553","Total",2949,6,52,328,758,976,501,200,72,56
"2011","Harlow 011","E02004554","Total",2989,12,103,466,475,893,644,254,81,61
"2011","Maldon 001","E02004555","Total",2503,1,17,123,344,537,482,364,273,362
"2011","Maldon 002","E02004556","Total",2912,3,11,78,265,407,481,439,427,801
"2011","Maldon 003","E02004557","Total",3365,10,66,242,508,875,634,436,336,258
"2011","Maldon 004","E02004558","Total",3059,15,131,446,737,695,476,209,152,198
"2011","Maldon 005","E02004559","Total",3147,2,20,178,291,842,675,417,369,353
"2011","Maldon 006","E02004560","Total",3383,2,39,190,451,790,709,415,373,414
"2011","Maldon 007","E02004561","Total",3929,1,45,204,415,707,718,577,518,744
"2011","Maldon 008","E02004562","Total",3519,6,42,310,670,840,597,422,298,334
"2011","Rochford 001","E02004563","Total",2786,4,41,236,483,710,587,387,207,131
"2011","Rochford 002","E02004564","Total",3122,0,25,135,437,811,679,526,300,209
"2011","Rochford 003","E02004565","Total",5929,8,52,298,830,1360,1234,895,645,607
"2011","Rochford 004","E02004566","Total",2379,37,107,409,431,548,416,215,119,97
"2011","Rochford 005","E02004567","Total",3133,0,13,94,325,810,803,548,315,225
"2011","Rochford 006","E02004568","Total",3372,2,35,185,683,906,636,423,273,229
"2011","Rochford 007","E02004569","Total",3133,12,73,413,528,863,677,299,136,132
"2011","Rochford 008","E02004570","Total",3591,10,85,364,556,819,770,491,274,222
"2011","Rochford 009","E02004571","Total",3141,0,13,88,379,864,786,496,267,248
"2011","Rochford 010","E02004572","Total",2978,3,31,197,366,909,713,378,210,171
"2011","Tendring 001","E02004573","Total",2873,19,144,458,542,800,448,231,107,124
"2011","Tendring 002","E02004574","Total",3127,2,32,208,642,1119,814,178,90,42
"2011","Tendring 003","E02004575","Total",4812,13,87,395,888,1092,897,551,424,465
"2011","Tendring 004","E02004576","Total",3736,1,12,136,575,1000,817,541,351,303
"2011","Tendring 005","E02004577","Total",2082,5,14,99,259,454,397,279,240,335
"2011","Tendring 006","E02004578","Total",3423,11,102,309,903,809,531,317,178,263
"2011","Tendring 007","E02004579","Total",2992,13,41,235,510,788,576,336,239,254
"2011","Tendring 008","E02004580","Total",5535,1,28,215,1249,1660,1003,628,404,347
"2011","Tendring 009","E02004581","Total",3101,0,22,121,446,783,669,426,314,320
"2011","Tendring 010","E02004582","Total",3188,4,20,172,990,1162,536,168,87,49
"2011","Tendring 011","E02004583","Total",3703,10,80,271,740,968,833,403,221,177
"2011","Tendring 012","E02004584","Total",3205,14,23,82,930,1059,598,285,131,83
"2011","Tendring 013","E02004585","Total",3312,1,47,197,689,1034,691,385,172,96
"2011","Tendring 014","E02004586","Total",3631,14,90,438,943,727,658,390,196,175
"2011","Tendring 015","E02004587","Total",3338,13,100,355,887,1075,563,224,71,50
"2011","Tendring 016","E02004588","Total",3019,94,274,659,790,413,320,215,126,128
"2011","Tendring 017","E02004589","Total",3141,4,40,219,780,784,699,320,174,121
"2011","Tendring 018","E02004590","Total",3887,13,108,427,1224,1086,552,220,141,116
"2011","Uttlesford 001","E02004591","Total",2705,5,27,83,335,444,514,411,345,541
"2011","Uttlesford 002","E02004592","Total",5158,11,145,581,1063,1143,964,581,356,314
"2011","Uttlesford 003","E02004593","Total",3190,4,22,82,377,529,506,390,420,860
"2011","Uttlesford 004","E02004594","Total",2933,2,34,108,362,542,494,369,359,663
"2011","Uttlesford 005","E02004595","Total",4711,15,57,255,582,934,882,695,479,812
"2011","Uttlesford 006","E02004596","Total",2959,4,48,161,479,594,489,359,351,474
"2011","Uttlesford 007","E02004597","Total",3075,33,98,362,579,534,448,318,318,385
"2011","Uttlesford 008","E02004598","Total",3825,6,42,176,418,657,622,531,460,913
"2011","Uttlesford 009","E02004599","Total",2760,2,38,125,303,440,442,389,353,668
"2011","Broxbourne 001","E02004843","Total",2648,0,5,73,278,820,733,374,215,150
"2011","Broxbourne 002","E02004844","Total",2767,5,44,230,458,1061,619,219,86,45
"2011","Broxbourne 003","E02004845","Total",3367,35,186,713,822,527,433,280,195,176
"2011","Broxbourne 004","E02004846","Total",2398,5,29,111,259,341,433,383,396,441
"2011","Broxbourne 005","E02004847","Total",4040,17,143,624,1046,1062,642,285,132,89
"2011","Broxbourne 006","E02004848","Total",2673,6,22,171,485,764,561,354,183,127
"2011","Broxbourne 007","E02004849","Total",2486,2,23,89,298,434,435,397,355,453
"2011","Broxbourne 008","E02004850","Total",3064,20,114,366,615,985,597,194,95,78
"2011","Broxbourne 009","E02004851","Total",2315,3,73,273,487,902,319,121,102,35
"2011","Broxbourne 010","E02004852","Total",3144,16,81,302,698,1010,636,230,108,63
"2011","Broxbourne 011","E02004853","Total",2576,16,96,262,569,843,443,180,97,70
"2011","Broxbourne 012","E02004854","Total",3017,13,75,315,660,1015,594,188,93,64
"2011","Broxbourne 013","E02004855","Total",3163,36,243,748,693,873,411,115,24,20
"2011","Dacorum 001","E02004856","Total",2247,1,42,194,328,543,457,240,169,273
"2011","Dacorum 002","E02004857","Total",2350,8,38,183,407,494,481,279,236,224
"2011","Dacorum 003","E02004858","Total",2069,0,50,237,316,519,416,273,157,101
"2011","Dacorum 004","E02004859","Total",2141,1,57,169,273,365,320,318,263,375
"2011","Dacorum 005","E02004860","Total",2516,17,38,348,785,571,460,188,63,46
"2011","Dacorum 006","E02004861","Total",2394,7,69,221,324,387,349,263,259,515
"2011","Dacorum 007","E02004862","Total",3130,12,69,556,410,1055,667,223,91,47
"2011","Dacorum 008","E02004863","Total",3194,5,83,590,735,1045,489,169,46,32
"2011","Dacorum 009","E02004864","Total",2852,1,40,271,624,511,476,349,231,349
"2011","Dacorum 010","E02004865","Total",2415,16,101,367,449,530,440,294,130,88
"2011","Dacorum 011","E02004866","Total",2707,13,48,325,530,562,573,309,200,147
"2011","Dacorum 012","E02004867","Total",2401,2,48,292,327,330,424,275,218,485
"2011","Dacorum 013","E02004868","Total",2387,8,62,331,497,438,508,293,157,93
"2011","Dacorum 014","E02004869","Total",2293,7,24,179,403,476,392,308,218,286
"2011","Dacorum 015","E02004870","Total",4059,33,279,647,818,777,758,421,199,127
"2011","Dacorum 016","E02004871","Total",2064,7,15,201,330,527,491,265,140,88
"2011","Dacorum 017","E02004872","Total",2801,2,46,122,353,602,653,467,302,254
"2011","Dacorum 018","E02004873","Total",4440,12,148,540,978,803,788,576,377,218
"2011","Dacorum 019","E02004874","Total",2421,7,55,225,516,733,481,219,115,70
"2011","Dacorum 020","E02004875","Total",3541,11,61,307,578,982,829,410,212,151
"2011","Dacorum 021","E02004876","Total",3381,2,53,235,434,562,525,447,411,712
"2011","Dacorum 022","E02004877","Total",2135,2,35,176,318,396,467,283,223,235
"2011","East Hertfordshire 001","E02004878","Total",2653,1,35,141,351,593,557,386,281,308
"2011","East Hertfordshire 002","E02004879","Total",3084,7,21,148,378,532,582,459,385,572
"2011","East Hertfordshire 003","E02004880","Total",3492,2,45,172,430,518,537,565,471,752
"2011","East Hertfordshire 004","E02004881","Total",2587,53,155,395,410,421,411,289,225,228
"2011","East Hertfordshire 005","E02004882","Total",3023,9,108,217,313,654,576,414,326,406
"2011","East Hertfordshire 006","E02004883","Total",2308,1,50,180,377,468,450,273,228,281
"2011","East Hertfordshire 007","E02004884","Total",4233,9,172,646,1008,967,665,358,223,185
"2011","East Hertfordshire 008","E02004885","Total",3222,1,33,146,418,564,581,517,431,531
"2011","East Hertfordshire 009","E02004886","Total",2204,2,25,188,281,420,382,239,238,429
"2011","East Hertfordshire 010","E02004887","Total",2914,6,50,199,376,493,551,385,301,553
"2011","East Hertfordshire 011","E02004888","Total",3587,12,92,309,567,763,681,508,299,356
"2011","East Hertfordshire 012","E02004889","Total",4368,17,167,525,865,1141,840,409,256,148
"2011","East Hertfordshire 013","E02004890","Total",3643,13,135,481,933,703,583,402,216,177
"2011","East Hertfordshire 014","E02004891","Total",3270,13,89,307,732,687,604,356,223,259
"2011","East Hertfordshire 015","E02004892","Total",2449,5,111,309,613,647,381,185,100,98
"2011","East Hertfordshire 016","E02004893","Total",2129,2,38,154,443,537,375,260,175,145
"2011","East Hertfordshire 017","E02004894","Total",3810,23,138,617,888,763,557,313,218,293
"2011","East Hertfordshire 018","E02004895","Total",3601,9,101,396,634,685,590,437,341,408
"2011","Hertsmere 001","E02004896","Total",3263,9,70,276,587,720,604,455,295,247
"2011","Hertsmere 002","E02004897","Total",2588,5,26,177,347,775,770,295,123,70
"2011","Hertsmere 003","E02004898","Total",3040,12,44,334,684,793,642,298,154,79
"2011","Hertsmere 004","E02004899","Total",2101,25,22,174,364,405,441,270,180,220
"2011","Hertsmere 005","E02004900","Total",3143,2,40,239,385,389,407,380,426,875
"2011","Hertsmere 006","E02004901","Total",3485,10,122,641,913,955,544,183,70,47
"2011","Hertsmere 007","E02004902","Total",3173,25,100,370,832,1000,451,198,105,92
"2011","Hertsmere 008","E02004903","Total",2591,18,58,283,590,589,511,258,171,113
"2011","Hertsmere 009","E02004904","Total",2486,12,119,434,708,654,364,121,49,25
"2011","Hertsmere 010","E02004905","Total",2405,14,43,157,457,390,363,268,252,461
"2011","Hertsmere 011","E02004906","Total",3738,29,174,584,673,987,764,284,144,99
"2011","Hertsmere 012","E02004907","Total",3774,12,80,431,695,897,753,400,280,226
"2011","Hertsmere 013","E02004908","Total",3991,17,68,319,902,745,619,564,349,408
"2011","North Hertfordshire 001","E02004909","Total",2175,18,68,283,323,582,462,221,128,90
"2011","North Hertfordshire 002","E02004910","Total",4431,10,42,271,602,1069,969,607,431,430
"2011","North Hertfordshire 003","E02004911","Total",2935,16,75,471,682,817,518,161,102,93
"2011","North Hertfordshire 004","E02004912","Total",4375,27,137,519,893,1015,853,426,280,225
"2011","North Hertfordshire 005","E02004913","Total",5796,6,53,318,1119,1058,1034,669,586,953
"2011","North Hertfordshire 006","E02004914","Total",3115,14,104,403,585,691,775,278,152,113
"2011","North Hertfordshire 007","E02004915","Total",2335,5,62,353,416,890,392,120,64,33
"2011","North Hertfordshire 008","E02004916","Total",2933,6,38,173,347,564,530,404,346,525
"2011","North Hertfordshire 009","E02004917","Total",2672,8,37,268,345,790,510,296,220,198
"2011","North Hertfordshire 010","E02004918","Total",3615,31,213,767,596,576,761,352,193,126
"2011","North Hertfordshire 011","E02004919","Total",3073,9,86,351,439,878,720,304,184,102
"2011","North Hertfordshire 012","E02004920","Total",4660,16,147,621,894,1051,772,431,332,396
"2011","North Hertfordshire 013","E02004921","Total",3216,6,58,306,523,742,638,403,275,265
"2011","North Hertfordshire 014","E02004922","Total",3859,7,24,220,573,772,783,493,374,613
"2011","North Hertfordshire 015","E02004923","Total",4236,10,85,277,798,783,709,466,424,684
"2011","St Albans 001","E02004924","Total",2644,0,24,161,323,374,408,470,412,472
"2011","St Albans 002","E02004925","Total",2907,14,58,248,392,579,507,445,313,351
"2011","St Albans 003","E02004926","Total",3114,2,63,239,582,330,423,398,360,717
"2011","St Albans 004","E02004927","Total",2582,4,21,125,364,514,448,351,334,421
"2011","St Albans 005","E02004928","Total",2639,4,27,82,216,506,472,360,338,634
"2011","St Albans 006","E02004929","Total",2534,3,46,178,378,458,479,337,270,385
"2011","St Albans 007","E02004930","Total",2778,10,116,257,524,522,509,346,246,248
"2011","St Albans 008","E02004931","Total",2613,6,40,286,448,563,404,346,281,239
"2011","St Albans 009","E02004932","Total",2880,31,51,224,493,659,726,311,216,169
"2011","St Albans 010","E02004933","Total",2505,4,30,89,256,335,501,390,354,546
"2011","St Albans 011","E02004934","Total",2997,23,179,511,713,394,409,275,199,294
"2011","St Albans 012","E02004935","Total",3661,52,320,820,935,518,413,280,145,178
"2011","St Albans 013","E02004936","Total",2284,17,64,156,263,465,660,338,203,118
"2011","St Albans 014","E02004937","Total",2707,9,28,121,410,484,546,477,321,311
"2011","St Albans 015","E02004938","Total",2282,9,33,198,404,412,422,324,249,231
"2011","St Albans 016","E02004939","Total",2682,20,69,292,545,634,463,242,185,232
"2011","St Albans 017","E02004940","Total",2975,27,108,390,702,654,629,250,130,85
"2011","St Albans 018","E02004941","Total",3763,36,102,382,819,927,775,364,223,135
"2011","St Albans 019","E02004942","Total",2513,12,60,204,398,608,533,294,201,203
"2011","St Albans 020","E02004943","Total",3080,10,48,171,394,577,614,525,386,355
"2011","Stevenage 001","E02004944","Total",2559,13,61,334,192,763,777,282,102,35
"2011","Stevenage 002","E02004945","Total",4756,12,77,505,969,981,865,557,377,413
"2011","Stevenage 003","E02004946","Total",2632,20,124,418,372,541,576,364,148,69
"2011","Stevenage 004","E02004947","Total",2632,11,136,205,470,682,459,326,211,132
"2011","Stevenage 005","E02004948","Total",2611,18,90,526,481,632,498,216,81,69
"2011","Stevenage 006","E02004949","Total",3689,21,149,765,559,676,896,450,123,50
"2011","Stevenage 007","E02004950","Total",2710,3,50,160,490,928,658,245,109,67
"2011","Stevenage 008","E02004951","Total",3041,19,137,479,641,754,627,271,69,44
"2011","Stevenage 009","E02004952","Total",2694,27,93,298,511,676,595,233,165,96
"2011","Stevenage 010","E02004953","Total",2467,11,71,120,282,902,699,248,91,43
"2011","Stevenage 011","E02004954","Total",2673,18,108,307,435,727,652,244,109,73
"2011","Stevenage 012","E02004955","Total",2434,9,71,224,268,627,627,354,167,87
"2011","Three Rivers 001","E02004956","Total",3738,15,71,531,670,740,659,431,316,305
"2011","Three Rivers 002","E02004957","Total",3536,23,126,319,618,910,769,337,237,197
"2011","Three Rivers 003","E02004958","Total",2861,6,33,231,263,527,723,475,285,318
"2011","Three Rivers 004","E02004959","Total",2237,5,38,201,394,222,166,197,255,759
"2011","Three Rivers 005","E02004960","Total",2184,4,36,125,276,292,330,299,311,511
"2011","Three Rivers 006","E02004961","Total",3681,12,47,215,429,836,1069,554,276,243
"2011","Three Rivers 007","E02004962","Total",3517,36,93,282,738,588,708,433,320,319
"2011","Three Rivers 008","E02004963","Total",2736,15,46,272,627,806,539,247,110,74
"2011","Three Rivers 009","E02004964","Total",2314,4,21,183,562,640,509,188,100,107
"2011","Three Rivers 010","E02004965","Total",2754,1,51,187,564,954,638,221,87,51
"2011","Three Rivers 011","E02004966","Total",2465,7,20,74,219,280,247,341,402,875
"2011","Three Rivers 012","E02004967","Total",3085,21,151,765,827,753,382,113,42,31
"2011","Watford 001","E02004968","Total",3002,24,161,335,657,846,626,223,77,53
"2011","Watford 002","E02004969","Total",2792,3,80,273,452,797,644,301,159,83
"2011","Watford 003","E02004970","Total",3229,16,153,445,739,714,798,234,82,48
"2011","Watford 004","E02004971","Total",2774,21,105,353,383,790,751,231,104,36
"2011","Watford 005","E02004972","Total",2456,6,119,252,423,513,695,298,106,44
"2011","Watford 006","E02004973","Total",3161,47,143,481,509,955,795,157,45,29
"2011","Watford 007","E02004974","Total",3173,30,162,405,809,373,417,352,296,329
"2011","Watford 008","E02004975","Total",2938,23,82,331,383,270,486,477,444,442
"2011","Watford 009","E02004976","Total",3948,160,492,1043,949,654,376,150,69,55
"2011","Watford 010","E02004977","Total",2971,41,211,436,432,783,696,220,102,50
"2011","Watford 011","E02004978","Total",3460,78,292,705,817,691,581,200,72,24
"2011","Watford 012","E02004979","Total",2777,22,130,293,456,631,461,314,239,231
"2011","Welwyn Hatfield 001","E02004980","Total",2387,4,13,78,228,339,361,349,356,659
"2011","Welwyn Hatfield 002","E02004981","Total",2883,6,32,226,456,616,564,390,254,339
"2011","Welwyn Hatfield 003","E02004982","Total",2408,2,18,112,373,641,525,318,216,203
"2011","Welwyn Hatfield 004","E02004983","Total",2581,8,48,322,568,773,526,223,73,40
"2011","Welwyn Hatfield 005","E02004984","Total",2878,13,141,648,555,604,384,246,178,109
"2011","Welwyn Hatfield 006","E02004985","Total",2997,27,152,438,365,501,609,389,268,248
"2011","Welwyn Hatfield 007","E02004986","Total",2935,12,43,446,702,1106,418,128,56,24
"2011","Welwyn Hatfield 008","E02004987","Total",2732,24,109,181,392,883,650,277,131,85
"2011","Welwyn Hatfield 009","E02004988","Total",3018,12,68,450,490,1023,621,219,98,37
"2011","Welwyn Hatfield 010","E02004989","Total",3831,25,109,661,847,719,796,328,188,158
"2011","Welwyn Hatfield 011","E02004990","Total",2613,14,84,373,489,595,380,266,199,213
"2011","Welwyn Hatfield 012","E02004991","Total",2965,37,229,585,606,648,526,197,97,40
"2011","Welwyn Hatfield 013","E02004992","Total",2795,11,49,300,411,855,707,313,106,43
"2011","Welwyn Hatfield 014","E02004993","Total",2273,13,77,320,431,565,435,226,112,94
"2011","Welwyn Hatfield 015","E02004994","Total",2224,0,7,35,232,367,381,360,335,507
"2011","Welwyn Hatfield 016","E02004995","Total",2093,0,14,60,243,358,348,331,285,454
"2011","Breckland 001","E02005503","Total",2896,1,13,94,397,720,606,385,309,371
"2011","Breckland 002","E02005504","Total",3694,1,17,83,566,844,767,499,373,544
"2011","Breckland 003","E02005505","Total",2955,10,54,231,422,667,547,390,289,345
"2011","Breckland 004","E02005506","Total",2843,2,11,77,468,648,607,416,303,311
"2011","Breckland 005","E02005507","Total",5130,7,117,509,1146,1448,942,417,275,269
"2011","Breckland 006","E02005508","Total",2814,5,29,115,386,589,526,398,308,458
"2011","Breckland 007","E02005509","Total",3258,11,64,255,683,913,596,314,222,200
"2011","Breckland 008","E02005510","Total",2931,1,20,62,517,696,614,432,274,315
"2011","Breckland 009","E02005511","Total",3226,3,76,168,739,990,604,280,177,189
"2011","Breckland 010","E02005512","Total",3155,0,25,71,383,709,619,434,362,552
"2011","Breckland 011","E02005513","Total",3893,15,84,289,849,971,671,447,264,303
"2011","Breckland 012","E02005514","Total",2840,3,11,70,535,706,597,380,242,296
"2011","Breckland 013","E02005515","Total",2471,5,11,72,306,530,492,371,277,407
"2011","Breckland 014","E02005516","Total",2742,4,18,90,363,613,526,361,308,459
"2011","Breckland 015","E02005517","Total",2255,9,48,287,372,1050,289,103,65,32
"2011","Breckland 016","E02005518","Total",4329,21,152,384,729,1229,906,451,279,178
"2011","Breckland 017","E02005519","Total",3087,11,39,235,390,1153,641,290,192,136
"2011","Broadland 001","E02005520","Total",3347,2,23,213,517,843,649,431,298,371
"2011","Broadland 002","E02005521","Total",3600,3,15,149,546,769,716,465,370,567
"2011","Broadland 003","E02005522","Total",2246,0,12,81,360,491,524,297,211,270
"2011","Broadland 004","E02005523","Total",3038,7,16,76,374,684,669,468,335,409
"2011","Broadland 005","E02005524","Total",2336,1,10,108,376,659,602,294,165,121
"2011","Broadland 006","E02005525","Total",4101,0,26,212,569,849,796,651,493,505
"2011","Broadland 007","E02005526","Total",2278,2,29,111,418,476,466,301,234,241
"2011","Broadland 008","E02005527","Total",3336,2,4,100,344,653,645,520,458,610
"2011","Broadland 009","E02005528","Total",3678,4,35,139,569,1081,887,483,266,214
"2011","Broadland 010","E02005529","Total",2637,5,36,93,406,840,727,278,151,101
"2011","Broadland 011","E02005530","Total",2233,0,12,76,287,683,631,340,125,79
"2011","Broadland 012","E02005531","Total",2364,2,16,157,404,604,599,301,167,114
"2011","Broadland 013","E02005532","Total",3160,2,12,100,496,1082,832,372,165,99
"2011","Broadland 014","E02005533","Total",3521,1,11,125,469,825,791,535,335,429
"2011","Broadland 015","E02005534","Total",3362,5,34,242,599,894,835,393,225,135
"2011","Broadland 016","E02005535","Total",2998,16,22,143,445,624,535,419,398,396
"2011","Broadland 017","E02005536","Total",2492,3,9,84,243,588,533,389,274,369
"2011","Broadland 018","E02005537","Total",2609,0,13,115,424,670,533,327,241,286
"2011","Great Yarmouth 001","E02005538","Total",3959,6,12,135,604,1150,838,511,344,359
"2011","Great Yarmouth 002","E02005539","Total",3153,4,19,122,410,797,741,400,306,354
"2011","Great Yarmouth 003","E02005540","Total",4138,2,23,215,879,1299,938,395,232,155
"2011","Great Yarmouth 004","E02005541","Total",2553,17,55,296,232,619,655,344,164,171
"2011","Great Yarmouth 005","E02005542","Total",3067,47,142,509,753,670,552,185,97,112
"2011","Great Yarmouth 006","E02005543","Total",3763,82,244,639,892,1011,434,210,124,127
"2011","Great Yarmouth 007","E02005544","Total",2927,12,66,328,574,804,722,229,114,78
"2011","Great Yarmouth 008","E02005545","Total",2732,0,25,150,523,804,584,320,200,126
"2011","Great Yarmouth 009","E02005546","Total",3620,8,59,463,1056,947,709,217,102,59
"2011","Great Yarmouth 010","E02005547","Total",3826,35,75,266,464,1062,859,462,309,294
"2011","Great Yarmouth 011","E02005548","Total",3056,4,26,283,748,1058,578,188,93,78
"2011","Great Yarmouth 012","E02005549","Total",2323,1,21,123,380,678,472,291,171,186
"2011","Great Yarmouth 013","E02005550","Total",2962,5,26,214,682,775,537,345,221,157
"2011","King's Lynn and West Norfolk 001","E02005551","Total",2661,10,49,269,596,591,437,248,202,259
"2011","King's Lynn and West Norfolk 002","E02005552","Total",3330,4,28,113,538,755,680,465,307,440
"2011","King's Lynn and West Norfolk 003","E02005553","Total",4228,7,55,238,837,1168,896,456,278,293
"2011","King's Lynn and West Norfolk 004","E02005554","Total",3248,1,24,155,612,914,682,337,254,269
"2011","King's Lynn and West Norfolk 005","E02005555","Total",2777,1,7,20,220,484,607,536,418,484
"2011","King's Lynn and West Norfolk 006","E02005556","Total",3122,4,28,103,543,955,803,403,188,95
"2011","King's Lynn and West Norfolk 007","E02005557","Total",2413,8,46,233,674,928,381,87,27,29
"2011","King's Lynn and West Norfolk 008","E02005558","Total",2846,3,22,93,434,669,685,410,251,279
"2011","King's Lynn and West Norfolk 009","E02005559","Total",2847,15,70,228,451,772,699,308,158,146
"2011","King's Lynn and West Norfolk 010","E02005560","Total",3379,12,104,370,712,1119,539,233,176,114
"2011","King's Lynn and West Norfolk 011","E02005561","Total",4518,71,377,956,1013,1114,595,213,97,82
"2011","King's Lynn and West Norfolk 012","E02005562","Total",3052,7,29,124,504,709,640,378,268,393
"2011","King's Lynn and West Norfolk 013","E02005563","Total",2961,10,31,99,293,628,672,465,350,413
"2011","King's Lynn and West Norfolk 014","E02005564","Total",3801,0,14,92,534,958,846,500,398,459
"2011","King's Lynn and West Norfolk 015","E02005565","Total",2878,5,16,91,488,695,658,384,251,290
"2011","King's Lynn and West Norfolk 016","E02005566","Total",3969,4,38,131,542,921,898,609,393,433
"2011","King's Lynn and West Norfolk 017","E02005567","Total",4637,11,116,340,1075,1286,792,443,327,247
"2011","King's Lynn and West Norfolk 018","E02005568","Total",3059,4,14,94,485,705,634,434,299,390
"2011","King's Lynn and West Norfolk 019","E02005569","Total",3251,4,23,92,539,817,717,434,287,338
"2011","North Norfolk 001","E02005570","Total",3487,7,50,321,649,697,685,421,304,353
"2011","North Norfolk 002","E02005571","Total",2858,2,29,147,522,622,566,345,284,341
"2011","North Norfolk 003","E02005572","Total",3723,10,135,496,1004,791,626,308,180,173
"2011","North Norfolk 004","E02005573","Total",2734,1,49,146,582,685,559,303,181,228
"2011","North Norfolk 005","E02005574","Total",3013,4,18,91,416,752,711,424,260,337
"2011","North Norfolk 006","E02005575","Total",3103,4,9,68,476,751,644,440,305,406
"2011","North Norfolk 007","E02005576","Total",3020,5,30,147,536,733,599,374,246,350
"2011","North Norfolk 008","E02005577","Total",2570,2,14,89,366,512,601,340,279,367
"2011","North Norfolk 009","E02005578","Total",2573,0,40,88,469,699,576,257,182,262
"2011","North Norfolk 010","E02005579","Total",5597,14,55,456,1246,1467,1102,586,352,319
"2011","North Norfolk 011","E02005580","Total",3484,6,31,266,729,929,741,379,220,183
"2011","North Norfolk 012","E02005581","Total",3095,3,17,75,472,785,713,381,287,362
"2011","North Norfolk 013","E02005582","Total",2948,9,54,222,545,701,646,334,218,219
"2011","North Norfolk 014","E02005583","Total",3841,1,44,146,556,845,889,525,385,450
"2011","Norwich 001","E02005584","Total",4736,41,122,556,1306,1392,762,304,149,104
"2011","Norwich 002","E02005585","Total",4673,10,115,520,1029,1504,1042,338,75,40
"2011","Norwich 003","E02005586","Total",4866,30,122,560,777,1447,1458,302,121,49
"2011","Norwich 004","E02005587","Total",4219,7,44,293,811,1485,1165,280,86,48
"2011","Norwich 005","E02005588","Total",4708,5,75,433,1030,1618,864,395,197,91
"2011","Norwich 006","E02005589","Total",4784,17,55,475,887,1656,1112,327,161,94
"2011","Norwich 007","E02005590","Total",5708,51,363,1755,1957,828,411,173,108,62
"2011","Norwich 009","E02005592","Total",4096,58,150,323,370,890,1112,590,340,263
"2011","Norwich 010","E02005593","Total",2901,9,74,234,622,790,638,299,151,84
"2011","Norwich 011","E02005594","Total",5381,64,303,973,1043,994,1017,435,249,303
"2011","Norwich 012","E02005595","Total",3933,2,20,161,421,923,829,539,447,591
"2011","Norwich 013","E02005596","Total",4358,26,93,480,1005,1420,919,244,92,79
"2011","Norwich 014","E02006907","Total",3076,105,448,934,623,353,325,161,70,57
"2011","Norwich 015","E02006908","Total",2880,17,93,476,896,583,463,159,91,102
"2011","South Norfolk 001","E02005597","Total",5457,10,85,345,1012,1494,1178,667,364,302
"2011","South Norfolk 002","E02005598","Total",3245,7,56,127,329,518,600,475,482,651
"2011","South Norfolk 003","E02005599","Total",2507,0,23,145,370,579,543,379,268,200
"2011","South Norfolk 004","E02005600","Total",2294,0,6,74,286,445,484,350,257,392
"2011","South Norfolk 005","E02005601","Total",2763,5,71,306,592,648,503,268,188,182
"2011","South Norfolk 006","E02005602","Total",4433,6,27,172,510,948,928,651,519,672
"2011","South Norfolk 007","E02005603","Total",3520,6,18,87,548,827,804,520,328,382
"2011","South Norfolk 008","E02005604","Total",3451,2,43,156,401,784,718,488,359,500
"2011","South Norfolk 009","E02005605","Total",4173,5,18,129,524,941,861,649,423,623
"2011","South Norfolk 010","E02005606","Total",2318,2,19,57,222,529,534,350,260,345
"2011","South Norfolk 011","E02005607","Total",4484,2,24,105,670,996,863,631,545,648
"2011","South Norfolk 012","E02005608","Total",3092,2,17,113,391,711,640,439,341,438
"2011","South Norfolk 013","E02005609","Total",3156,2,32,183,670,816,604,351,236,262
"2011","South Norfolk 014","E02005610","Total",3321,5,27,90,444,783,638,454,352,528
"2011","South Norfolk 015","E02005611","Total",4595,6,88,359,1093,1099,863,486,350,251
"2011","Babergh 001","E02006227","Total",2738,6,20,188,390,485,502,386,296,465
"2011","Babergh 002","E02006228","Total",2438,7,24,112,367,642,477,299,222,288
"2011","Babergh 003","E02006229","Total",2571,5,28,152,440,595,550,356,251,194
"2011","Babergh 004","E02006230","Total",4392,9,46,244,658,1058,866,621,444,446
"2011","Babergh 005","E02006231","Total",3574,3,67,150,723,820,658,447,322,384
"2011","Babergh 006","E02006232","Total",2406,1,7,62,341,547,452,349,290,357
"2011","Babergh 007","E02006233","Total",5174,25,195,587,1043,1680,913,370,197,164
"2011","Babergh 008","E02006234","Total",3564,1,32,205,663,1137,788,340,207,191
"2011","Babergh 009","E02006235","Total",3380,2,18,115,401,626,552,470,458,738
"2011","Babergh 010","E02006236","Total",4168,1,12,69,434,888,857,719,585,603
"2011","Babergh 011","E02006237","Total",3117,1,31,118,490,714,687,367,324,385
"2011","Forest Heath 001","E02006238","Total",4278,7,47,407,1219,1232,726,315,174,151
"2011","Forest Heath 002","E02006239","Total",2350,2,18,106,554,699,492,270,123,86
"2011","Forest Heath 003","E02006240","Total",3337,13,38,135,559,747,691,482,349,323
"2011","Forest Heath 004","E02006241","Total",3755,11,105,364,736,1127,677,388,216,131
"2011","Forest Heath 005","E02006242","Total",3251,4,43,136,614,846,620,349,334,305
"2011","Forest Heath 006","E02006243","Total",4024,35,142,490,1237,885,489,344,183,219
"2011","Forest Heath 008","E02006826","Total",4381,30,129,390,1254,1170,778,302,167,161
"2011","Ipswich 001","E02006245","Total",3218,3,50,243,264,1189,997,286,120,66
"2011","Ipswich 002","E02006246","Total",3034,1,26,74,223,832,1188,413,165,112
"2011","Ipswich 003","E02006247","Total",3777,15,93,317,839,1300,869,217,93,34
"2011","Ipswich 004","E02006248","Total",3296,4,12,181,379,791,1268,396,162,103
"2011","Ipswich 005","E02006249","Total",3403,23,129,348,514,510,552,401,362,564
"2011","Ipswich 006","E02006250","Total",4363,87,350,772,779,1147,792,203,109,124
"2011","Ipswich 007","E02006251","Total",4501,127,443,861,864,929,706,285,163,123
"2011","Ipswich 008","E02006252","Total",3921,12,139,531,558,1144,978,341,142,76
"2011","Ipswich 009","E02006253","Total",3017,11,68,84,242,659,924,511,317,201
"2011","Ipswich 010","E02006254","Total",3898,66,202,755,762,1046,679,171,93,124
"2011","Ipswich 011","E02006255","Total",3573,14,146,574,618,826,919,323,93,60
"2011","Ipswich 012","E02006256","Total",3920,31,168,620,862,1040,790,227,103,79
"2011","Ipswich 013","E02006257","Total",2993,11,38,436,281,1185,726,212,62,42
"2011","Ipswich 014","E02006258","Total",3570,8,50,302,664,916,1044,351,146,89
"2011","Ipswich 015","E02006259","Total",3226,17,83,382,605,1165,573,230,105,66
"2011","Ipswich 016","E02006260","Total",3588,4,43,218,707,1272,1006,235,70,33
"2011","Mid Suffolk 001","E02006261","Total",3234,8,38,157,441,574,541,448,395,632
"2011","Mid Suffolk 002","E02006262","Total",3605,3,18,120,477,668,669,471,444,735
"2011","Mid Suffolk 003","E02006263","Total",3090,1,20,152,341,604,568,434,375,595
"2011","Mid Suffolk 004","E02006264","Total",3325,1,35,113,462,686,585,485,441,517
"2011","Mid Suffolk 005","E02006265","Total",2980,3,31,175,451,685,552,385,293,405
"2011","Mid Suffolk 006","E02006266","Total",3848,4,35,196,537,683,695,534,469,695
"2011","Mid Suffolk 007","E02006267","Total",3371,2,25,103,398,634,570,454,449,736
"2011","Mid Suffolk 008","E02006268","Total",2736,2,47,240,654,775,588,226,132,72
"2011","Mid Suffolk 009","E02006269","Total",2811,3,42,167,309,655,599,399,306,331
"2011","Mid Suffolk 010","E02006270","Total",4787,13,70,291,1071,1304,883,498,355,302
"2011","Mid Suffolk 011","E02006271","Total",3381,4,51,198,625,901,645,371,279,307
"2011","Mid Suffolk 012","E02006272","Total",3138,2,38,170,530,786,644,391,263,314
"2011","St Edmundsbury 001","E02006273","Total",2695,9,12,79,449,645,532,358,278,333
"2011","St Edmundsbury 002","E02006274","Total",2527,1,16,60,429,585,498,355,258,325
"2011","St Edmundsbury 003","E02006275","Total",2956,5,29,339,599,1025,665,178,77,39
"2011","St Edmundsbury 004","E02006276","Total",2730,4,28,90,306,541,527,376,364,494
"2011","St Edmundsbury 005","E02006277","Total",3148,13,55,207,509,715,527,397,373,352
"2011","St Edmundsbury 006","E02006278","Total",4184,67,241,642,916,911,658,320,207,222
"2011","St Edmundsbury 007","E02006279","Total",3965,2,28,295,722,1157,917,482,196,166
"2011","St Edmundsbury 008","E02006280","Total",3776,16,21,98,459,811,742,556,413,660
"2011","St Edmundsbury 009","E02006281","Total",3916,19,115,492,647,914,768,412,280,269
"2011","St Edmundsbury 010","E02006282","Total",2722,5,18,105,376,504,574,389,281,470
"2011","St Edmundsbury 011","E02006283","Total",2543,0,6,52,301,556,612,338,264,414
"2011","St Edmundsbury 012","E02006284","Total",3176,11,64,255,559,988,625,351,237,86
"2011","St Edmundsbury 013","E02006285","Total",3011,6,63,190,487,955,532,318,271,189
"2011","St Edmundsbury 014","E02006286","Total",4453,18,87,359,614,1545,1113,386,204,127
"2011","Suffolk Coastal 001","E02006287","Total",2721,4,19,71,327,528,526,405,328,513
"2011","Suffolk Coastal 002","E02006288","Total",3673,5,33,130,502,643,663,545,428,724
"2011","Suffolk Coastal 003","E02006289","Total",3670,2,42,184,581,827,696,513,393,432
"2011","Suffolk Coastal 004","E02006290","Total",3859,12,73,321,612,988,911,401,283,258
"2011","Suffolk Coastal 005","E02006291","Total",3118,7,24,190,495,652,565,416,325,444
"2011","Suffolk Coastal 006","E02006292","Total",2694,0,10,50,308,470,482,349,346,679
"2011","Suffolk Coastal 007","E02006293","Total",4089,6,55,112,685,989,789,526,408,519
"2011","Suffolk Coastal 008","E02006294","Total",3792,21,77,318,670,975,681,404,328,318
"2011","Suffolk Coastal 009","E02006295","Total",3942,6,54,148,733,1092,767,501,317,324
"2011","Suffolk Coastal 010","E02006296","Total",5135,4,65,251,840,1008,848,730,629,760
"2011","Suffolk Coastal 011","E02006297","Total",3193,0,12,89,303,475,582,659,542,531
"2011","Suffolk Coastal 012","E02006298","Total",3764,7,56,169,680,993,782,567,292,218
"2011","Suffolk Coastal 013","E02006299","Total",3770,4,37,144,387,743,998,607,443,407
"2011","Suffolk Coastal 014","E02006300","Total",3477,14,145,545,669,968,730,234,89,83
"2011","Suffolk Coastal 015","E02006301","Total",2661,32,104,398,611,385,393,283,189,266
"2011","Waveney 001","E02006302","Total",2895,2,22,121,367,646,633,429,307,368
"2011","Waveney 002","E02006303","Total",3191,6,43,457,430,925,755,317,162,96
"2011","Waveney 003","E02006304","Total",3306,1,24,191,529,1124,824,344,155,114
"2011","Waveney 004","E02006305","Total",4079,22,95,388,515,1312,1228,320,117,82
"2011","Waveney 005","E02006306","Total",3203,3,20,226,465,1012,927,339,142,69
"2011","Waveney 006","E02006307","Total",3172,3,39,72,302,789,848,516,356,247
"2011","Waveney 007","E02006308","Total",3496,39,266,639,620,694,627,232,166,213
"2011","Waveney 008","E02006309","Total",2989,4,47,352,494,879,719,289,135,70
"2011","Waveney 009","E02006310","Total",3290,0,35,114,713,944,629,386,255,214
"2011","Waveney 010","E02006311","Total",3828,7,69,272,718,1089,890,368,204,211
"2011","Waveney 011","E02006312","Total",3649,3,13,108,461,1014,794,492,380,384
"2011","Waveney 012","E02006313","Total",4520,13,37,202,888,1327,979,436,308,330
"2011","Waveney 013","E02006314","Total",3190,7,56,181,479,756,697,404,273,337
"2011","Waveney 014","E02006315","Total",2828,2,33,149,405,703,672,364,220,280
"2011","Waveney 015","E02006316","Total",3247,7,28,201,706,887,672,338,203,205
"2011","Camden 001","E02000166","Total",3537,66,272,829,697,613,391,222,194,253
"2011","Camden 002","E02000167","Total",3629,89,293,708,795,538,363,224,235,384
"2011","Camden 003","E02000168","Total",3535,111,464,766,847,543,291,191,156,166
"2011","Camden 004","E02000169","Total",2942,64,176,334,625,706,317,163,168,389
"2011","Camden 005","E02000170","Total",3685,363,382,584,724,595,352,272,196,217
"2011","Camden 006","E02000171","Total",3502,105,329,881,923,512,283,163,141,165
"2011","Camden 007","E02000172","Total",4186,202,555,1040,1048,835,298,116,59,33
"2011","Camden 008","E02000173","Total",3569,327,426,691,854,611,292,121,86,161
"2011","Camden 009","E02000174","Total",3822,157,579,916,911,658,293,130,83,95
"2011","Camden 010","E02000175","Total",4277,403,463,1106,1011,643,324,138,80,109
"2011","Camden 011","E02000176","Total",3261,264,400,699,926,472,197,106,65,132
"2011","Camden 012","E02000177","Total",3865,138,451,983,1060,808,226,81,54,64
"2011","Camden 013","E02000178","Total",4280,353,562,1262,1057,586,264,82,58,56
"2011","Camden 014","E02000179","Total",2870,273,313,509,752,500,271,115,59,78
"2011","Camden 015","E02000180","Total",3394,166,430,905,859,529,240,115,72,78
"2011","Camden 016","E02000181","Total",3657,190,286,841,1197,658,208,97,57,123
"2011","Camden 017","E02000182","Total",2963,103,291,563,845,554,217,143,85,162
"2011","Camden 018","E02000183","Total",3881,224,622,931,803,542,244,164,129,222
"2011","Camden 019","E02000184","Total",3655,135,484,833,1160,673,235,69,32,34
"2011","Camden 020","E02000185","Total",3938,402,516,1084,1018,564,204,57,43,50
"2011","Camden 021","E02000186","Total",3099,241,500,778,724,337,168,97,95,159
"2011","Camden 022","E02000187","Total",3290,110,315,946,1075,593,171,36,17,27
"2011","Camden 023","E02000188","Total",3170,140,372,807,965,594,203,53,9,27
"2011","Camden 024","E02000189","Total",2253,196,390,551,533,351,141,32,23,36
"2011","Camden 025","E02000190","Total",3181,370,493,1144,825,241,43,33,11,21
"2011","Camden 026","E02000191","Total",2868,296,562,820,703,241,119,55,35,37
"2011","Camden 027","E02000192","Total",3375,146,565,1068,943,445,99,29,23,57
"2011","Camden 028","E02000193","Total",3850,482,750,1072,816,420,182,47,34,47
"2011","City of London 001","E02000001","Total",4385,373,870,1357,1086,366,175,86,38,34
"2011","Hackney 001","E02000345","Total",2693,124,224,556,555,361,275,172,180,246
"2011","Hackney 002","E02000346","Total",2563,129,205,521,859,598,183,27,19,22
"2011","Hackney 003","E02000347","Total",2727,138,227,495,791,442,147,115,153,219
"2011","Hackney 004","E02000348","Total",2804,61,213,618,899,503,183,149,94,84
"2011","Hackney 006","E02000350","Total",3605,170,396,912,800,471,232,222,199,203
"2011","Hackney 007","E02000351","Total",3826,325,358,908,1166,602,207,73,93,94
"2011","Hackney 008","E02000352","Total",2810,71,232,625,916,468,206,128,71,93
"2011","Hackney 009","E02000353","Total",3192,156,306,687,574,634,501,200,88,46
"2011","Hackney 010","E02000354","Total",4056,207,412,1228,983,696,260,103,87,80
"2011","Hackney 011","E02000355","Total",3240,206,341,480,599,556,443,314,177,124
"2011","Hackney 012","E02000356","Total",3144,118,335,811,710,558,304,162,99,47
"2011","Hackney 013","E02000357","Total",2507,69,149,592,744,693,190,35,18,17
"2011","Hackney 014","E02000358","Total",4775,159,469,1359,1175,913,404,182,71,43
"2011","Hackney 015","E02000359","Total",2416,63,123,356,406,783,454,146,61,24
"2011","Hackney 016","E02000360","Total",4747,140,472,1267,1521,870,284,94,57,42
"2011","Hackney 017","E02000361","Total",3467,212,481,878,969,561,198,83,52,33
"2011","Hackney 018","E02000362","Total",2634,62,205,700,746,589,221,60,27,24
"2011","Hackney 019","E02000363","Total",4402,134,340,999,1607,937,241,66,44,34
"2011","Hackney 020","E02000364","Total",3899,189,419,918,889,716,397,174,107,90
"2011","Hackney 021","E02000365","Total",5740,294,778,1470,1301,940,476,249,112,120
"2011","Hackney 022","E02000366","Total",3690,143,298,931,857,775,371,158,98,59
"2011","Hackney 023","E02000367","Total",4163,144,482,1134,1266,637,264,110,71,55
"2011","Hackney 024","E02000368","Total",4028,107,404,1081,1121,862,300,88,42,23
"2011","Hackney 025","E02000369","Total",5100,189,502,1604,1577,829,246,75,45,33
"2011","Hackney 026","E02000370","Total",3768,102,515,1203,1060,649,145,35,23,36
"2011","Hackney 027","E02000371","Total",5672,412,862,1726,1570,857,136,46,18,45
"2011","Hackney 028","E02006918","Total",3113,120,434,872,706,602,193,108,52,26
"2011","Hackney 029","E02006921","Total",2909,123,212,688,1009,440,159,109,80,89
"2011","Hammersmith and Fulham 001","E02000372","Total",3674,345,405,670,921,776,397,89,42,29
"2011","Hammersmith and Fulham 002","E02000373","Total",2433,73,189,397,836,645,229,23,25,16
"2011","Hammersmith and Fulham 003","E02000374","Total",2590,48,137,499,642,564,395,148,112,45
"2011","Hammersmith and Fulham 004","E02000375","Total",3230,217,394,1003,719,436,222,119,60,60
"2011","Hammersmith and Fulham 005","E02000376","Total",3152,158,421,1060,726,381,161,111,69,65
"2011","Hammersmith and Fulham 006","E02000377","Total",3613,234,390,1032,841,510,276,174,92,64
"2011","Hammersmith and Fulham 007","E02000378","Total",3271,183,473,1103,839,319,119,92,57,86
"2011","Hammersmith and Fulham 008","E02000379","Total",3190,136,328,812,673,423,294,180,155,189
"2011","Hammersmith and Fulham 009","E02000380","Total",2559,78,223,605,653,455,237,150,87,71
"2011","Hammersmith and Fulham 010","E02000381","Total",3583,240,409,900,849,436,223,192,171,163
"2011","Hammersmith and Fulham 011","E02000382","Total",2823,134,321,660,702,359,227,170,97,153
"2011","Hammersmith and Fulham 012","E02000383","Total",4456,347,403,1198,1201,728,326,114,54,85
"2011","Hammersmith and Fulham 013","E02000384","Total",3256,120,338,935,856,560,227,109,59,52
"2011","Hammersmith and Fulham 014","E02000385","Total",3094,214,270,997,802,445,188,106,43,29
"2011","Hammersmith and Fulham 015","E02000386","Total",3585,202,361,972,1001,621,238,97,52,41
"2011","Hammersmith and Fulham 016","E02000387","Total",2841,208,352,632,610,600,282,104,31,22
"2011","Hammersmith and Fulham 017","E02000388","Total",3805,113,361,1242,901,534,299,177,107,71
"2011","Hammersmith and Fulham 018","E02000389","Total",3452,104,134,605,873,678,559,270,135,94
"2011","Hammersmith and Fulham 019","E02000390","Total",2823,66,188,644,659,615,420,147,45,39
"2011","Hammersmith and Fulham 020","E02000391","Total",3419,94,243,746,706,531,366,237,213,283
"2011","Hammersmith and Fulham 021","E02000392","Total",4122,127,334,875,1080,644,412,310,169,171
"2011","Hammersmith and Fulham 022","E02000393","Total",2650,24,97,532,833,451,360,192,77,84
"2011","Hammersmith and Fulham 023","E02000394","Total",3551,66,247,934,1394,492,213,132,38,35
"2011","Hammersmith and Fulham 024","E02000395","Total",2719,45,160,463,698,457,317,178,167,234
"2011","Hammersmith and Fulham 025","E02000396","Total",2699,75,158,465,681,453,378,184,147,158
"2011","Haringey 001","E02000397","Total",3376,209,370,855,903,511,311,111,75,31
"2011","Haringey 002","E02000398","Total",2713,128,251,583,811,525,290,78,33,14
"2011","Haringey 004","E02000400","Total",3061,67,191,595,746,560,510,245,103,44
"2011","Haringey 005","E02000401","Total",2351,20,107,268,662,840,349,64,28,13
"2011","Haringey 006","E02000402","Total",2469,41,146,488,660,729,300,56,23,26
"2011","Haringey 007","E02000403","Total",2915,212,283,561,717,505,346,156,85,50
"2011","Haringey 008","E02000404","Total",2640,55,174,479,637,697,414,130,38,16
"2011","Haringey 009","E02000405","Total",2550,38,88,275,556,349,335,391,333,185
"2011","Haringey 010","E02000406","Total",2665,55,131,419,771,758,373,109,28,21
"2011","Haringey 011","E02000407","Total",2905,156,273,772,771,406,333,119,48,27
"2011","Haringey 012","E02000408","Total",2689,70,188,561,803,659,306,60,20,22
"2011","Haringey 013","E02000409","Total",2505,120,161,595,685,454,335,96,40,19
"2011","Haringey 014","E02000410","Total",2839,81,193,593,744,253,181,258,247,289
"2011","Haringey 015","E02000411","Total",2695,76,146,579,753,686,351,68,26,10
"2011","Haringey 016","E02000412","Total",2873,218,319,761,599,467,279,122,61,47
"2011","Haringey 017","E02000413","Total",2945,138,169,352,589,443,360,339,278,277
"2011","Haringey 018","E02000414","Total",2562,80,117,445,561,610,486,169,68,26
"2011","Haringey 019","E02000415","Total",2697,145,204,570,536,493,435,203,56,55
"2011","Haringey 020","E02000416","Total",3463,160,518,894,822,571,273,115,71,39
"2011","Haringey 021","E02000417","Total",2852,169,216,452,672,380,248,178,171,366
"2011","Haringey 022","E02000418","Total",2235,28,91,283,444,296,269,332,270,222
"2011","Haringey 023","E02000419","Total",3323,286,334,702,748,416,365,247,155,70
"2011","Haringey 024","E02000420","Total",3050,178,310,726,755,649,280,84,38,30
"2011","Haringey 025","E02000421","Total",2875,109,267,880,731,496,205,105,50,32
"2011","Haringey 026","E02000422","Total",2926,153,227,563,726,731,369,85,45,27
"2011","Haringey 027","E02000423","Total",2516,107,168,459,530,525,462,175,60,30
"2011","Haringey 028","E02000424","Total",3088,71,250,780,852,393,241,197,172,132
"2011","Haringey 029","E02000425","Total",2116,83,143,322,310,485,389,168,129,87
"2011","Haringey 030","E02000426","Total",2882,69,186,429,789,390,216,167,192,444
"2011","Haringey 031","E02000427","Total",2829,249,283,577,647,347,257,227,148,94
"2011","Haringey 032","E02000428","Total",2758,109,196,671,744,577,288,90,44,39
"2011","Haringey 033","E02000429","Total",3207,131,246,716,953,349,243,217,161,191
"2011","Haringey 034","E02000430","Total",3462,123,340,994,925,375,217,155,135,198
"2011","Haringey 035","E02000431","Total",3133,172,354,622,851,385,241,164,132,212
"2011","Haringey 036","E02000432","Total",2879,124,297,731,889,306,139,132,123,138
"2011","Haringey 037","E02006794","Total",2911,163,293,754,788,571,187,76,47,32
"2011","Islington 001","E02000554","Total",4226,142,389,1245,1181,746,262,128,70,63
"2011","Islington 002","E02000555","Total",3986,125,268,930,885,881,378,223,162,134
"2011","Islington 003","E02000556","Total",4561,192,528,1330,1170,676,372,148,90,55
"2011","Islington 004","E02000557","Total",3929,127,444,1219,1016,655,250,90,68,60
"2011","Islington 005","E02000558","Total",3780,182,344,1268,896,760,200,69,30,31
"2011","Islington 006","E02000559","Total",3882,95,551,1063,712,556,466,233,118,88
"2011","Islington 007","E02000560","Total",3177,151,476,876,733,406,285,133,74,43
"2011","Islington 008","E02000561","Total",3413,216,265,861,716,436,259,234,241,185
"2011","Islington 009","E02000562","Total",3594,84,365,1069,947,538,219,141,97,134
"2011","Islington 010","E02000563","Total",3652,122,383,1039,1141,579,190,87,54,57
"2011","Islington 011","E02000564","Total",5004,210,855,1538,1328,605,225,105,74,64
"2011","Islington 012","E02000565","Total",3610,105,383,962,1089,686,188,91,50,56
"2011","Islington 013","E02000566","Total",3662,85,409,856,871,581,317,226,148,169
"2011","Islington 014","E02000567","Total",4937,112,585,1364,1506,769,224,146,119,112
"2011","Islington 015","E02000568","Total",4063,195,540,1136,1095,628,293,94,34,48
"2011","Islington 016","E02000569","Total",4745,63,337,1264,1596,832,253,143,121,136
"2011","Islington 017","E02000570","Total",4119,122,578,1011,938,558,329,227,165,191
"2011","Islington 018","E02000571","Total",3777,81,371,999,1195,649,304,108,43,27
"2011","Islington 019","E02000572","Total",3490,95,324,929,1046,730,254,66,24,22
"2011","Islington 020","E02000573","Total",4204,114,535,993,1072,574,395,239,152,130
"2011","Islington 021","E02000574","Total",3840,121,607,1019,1257,476,174,60,71,55
"2011","Islington 022","E02000575","Total",5583,433,879,1724,1421,767,181,82,40,56
"2011","Islington 023","E02000576","Total",4322,148,505,1333,1522,634,112,27,18,23
"2011","Kensington and Chelsea 001","E02000577","Total",3163,268,398,838,834,603,140,36,23,23
"2011","Kensington and Chelsea 002","E02000578","Total",2454,83,183,696,763,471,171,41,21,25
"2011","Kensington and Chelsea 003","E02000579","Total",4013,221,521,997,1032,599,274,166,96,107
"2011","Kensington and Chelsea 004","E02000580","Total",4517,299,645,1551,1101,546,182,63,49,81
"2011","Kensington and Chelsea 005","E02000581","Total",3311,191,404,816,852,729,199,47,36,37
"2011","Kensington and Chelsea 006","E02000582","Total",3946,463,525,931,948,420,204,100,114,241
"2011","Kensington and Chelsea 007","E02000583","Total",3496,118,444,865,734,406,257,165,157,350
"2011","Kensington and Chelsea 008","E02000584","Total",3922,171,432,725,915,557,396,251,168,307
"2011","Kensington and Chelsea 009","E02000585","Total",3919,225,379,780,1125,498,249,220,161,282
"2011","Kensington and Chelsea 010","E02000586","Total",3729,267,270,643,1016,573,310,249,126,275
"2011","Kensington and Chelsea 011","E02000587","Total",3536,275,286,583,795,468,298,244,199,388
"2011","Kensington and Chelsea 012","E02000588","Total",4458,215,397,993,1155,639,443,252,154,210
"2011","Kensington and Chelsea 013","E02000589","Total",4422,540,590,1081,1254,480,214,103,83,77
"2011","Kensington and Chelsea 014","E02000590","Total",3890,334,632,867,978,495,236,99,88,161
"2011","Kensington and Chelsea 015","E02000591","Total",3589,457,602,855,1053,353,114,55,25,75
"2011","Kensington and Chelsea 016","E02000592","Total",3583,357,338,701,953,530,292,157,90,165
"2011","Kensington and Chelsea 017","E02000593","Total",4067,273,615,1052,1165,472,203,126,41,120
"2011","Kensington and Chelsea 018","E02000594","Total",3710,117,384,872,847,503,323,197,170,297
"2011","Kensington and Chelsea 019","E02000595","Total",3747,179,434,855,833,406,280,186,209,365
"2011","Kensington and Chelsea 020","E02000596","Total",3605,113,333,827,976,567,277,168,116,228
"2011","Kensington and Chelsea 021","E02000597","Total",3459,83,369,901,1099,527,235,98,69,78
"2011","Lambeth 002","E02000619","Total",3743,134,361,956,1067,750,281,94,51,49
"2011","Lambeth 003","E02000620","Total",4398,76,574,1141,1325,803,275,85,50,69
"2011","Lambeth 004","E02000621","Total",5083,281,641,1520,1400,673,274,118,97,79
"2011","Lambeth 005","E02000622","Total",3482,116,336,832,944,718,289,119,66,62
"2011","Lambeth 006","E02000623","Total",3409,130,252,652,1269,691,219,83,43,70
"2011","Lambeth 007","E02000624","Total",3500,113,268,840,1198,675,212,73,44,77
"2011","Lambeth 008","E02000625","Total",3383,147,292,623,1235,678,251,86,33,38
"2011","Lambeth 009","E02000626","Total",3443,203,308,734,1077,691,225,91,58,56
"2011","Lambeth 010","E02000627","Total",4042,144,326,1045,1202,673,316,147,108,81
"2011","Lambeth 011","E02000628","Total",3972,186,362,937,1065,893,356,83,50,40
"2011","Lambeth 012","E02000629","Total",3973,70,393,989,1099,736,258,144,124,160
"2011","Lambeth 013","E02000630","Total",3336,68,316,842,905,537,260,139,110,159
"2011","Lambeth 014","E02000631","Total",3723,90,266,736,896,697,412,243,210,173
"2011","Lambeth 015","E02000632","Total",4148,72,274,1042,1204,745,403,214,120,74
"2011","Lambeth 016","E02000633","Total",3872,119,349,1082,1142,576,353,124,59,68
"2011","Lambeth 017","E02000634","Total",3021,96,260,774,981,542,201,55,32,80
"2011","Lambeth 018","E02000635","Total",4066,136,357,1084,1039,674,380,193,108,95
"2011","Lambeth 019","E02000636","Total",3076,40,177,499,748,442,281,356,269,264
"2011","Lambeth 020","E02000637","Total",3935,167,341,1061,969,497,434,242,135,89
"2011","Lambeth 021","E02000638","Total",4104,100,325,931,1310,848,343,126,81,40
"2011","Lambeth 022","E02000639","Total",3398,101,301,782,1172,665,216,73,34,54
"2011","Lambeth 023","E02000640","Total",3785,29,97,587,1113,896,626,281,102,54
"2011","Lambeth 024","E02000641","Total",3442,70,314,693,1044,787,325,123,51,35
"2011","Lambeth 025","E02000642","Total",4162,108,281,861,944,824,502,314,174,154
"2011","Lambeth 026","E02000643","Total",3589,138,279,771,990,544,323,246,173,125
"2011","Lambeth 027","E02000644","Total",3565,67,293,704,899,642,424,245,147,144
"2011","Lambeth 028","E02000645","Total",3870,94,272,868,1042,619,369,225,160,221
"2011","Lambeth 029","E02000646","Total",3842,164,291,736,1032,557,367,226,213,256
"2011","Lambeth 030","E02000647","Total",3444,73,185,576,797,686,506,308,179,134
"2011","Lambeth 031","E02000648","Total",3232,67,240,672,908,877,312,102,24,30
"2011","Lambeth 032","E02000649","Total",4887,329,518,1110,1394,774,292,143,155,172
"2011","Lambeth 033","E02000650","Total",3233,50,222,687,834,864,307,135,70,64
"2011","Lambeth 034","E02000651","Total",3492,162,273,638,800,471,397,323,229,199
"2011","Lambeth 035","E02000652","Total",2527,37,65,162,335,802,872,164,68,22
"2011","Lambeth 036","E02006801","Total",3840,66,370,1284,1166,616,177,86,38,37
"2011","Lewisham 001","E02000653","Total",3547,109,347,964,1085,621,241,101,56,23
"2011","Lewisham 002","E02000654","Total",3336,113,331,926,999,636,207,63,38,23
"2011","Lewisham 003","E02000655","Total",3366,139,366,1068,798,612,260,67,33,23
"2011","Lewisham 005","E02000657","Total",3776,118,428,992,917,649,366,169,82,55
"2011","Lewisham 006","E02000658","Total",3538,145,300,789,914,571,303,187,148,181
"2011","Lewisham 007","E02000659","Total",3284,36,189,607,1151,555,293,166,86,201
"2011","Lewisham 008","E02000660","Total",3659,159,490,952,987,478,304,121,60,108
"2011","Lewisham 009","E02000661","Total",3139,60,301,607,905,584,337,158,77,110
"2011","Lewisham 010","E02000662","Total",3317,42,274,689,1009,688,303,167,91,54
"2011","Lewisham 011","E02000663","Total",2903,40,138,568,687,532,439,229,127,143
"2011","Lewisham 012","E02000664","Total",4452,136,526,1278,1186,731,326,129,75,65
"2011","Lewisham 013","E02000665","Total",3504,79,264,726,812,710,557,209,94,53
"2011","Lewisham 014","E02000666","Total",2859,29,144,533,667,580,487,239,113,67
"2011","Lewisham 015","E02000667","Total",2595,29,76,304,412,757,690,213,75,39
"2011","Lewisham 016","E02000668","Total",2816,12,105,358,703,543,631,227,122,115
"2011","Lewisham 017","E02000669","Total",3270,69,335,728,997,534,308,137,102,60
"2011","Lewisham 018","E02000670","Total",2748,52,173,581,907,414,303,174,86,58
"2011","Lewisham 019","E02000671","Total",3668,69,192,617,977,728,647,233,124,81
"2011","Lewisham 020","E02000672","Total",3509,90,364,820,843,569,453,198,110,62
"2011","Lewisham 021","E02000673","Total",3490,73,217,719,836,621,422,261,158,183
"2011","Lewisham 022","E02000674","Total",3020,37,100,315,479,599,776,391,240,83
"2011","Lewisham 023","E02000675","Total",3419,34,130,399,845,757,746,292,132,84
"2011","Lewisham 024","E02000676","Total",3252,47,190,547,931,580,487,249,112,109
"2011","Lewisham 025","E02000677","Total",2692,70,167,379,424,366,478,353,246,209
"2011","Lewisham 026","E02000678","Total",2432,31,81,387,625,807,382,76,30,13
"2011","Lewisham 027","E02000679","Total",3455,89,298,607,872,685,454,216,130,104
"2011","Lewisham 028","E02000680","Total",3016,104,235,540,970,616,325,113,58,55
"2011","Lewisham 029","E02000681","Total",3268,37,114,588,674,1023,601,131,67,33
"2011","Lewisham 030","E02000682","Total",3095,25,99,315,714,1030,674,165,45,28
"2011","Lewisham 031","E02000683","Total",2763,37,107,491,818,753,359,105,50,43
"2011","Lewisham 033","E02000685","Total",3357,52,244,612,1055,730,341,188,79,56
"2011","Lewisham 034","E02000686","Total",2839,36,126,556,1066,742,230,46,32,5
"2011","Lewisham 035","E02000687","Total",3436,56,190,688,974,703,394,217,117,97
"2011","Lewisham 037","E02006783","Total",2893,10,73,268,1237,953,279,35,20,18
"2011","Lewisham 038","E02006784","Total",3168,39,129,606,864,853,421,145,60,51
"2011","Lewisham 039","E02006798","Total",3210,150,400,783,924,651,199,52,17,34
"2011","Newham 001","E02000714","Total",2733,55,216,475,646,655,421,160,74,31
"2011","Newham 002","E02000715","Total",2234,37,129,474,455,532,374,136,57,40
"2011","Newham 003","E02000716","Total",2320,57,141,457,561,425,319,186,98,76
"2011","Newham 004","E02000717","Total",2400,53,141,509,576,489,349,165,74,44
"2011","Newham 005","E02000718","Total",2210,39,102,447,678,537,246,87,44,30
"2011","Newham 006","E02000719","Total",2937,102,287,650,709,634,315,101,81,58
"2011","Newham 007","E02000720","Total",2220,43,116,377,398,431,390,217,139,109
"2011","Newham 008","E02000721","Total",2737,108,200,579,501,465,450,211,121,102
"2011","Newham 009","E02000722","Total",2943,66,229,735,786,598,341,122,37,29
"2011","Newham 010","E02000723","Total",2737,39,129,415,330,643,683,307,144,47
"2011","Newham 011","E02000724","Total",2434,37,107,374,360,652,590,202,82,30
"2011","Newham 012","E02000725","Total",3671,115,515,954,1159,618,189,52,28,41
"2011","Newham 013","E02000726","Total",3666,96,525,1193,891,591,220,97,30,23
"2011","Newham 014","E02000727","Total",2251,54,153,439,432,534,384,164,67,24
"2011","Newham 015","E02000728","Total",2237,47,86,343,362,637,482,188,69,23
"2011","Newham 016","E02000729","Total",2207,51,107,436,403,523,347,165,113,62
"2011","Newham 017","E02000730","Total",2443,66,154,457,399,474,459,251,114,69
"2011","Newham 018","E02000731","Total",2825,60,168,555,478,773,543,158,74,16
"2011","Newham 019","E02000732","Total",2326,52,150,528,604,500,345,89,36,22
"2011","Newham 020","E02000733","Total",3465,82,179,790,1038,912,330,91,27,16
"2011","Newham 021","E02000734","Total",2672,58,213,647,648,657,312,80,35,22
"2011","Newham 022","E02000735","Total",2355,43,129,518,510,630,331,118,48,28
"2011","Newham 023","E02000736","Total",2574,23,109,404,563,881,421,120,34,19
"2011","Newham 024","E02000737","Total",3068,30,147,475,785,947,471,146,49,18
"2011","Newham 025","E02000738","Total",2563,34,90,333,486,935,478,139,46,22
"2011","Newham 026","E02000739","Total",2286,57,152,492,486,635,307,89,45,23
"2011","Newham 027","E02000740","Total",2556,67,197,541,778,686,206,47,19,15
"2011","Newham 028","E02000741","Total",2767,45,142,408,934,807,298,84,37,12
"2011","Newham 029","E02000742","Total",2498,24,115,316,650,882,359,102,33,17
"2011","Newham 030","E02000743","Total",2893,122,218,617,757,826,225,72,34,22
"2011","Newham 031","E02000744","Total",2942,57,222,521,967,798,282,63,17,15
"2011","Newham 032","E02000745","Total",2782,36,167,573,686,749,398,93,47,33
"2011","Newham 033","E02000746","Total",2574,67,233,684,590,506,298,81,50,65
"2011","Newham 034","E02000747","Total",4371,102,769,1200,934,991,254,70,33,18
"2011","Newham 035","E02000748","Total",2230,57,159,429,693,529,203,98,35,27
"2011","Newham 036","E02000749","Total",3022,51,173,618,829,957,278,68,34,14
"2011","Newham 037","E02000750","Total",4370,69,336,1140,1678,762,267,77,26,15
"2011","Southwark 001","E02000807","Total",3705,34,241,873,1351,655,315,152,56,28
"2011","Southwark 002","E02000808","Total",4167,139,650,1490,1145,513,173,19,19,19
"2011","Southwark 003","E02000809","Total",5936,112,790,2099,2108,606,133,43,25,20
"2011","Southwark 004","E02000810","Total",4137,99,516,1221,1228,762,183,74,31,23
"2011","Southwark 006","E02000812","Total",4385,140,527,1310,1387,717,196,52,22,34
"2011","Southwark 007","E02000813","Total",3746,105,399,915,1245,790,174,59,34,25
"2011","Southwark 008","E02000814","Total",3876,75,326,1098,1205,734,282,106,30,20
"2011","Southwark 009","E02000815","Total",2516,81,312,684,866,369,125,33,33,13
"2011","Southwark 010","E02000816","Total",3959,121,340,1102,1206,796,260,80,32,22
"2011","Southwark 011","E02000817","Total",2809,73,175,859,882,536,200,33,28,23
"2011","Southwark 012","E02000818","Total",3217,99,333,911,866,623,213,76,58,38
"2011","Southwark 013","E02000819","Total",3415,162,302,1103,880,619,176,114,40,19
"2011","Southwark 014","E02000820","Total",3873,119,460,1262,1044,611,230,87,33,27
"2011","Southwark 015","E02000821","Total",3097,121,194,772,787,690,329,111,61,32
"2011","Southwark 016","E02000822","Total",3294,123,283,897,1082,591,215,68,24,11
"2011","Southwark 017","E02000823","Total",3155,89,230,623,1086,676,238,105,72,36
"2011","Southwark 018","E02000824","Total",3553,121,297,756,1084,856,302,74,39,24
"2011","Southwark 019","E02000825","Total",3545,129,410,981,995,671,220,77,39,23
"2011","Southwark 020","E02000826","Total",3539,103,353,941,924,750,251,112,58,47
"2011","Southwark 021","E02000827","Total",4304,182,513,1174,1316,701,238,71,46,63
"2011","Southwark 022","E02000828","Total",3180,192,243,733,756,753,326,91,63,23
"2011","Southwark 023","E02000829","Total",4334,180,357,1458,898,763,453,109,65,51
"2011","Southwark 024","E02000830","Total",3783,95,262,991,918,556,414,215,161,171
"2011","Southwark 025","E02000831","Total",3918,65,328,965,897,806,441,216,118,82
"2011","Southwark 026","E02000832","Total",4106,112,278,1061,1086,949,352,142,73,53
"2011","Southwark 027","E02000833","Total",2973,51,165,539,1017,710,283,90,66,52
"2011","Southwark 028","E02000834","Total",4198,170,320,972,926,717,483,303,168,139
"2011","Southwark 029","E02000835","Total",2930,27,162,518,796,537,514,212,76,88
"2011","Southwark 030","E02000836","Total",3362,24,117,648,677,772,511,319,173,121
"2011","Southwark 031","E02000837","Total",3300,49,86,257,450,468,458,420,448,664
"2011","Southwark 032","E02000838","Total",3862,47,152,749,1151,684,442,291,194,152
"2011","Southwark 033","E02000839","Total",3381,33,152,498,890,737,399,244,131,297
"2011","Southwark 034","E02006802","Total",2867,101,351,707,859,456,180,89,66,58
"2011","Tower Hamlets 001","E02000864","Total",3468,51,240,1003,1073,715,252,72,40,22
"2011","Tower Hamlets 002","E02000865","Total",2763,52,252,668,867,596,204,77,34,13
"2011","Tower Hamlets 003","E02000866","Total",3829,49,280,755,870,1011,506,188,102,68
"2011","Tower Hamlets 004","E02000867","Total",4307,143,663,1390,1157,542,249,88,38,37
"2011","Tower Hamlets 005","E02000868","Total",2618,58,273,758,777,523,138,47,20,24
"2011","Tower Hamlets 006","E02000869","Total",2485,61,224,660,807,468,185,44,14,22
"2011","Tower Hamlets 007","E02000870","Total",2560,37,186,633,804,683,143,45,17,12
"2011","Tower Hamlets 008","E02000871","Total",3107,67,316,886,945,587,219,42,20,25
"2011","Tower Hamlets 009","E02000872","Total",3088,82,453,818,977,511,167,42,22,16
"2011","Tower Hamlets 010","E02000873","Total",2792,87,235,694,985,471,176,79,30,35
"2011","Tower Hamlets 011","E02000874","Total",2494,182,183,583,781,552,135,37,22,19
"2011","Tower Hamlets 012","E02000875","Total",3437,106,348,905,1111,631,207,63,38,28
"2011","Tower Hamlets 013","E02000876","Total",2750,106,400,828,703,458,149,46,44,16
"2011","Tower Hamlets 014","E02000877","Total",3252,48,237,705,1023,823,267,87,34,28
"2011","Tower Hamlets 015","E02000878","Total",3900,144,569,1194,972,529,271,101,65,55
"2011","Tower Hamlets 016","E02000879","Total",2855,71,267,691,822,652,242,42,43,25
"2011","Tower Hamlets 017","E02000880","Total",2090,63,205,547,745,302,112,67,26,23
"2011","Tower Hamlets 018","E02000881","Total",2379,55,191,502,693,586,242,65,30,15
"2011","Tower Hamlets 019","E02000882","Total",2884,45,265,727,908,491,277,108,37,26
"2011","Tower Hamlets 020","E02000883","Total",2880,59,174,655,953,745,193,60,22,19
"2011","Tower Hamlets 021","E02000884","Total",3707,186,536,1223,1008,419,181,97,35,22
"2011","Tower Hamlets 022","E02000885","Total",2509,60,271,686,731,497,150,59,28,27
"2011","Tower Hamlets 023","E02000886","Total",3185,47,333,960,1062,476,179,77,34,17
"2011","Tower Hamlets 024","E02000887","Total",3165,68,280,773,1030,725,197,45,20,27
"2011","Tower Hamlets 025","E02000888","Total",3306,49,479,1000,1050,463,156,51,31,27
"2011","Tower Hamlets 026","E02000889","Total",2879,84,313,754,965,492,183,53,23,12
"2011","Tower Hamlets 027","E02000890","Total",3093,87,370,959,1072,396,115,54,19,21
"2011","Tower Hamlets 028","E02000891","Total",5742,233,773,1650,1998,680,269,76,39,24
"2011","Tower Hamlets 030","E02000893","Total",2912,38,192,712,1068,569,213,77,30,13
"2011","Tower Hamlets 031","E02000894","Total",4510,59,431,1293,1493,735,306,130,25,38
"2011","Tower Hamlets 032","E02006853","Total",3320,195,663,1145,670,415,149,37,27,19
"2011","Tower Hamlets 033","E02006854","Total",2991,89,701,851,906,281,114,24,13,12
"2011","Wandsworth 001","E02000923","Total",3632,65,254,853,1099,698,332,154,94,83
"2011","Wandsworth 002","E02000924","Total",5295,200,789,1547,1395,938,311,61,23,31
"2011","Wandsworth 003","E02000925","Total",3412,62,261,831,1127,679,230,94,64,64
"2011","Wandsworth 004","E02000926","Total",4283,53,413,1260,1181,862,311,91,57,55
"2011","Wandsworth 005","E02000927","Total",3228,38,144,763,1101,769,267,87,28,31
"2011","Wandsworth 006","E02000928","Total",3635,26,140,623,848,663,534,329,216,256
"2011","Wandsworth 007","E02000929","Total",3201,90,339,871,1164,476,200,28,20,13
"2011","Wandsworth 008","E02000930","Total",4382,83,308,928,1412,800,525,179,90,57
"2011","Wandsworth 009","E02000931","Total",3532,50,141,637,762,492,601,495,222,132
"2011","Wandsworth 010","E02000932","Total",4777,78,411,1212,1306,707,452,256,174,181
"2011","Wandsworth 011","E02000933","Total",3872,59,302,773,938,608,313,204,180,495
"2011","Wandsworth 012","E02000934","Total",4325,95,342,1167,1255,733,373,145,114,101
"2011","Wandsworth 013","E02000935","Total",2468,46,109,618,845,529,141,58,31,91
"2011","Wandsworth 014","E02000936","Total",4057,150,366,719,1520,672,302,119,60,149
"2011","Wandsworth 015","E02000937","Total",3130,21,154,551,680,439,380,331,216,358
"2011","Wandsworth 016","E02000938","Total",4032,45,219,675,1299,982,444,179,77,112
"2011","Wandsworth 017","E02000939","Total",2915,43,117,368,452,312,482,446,316,379
"2011","Wandsworth 018","E02000940","Total",3494,45,349,897,1216,683,200,50,24,30
"2011","Wandsworth 019","E02000941","Total",4125,35,185,853,981,682,529,389,240,231
"2011","Wandsworth 020","E02000942","Total",3794,32,180,539,736,534,691,507,296,279
"2011","Wandsworth 021","E02000943","Total",3708,85,274,918,850,566,413,290,158,154
"2011","Wandsworth 022","E02000944","Total",2856,39,278,563,934,704,203,68,36,31
"2011","Wandsworth 023","E02000945","Total",2764,37,186,555,708,732,291,108,53,94
"2011","Wandsworth 024","E02000946","Total",3172,36,186,567,876,694,507,170,72,64
"2011","Wandsworth 025","E02000947","Total",3820,17,120,732,1110,759,602,325,123,32
"2011","Wandsworth 026","E02000948","Total",4493,52,303,1026,1418,706,403,277,171,137
"2011","Wandsworth 027","E02000949","Total",4072,122,361,696,809,578,430,367,290,419
"2011","Wandsworth 028","E02000950","Total",3233,33,143,570,1096,745,288,141,78,139
"2011","Wandsworth 029","E02000951","Total",2946,138,292,648,707,351,308,162,124,216
"2011","Wandsworth 030","E02000952","Total",2644,129,242,568,602,349,198,155,136,265
"2011","Wandsworth 031","E02000953","Total",3113,213,241,554,784,703,401,138,56,23
"2011","Wandsworth 032","E02000954","Total",2299,22,69,253,505,497,533,290,103,27
"2011","Wandsworth 033","E02000955","Total",2527,35,145,279,857,496,463,161,67,24
"2011","Wandsworth 034","E02000956","Total",3066,48,187,709,975,702,283,95,42,25
"2011","Wandsworth 035","E02000957","Total",4238,57,263,873,1379,821,539,182,74,50
"2011","Wandsworth 036","E02000958","Total",2973,37,129,401,504,614,529,350,228,181
"2011","Wandsworth 037","E02000959","Total",2980,57,183,700,798,643,332,154,66,47
"2011","Westminster 001","E02000960","Total",3055,69,257,557,881,529,265,192,146,159
"2011","Westminster 002","E02000961","Total",4064,119,396,835,1294,571,213,144,143,349
"2011","Westminster 003","E02000962","Total",4424,237,695,1268,1097,583,215,98,77,154
"2011","Westminster 004","E02000963","Total",4141,124,285,1125,1295,902,257,78,44,31
"2011","Westminster 005","E02000964","Total",5638,228,538,1947,1699,802,216,86,63,59
"2011","Westminster 006","E02000965","Total",3981,141,357,914,1326,881,220,61,40,41
"2011","Westminster 007","E02000966","Total",4714,179,556,1126,1220,852,355,183,80,163
"2011","Westminster 008","E02000967","Total",3653,157,393,805,1090,657,315,90,62,84
"2011","Westminster 009","E02000968","Total",5713,294,736,1560,1563,1095,322,83,46,14
"2011","Westminster 010","E02000969","Total",3719,201,456,929,1217,685,135,44,25,27
"2011","Westminster 011","E02000970","Total",4874,167,564,1148,1411,716,346,192,141,189
"2011","Westminster 012","E02000971","Total",4354,390,653,992,1048,575,369,181,68,78
"2011","Westminster 013","E02000972","Total",4503,319,962,1481,1029,425,146,52,31,58
"2011","Westminster 014","E02000973","Total",5312,296,973,1725,1108,559,205,142,125,179
"2011","Westminster 015","E02000974","Total",4380,359,705,1098,1059,483,224,157,84,211
"2011","Westminster 016","E02000975","Total",4621,613,845,1144,1105,568,202,66,30,48
"2011","Westminster 017","E02000976","Total",5041,537,812,1245,1324,595,272,86,75,95
"2011","Westminster 018","E02000977","Total",3895,183,585,1257,979,415,183,75,68,150
"2011","Westminster 019","E02000978","Total",3882,72,165,537,831,704,479,342,232,520
"2011","Westminster 020","E02000979","Total",3892,121,436,1099,1092,563,259,135,73,114
"2011","Westminster 021","E02000980","Total",4498,206,683,1354,1439,556,153,41,23,43
"2011","Westminster 022","E02000981","Total",4853,250,684,1548,1188,587,227,115,80,174
"2011","Westminster 023","E02000982","Total",4143,141,643,1195,1183,548,185,108,64,76
"2011","Westminster 024","E02000983","Total",4422,258,709,1200,1281,705,145,42,43,39
"2011","Barking and Dagenham 001","E02000002","Total",2713,23,66,368,872,816,406,91,50,21
"2011","Barking and Dagenham 002","E02000003","Total",3834,28,127,487,802,1120,833,281,106,50
"2011","Barking and Dagenham 003","E02000004","Total",2318,4,25,141,463,784,597,191,84,29
"2011","Barking and Dagenham 004","E02000005","Total",3183,13,70,318,881,1265,470,104,49,13
"2011","Barking and Dagenham 006","E02000007","Total",3441,21,141,580,1004,1141,411,83,42,18
"2011","Barking and Dagenham 007","E02000008","Total",4591,25,137,626,1675,1522,443,83,46,34
"2011","Barking and Dagenham 008","E02000009","Total",3212,31,125,430,1094,1020,359,96,46,11
"2011","Barking and Dagenham 009","E02000010","Total",3292,14,116,428,1105,1164,325,80,42,18
"2011","Barking and Dagenham 010","E02000011","Total",2289,12,48,255,491,779,496,118,51,39
"2011","Barking and Dagenham 011","E02000012","Total",3258,7,79,348,521,778,881,353,157,134
"2011","Barking and Dagenham 012","E02000013","Total",3125,4,57,369,1119,1100,357,77,27,15
"2011","Barking and Dagenham 013","E02000014","Total",3531,14,121,359,1181,1332,387,82,33,22
"2011","Barking and Dagenham 014","E02000015","Total",3170,39,118,921,775,780,383,95,33,26
"2011","Barking and Dagenham 015","E02000016","Total",2934,122,600,785,640,478,211,57,29,12
"2011","Barking and Dagenham 016","E02000017","Total",2729,37,123,479,383,683,600,266,101,57
"2011","Barking and Dagenham 017","E02000018","Total",3326,13,90,567,1170,1015,351,74,27,19
"2011","Barking and Dagenham 018","E02000019","Total",3010,8,70,296,1152,1020,341,75,34,14
"2011","Barking and Dagenham 019","E02000020","Total",3460,29,156,541,898,1052,596,113,52,23
"2011","Barking and Dagenham 020","E02000021","Total",2949,21,134,387,625,1099,541,84,39,19
"2011","Barking and Dagenham 021","E02000022","Total",3261,100,298,1017,933,696,141,41,25,10
"2011","Barking and Dagenham 022","E02000023","Total",2431,50,173,535,634,666,224,104,29,16
"2011","Barking and Dagenham 023","E02006799","Total",3624,14,119,368,1176,1288,462,107,63,27
"2011","Barnet 001","E02000024","Total",4110,53,174,476,708,672,844,517,341,325
"2011","Barnet 002","E02000025","Total",3622,69,225,575,1136,501,495,305,180,136
"2011","Barnet 003","E02000026","Total",2496,21,53,206,463,545,528,359,193,128
"2011","Barnet 004","E02000027","Total",3705,21,125,495,875,1072,667,275,115,60
"2011","Barnet 005","E02000028","Total",2473,19,73,257,660,361,430,303,211,159
"2011","Barnet 006","E02000029","Total",3513,62,172,485,875,724,666,300,146,83
"2011","Barnet 007","E02000030","Total",3410,7,66,168,511,585,554,439,344,736
"2011","Barnet 008","E02000031","Total",2817,26,73,237,627,417,486,341,237,373
"2011","Barnet 009","E02000032","Total",2742,7,33,113,137,739,987,472,163,91
"2011","Barnet 010","E02000033","Total",3317,29,96,373,758,891,742,265,113,50
"2011","Barnet 011","E02000034","Total",3403,30,110,530,917,442,549,385,251,189
"2011","Barnet 012","E02000035","Total",3381,134,215,485,1029,469,415,292,175,167
"2011","Barnet 013","E02000036","Total",3942,54,131,411,926,900,764,385,217,154
"2011","Barnet 014","E02000037","Total",3397,22,105,289,613,539,570,506,382,371
"2011","Barnet 015","E02000038","Total",4049,66,169,559,1048,644,780,415,252,116
"2011","Barnet 016","E02000039","Total",2485,24,83,205,492,329,355,349,298,350
"2011","Barnet 017","E02000040","Total",2649,22,103,296,689,513,451,261,152,162
"2011","Barnet 018","E02000041","Total",3120,45,114,309,647,738,610,280,213,164
"2011","Barnet 019","E02000042","Total",4421,173,284,909,1147,680,530,360,209,129
"2011","Barnet 020","E02000043","Total",2693,27,47,143,370,514,699,436,249,208
"2011","Barnet 021","E02000044","Total",2862,26,100,310,822,876,345,171,123,89
"2011","Barnet 022","E02000045","Total",4168,80,222,723,1261,891,547,239,132,73
"2011","Barnet 023","E02000046","Total",2860,131,184,429,826,331,357,286,195,121
"2011","Barnet 024","E02000047","Total",4036,79,268,778,1192,1087,450,113,45,24
"2011","Barnet 025","E02000048","Total",3784,34,142,408,896,747,561,413,290,293
"2011","Barnet 026","E02000049","Total",3028,66,234,666,1006,662,227,108,35,24
"2011","Barnet 027","E02000050","Total",3853,74,236,625,888,680,669,375,205,101
"2011","Barnet 028","E02000051","Total",3537,111,165,364,1161,428,271,280,317,440
"2011","Barnet 029","E02000052","Total",4163,64,247,725,1143,854,573,329,148,80
"2011","Barnet 030","E02000053","Total",3244,195,450,680,682,540,448,168,53,28
"2011","Barnet 031","E02000054","Total",2774,76,218,523,656,363,363,229,167,179
"2011","Barnet 032","E02000055","Total",4179,209,287,607,1177,602,415,313,247,322
"2011","Barnet 033","E02000056","Total",3390,10,70,224,728,381,430,422,399,726
"2011","Barnet 034","E02000057","Total",2460,74,79,255,526,478,430,251,169,198
"2011","Barnet 035","E02000058","Total",3961,106,206,373,805,744,601,430,307,389
"2011","Barnet 036","E02000059","Total",3990,198,352,806,1124,626,518,213,105,48
"2011","Barnet 037","E02000060","Total",3400,161,198,437,481,436,444,457,305,481
"2011","Barnet 038","E02000061","Total",3172,189,295,385,629,323,235,297,320,499
"2011","Barnet 039","E02000062","Total",2357,118,149,357,644,573,323,111,55,27
"2011","Barnet 040","E02000063","Total",2503,66,120,371,431,586,526,221,129,53
"2011","Barnet 041","E02000064","Total",2450,69,173,416,764,476,191,91,94,176
"2011","Bexley 001","E02000065","Total",2728,36,130,443,688,704,482,170,54,21
"2011","Bexley 002","E02000066","Total",3795,71,127,893,794,994,634,181,74,27
"2011","Bexley 003","E02000067","Total",3580,21,149,547,988,1011,558,183,79,44
"2011","Bexley 004","E02000068","Total",3041,41,170,539,1005,712,372,114,58,30
"2011","Bexley 005","E02000069","Total",2495,26,64,284,591,563,528,270,113,56
"2011","Bexley 006","E02000070","Total",3177,6,42,186,600,994,769,364,148,68
"2011","Bexley 007","E02000071","Total",2782,6,28,127,413,1026,724,276,124,58
"2011","Bexley 008","E02000072","Total",4722,60,233,820,1323,1379,650,169,65,23
"2011","Bexley 009","E02000073","Total",3968,3,22,112,375,1103,1355,559,301,138
"2011","Bexley 010","E02000074","Total",3185,14,96,557,790,834,609,181,71,33
"2011","Bexley 011","E02000075","Total",3172,2,27,75,492,936,857,460,210,113
"2011","Bexley 013","E02000077","Total",2870,2,33,211,256,915,931,328,139,55
"2011","Bexley 014","E02000078","Total",3036,2,31,129,623,744,818,395,219,75
"2011","Bexley 015","E02000079","Total",3267,13,30,299,720,707,751,419,212,116
"2011","Bexley 016","E02000080","Total",3702,14,95,200,588,1033,1017,441,209,105
"2011","Bexley 017","E02000081","Total",3106,6,43,276,488,839,815,376,180,83
"2011","Bexley 018","E02000082","Total",3356,6,25,82,359,1129,1002,449,226,78
"2011","Bexley 019","E02000083","Total",3985,13,84,370,713,1318,932,306,143,106
"2011","Bexley 020","E02000084","Total",4209,2,62,160,674,961,1138,655,348,209
"2011","Bexley 021","E02000085","Total",3084,3,36,158,800,824,663,322,214,64
"2011","Bexley 022","E02000086","Total",2789,12,24,132,420,774,635,376,260,156
"2011","Bexley 023","E02000087","Total",3142,8,56,123,541,571,708,490,332,313
"2011","Bexley 024","E02000088","Total",2984,3,14,88,442,784,852,423,266,112
"2011","Bexley 025","E02000089","Total",2899,0,17,70,301,739,869,489,287,127
"2011","Bexley 026","E02000090","Total",3962,14,124,612,1183,686,613,287,244,199
"2011","Bexley 027","E02000091","Total",4279,39,226,576,905,755,696,461,368,253
"2011","Bexley 028","E02000092","Total",2722,11,89,327,725,718,497,195,94,66
"2011","Bexley 029","E02006785","Total",2567,7,23,284,421,819,631,266,77,39
"2011","Brent 001","E02000093","Total",3408,26,120,335,567,955,909,315,125,56
"2011","Brent 002","E02000094","Total",2738,19,92,322,576,664,684,256,79,46
"2011","Brent 003","E02000095","Total",3117,37,115,383,564,782,686,308,161,81
"2011","Brent 004","E02000096","Total",2518,26,78,244,296,311,529,476,312,246
"2011","Brent 005","E02000097","Total",2926,20,67,340,515,833,738,252,110,51
"2011","Brent 006","E02000098","Total",2652,26,117,338,471,504,548,345,183,120
"2011","Brent 007","E02000099","Total",2782,31,173,395,578,583,629,238,103,52
"2011","Brent 008","E02000100","Total",2696,227,168,147,222,423,606,410,280,213
"2011","Brent 009","E02000101","Total",3312,64,181,745,975,499,341,237,141,129
"2011","Brent 010","E02000102","Total",2496,58,164,426,467,653,514,134,61,19
"2011","Brent 011","E02000103","Total",2994,21,152,455,847,527,558,245,125,64
"2011","Brent 012","E02000104","Total",2213,27,87,330,411,403,420,274,156,105
"2011","Brent 013","E02000105","Total",2997,81,186,532,788,511,450,212,124,113
"2011","Brent 014","E02000106","Total",3449,109,231,604,852,672,592,238,89,62
"2011","Brent 015","E02000107","Total",4107,340,394,726,1123,544,276,244,223,237
"2011","Brent 016","E02000108","Total",2147,46,106,350,448,454,458,152,78,55
"2011","Brent 017","E02000109","Total",3264,98,310,640,555,691,608,221,102,39
"2011","Brent 018","E02000110","Total",2969,123,186,490,582,488,520,299,178,103
"2011","Brent 019","E02000111","Total",2914,69,216,464,781,539,449,214,106,76
"2011","Brent 020","E02000112","Total",2892,89,197,445,540,612,647,231,99,32
"2011","Brent 021","E02000113","Total",3306,113,233,591,936,826,444,106,44,13
"2011","Brent 022","E02000114","Total",3528,222,371,775,966,484,303,177,135,95
"2011","Brent 023","E02000115","Total",3911,293,532,933,1177,484,164,63,73,192
"2011","Brent 024","E02000116","Total",3072,155,319,740,977,417,257,109,58,40
"2011","Brent 025","E02000117","Total",4557,255,399,1024,1319,826,456,159,76,43
"2011","Brent 026","E02000118","Total",2849,64,167,542,548,714,570,146,70,28
"2011","Brent 027","E02000119","Total",2597,56,186,638,666,597,260,113,54,27
"2011","Brent 028","E02000120","Total",4277,301,495,1251,1072,508,325,159,78,88
"2011","Brent 029","E02000121","Total",2623,41,198,445,581,533,537,160,85,43
"2011","Brent 030","E02000122","Total",3047,66,163,446,735,358,385,334,272,288
"2011","Brent 031","E02000123","Total",5884,513,577,1406,1605,874,458,194,129,128
"2011","Brent 032","E02000124","Total",4334,199,322,933,1214,579,415,294,217,161
"2011","Brent 033","E02000125","Total",4329,177,253,670,1157,767,705,358,167,75
"2011","Brent 034","E02000126","Total",3381,217,416,990,1047,487,152,33,18,21
"2011","Bromley 001","E02000127","Total",3675,7,85,519,1099,1145,431,185,115,89
"2011","Bromley 002","E02000128","Total",3006,3,35,206,623,789,695,347,150,158
"2011","Bromley 004","E02000130","Total",3464,30,137,607,680,796,538,335,189,152
"2011","Bromley 005","E02000131","Total",4589,88,457,1438,1439,715,208,119,60,65
"2011","Bromley 006","E02000132","Total",4668,77,268,1223,1688,583,407,211,106,105
"2011","Bromley 007","E02000133","Total",3961,7,63,216,522,554,575,509,508,1007
"2011","Bromley 008","E02000134","Total",5106,84,285,1046,1524,865,472,316,236,278
"2011","Bromley 009","E02000135","Total",4402,122,380,1223,1321,922,213,99,65,57
"2011","Bromley 010","E02000136","Total",2207,9,61,187,508,419,323,205,184,311
"2011","Bromley 011","E02000137","Total",3637,16,85,731,894,474,476,361,276,324
"2011","Bromley 012","E02000138","Total",4057,31,124,732,1219,584,409,349,272,337
"2011","Bromley 013","E02000139","Total",3202,39,105,465,680,632,566,294,181,240
"2011","Bromley 014","E02000140","Total",3301,16,101,552,869,994,489,169,72,39
"2011","Bromley 015","E02000141","Total",3055,31,104,551,655,647,645,235,103,84
"2011","Bromley 016","E02000142","Total",3283,20,93,315,537,561,655,410,298,394
"2011","Bromley 018","E02000144","Total",3831,58,152,437,915,645,661,406,262,295
"2011","Bromley 019","E02000145","Total",3376,22,113,424,959,1060,547,131,66,54
"2011","Bromley 020","E02000146","Total",3508,32,140,321,671,951,755,385,147,106
"2011","Bromley 021","E02000147","Total",3183,5,51,310,426,246,492,603,519,531
"2011","Bromley 022","E02000148","Total",2633,7,42,114,285,440,648,435,296,366
"2011","Bromley 023","E02000149","Total",3249,26,59,263,830,957,625,258,122,109
"2011","Bromley 024","E02000150","Total",3109,6,20,225,215,602,1055,528,285,173
"2011","Bromley 025","E02000151","Total",2994,0,8,33,358,554,768,624,404,245
"2011","Bromley 026","E02000152","Total",2623,3,48,202,448,836,634,242,134,76
"2011","Bromley 027","E02000153","Total",2860,0,19,41,139,535,1030,575,333,188
"2011","Bromley 028","E02000154","Total",3293,40,78,282,511,667,580,416,343,376
"2011","Bromley 029","E02000155","Total",3057,3,31,230,573,948,792,314,119,47
"2011","Bromley 030","E02000156","Total",4756,35,127,308,444,584,1364,921,605,368
"2011","Bromley 031","E02000157","Total",3300,1,47,57,458,736,828,608,329,236
"2011","Bromley 032","E02000158","Total",2952,6,21,173,395,770,758,409,277,143
"2011","Bromley 033","E02000159","Total",2749,4,12,50,338,524,552,406,289,574
"2011","Bromley 034","E02000160","Total",2968,17,60,133,419,487,734,551,335,232
"2011","Bromley 035","E02000161","Total",3369,0,12,127,399,832,960,560,295,184
"2011","Bromley 036","E02000162","Total",2889,23,91,253,500,669,581,358,226,188
"2011","Bromley 037","E02000163","Total",3072,4,34,105,321,580,751,515,321,441
"2011","Bromley 039","E02000165","Total",2691,1,19,113,323,862,651,368,240,114
"2011","Bromley 040","E02006782","Total",3091,10,52,243,588,757,702,348,216,175
"2011","Bromley 041","E02006787","Total",3034,7,62,269,390,570,935,490,222,89
"2011","Bromley 042","E02006789","Total",2662,3,18,186,396,522,550,422,284,281
"2011","Croydon 001","E02000194","Total",4099,116,314,1037,1277,581,405,185,97,87
"2011","Croydon 002","E02000195","Total",3446,16,105,311,582,631,806,486,315,194
"2011","Croydon 003","E02000196","Total",2553,34,131,288,289,387,625,453,208,138
"2011","Croydon 004","E02000197","Total",3403,36,142,469,672,717,729,311,224,103
"2011","Croydon 005","E02000198","Total",3338,55,193,555,972,775,524,145,74,45
"2011","Croydon 006","E02000199","Total",3172,47,99,349,546,852,857,280,93,49
"2011","Croydon 007","E02000200","Total",3811,104,371,865,1013,479,485,250,127,117
"2011","Croydon 008","E02000201","Total",3814,158,386,984,993,616,414,157,57,49
"2011","Croydon 009","E02000202","Total",2981,41,107,280,426,764,870,341,109,43
"2011","Croydon 010","E02000203","Total",3062,102,261,655,629,633,459,165,99,59
"2011","Croydon 011","E02000204","Total",3146,29,121,396,421,619,937,393,159,71
"2011","Croydon 013","E02000206","Total",4009,118,274,905,1129,849,438,149,92,55
"2011","Croydon 014","E02000207","Total",3592,73,196,567,923,853,665,181,82,52
"2011","Croydon 015","E02000208","Total",3821,147,435,835,960,703,470,159,68,44
"2011","Croydon 016","E02000209","Total",2919,16,91,369,626,960,631,166,41,19
"2011","Croydon 017","E02000210","Total",3371,33,111,344,701,1035,828,220,63,36
"2011","Croydon 018","E02000211","Total",3279,6,67,192,453,926,830,424,237,144
"2011","Croydon 019","E02000212","Total",2977,37,162,417,781,936,458,122,43,21
"2011","Croydon 020","E02000213","Total",4160,200,446,1225,1255,465,280,142,97,50
"2011","Croydon 021","E02000214","Total",2321,14,40,142,228,308,700,469,262,158
"2011","Croydon 022","E02000215","Total",4991,178,465,1439,1144,742,589,233,116,85
"2011","Croydon 023","E02000216","Total",3028,30,137,568,825,383,319,311,225,230
"2011","Croydon 024","E02000217","Total",4273,87,370,931,1107,849,602,203,86,38
"2011","Croydon 025","E02000218","Total",2369,10,43,123,547,541,603,309,125,68
"2011","Croydon 026","E02000219","Total",2999,2,19,114,380,377,792,565,386,364
"2011","Croydon 027","E02000220","Total",4847,195,689,1507,1481,457,220,111,94,93
"2011","Croydon 028","E02000221","Total",3866,40,161,492,1113,1011,594,258,100,97
"2011","Croydon 029","E02000222","Total",3539,68,243,560,920,549,439,259,201,300
"2011","Croydon 030","E02000223","Total",2875,20,60,320,745,1131,447,94,40,18
"2011","Croydon 031","E02000224","Total",3309,76,218,535,806,480,506,299,219,170
"2011","Croydon 032","E02000225","Total",2708,4,27,139,581,1054,635,168,64,36
"2011","Croydon 033","E02000226","Total",2796,1,19,46,132,541,780,627,398,252
"2011","Croydon 034","E02000227","Total",4851,17,74,728,991,1318,1071,400,180,72
"2011","Croydon 035","E02000228","Total",2924,5,27,124,296,289,574,613,495,501
"2011","Croydon 036","E02000229","Total",2413,13,76,315,668,835,322,118,46,20
"2011","Croydon 037","E02000230","Total",4004,23,200,490,711,503,574,568,447,488
"2011","Croydon 038","E02000231","Total",2543,7,34,71,143,181,316,421,446,924
"2011","Croydon 039","E02000232","Total",2324,2,16,47,233,586,607,380,247,206
"2011","Croydon 040","E02000233","Total",2391,12,46,137,433,652,576,243,149,143
"2011","Croydon 041","E02000234","Total",3161,22,90,303,530,595,583,446,310,282
"2011","Croydon 042","E02000235","Total",2694,7,35,105,451,477,609,374,313,323
"2011","Croydon 043","E02000236","Total",2838,2,10,53,214,628,907,505,305,214
"2011","Croydon 044","E02000237","Total",3090,2,26,209,449,761,755,447,266,175
"2011","Croydon 045","E02006788","Total",2903,12,49,274,661,1036,672,136,39,24
"2011","Ealing 001","E02000238","Total",3179,24,98,449,636,920,786,190,56,20
"2011","Ealing 002","E02000239","Total",2924,29,89,221,266,927,954,277,108,53
"2011","Ealing 003","E02000240","Total",3770,47,177,526,1315,1001,483,139,58,24
"2011","Ealing 004","E02000241","Total",2366,13,95,249,581,710,510,128,57,23
"2011","Ealing 005","E02000242","Total",2151,40,91,262,298,706,503,139,68,44
"2011","Ealing 006","E02000243","Total",3068,37,132,496,669,830,607,185,79,33
"2011","Ealing 007","E02000244","Total",2658,31,114,381,488,774,626,144,59,41
"2011","Ealing 008","E02000245","Total",3210,81,218,818,1062,560,300,109,30,32
"2011","Ealing 009","E02000246","Total",3071,42,114,469,793,813,593,154,60,33
"2011","Ealing 010","E02000247","Total",3755,56,224,706,1109,952,492,136,52,28
"2011","Ealing 011","E02000248","Total",2902,66,209,447,815,507,455,198,100,105
"2011","Ealing 012","E02000249","Total",2739,31,165,341,619,722,512,206,91,52
"2011","Ealing 013","E02000250","Total",2541,18,71,285,443,424,542,386,247,125
"2011","Ealing 014","E02000251","Total",2442,11,58,196,357,840,688,170,89,33
"2011","Ealing 015","E02000252","Total",3717,188,509,687,826,586,564,216,63,78
"2011","Ealing 016","E02000253","Total",3744,46,167,697,1223,985,417,141,41,27
"2011","Ealing 017","E02000254","Total",2487,29,69,185,418,853,583,190,92,68
"2011","Ealing 018","E02000255","Total",3622,103,227,514,884,508,559,404,247,176
"2011","Ealing 019","E02000256","Total",3782,145,409,715,1010,330,199,214,270,490
"2011","Ealing 020","E02000257","Total",5873,242,532,1210,1613,760,476,325,207,508
"2011","Ealing 021","E02000258","Total",2544,89,162,407,528,477,402,239,140,100
"2011","Ealing 022","E02000259","Total",2283,36,50,277,459,439,483,261,154,124
"2011","Ealing 023","E02000260","Total",2468,39,124,299,486,585,497,256,115,67
"2011","Ealing 024","E02000261","Total",4110,169,447,817,939,746,517,228,129,118
"2011","Ealing 025","E02000262","Total",3771,199,376,980,954,480,292,218,121,151
"2011","Ealing 026","E02000263","Total",3155,60,116,424,443,884,798,282,96,52
"2011","Ealing 027","E02000264","Total",3205,202,226,530,629,341,252,322,283,420
"2011","Ealing 028","E02000265","Total",4747,174,401,1389,997,584,608,353,139,102
"2011","Ealing 029","E02000266","Total",3711,100,207,610,994,993,434,172,114,87
"2011","Ealing 030","E02000267","Total",2847,55,156,533,598,661,543,168,73,60
"2011","Ealing 031","E02000268","Total",3824,77,220,653,852,722,487,295,264,254
"2011","Ealing 032","E02000269","Total",3245,50,151,479,586,592,608,374,225,180
"2011","Ealing 033","E02000270","Total",3331,120,296,936,1113,472,210,92,42,50
"2011","Ealing 034","E02000271","Total",2871,80,114,355,541,499,536,324,201,221
"2011","Ealing 035","E02000272","Total",2579,20,55,249,415,528,654,390,191,77
"2011","Ealing 037","E02000274","Total",3557,84,189,457,578,1085,787,233,96,48
"2011","Ealing 038","E02000275","Total",2131,76,153,329,392,388,321,196,154,122
"2011","Ealing 039","E02000276","Total",2634,36,103,479,596,489,532,261,82,56
"2011","Ealing 040","E02006791","Total",3068,83,221,706,788,551,371,195,86,67
"2011","Enfield 001","E02000277","Total",2651,17,80,281,544,890,566,172,59,42
"2011","Enfield 002","E02000278","Total",3278,29,113,438,786,1158,494,180,47,33
"2011","Enfield 003","E02000279","Total",4356,51,208,818,1126,1240,588,201,79,45
"2011","Enfield 004","E02000280","Total",3466,32,82,329,861,925,672,313,143,109
"2011","Enfield 005","E02000281","Total",3531,40,202,538,1048,891,511,169,80,52
"2011","Enfield 006","E02000282","Total",3491,73,209,596,1005,1063,352,104,53,36
"2011","Enfield 007","E02000283","Total",2843,10,37,210,546,1207,543,174,79,37
"2011","Enfield 008","E02000284","Total",3497,22,165,415,921,843,615,301,130,85
"2011","Enfield 009","E02000285","Total",2466,14,35,96,179,746,907,337,101,51
"2011","Enfield 010","E02000286","Total",3863,65,232,761,1161,545,395,293,224,187
"2011","Enfield 011","E02000287","Total",2540,20,96,215,419,318,340,315,252,565
"2011","Enfield 012","E02000288","Total",3784,73,205,626,772,1209,595,197,75,32
"2011","Enfield 013","E02000289","Total",2421,1,14,68,235,503,752,463,226,159
"2011","Enfield 014","E02000290","Total",2853,62,177,783,737,707,248,69,36,34
"2011","Enfield 015","E02000291","Total",3998,75,289,917,1186,665,435,197,121,113
"2011","Enfield 016","E02000292","Total",3578,19,68,297,646,1268,909,254,84,33
"2011","Enfield 017","E02000293","Total",2470,5,31,209,377,317,481,403,270,377
"2011","Enfield 018","E02000294","Total",3009,29,60,261,650,1061,662,173,77,36
"2011","Enfield 019","E02000295","Total",3347,19,91,398,1053,528,577,380,188,113
"2011","Enfield 020","E02000296","Total",3941,35,145,607,1456,728,587,198,116,69
"2011","Enfield 021","E02000297","Total",3482,15,75,259,369,716,1127,564,214,143
"2011","Enfield 022","E02000298","Total",3075,30,93,281,451,388,588,539,382,323
"2011","Enfield 023","E02000299","Total",3438,72,201,580,773,1141,485,103,40,43
"2011","Enfield 024","E02000300","Total",2998,95,156,527,480,929,561,128,85,37
"2011","Enfield 025","E02000301","Total",3923,115,219,841,1074,1030,442,132,45,25
"2011","Enfield 026","E02000302","Total",3123,28,131,339,400,914,851,311,116,33
"2011","Enfield 027","E02000303","Total",3120,142,249,500,660,896,420,163,61,29
"2011","Enfield 028","E02000304","Total",2964,23,58,211,430,358,555,553,418,358
"2011","Enfield 029","E02000305","Total",3481,77,223,652,840,385,459,380,282,183
"2011","Enfield 030","E02000306","Total",3594,87,257,954,1194,762,199,75,40,26
"2011","Enfield 031","E02000307","Total",3368,35,84,263,691,1227,755,209,75,29
"2011","Enfield 032","E02000308","Total",2908,57,102,359,579,755,623,267,100,66
"2011","Enfield 033","E02000309","Total",3785,103,258,555,1086,1121,472,112,50,28
"2011","Enfield 035","E02000311","Total",3656,63,188,557,690,879,900,255,84,40
"2011","Enfield 036","E02000312","Total",4262,242,359,759,892,613,703,331,235,128
"2011","Enfield 037","E02006793","Total",3356,138,201,783,986,774,322,102,29,21
"2011","Greenwich 001","E02000313","Total",2575,98,129,721,534,784,241,41,21,6
"2011","Greenwich 002","E02000314","Total",4382,49,271,776,1610,905,498,173,62,38
"2011","Greenwich 003","E02000315","Total",3440,40,180,539,841,1131,531,118,39,21
"2011","Greenwich 004","E02000316","Total",4944,114,684,1708,1385,574,311,112,31,25
"2011","Greenwich 005","E02000317","Total",3200,87,235,665,938,703,319,120,80,53
"2011","Greenwich 006","E02000318","Total",3283,53,181,489,805,1040,492,142,57,24
"2011","Greenwich 007","E02000319","Total",3866,55,244,666,1229,905,534,148,50,35
"2011","Greenwich 008","E02000320","Total",2524,26,78,324,660,716,499,143,48,30
"2011","Greenwich 009","E02000321","Total",2877,52,166,775,835,662,240,84,39,24
"2011","Greenwich 011","E02000323","Total",4001,137,337,900,1045,843,394,178,88,79
"2011","Greenwich 012","E02000324","Total",2807,28,157,519,631,736,427,161,82,66
"2011","Greenwich 014","E02000326","Total",2932,16,79,443,731,893,501,172,63,34
"2011","Greenwich 015","E02000327","Total",2357,50,152,463,647,497,248,196,71,33
"2011","Greenwich 016","E02000328","Total",3070,56,296,694,711,426,253,209,181,244
"2011","Greenwich 017","E02000329","Total",2364,11,46,201,489,826,568,149,47,27
"2011","Greenwich 019","E02000331","Total",3236,46,218,542,799,875,478,163,57,58
"2011","Greenwich 020","E02000332","Total",2958,30,88,330,524,815,712,263,121,75
"2011","Greenwich 021","E02000333","Total",3005,35,180,673,798,461,329,195,128,206
"2011","Greenwich 022","E02000334","Total",2585,14,67,299,573,819,492,167,91,63
"2011","Greenwich 023","E02000335","Total",2637,7,29,179,348,848,822,256,102,46
"2011","Greenwich 025","E02000337","Total",2998,7,35,246,608,1204,613,143,96,46
"2011","Greenwich 027","E02000339","Total",2502,22,71,311,403,393,432,378,279,213
"2011","Greenwich 028","E02000340","Total",2799,29,106,346,718,545,465,296,153,141
"2011","Greenwich 029","E02000341","Total",3024,13,68,296,881,1124,395,139,67,41
"2011","Greenwich 030","E02000342","Total",2268,17,94,287,603,611,417,155,57,27
"2011","Greenwich 031","E02000343","Total",2699,22,77,335,413,576,734,316,126,100
"2011","Greenwich 032","E02000344","Total",2476,21,55,196,323,497,795,375,134,80
"2011","Greenwich 033","E02006786","Total",2599,28,99,261,712,750,529,160,33,27
"2011","Greenwich 034","E02006927","Total",3338,9,67,393,712,1027,571,251,152,156
"2011","Greenwich 035","E02006928","Total",2977,63,334,896,1009,446,123,46,39,21
"2011","Greenwich 036","E02006929","Total",3333,35,336,991,912,615,320,72,34,18
"2011","Greenwich 037","E02006930","Total",2876,59,190,498,586,718,544,188,59,34
"2011","Greenwich 038","E02006931","Total",4113,58,337,894,1045,823,435,204,144,173
"2011","Harrow 001","E02000433","Total",3309,52,170,348,1019,472,286,238,243,481
"2011","Harrow 002","E02000434","Total",3138,58,129,316,557,588,564,400,261,265
"2011","Harrow 003","E02000435","Total",2728,16,78,271,551,673,462,222,194,261
"2011","Harrow 004","E02000436","Total",2080,6,36,64,166,257,431,410,332,378
"2011","Harrow 005","E02000437","Total",3082,25,117,281,565,723,696,331,198,146
"2011","Harrow 006","E02000438","Total",2990,20,93,353,815,557,491,279,190,192
"2011","Harrow 007","E02000439","Total",2711,38,95,321,455,845,632,208,77,40
"2011","Harrow 008","E02000440","Total",3087,5,34,120,318,819,874,509,258,150
"2011","Harrow 009","E02000441","Total",2765,22,73,410,672,561,348,255,196,228
"2011","Harrow 010","E02000442","Total",2532,10,49,208,367,977,639,173,79,30
"2011","Harrow 011","E02000443","Total",3203,72,134,543,496,869,733,226,92,38
"2011","Harrow 012","E02000444","Total",2682,18,66,241,471,754,678,285,112,57
"2011","Harrow 013","E02000445","Total",3616,59,183,603,847,765,770,239,90,60
"2011","Harrow 015","E02000447","Total",2453,16,47,247,351,402,619,406,230,135
"2011","Harrow 016","E02000448","Total",2730,14,91,237,563,319,330,442,318,416
"2011","Harrow 017","E02000449","Total",2531,30,57,278,473,803,615,179,69,27
"2011","Harrow 019","E02000451","Total",2341,4,25,161,257,414,729,420,220,111
"2011","Harrow 020","E02000452","Total",3039,89,278,595,760,433,394,253,150,87
"2011","Harrow 021","E02000453","Total",2800,56,125,429,564,406,598,325,195,102
"2011","Harrow 022","E02000454","Total",2550,4,8,86,359,375,679,518,314,207
"2011","Harrow 023","E02000455","Total",3306,60,254,772,969,396,353,188,169,145
"2011","Harrow 024","E02000456","Total",2512,39,105,317,370,509,704,278,123,67
"2011","Harrow 025","E02000457","Total",2200,24,33,165,281,465,618,352,174,88
"2011","Harrow 027","E02000459","Total",3159,122,235,638,756,618,480,153,79,78
"2011","Harrow 028","E02000460","Total",2189,16,88,319,519,573,451,138,57,28
"2011","Harrow 029","E02000461","Total",2556,37,118,358,823,426,299,185,132,178
"2011","Harrow 030","E02000462","Total",2210,17,93,292,336,592,573,204,79,24
"2011","Harrow 031","E02000463","Total",2788,12,78,339,527,937,582,182,94,37
"2011","Harrow 032","E02006795","Total",2639,27,53,197,311,753,823,277,145,53
"2011","Harrow 033","E02006882","Total",4342,24,87,282,418,1094,1285,599,330,223
"2011","Havering 001","E02000464","Total",2597,3,71,338,683,860,363,141,83,55
"2011","Havering 002","E02000465","Total",3256,20,80,526,717,1278,426,112,68,29
"2011","Havering 003","E02000466","Total",3235,2,27,173,823,1033,746,249,101,81
"2011","Havering 004","E02000467","Total",4087,26,139,1061,935,1344,421,101,38,22
"2011","Havering 005","E02000468","Total",3099,3,30,198,424,1359,687,257,95,46
"2011","Havering 006","E02000469","Total",2664,11,53,301,773,937,431,88,33,37
"2011","Havering 007","E02000470","Total",3487,32,105,340,604,1071,723,342,161,109
"2011","Havering 008","E02000471","Total",2961,1,7,36,278,925,912,445,213,144
"2011","Havering 009","E02000472","Total",3544,8,48,190,598,1115,995,371,141,78
"2011","Havering 010","E02000473","Total",3841,11,63,266,495,1163,981,496,234,132
"2011","Havering 011","E02000474","Total",3514,21,92,460,714,1078,732,293,84,40
"2011","Havering 012","E02000475","Total",3933,17,82,405,872,510,674,556,419,398
"2011","Havering 013","E02000476","Total",4023,81,447,1071,971,596,388,209,137,123
"2011","Havering 014","E02000477","Total",3725,3,34,160,431,994,1139,527,244,193
"2011","Havering 015","E02000478","Total",2156,6,39,77,170,270,306,319,309,660
"2011","Havering 016","E02000479","Total",3529,26,115,530,845,892,694,264,101,62
"2011","Havering 017","E02000480","Total",3872,60,114,392,825,1189,821,322,94,55
"2011","Havering 018","E02000481","Total",3254,0,32,113,577,1103,836,347,149,97
"2011","Havering 019","E02000482","Total",2546,1,9,84,236,494,685,422,309,306
"2011","Havering 020","E02000483","Total",3423,7,85,458,889,717,687,319,164,97
"2011","Havering 021","E02000484","Total",3180,7,34,217,413,946,820,409,224,110
"2011","Havering 022","E02000485","Total",3375,3,17,178,845,993,729,345,175,90
"2011","Havering 023","E02000486","Total",3039,1,38,245,484,1009,827,257,127,51
"2011","Havering 024","E02000487","Total",2970,0,7,30,163,476,937,743,393,221
"2011","Havering 025","E02000488","Total",2967,3,25,133,379,1095,756,348,152,76
"2011","Havering 026","E02000489","Total",3155,3,36,242,459,1137,818,300,104,56
"2011","Havering 027","E02000490","Total",3169,4,24,214,462,1444,711,179,80,51
"2011","Havering 028","E02000491","Total",3603,16,69,429,772,1240,720,227,86,44
"2011","Havering 029","E02000492","Total",2524,3,28,71,346,995,658,240,104,79
"2011","Havering 030","E02000493","Total",2471,12,63,260,491,996,437,129,47,36
"2011","Hillingdon 001","E02000494","Total",3115,15,91,386,611,414,326,315,350,607
"2011","Hillingdon 002","E02000495","Total",4141,27,157,669,1153,757,671,359,193,155
"2011","Hillingdon 003","E02000496","Total",3008,11,73,399,731,687,588,275,129,115
"2011","Hillingdon 004","E02000497","Total",3440,13,72,298,856,764,711,377,191,158
"2011","Hillingdon 005","E02000498","Total",2561,23,114,346,521,520,496,294,141,106
"2011","Hillingdon 006","E02000499","Total",3001,5,24,192,437,596,867,463,252,165
"2011","Hillingdon 007","E02000500","Total",3093,21,89,234,512,484,624,512,343,274
"2011","Hillingdon 008","E02000501","Total",3163,3,39,154,675,880,835,339,160,78
"2011","Hillingdon 009","E02000502","Total",3097,9,72,256,904,815,645,235,111,50
"2011","Hillingdon 010","E02000503","Total",3235,6,46,160,741,981,716,353,162,70
"2011","Hillingdon 011","E02000504","Total",2891,10,25,144,360,586,794,526,265,181
"2011","Hillingdon 013","E02000506","Total",2725,4,18,197,240,367,524,504,433,438
"2011","Hillingdon 014","E02000507","Total",2756,5,27,133,386,989,879,245,63,29
"2011","Hillingdon 015","E02000508","Total",3075,55,257,630,653,570,491,189,139,91
"2011","Hillingdon 016","E02000509","Total",3112,53,256,607,737,640,485,201,86,47
"2011","Hillingdon 017","E02000510","Total",3196,76,104,268,511,887,746,339,156,109
"2011","Hillingdon 018","E02000511","Total",3211,27,90,263,575,1154,796,201,64,41
"2011","Hillingdon 019","E02000512","Total",2968,39,129,412,814,786,508,166,76,38
"2011","Hillingdon 020","E02000513","Total",3234,58,190,482,1301,680,352,109,40,22
"2011","Hillingdon 021","E02000514","Total",3044,40,106,279,668,951,682,193,85,40
"2011","Hillingdon 022","E02000515","Total",4303,153,352,974,1130,765,541,210,104,74
"2011","Hillingdon 023","E02000516","Total",2764,31,103,380,772,712,464,182,81,39
"2011","Hillingdon 024","E02000517","Total",2917,30,124,390,711,924,493,154,63,28
"2011","Hillingdon 025","E02000518","Total",3099,9,65,380,739,980,633,188,77,28
"2011","Hillingdon 026","E02000519","Total",2890,42,126,478,687,615,630,192,84,36
"2011","Hillingdon 027","E02000520","Total",3645,59,193,618,677,964,760,231,90,53
"2011","Hillingdon 028","E02000521","Total",3397,64,163,502,618,1207,597,160,60,26
"2011","Hillingdon 029","E02000522","Total",3269,28,118,419,874,875,576,236,81,62
"2011","Hillingdon 030","E02000523","Total",2939,33,151,308,551,988,635,162,76,35
"2011","Hillingdon 031","E02000524","Total",2462,68,189,348,486,656,446,153,71,45
"2011","Hillingdon 032","E02000525","Total",3142,89,227,463,1028,763,367,113,52,40
"2011","Hillingdon 033","E02006796","Total",3321,44,99,407,846,858,692,239,91,45
"2011","Hounslow 001","E02000526","Total",3536,99,173,591,706,571,391,358,279,368
"2011","Hounslow 003","E02000528","Total",4770,77,401,1411,1422,944,343,90,50,32
"2011","Hounslow 004","E02000529","Total",2776,63,130,419,608,653,508,213,100,82
"2011","Hounslow 005","E02000530","Total",2314,60,137,380,729,582,304,71,31,20
"2011","Hounslow 006","E02000531","Total",4269,191,286,881,1105,827,539,253,116,71
"2011","Hounslow 007","E02000532","Total",4001,56,158,683,943,695,492,410,250,314
"2011","Hounslow 008","E02000533","Total",3835,90,182,748,991,640,432,329,209,214
"2011","Hounslow 009","E02000534","Total",2917,32,206,321,621,424,488,383,251,191
"2011","Hounslow 010","E02000535","Total",2852,28,117,309,398,793,734,277,135,61
"2011","Hounslow 011","E02000536","Total",2925,44,95,378,523,735,661,265,127,97
"2011","Hounslow 012","E02000537","Total",2841,58,100,285,594,594,564,303,193,150
"2011","Hounslow 013","E02000538","Total",2648,29,111,297,516,766,586,215,81,47
"2011","Hounslow 014","E02000539","Total",4299,45,278,717,1273,1152,539,164,80,51
"2011","Hounslow 015","E02000540","Total",3564,79,264,745,829,688,552,218,114,75
"2011","Hounslow 016","E02000541","Total",2846,46,147,447,675,650,548,199,100,34
"2011","Hounslow 017","E02000542","Total",3166,110,311,588,738,646,458,194,60,61
"2011","Hounslow 018","E02000543","Total",4170,214,553,805,978,599,568,248,121,84
"2011","Hounslow 019","E02000544","Total",2793,20,54,232,365,807,836,323,110,46
"2011","Hounslow 020","E02000545","Total",3299,30,166,574,977,814,452,163,72,51
"2011","Hounslow 021","E02000546","Total",3018,52,196,480,634,678,621,221,93,43
"2011","Hounslow 022","E02000547","Total",3547,25,78,456,1048,1042,630,154,80,34
"2011","Hounslow 023","E02000548","Total",3539,39,250,648,889,870,592,168,46,37
"2011","Hounslow 024","E02000549","Total",3937,19,102,357,946,1121,968,272,104,48
"2011","Hounslow 025","E02000550","Total",3840,32,244,668,1189,1135,388,107,43,34
"2011","Hounslow 026","E02000551","Total",3294,62,137,605,963,878,469,113,53,14
"2011","Hounslow 027","E02000552","Total",3266,45,132,565,989,834,501,133,42,25
"2011","Hounslow 028","E02000553","Total",2605,18,71,280,668,779,472,183,79,55
"2011","Hounslow 029","E02006792","Total",4035,141,384,952,1044,555,405,213,154,187
"2011","Kingston upon Thames 001","E02000598","Total",3001,6,54,166,568,594,709,416,267,221
"2011","Kingston upon Thames 002","E02000599","Total",2368,6,20,100,214,290,354,366,328,690
"2011","Kingston upon Thames 003","E02000600","Total",3354,35,142,476,1007,664,434,263,135,198
"2011","Kingston upon Thames 004","E02000601","Total",4245,42,342,551,995,813,747,452,195,108
"2011","Kingston upon Thames 005","E02000602","Total",3997,87,288,908,1084,690,511,243,115,71
"2011","Kingston upon Thames 006","E02000603","Total",2798,30,121,296,487,887,522,226,142,87
"2011","Kingston upon Thames 007","E02000604","Total",3343,48,182,378,572,610,707,459,210,177
"2011","Kingston upon Thames 008","E02000605","Total",3013,30,76,279,449,607,743,428,209,192
"2011","Kingston upon Thames 009","E02000606","Total",4799,200,375,898,1787,566,359,268,169,177
"2011","Kingston upon Thames 010","E02000607","Total",2497,40,95,282,483,410,531,318,182,156
"2011","Kingston upon Thames 011","E02000608","Total",3182,110,357,853,1079,359,185,86,65,88
"2011","Kingston upon Thames 012","E02000609","Total",2741,27,55,233,356,486,655,478,270,181
"2011","Kingston upon Thames 013","E02000610","Total",3785,144,342,985,1268,396,237,141,111,161
"2011","Kingston upon Thames 014","E02000611","Total",2649,16,44,56,175,421,847,580,315,195
"2011","Kingston upon Thames 015","E02000612","Total",3051,8,34,182,279,617,902,556,313,160
"2011","Kingston upon Thames 016","E02000613","Total",3174,28,138,369,813,559,563,308,195,201
"2011","Kingston upon Thames 017","E02000614","Total",3072,16,80,284,509,993,792,253,95,50
"2011","Kingston upon Thames 018","E02000615","Total",2916,4,67,178,429,874,823,333,146,62
"2011","Kingston upon Thames 019","E02000616","Total",2363,3,24,122,487,827,565,204,83,48
"2011","Kingston upon Thames 020","E02000617","Total",3291,15,58,212,887,835,732,307,152,93
"2011","Merton 001","E02000689","Total",3230,54,284,452,391,509,708,368,204,260
"2011","Merton 002","E02000690","Total",2300,9,59,189,362,250,226,228,247,730
"2011","Merton 003","E02000691","Total",2968,47,194,535,752,414,265,238,239,284
"2011","Merton 004","E02000692","Total",3686,72,249,687,1149,496,261,200,170,402
"2011","Merton 005","E02000693","Total",3973,53,376,990,1256,634,394,162,62,46
"2011","Merton 006","E02000694","Total",3828,42,201,716,1095,876,554,216,94,34
"2011","Merton 007","E02000695","Total",2813,32,63,268,291,775,926,317,105,36
"2011","Merton 008","E02000696","Total",3185,73,237,727,675,677,528,169,62,37
"2011","Merton 009","E02000697","Total",3577,49,236,669,1003,552,580,297,116,75
"2011","Merton 010","E02000698","Total",3146,21,74,295,572,503,480,400,338,463
"2011","Merton 011","E02000699","Total",3205,32,148,437,741,585,594,360,177,131
"2011","Merton 012","E02000700","Total",3367,52,229,732,1092,889,265,68,21,19
"2011","Merton 013","E02000701","Total",3006,32,102,478,578,856,668,178,78,36
"2011","Merton 014","E02000702","Total",2964,58,195,424,711,848,525,127,60,16
"2011","Merton 015","E02000703","Total",2961,10,77,229,412,400,815,511,279,228
"2011","Merton 016","E02000704","Total",3409,44,222,664,949,614,526,223,85,82
"2011","Merton 017","E02000705","Total",2836,8,40,189,342,905,935,289,95,33
"2011","Merton 018","E02000706","Total",3259,48,234,695,804,935,401,84,41,17
"2011","Merton 019","E02000707","Total",2683,32,172,273,410,888,635,180,69,24
"2011","Merton 020","E02000708","Total",3011,14,53,172,357,735,1047,423,157,53
"2011","Merton 021","E02000709","Total",2874,11,66,153,195,716,1079,408,164,82
"2011","Merton 022","E02000710","Total",3208,31,137,591,799,736,530,226,96,62
"2011","Merton 023","E02000711","Total",3140,22,112,345,1042,964,471,121,44,19
"2011","Merton 024","E02000712","Total",3328,17,102,371,926,1002,643,165,70,32
"2011","Merton 025","E02000713","Total",2800,2,11,81,480,1009,836,260,71,50
"2011","Redbridge 001","E02000751","Total",4277,20,97,345,804,612,645,602,484,668
"2011","Redbridge 002","E02000752","Total",2864,28,97,451,712,890,479,114,56,37
"2011","Redbridge 003","E02000753","Total",2420,9,55,217,653,833,413,150,54,36
"2011","Redbridge 004","E02000754","Total",2607,23,52,240,506,744,647,241,101,53
"2011","Redbridge 005","E02000755","Total",2151,7,55,196,487,658,446,173,92,37
"2011","Redbridge 006","E02000756","Total",4966,15,103,508,1129,1369,1056,407,205,174
"2011","Redbridge 007","E02000757","Total",4969,36,353,1029,1050,674,724,466,386,251
"2011","Redbridge 008","E02000758","Total",2159,23,46,166,354,596,479,263,133,99
"2011","Redbridge 009","E02000759","Total",4703,51,177,558,1026,1047,987,487,226,144
"2011","Redbridge 010","E02000760","Total",2613,18,58,280,701,629,509,241,106,71
"2011","Redbridge 012","E02000762","Total",2087,6,47,185,258,366,541,339,195,150
"2011","Redbridge 013","E02000763","Total",2385,24,55,213,458,688,582,206,103,56
"2011","Redbridge 014","E02000764","Total",5435,47,263,1036,1537,776,583,471,333,389
"2011","Redbridge 015","E02000765","Total",2190,23,101,263,246,534,589,275,106,53
"2011","Redbridge 017","E02000767","Total",2620,24,152,353,396,691,606,246,102,50
"2011","Redbridge 018","E02000768","Total",2240,14,82,134,356,365,424,373,279,213
"2011","Redbridge 019","E02000769","Total",5160,39,198,542,1183,1360,1160,436,167,75
"2011","Redbridge 020","E02000770","Total",2425,68,109,299,397,523,560,257,137,75
"2011","Redbridge 022","E02000772","Total",2565,50,170,307,452,512,521,276,171,106
"2011","Redbridge 023","E02000773","Total",2819,14,152,381,456,652,741,249,110,64
"2011","Redbridge 024","E02000774","Total",2208,39,105,282,340,488,477,269,137,71
"2011","Redbridge 026","E02000776","Total",2031,29,131,282,372,262,371,275,195,114
"2011","Redbridge 027","E02000777","Total",2365,38,80,300,484,213,329,393,303,225
"2011","Redbridge 029","E02000779","Total",2753,114,420,714,519,281,227,192,157,129
"2011","Redbridge 030","E02000780","Total",4443,89,386,785,698,967,855,370,191,102
"2011","Redbridge 031","E02000781","Total",4257,37,105,356,498,1151,1116,504,262,228
"2011","Redbridge 032","E02000782","Total",2851,70,279,567,591,567,507,170,68,32
"2011","Redbridge 033","E02000783","Total",2250,34,119,312,533,692,364,139,37,20
"2011","Redbridge 034","E02006800","Total",4170,78,225,659,723,661,789,538,301,196
"2011","Redbridge 035","E02006924","Total",4020,62,202,485,445,595,822,595,482,332
"2011","Redbridge 036","E02006925","Total",4102,20,49,241,480,819,1091,675,445,282
"2011","Richmond upon Thames 001","E02000784","Total",4296,63,158,541,893,815,419,395,390,622
"2011","Richmond upon Thames 002","E02000785","Total",4304,70,191,553,1043,593,497,443,393,521
"2011","Richmond upon Thames 003","E02000786","Total",4941,34,184,734,1451,1120,576,375,199,268
"2011","Richmond upon Thames 004","E02000787","Total",4800,38,279,935,1210,862,663,363,239,211
"2011","Richmond upon Thames 005","E02000788","Total",3666,58,172,379,825,543,587,504,317,281
"2011","Richmond upon Thames 006","E02000789","Total",2966,57,205,505,893,494,202,153,150,307
"2011","Richmond upon Thames 007","E02000790","Total",2609,31,99,315,599,423,453,282,174,233
"2011","Richmond upon Thames 008","E02000791","Total",2986,47,257,560,810,458,244,143,160,307
"2011","Richmond upon Thames 009","E02000792","Total",3209,53,226,570,853,413,354,283,200,257
"2011","Richmond upon Thames 010","E02000793","Total",3144,29,117,225,494,810,809,391,177,92
"2011","Richmond upon Thames 011","E02000794","Total",2660,14,46,262,521,587,608,330,156,136
"2011","Richmond upon Thames 012","E02000795","Total",2623,21,39,197,407,436,356,353,324,490
"2011","Richmond upon Thames 013","E02000796","Total",3918,31,82,395,839,885,837,464,267,118
"2011","Richmond upon Thames 014","E02000797","Total",3273,51,236,535,833,711,447,233,122,105
"2011","Richmond upon Thames 015","E02000798","Total",4280,20,91,328,993,1194,1002,408,144,100
"2011","Richmond upon Thames 016","E02000799","Total",2418,22,112,315,502,266,376,324,227,274
"2011","Richmond upon Thames 017","E02000800","Total",2159,12,84,182,422,738,408,191,94,28
"2011","Richmond upon Thames 018","E02000801","Total",2880,29,114,407,589,619,511,277,164,170
"2011","Richmond upon Thames 019","E02000802","Total",2840,37,128,375,578,507,472,292,200,251
"2011","Richmond upon Thames 020","E02000803","Total",4086,50,163,660,918,915,605,339,242,194
"2011","Richmond upon Thames 021","E02000804","Total",3148,47,153,563,674,484,477,311,235,204
"2011","Richmond upon Thames 022","E02000805","Total",4455,40,277,792,1146,515,529,402,323,431
"2011","Richmond upon Thames 023","E02000806","Total",4174,36,112,526,833,694,785,489,325,374
"2011","Sutton 001","E02000840","Total",3206,17,117,517,1069,1057,314,61,29,25
"2011","Sutton 002","E02000841","Total",3335,26,105,520,1065,1131,354,90,29,15
"2011","Sutton 003","E02000842","Total",2879,5,32,153,499,803,879,323,122,63
"2011","Sutton 004","E02000843","Total",3271,46,151,591,985,723,535,155,64,21
"2011","Sutton 005","E02000844","Total",3117,7,58,367,782,1014,594,201,62,32
"2011","Sutton 006","E02000845","Total",3472,9,105,327,628,1064,851,312,124,52
"2011","Sutton 007","E02000846","Total",2708,10,29,186,518,703,819,278,102,63
"2011","Sutton 008","E02000847","Total",3489,4,61,305,684,735,821,442,273,164
"2011","Sutton 009","E02000848","Total",2886,3,38,144,364,884,975,286,141,51
"2011","Sutton 010","E02000849","Total",3099,18,99,379,766,762,615,260,136,64
"2011","Sutton 011","E02000850","Total",4037,11,93,275,715,1125,1097,443,186,92
"2011","Sutton 012","E02000851","Total",4098,94,445,1040,1120,790,351,113,94,51
"2011","Sutton 013","E02000852","Total",3136,29,98,391,679,724,700,304,135,76
"2011","Sutton 014","E02000853","Total",3164,19,81,358,826,875,617,227,87,74
"2011","Sutton 015","E02000854","Total",2932,36,91,293,582,492,651,383,234,170
"2011","Sutton 016","E02000855","Total",3035,31,59,178,457,469,701,532,344,264
"2011","Sutton 017","E02000856","Total",3486,67,221,537,766,338,482,454,356,265
"2011","Sutton 018","E02000857","Total",4004,94,250,1072,1635,408,202,122,99,122
"2011","Sutton 019","E02000858","Total",3139,25,133,652,928,747,373,145,81,55
"2011","Sutton 020","E02000859","Total",3453,24,96,498,897,432,526,358,298,324
"2011","Sutton 021","E02000860","Total",3925,114,331,1211,1508,335,170,117,50,89
"2011","Sutton 022","E02000861","Total",2789,7,20,125,283,268,455,591,466,574
"2011","Sutton 024","E02000863","Total",2319,5,22,94,251,420,441,399,341,346
"2011","Sutton 025","E02006836","Total",3195,20,55,253,513,319,367,455,427,786
"2011","Waltham Forest 001","E02000895","Total",3271,35,147,320,617,940,656,323,159,74
"2011","Waltham Forest 002","E02000896","Total",3758,32,128,419,824,601,729,504,295,226
"2011","Waltham Forest 003","E02000897","Total",3345,18,83,449,904,907,546,263,103,72
"2011","Waltham Forest 004","E02000898","Total",3065,21,70,315,764,666,653,330,152,94
"2011","Waltham Forest 005","E02000899","Total",3090,36,93,262,473,906,838,318,122,42
"2011","Waltham Forest 006","E02000900","Total",2986,13,67,357,486,994,722,237,83,27
"2011","Waltham Forest 007","E02000901","Total",3553,19,72,326,581,767,903,493,266,126
"2011","Waltham Forest 008","E02000902","Total",3101,40,161,370,633,868,683,226,82,38
"2011","Waltham Forest 009","E02000903","Total",3179,28,116,375,725,1099,637,132,47,20
"2011","Waltham Forest 010","E02000904","Total",2900,21,127,419,499,740,654,282,113,45
"2011","Waltham Forest 011","E02000905","Total",3465,71,138,384,903,1055,605,204,70,35
"2011","Waltham Forest 012","E02000906","Total",3507,34,120,643,1259,865,416,112,42,16
"2011","Waltham Forest 013","E02000907","Total",3885,103,351,1063,1079,732,317,129,62,49
"2011","Waltham Forest 014","E02000908","Total",4348,73,350,1152,1359,861,384,100,45,24
"2011","Waltham Forest 015","E02000909","Total",3459,63,224,597,871,799,536,192,117,60
"2011","Waltham Forest 016","E02000910","Total",4005,105,307,846,896,748,629,285,111,78
"2011","Waltham Forest 017","E02000911","Total",4115,104,290,1049,1245,760,402,155,73,37
"2011","Waltham Forest 018","E02000912","Total",3151,46,112,444,837,927,525,171,62,27
"2011","Waltham Forest 019","E02000913","Total",2968,66,134,395,537,479,665,376,202,114
"2011","Waltham Forest 020","E02000914","Total",3689,206,356,851,748,716,447,210,93,62
"2011","Waltham Forest 021","E02000915","Total",3305,119,262,620,880,427,327,266,246,158
"2011","Waltham Forest 022","E02000916","Total",3506,80,212,667,1291,643,411,130,45,27
"2011","Waltham Forest 023","E02000917","Total",3396,60,216,572,1150,770,391,149,51,37
"2011","Waltham Forest 024","E02000918","Total",3449,112,299,777,803,563,436,238,152,69
"2011","Waltham Forest 025","E02000919","Total",3225,74,195,565,708,712,583,259,82,47
"2011","Waltham Forest 026","E02000920","Total",3434,92,303,760,760,769,458,193,61,38
"2011","Waltham Forest 027","E02000921","Total",3966,86,306,854,1019,964,514,148,53,22
"2011","Waltham Forest 028","E02000922","Total",3740,79,197,611,815,1169,625,160,56,28
"2011","Bracknell Forest 001","E02003352","Total",2487,10,39,170,549,405,316,297,253,448
"2011","Bracknell Forest 002","E02003353","Total",3534,15,56,253,596,573,508,436,441,656
"2011","Bracknell Forest 003","E02003354","Total",3872,2,35,232,727,603,574,479,585,635
"2011","Bracknell Forest 004","E02003355","Total",2708,6,69,366,567,568,720,238,108,66
"2011","Bracknell Forest 005","E02003356","Total",2731,8,25,135,440,566,541,369,320,327
"2011","Bracknell Forest 006","E02003357","Total",3951,52,195,695,795,655,811,411,199,138
"2011","Bracknell Forest 007","E02003358","Total",3988,76,230,693,804,635,746,392,238,174
"2011","Bracknell Forest 008","E02003359","Total",2835,6,105,432,760,653,510,212,83,74
"2011","Bracknell Forest 009","E02003360","Total",3605,2,44,92,650,818,904,614,317,164
"2011","Bracknell Forest 010","E02003361","Total",3133,45,53,324,554,813,791,312,148,93
"2011","Bracknell Forest 011","E02003362","Total",2757,10,46,359,435,647,702,341,134,83
"2011","Bracknell Forest 012","E02003363","Total",2533,35,86,220,470,325,308,309,283,497
"2011","Bracknell Forest 013","E02003364","Total",2509,3,18,143,410,630,488,313,266,238
"2011","Bracknell Forest 014","E02003365","Total",2652,13,43,142,356,535,454,392,331,386
"2011","Bracknell Forest 015","E02003366","Total",2583,6,22,273,398,631,482,319,221,231
"2011","Brighton and Hove 001","E02003491","Total",3088,8,44,158,548,882,865,394,128,61
"2011","Brighton and Hove 002","E02003492","Total",2166,8,53,265,368,563,584,184,92,49
"2011","Brighton and Hove 003","E02003493","Total",3348,5,72,284,664,678,661,457,321,206
"2011","Brighton and Hove 004","E02003494","Total",2641,21,63,159,471,552,618,340,216,201
"2011","Brighton and Hove 005","E02003495","Total",2970,21,42,150,881,1130,503,158,50,35
"2011","Brighton and Hove 006","E02003496","Total",3146,8,49,314,898,699,717,309,113,39
"2011","Brighton and Hove 007","E02003497","Total",2804,6,18,105,373,391,616,536,386,373
"2011","Brighton and Hove 008","E02003498","Total",3475,30,141,733,933,813,557,175,62,31
"2011","Brighton and Hove 009","E02003499","Total",2843,22,89,260,580,839,652,258,97,46
"2011","Brighton and Hove 010","E02003500","Total",3049,25,64,298,386,725,830,440,173,108
"2011","Brighton and Hove 011","E02003501","Total",3685,70,164,545,959,490,464,346,293,354
"2011","Brighton and Hove 012","E02003502","Total",3145,12,93,328,734,1000,674,205,73,26
"2011","Brighton and Hove 013","E02003503","Total",3487,14,43,297,636,1031,821,388,177,80
"2011","Brighton and Hove 014","E02003504","Total",3838,52,321,1098,939,468,397,276,150,137
"2011","Brighton and Hove 015","E02003505","Total",3786,39,357,960,874,631,479,243,117,86
"2011","Brighton and Hove 016","E02003506","Total",2871,21,95,417,611,835,638,189,45,20
"2011","Brighton and Hove 017","E02003507","Total",3924,1,38,183,889,1220,842,450,192,109
"2011","Brighton and Hove 018","E02003508","Total",3418,13,140,411,866,906,728,241,77,36
"2011","Brighton and Hove 019","E02003509","Total",4695,179,451,1570,1372,540,236,145,92,110
"2011","Brighton and Hove 020","E02003510","Total",4055,124,340,944,1320,429,300,236,183,179
"2011","Brighton and Hove 021","E02003511","Total",3318,36,89,401,657,796,666,347,220,106
"2011","Brighton and Hove 022","E02003512","Total",3736,49,269,709,995,870,485,235,69,55
"2011","Brighton and Hove 023","E02003513","Total",2907,41,165,501,835,340,289,301,235,200
"2011","Brighton and Hove 024","E02003514","Total",4856,399,821,1638,1192,297,182,130,85,112
"2011","Brighton and Hove 025","E02003515","Total",3659,17,120,558,1144,1168,437,117,50,48
"2011","Brighton and Hove 026","E02003516","Total",4972,404,738,1635,1447,465,138,64,31,50
"2011","Brighton and Hove 027","E02003517","Total",5238,192,782,1467,1230,805,386,201,89,86
"2011","Brighton and Hove 028","E02003518","Total",4158,213,489,1112,1321,473,162,111,114,163
"2011","Brighton and Hove 029","E02003519","Total",5052,521,873,1615,1235,449,177,65,48,69
"2011","Brighton and Hove 030","E02003520","Total",4690,311,664,1379,1281,497,260,129,72,97
"2011","Brighton and Hove 031","E02003521","Total",4424,184,512,1388,1225,494,290,130,99,102
"2011","Brighton and Hove 032","E02003522","Total",3584,85,255,793,1201,561,368,137,80,104
"2011","Brighton and Hove 033","E02003523","Total",4512,9,145,273,895,1065,905,582,352,286
"2011","Isle of Wight 001","E02003581","Total",3669,4,94,347,784,1001,813,327,163,136
"2011","Isle of Wight 002","E02003582","Total",3516,7,16,200,460,924,893,516,291,209
"2011","Isle of Wight 003","E02003583","Total",2847,2,65,205,626,751,686,250,138,124
"2011","Isle of Wight 004","E02003584","Total",3149,54,314,716,862,418,316,187,115,167
"2011","Isle of Wight 005","E02003585","Total",3018,6,34,167,548,814,596,383,227,243
"2011","Isle of Wight 006","E02003586","Total",3268,7,41,199,559,909,764,393,218,178
"2011","Isle of Wight 007","E02003587","Total",3610,17,154,299,782,1021,813,292,138,94
"2011","Isle of Wight 008","E02003588","Total",2917,8,47,235,569,885,663,267,148,95
"2011","Isle of Wight 009","E02003589","Total",3320,22,191,517,744,790,600,272,110,74
"2011","Isle of Wight 010","E02003590","Total",3549,4,31,175,542,907,743,489,314,344
"2011","Isle of Wight 011","E02003591","Total",3750,5,37,225,641,905,883,519,276,259
"2011","Isle of Wight 012","E02003592","Total",4475,13,96,309,953,1133,858,494,301,318
"2011","Isle of Wight 013","E02003593","Total",2350,3,14,92,303,557,523,349,235,274
"2011","Isle of Wight 014","E02003594","Total",3910,34,98,393,984,976,642,348,221,214
"2011","Isle of Wight 015","E02003595","Total",3613,4,21,145,681,974,843,459,252,234
"2011","Isle of Wight 016","E02003596","Total",4020,47,159,627,1007,728,614,362,238,238
"2011","Isle of Wight 017","E02003597","Total",2464,2,25,80,359,629,569,310,233,257
"2011","Isle of Wight 018","E02003598","Total",3640,16,100,390,819,893,694,342,190,196
"2011","Medway 001","E02003314","Total",2724,10,43,242,584,827,545,215,114,144
"2011","Medway 002","E02003315","Total",2137,6,23,138,181,638,544,301,170,136
"2011","Medway 003","E02003316","Total",3873,4,65,139,630,1113,974,451,274,223
"2011","Medway 004","E02003317","Total",2321,0,11,128,316,680,594,252,169,171
"2011","Medway 005","E02003318","Total",2273,0,8,31,201,607,671,402,229,124
"2011","Medway 006","E02003319","Total",3181,19,81,275,426,983,899,294,98,106
"2011","Medway 007","E02003320","Total",3127,32,217,473,721,609,487,286,159,143
"2011","Medway 008","E02003321","Total",2481,16,58,207,383,951,563,192,66,45
"2011","Medway 009","E02003322","Total",2546,77,86,200,390,792,693,190,74,44
"2011","Medway 010","E02003323","Total",2783,8,58,187,512,969,698,225,83,43
"2011","Medway 011","E02003324","Total",3572,6,72,247,730,1308,817,256,91,45
"2011","Medway 012","E02003325","Total",3079,74,216,433,603,792,641,217,73,30
"2011","Medway 013","E02003326","Total",2992,14,65,164,330,874,992,368,121,64
"2011","Medway 014","E02003327","Total",3518,48,243,729,1004,512,412,252,145,173
"2011","Medway 015","E02003328","Total",3580,75,326,869,728,741,536,175,80,50
"2011","Medway 016","E02003329","Total",2637,17,62,231,241,761,913,271,89,52
"2011","Medway 017","E02003330","Total",2771,6,44,156,336,1100,793,198,78,60
"2011","Medway 018","E02003331","Total",3674,16,77,363,612,1044,1016,375,113,58
"2011","Medway 019","E02003332","Total",2238,12,22,76,222,514,672,388,214,118
"2011","Medway 020","E02003333","Total",2900,54,193,450,478,791,629,208,68,29
"2011","Medway 021","E02003334","Total",2254,21,67,163,281,683,673,206,88,72
"2011","Medway 022","E02003335","Total",2719,10,41,161,460,1139,704,139,46,19
"2011","Medway 023","E02003336","Total",2454,0,8,49,279,796,834,276,132,80
"2011","Medway 024","E02003337","Total",2647,12,58,169,460,755,710,247,115,121
"2011","Medway 025","E02003338","Total",3078,22,77,298,553,1133,573,243,125,54
"2011","Medway 026","E02003339","Total",2414,3,23,144,256,655,713,324,183,113
"2011","Medway 027","E02003340","Total",3190,3,124,383,489,1027,762,244,99,59
"2011","Medway 028","E02003341","Total",2211,3,17,100,298,663,575,280,141,134
"2011","Medway 029","E02003342","Total",2567,13,65,132,244,678,746,393,177,119
"2011","Medway 030","E02003343","Total",2334,1,4,93,193,471,551,435,302,284
"2011","Medway 031","E02003344","Total",2725,12,82,292,422,995,451,221,141,109
"2011","Medway 032","E02003345","Total",2308,1,41,78,265,825,598,277,150,73
"2011","Medway 033","E02003346","Total",2540,3,26,127,439,828,583,270,152,112
"2011","Medway 034","E02003347","Total",2425,4,31,194,628,660,494,242,103,69
"2011","Medway 035","E02003348","Total",3139,10,10,126,283,668,698,553,402,389
"2011","Medway 036","E02003349","Total",3091,1,37,142,499,1193,690,329,134,66
"2011","Medway 037","E02003350","Total",2521,7,30,166,459,673,616,298,167,105
"2011","Medway 038","E02003351","Total",3185,2,29,220,710,972,719,304,118,111
"2011","Milton Keynes 001","E02003459","Total",3670,8,49,209,496,693,710,520,437,548
"2011","Milton Keynes 002","E02003460","Total",3806,5,45,224,448,757,703,510,477,637
"2011","Milton Keynes 003","E02003461","Total",2925,8,43,146,358,865,685,373,251,196
"2011","Milton Keynes 004","E02003462","Total",3289,7,80,277,605,840,657,351,277,195
"2011","Milton Keynes 005","E02003463","Total",2669,6,56,217,285,651,583,338,250,283
"2011","Milton Keynes 006","E02003464","Total",2569,7,58,246,395,928,530,227,112,66
"2011","Milton Keynes 007","E02003465","Total",2685,2,58,293,570,504,451,287,202,318
"2011","Milton Keynes 008","E02003466","Total",2905,23,108,281,409,765,768,351,138,62
"2011","Milton Keynes 009","E02003467","Total",2490,18,84,349,533,699,390,216,111,90
"2011","Milton Keynes 010","E02003468","Total",3191,5,48,295,462,928,775,336,199,143
"2011","Milton Keynes 011","E02003469","Total",2406,4,35,137,382,629,472,328,244,175
"2011","Milton Keynes 012","E02003470","Total",2134,19,72,339,320,829,409,86,37,23
"2011","Milton Keynes 013","E02003471","Total",2543,6,65,359,430,688,441,270,152,132
"2011","Milton Keynes 014","E02003472","Total",3815,166,575,1006,738,813,357,90,39,31
"2011","Milton Keynes 015","E02003473","Total",2335,18,119,260,380,475,302,297,238,246
"2011","Milton Keynes 016","E02003474","Total",3238,8,105,295,463,845,547,315,301,359
"2011","Milton Keynes 017","E02003475","Total",5668,44,244,688,1399,947,650,535,483,678
"2011","Milton Keynes 018","E02003476","Total",3080,39,113,473,776,1128,349,127,45,30
"2011","Milton Keynes 019","E02003477","Total",4114,13,118,366,730,886,654,409,306,632
"2011","Milton Keynes 020","E02003478","Total",2684,6,76,270,518,610,391,203,225,385
"2011","Milton Keynes 021","E02003479","Total",2778,10,148,389,641,905,371,176,87,51
"2011","Milton Keynes 022","E02003480","Total",3402,8,107,374,1003,653,387,259,274,337
"2011","Milton Keynes 023","E02003481","Total",3000,58,292,609,592,884,305,116,73,71
"2011","Milton Keynes 024","E02003482","Total",2508,17,39,197,292,430,426,345,303,459
"2011","Milton Keynes 025","E02003483","Total",3888,6,80,380,721,654,481,504,512,550
"2011","Milton Keynes 026","E02003484","Total",2914,10,115,339,636,674,338,320,256,226
"2011","Milton Keynes 027","E02003485","Total",3243,5,36,276,552,1046,698,341,178,111
"2011","Milton Keynes 028","E02003486","Total",3410,12,82,230,662,761,557,400,352,354
"2011","Milton Keynes 029","E02003487","Total",2930,1,25,159,480,827,696,344,239,159
"2011","Milton Keynes 030","E02003488","Total",2881,10,51,245,447,860,793,291,121,63
"2011","Milton Keynes 031","E02003489","Total",2824,8,37,148,528,728,723,336,193,123
"2011","Milton Keynes 032","E02003490","Total",2590,4,42,244,509,1256,315,135,53,32
"2011","Portsmouth 001","E02003524","Total",3076,7,53,313,387,1134,835,255,67,25
"2011","Portsmouth 002","E02003525","Total",2459,4,34,312,648,780,447,155,58,21
"2011","Portsmouth 003","E02003526","Total",2687,12,24,176,268,397,557,539,387,327
"2011","Portsmouth 004","E02003527","Total",2571,0,57,174,526,856,632,235,54,37
"2011","Portsmouth 006","E02003529","Total",3027,1,16,164,295,512,1073,665,212,89
"2011","Portsmouth 007","E02003530","Total",3101,5,27,340,724,645,715,462,140,43
"2011","Portsmouth 008","E02003531","Total",3314,20,93,148,443,760,1008,603,170,69
"2011","Portsmouth 009","E02003532","Total",3149,27,136,435,391,469,678,620,270,123
"2011","Portsmouth 010","E02003533","Total",2408,10,45,200,495,879,554,167,42,16
"2011","Portsmouth 011","E02003534","Total",3469,9,53,249,382,654,1066,757,203,96
"2011","Portsmouth 012","E02003535","Total",3810,9,78,272,535,1165,1109,505,100,37
"2011","Portsmouth 013","E02003536","Total",3277,33,164,697,1055,857,313,86,44,28
"2011","Portsmouth 014","E02003537","Total",4182,8,50,311,575,789,1271,885,222,71
"2011","Portsmouth 015","E02003538","Total",4386,25,165,497,904,1508,964,234,62,27
"2011","Portsmouth 016","E02003539","Total",4872,166,577,1271,1517,830,316,119,47,29
"2011","Portsmouth 017","E02003540","Total",3685,8,107,319,386,1071,1003,543,168,80
"2011","Portsmouth 018","E02003541","Total",4631,108,331,1149,1046,1083,397,262,122,133
"2011","Portsmouth 019","E02003542","Total",3669,2,60,241,439,923,1141,591,198,74
"2011","Portsmouth 020","E02003543","Total",3503,44,136,460,661,708,740,415,198,141
"2011","Portsmouth 021","E02003544","Total",2851,6,49,201,481,973,695,299,113,34
"2011","Portsmouth 022","E02003545","Total",3555,93,408,912,917,477,256,174,128,190
"2011","Portsmouth 023","E02003546","Total",3825,28,122,322,761,1096,743,389,183,181
"2011","Portsmouth 024","E02003547","Total",4470,156,476,1090,1321,554,368,257,132,116
"2011","Portsmouth 025","E02003548","Total",2866,57,151,442,639,400,367,232,232,346
"2011","Portsmouth 026","E02006821","Total",2630,4,27,106,289,585,752,510,231,126
"2011","Reading 001","E02003389","Total",3115,3,22,157,282,790,804,483,319,255
"2011","Reading 002","E02003390","Total",2846,1,8,39,186,298,508,537,503,766
"2011","Reading 003","E02003391","Total",3286,8,65,260,389,687,790,477,287,323
"2011","Reading 004","E02003392","Total",3647,10,92,385,869,1079,788,250,114,60
"2011","Reading 005","E02003393","Total",3186,5,30,200,533,680,695,461,292,290
"2011","Reading 006","E02003394","Total",2927,20,104,303,475,1015,763,165,53,29
"2011","Reading 007","E02003395","Total",3861,96,245,454,653,1099,999,218,54,43
"2011","Reading 008","E02003396","Total",3995,50,244,648,753,873,861,344,126,96
"2011","Reading 009","E02003397","Total",3022,21,57,235,544,952,669,317,134,93
"2011","Reading 010","E02003398","Total",4040,65,306,772,606,913,856,287,143,92
"2011","Reading 011","E02003399","Total",5891,164,1068,1826,1529,608,362,156,91,87
"2011","Reading 012","E02003400","Total",3052,97,190,327,415,485,606,388,268,276
"2011","Reading 013","E02003401","Total",3682,55,192,578,1200,706,489,236,108,118
"2011","Reading 014","E02003402","Total",3725,139,238,626,631,845,630,248,157,211
"2011","Reading 015","E02003403","Total",3582,34,137,435,780,907,675,349,156,109
"2011","Reading 016","E02003404","Total",2326,43,120,261,464,573,444,171,106,144
"2011","Reading 017","E02003405","Total",3816,21,222,479,1151,1108,573,166,58,38
"2011","Reading 018","E02003406","Total",2870,5,36,306,573,958,663,226,66,37
"2011","Slough 001","E02003407","Total",3648,26,120,573,1109,1207,384,128,62,39
"2011","Slough 002","E02003408","Total",3462,61,175,496,720,967,655,219,107,62
"2011","Slough 003","E02003409","Total",4198,29,150,788,1156,951,649,258,139,78
"2011","Slough 004","E02003410","Total",3334,32,116,443,503,1038,699,302,137,64
"2011","Slough 005","E02003411","Total",3759,131,211,555,633,1225,621,223,104,56
"2011","Slough 006","E02003412","Total",3641,29,170,482,680,1034,773,274,129,70
"2011","Slough 007","E02003413","Total",3880,83,266,694,661,900,769,306,133,68
"2011","Slough 008","E02003414","Total",4589,47,236,858,1311,1107,586,283,108,53
"2011","Slough 009","E02003415","Total",4241,98,471,969,1113,686,483,236,126,59
"2011","Slough 010","E02003416","Total",3106,52,163,432,635,612,545,319,198,150
"2011","Slough 011","E02003417","Total",3654,121,330,794,775,432,485,309,218,190
"2011","Slough 012","E02003418","Total",3445,28,116,500,782,1007,487,249,147,129
"2011","Slough 013","E02003419","Total",3276,22,124,503,838,919,462,199,129,80
"2011","Slough 014","E02003420","Total",2533,43,315,459,483,666,335,116,66,50
"2011","Southampton 001","E02003549","Total",2849,87,86,169,530,454,555,408,271,289
"2011","Southampton 002","E02003550","Total",3216,18,59,300,483,1281,714,246,77,38
"2011","Southampton 003","E02003551","Total",2256,15,162,424,408,607,402,149,60,29
"2011","Southampton 004","E02003552","Total",2646,17,81,576,458,1078,290,102,29,15
"2011","Southampton 005","E02003553","Total",2394,43,94,186,226,764,701,276,65,39
"2011","Southampton 006","E02003554","Total",2646,12,109,415,525,461,505,308,174,137
"2011","Southampton 007","E02003555","Total",3140,23,100,467,568,914,685,279,75,29
"2011","Southampton 008","E02003556","Total",2471,22,55,157,464,712,667,284,80,30
"2011","Southampton 009","E02003557","Total",2753,54,136,418,625,270,482,289,193,286
"2011","Southampton 010","E02003558","Total",2924,27,156,593,714,768,453,133,52,28
"2011","Southampton 011","E02003559","Total",3065,22,50,212,357,314,837,627,387,259
"2011","Southampton 012","E02003560","Total",3040,10,71,515,1034,594,549,206,36,25
"2011","Southampton 013","E02003561","Total",3181,113,252,666,699,520,457,203,158,113
"2011","Southampton 014","E02003562","Total",3636,59,190,650,769,562,708,390,186,122
"2011","Southampton 015","E02003563","Total",3483,64,175,736,674,655,782,278,90,29
"2011","Southampton 016","E02003564","Total",3474,27,140,360,827,942,715,288,111,64
"2011","Southampton 017","E02003565","Total",2563,121,185,482,610,382,321,199,119,144
"2011","Southampton 018","E02003566","Total",2607,7,42,282,613,677,616,238,88,44
"2011","Southampton 019","E02003567","Total",2991,12,56,268,535,685,866,409,111,49
"2011","Southampton 020","E02003568","Total",3820,223,462,743,911,295,335,330,292,229
"2011","Southampton 021","E02003569","Total",3527,62,279,886,799,630,564,177,92,38
"2011","Southampton 022","E02003570","Total",3635,203,352,803,695,613,501,235,158,75
"2011","Southampton 023","E02003571","Total",3040,105,247,652,827,249,416,290,115,139
"2011","Southampton 024","E02003572","Total",2484,14,55,158,333,630,674,418,148,54
"2011","Southampton 025","E02003573","Total",3236,23,122,410,815,991,532,214,93,36
"2011","Southampton 026","E02003574","Total",3412,60,124,379,591,1015,808,300,96,39
"2011","Southampton 027","E02003575","Total",2808,12,80,584,779,717,421,134,61,20
"2011","Southampton 028","E02003576","Total",3434,27,160,541,577,850,842,311,91,35
"2011","Southampton 029","E02003577","Total",4908,184,715,1508,1551,482,275,107,51,35
"2011","Southampton 030","E02003578","Total",2641,4,70,289,576,725,659,206,81,31
"2011","Southampton 031","E02003579","Total",3357,24,114,481,618,747,789,381,127,76
"2011","Southampton 032","E02003580","Total",2617,14,56,470,920,593,400,120,27,17
"2011","West Berkshire 001","E02003367","Total",2368,1,25,85,321,455,403,288,252,538
"2011","West Berkshire 002","E02003368","Total",2416,3,75,137,396,562,435,258,190,360
"2011","West Berkshire 003","E02003369","Total",2427,2,33,125,225,406,411,299,290,636
"2011","West Berkshire 004","E02003370","Total",2642,7,44,119,321,466,450,458,339,438
"2011","West Berkshire 005","E02003371","Total",2287,2,25,90,215,632,590,332,197,204
"2011","West Berkshire 006","E02003372","Total",2949,0,20,148,346,727,692,453,314,249
"2011","West Berkshire 007","E02003373","Total",2972,1,21,92,320,489,551,375,375,748
"2011","West Berkshire 008","E02003374","Total",2334,10,65,245,379,598,431,270,180,156
"2011","West Berkshire 009","E02003375","Total",2440,21,95,255,358,564,452,273,180,242
"2011","West Berkshire 010","E02003376","Total",2600,11,88,242,534,528,496,340,158,203
"2011","West Berkshire 011","E02003377","Total",3854,3,61,212,690,633,567,458,441,789
"2011","West Berkshire 012","E02003378","Total",3466,37,84,427,733,554,690,330,262,349
"2011","West Berkshire 013","E02003379","Total",2785,17,95,237,527,815,569,250,142,133
"2011","West Berkshire 014","E02003380","Total",3110,4,43,168,431,892,836,438,193,105
"2011","West Berkshire 015","E02003381","Total",2272,1,29,102,300,420,371,351,318,380
"2011","West Berkshire 016","E02003382","Total",3129,8,101,387,678,764,560,277,210,144
"2011","West Berkshire 017","E02003383","Total",2708,2,26,138,451,623,532,336,330,270
"2011","West Berkshire 018","E02003384","Total",2587,8,30,113,267,516,417,301,277,658
"2011","West Berkshire 019","E02003385","Total",3592,20,208,753,998,545,400,260,183,225
"2011","West Berkshire 020","E02003386","Total",3465,21,121,498,563,790,707,325,235,205
"2011","West Berkshire 021","E02003387","Total",3611,2,12,162,420,631,791,562,447,584
"2011","West Berkshire 022","E02003388","Total",2326,3,24,192,336,384,400,286,283,418
"2011","Windsor and Maidenhead 001","E02003421","Total",2148,2,8,67,322,578,374,266,221,310
"2011","Windsor and Maidenhead 002","E02003422","Total",4718,9,54,212,629,864,807,591,511,1041
"2011","Windsor and Maidenhead 003","E02003423","Total",2289,3,40,191,404,770,448,205,123,105
"2011","Windsor and Maidenhead 004","E02003424","Total",3430,13,55,300,762,359,421,427,428,665
"2011","Windsor and Maidenhead 005","E02003425","Total",4704,61,350,946,1034,842,567,368,227,309
"2011","Windsor and Maidenhead 006","E02003426","Total",3721,8,52,213,487,740,752,538,408,523
"2011","Windsor and Maidenhead 007","E02003427","Total",2833,5,30,230,499,1045,553,211,152,108
"2011","Windsor and Maidenhead 008","E02003428","Total",3545,7,47,276,404,948,729,547,354,233
"2011","Windsor and Maidenhead 009","E02003429","Total",2966,2,33,155,284,495,548,503,411,535
"2011","Windsor and Maidenhead 010","E02003430","Total",2609,32,114,379,505,638,446,224,133,138
"2011","Windsor and Maidenhead 011","E02003431","Total",2730,12,119,321,452,508,471,314,233,300
"2011","Windsor and Maidenhead 012","E02003432","Total",3021,18,108,531,688,644,494,241,135,162
"2011","Windsor and Maidenhead 013","E02003433","Total",2744,5,45,214,484,800,653,315,144,84
"2011","Windsor and Maidenhead 014","E02003434","Total",3688,17,109,571,786,878,621,354,218,134
"2011","Windsor and Maidenhead 015","E02003435","Total",2844,10,37,267,497,499,515,358,232,429
"2011","Windsor and Maidenhead 016","E02003436","Total",3355,11,46,243,387,644,711,496,395,422
"2011","Windsor and Maidenhead 017","E02003437","Total",2886,81,57,220,369,446,444,381,298,590
"2011","Windsor and Maidenhead 018","E02003438","Total",4118,27,43,340,618,542,525,437,409,1177
"2011","Wokingham 001","E02003439","Total",2272,9,64,121,282,329,341,303,314,509
"2011","Wokingham 002","E02003440","Total",3634,6,52,258,555,645,604,506,464,544
"2011","Wokingham 003","E02003441","Total",2954,4,7,74,339,608,618,550,342,412
"2011","Wokingham 004","E02003442","Total",2760,1,10,154,506,487,450,427,381,344
"2011","Wokingham 005","E02003443","Total",2429,3,42,285,370,678,492,292,175,92
"2011","Wokingham 006","E02003444","Total",3223,3,51,131,309,588,867,580,369,325
"2011","Wokingham 007","E02003445","Total",3110,1,5,55,373,1028,907,408,213,120
"2011","Wokingham 008","E02003446","Total",3035,6,24,141,220,573,642,581,454,394
"2011","Wokingham 009","E02003447","Total",3453,7,44,224,511,635,577,496,443,516
"2011","Wokingham 010","E02003448","Total",2617,6,12,130,248,426,456,470,370,499
"2011","Wokingham 011","E02003449","Total",3144,13,169,483,604,539,470,395,279,192
"2011","Wokingham 012","E02003450","Total",4206,6,77,313,744,825,742,554,436,509
"2011","Wokingham 013","E02003451","Total",3725,23,136,611,883,755,537,313,225,242
"2011","Wokingham 014","E02003452","Total",2428,0,10,76,301,338,451,388,404,460
"2011","Wokingham 015","E02003453","Total",2387,2,6,45,142,278,355,443,574,542
"2011","Wokingham 016","E02003454","Total",3045,2,34,172,335,645,498,460,417,482
"2011","Wokingham 017","E02003455","Total",2669,4,18,161,400,403,483,352,341,507
"2011","Wokingham 018","E02003456","Total",2535,5,16,160,472,558,388,304,251,381
"2011","Wokingham 019","E02003457","Total",3679,6,36,57,201,530,518,493,630,1208
"2011","Wokingham 020","E02003458","Total",3027,11,39,81,251,423,503,512,527,680
"2011","Aylesbury Vale 001","E02003652","Total",3079,6,24,109,377,620,523,461,374,585
"2011","Aylesbury Vale 002","E02003653","Total",2616,14,70,237,492,506,440,365,269,223
"2011","Aylesbury Vale 003","E02003654","Total",2208,5,10,78,249,363,417,310,298,478
"2011","Aylesbury Vale 004","E02003655","Total",3706,4,33,144,442,682,700,480,450,771
"2011","Aylesbury Vale 005","E02003656","Total",2485,5,45,166,450,484,440,335,246,314
"2011","Aylesbury Vale 006","E02003657","Total",2411,3,18,110,316,346,406,313,295,604
"2011","Aylesbury Vale 007","E02003658","Total",2869,3,24,156,356,582,534,394,338,482
"2011","Aylesbury Vale 008","E02003659","Total",3272,3,41,251,457,545,585,446,385,559
"2011","Aylesbury Vale 009","E02003660","Total",3823,7,25,189,510,667,722,606,486,611
"2011","Aylesbury Vale 010","E02003661","Total",2066,6,15,137,219,352,411,288,276,362
"2011","Aylesbury Vale 011","E02003662","Total",2592,20,68,373,655,609,388,184,132,163
"2011","Aylesbury Vale 012","E02003663","Total",2044,6,40,178,424,770,363,157,69,37
"2011","Aylesbury Vale 013","E02003664","Total",2440,18,89,251,576,855,445,130,46,30
"2011","Aylesbury Vale 014","E02003665","Total",2209,11,49,244,355,564,507,288,127,64
"2011","Aylesbury Vale 015","E02003666","Total",2974,30,236,635,834,519,395,163,93,69
"2011","Aylesbury Vale 016","E02003667","Total",3887,17,117,404,1172,1012,647,285,157,76
"2011","Aylesbury Vale 017","E02003668","Total",3472,54,54,93,331,897,854,543,343,303
"2011","Aylesbury Vale 018","E02003669","Total",2506,14,64,322,615,597,594,198,50,52
"2011","Aylesbury Vale 019","E02003670","Total",3650,133,144,337,694,846,714,407,212,163
"2011","Aylesbury Vale 020","E02003671","Total",2395,9,103,304,632,830,360,99,38,20
"2011","Aylesbury Vale 021","E02003672","Total",3837,6,31,197,484,609,691,634,500,685
"2011","Aylesbury Vale 022","E02003673","Total",3387,4,30,221,485,537,541,487,442,640
"2011","Aylesbury Vale 023","E02003674","Total",2137,2,16,167,221,322,332,302,289,486
"2011","Aylesbury Vale 024","E02003675","Total",3341,10,47,261,561,604,703,436,327,392
"2011","Chiltern 001","E02003676","Total",3190,5,22,105,394,375,471,485,514,819
"2011","Chiltern 002","E02003677","Total",3751,10,71,336,666,920,842,409,282,215
"2011","Chiltern 003","E02003678","Total",2195,4,21,151,324,547,481,229,199,239
"2011","Chiltern 004","E02003679","Total",2796,13,93,341,667,716,564,204,106,92
"2011","Chiltern 005","E02003680","Total",4032,7,43,160,485,663,691,552,554,877
"2011","Chiltern 006","E02003681","Total",3982,8,36,247,770,548,572,475,432,894
"2011","Chiltern 007","E02003682","Total",3000,8,54,221,424,546,597,468,339,343
"2011","Chiltern 008","E02003683","Total",2509,3,28,139,457,339,372,312,264,595
"2011","Chiltern 010","E02003685","Total",3185,6,26,131,365,517,479,422,454,785
"2011","Chiltern 011","E02003686","Total",2702,4,41,96,264,341,445,430,451,630
"2011","Chiltern 012","E02003687","Total",2182,7,18,94,291,363,388,287,263,471
"2011","Chiltern 013","E02006823","Total",3422,6,42,108,331,481,536,467,470,981
"2011","South Bucks 001","E02003688","Total",4733,5,51,332,618,813,642,514,472,1286
"2011","South Bucks 002","E02003689","Total",3160,3,34,149,300,318,295,275,373,1413
"2011","South Bucks 003","E02003690","Total",2806,5,35,244,732,568,481,294,207,240
"2011","South Bucks 004","E02003691","Total",2698,2,22,261,312,358,406,278,329,730
"2011","South Bucks 005","E02003692","Total",3354,4,56,256,546,670,595,362,268,597
"2011","South Bucks 006","E02003693","Total",2520,7,24,131,315,410,454,356,260,563
"2011","South Bucks 007","E02003694","Total",3294,16,80,419,536,827,742,355,188,131
"2011","South Bucks 008","E02003695","Total",3949,9,49,332,704,839,822,456,303,435
"2011","Wycombe 001","E02003696","Total",3500,4,75,317,524,695,715,426,333,411
"2011","Wycombe 002","E02003697","Total",2384,2,20,82,201,433,355,347,335,609
"2011","Wycombe 003","E02003698","Total",3247,1,22,115,272,526,662,579,507,563
"2011","Wycombe 004","E02003699","Total",2290,3,36,144,351,495,488,330,212,231
"2011","Wycombe 006","E02003701","Total",4149,13,133,340,637,1157,837,513,318,201
"2011","Wycombe 007","E02003702","Total",3207,9,54,117,354,543,571,445,344,770
"2011","Wycombe 008","E02003703","Total",3049,52,158,307,612,407,537,363,261,352
"2011","Wycombe 009","E02003704","Total",2330,2,21,150,271,387,425,296,298,480
"2011","Wycombe 010","E02003705","Total",2491,12,51,295,456,781,617,176,65,38
"2011","Wycombe 011","E02003706","Total",2657,6,84,480,550,541,625,217,102,52
"2011","Wycombe 012","E02003707","Total",2445,15,157,364,442,506,551,208,119,83
"2011","Wycombe 013","E02003708","Total",3075,54,214,520,545,656,726,188,98,74
"2011","Wycombe 014","E02003709","Total",2315,9,46,358,529,603,581,121,41,27
"2011","Wycombe 015","E02003710","Total",3520,40,182,426,488,691,690,366,312,325
"2011","Wycombe 016","E02003711","Total",3848,33,248,885,869,677,610,293,133,100
"2011","Wycombe 017","E02003712","Total",3246,16,79,335,492,1114,612,276,174,148
"2011","Wycombe 018","E02003713","Total",2390,2,13,90,271,556,519,392,269,278
"2011","Wycombe 019","E02003714","Total",2829,7,82,309,451,752,579,295,179,175
"2011","Wycombe 020","E02003715","Total",2563,5,13,97,232,367,478,436,414,521
"2011","Wycombe 021","E02003716","Total",2460,14,65,224,409,473,456,325,227,267
"2011","Wycombe 022","E02003717","Total",3729,13,58,288,545,825,712,507,388,393
"2011","Wycombe 023","E02003718","Total",2377,18,84,153,360,658,483,254,174,193
"2011","Wycombe 024","E02006824","Total",3760,3,47,217,305,878,908,591,354,457
"2011","Eastbourne 001","E02004356","Total",3009,28,86,228,644,1123,456,234,137,73
"2011","Eastbourne 002","E02004357","Total",3050,12,60,217,524,1365,603,174,60,35
"2011","Eastbourne 003","E02004358","Total",3537,21,73,350,947,1218,522,226,121,59
"2011","Eastbourne 004","E02004359","Total",3484,6,65,380,834,955,611,303,191,139
"2011","Eastbourne 006","E02004361","Total",3330,7,48,254,422,699,879,533,297,191
"2011","Eastbourne 007","E02004362","Total",3585,13,98,346,586,844,985,429,212,72
"2011","Eastbourne 008","E02004363","Total",3280,150,273,697,804,474,293,214,145,230
"2011","Eastbourne 009","E02004364","Total",3908,57,191,576,893,639,690,413,252,197
"2011","Eastbourne 010","E02004365","Total",3590,182,416,892,950,482,278,155,96,139
"2011","Eastbourne 011","E02004366","Total",3758,148,347,915,1339,511,249,81,58,110
"2011","Eastbourne 012","E02004367","Total",3401,38,118,412,892,650,450,286,220,335
"2011","Eastbourne 013","E02006857","Total",3856,10,90,370,798,1059,882,447,152,48
"2011","Eastbourne 014","E02006858","Total",3224,5,63,472,1059,575,521,289,152,88
"2011","Hastings 001","E02004368","Total",3253,17,55,246,528,824,623,399,321,240
"2011","Hastings 002","E02004369","Total",4206,5,44,257,750,1053,890,574,383,250
"2011","Hastings 003","E02004370","Total",3223,11,36,357,826,1213,418,195,101,66
"2011","Hastings 004","E02004371","Total",3007,0,39,223,774,897,653,270,93,58
"2011","Hastings 005","E02004372","Total",2801,11,62,456,685,896,429,172,57,33
"2011","Hastings 006","E02004373","Total",3638,12,93,362,736,1010,743,327,192,163
"2011","Hastings 007","E02004374","Total",3530,36,128,354,689,981,698,352,155,137
"2011","Hastings 008","E02004375","Total",3973,59,206,795,937,612,497,318,250,299
"2011","Hastings 009","E02004376","Total",3793,83,372,1058,932,551,345,213,117,122
"2011","Hastings 010","E02004377","Total",4480,13,94,398,1141,1079,801,446,267,241
"2011","Hastings 011","E02004378","Total",5255,153,578,1884,1525,545,267,121,89,93
"2011","Lewes 001","E02004379","Total",3008,7,35,153,375,604,522,391,350,571
"2011","Lewes 002","E02004380","Total",3491,11,22,141,458,588,595,516,414,746
"2011","Lewes 003","E02004381","Total",4363,28,171,668,1039,1067,672,321,204,193
"2011","Lewes 004","E02004382","Total",2769,2,21,172,417,850,599,316,171,221
"2011","Lewes 005","E02004383","Total",3094,22,69,225,592,756,591,349,238,252
"2011","Lewes 006","E02004384","Total",3161,27,70,245,623,920,641,360,162,113
"2011","Lewes 007","E02004385","Total",3421,18,103,372,834,1003,605,279,125,82
"2011","Lewes 008","E02004386","Total",2784,9,51,221,739,801,566,217,127,53
"2011","Lewes 009","E02004387","Total",2468,21,115,250,480,803,477,195,81,46
"2011","Lewes 010","E02004388","Total",2828,3,58,262,708,886,521,198,122,70
"2011","Lewes 011","E02004389","Total",4180,13,66,228,707,1181,836,528,327,294
"2011","Lewes 012","E02004390","Total",3473,4,27,232,506,971,760,429,286,258
"2011","Lewes 013","E02004391","Total",3141,50,156,655,791,533,399,254,150,153
"2011","Rother 001","E02004392","Total",3639,6,42,194,534,732,666,462,413,590
"2011","Rother 002","E02004393","Total",2763,2,29,155,444,605,519,366,273,370
"2011","Rother 003","E02004394","Total",3195,2,41,152,365,630,618,429,341,617
"2011","Rother 004","E02004395","Total",3642,19,77,364,791,937,676,350,220,208
"2011","Rother 005","E02004396","Total",3815,8,29,122,500,843,881,568,385,479
"2011","Rother 006","E02004397","Total",3362,3,43,189,705,690,593,388,306,445
"2011","Rother 007","E02004398","Total",3679,30,89,429,843,986,797,299,114,92
"2011","Rother 008","E02004399","Total",3572,4,71,298,973,1149,600,223,124,130
"2011","Rother 009","E02004400","Total",4697,2,19,142,656,1037,910,797,536,598
"2011","Rother 010","E02004401","Total",3801,16,75,248,1010,843,731,424,239,215
"2011","Rother 011","E02004402","Total",4712,104,280,1070,1717,703,361,189,127,161
"2011","Wealden 001","E02004403","Total",2623,11,37,191,335,435,444,352,285,533
"2011","Wealden 002","E02004404","Total",2570,4,23,90,255,403,455,351,326,663
"2011","Wealden 003","E02004405","Total",2342,8,20,139,294,454,465,394,320,248
"2011","Wealden 004","E02004406","Total",2988,5,67,205,346,328,453,445,415,724
"2011","Wealden 005","E02004407","Total",3295,6,40,201,418,516,573,434,364,743
"2011","Wealden 006","E02004408","Total",3126,7,49,275,515,818,638,384,238,202
"2011","Wealden 007","E02004409","Total",2189,5,38,72,192,291,357,361,335,538
"2011","Wealden 008","E02004410","Total",3153,2,31,168,293,462,484,484,442,787
"2011","Wealden 009","E02004411","Total",3668,16,98,341,718,845,680,428,286,256
"2011","Wealden 010","E02004412","Total",3330,9,71,355,596,780,507,373,288,351
"2011","Wealden 011","E02004413","Total",2806,4,28,157,382,619,499,383,264,470
"2011","Wealden 012","E02004414","Total",2409,5,39,200,373,574,392,304,289,233
"2011","Wealden 013","E02004415","Total",2398,2,9,88,264,407,398,315,296,619
"2011","Wealden 014","E02004416","Total",2695,4,21,129,368,606,476,389,293,409
"2011","Wealden 015","E02004417","Total",2520,3,59,187,552,717,476,254,162,110
"2011","Wealden 016","E02004418","Total",2284,7,33,210,407,603,428,260,202,134
"2011","Wealden 017","E02004419","Total",2473,8,56,200,644,808,401,162,83,111
"2011","Wealden 018","E02004420","Total",4527,5,44,152,820,1071,885,569,436,545
"2011","Wealden 019","E02004421","Total",3649,11,89,256,1041,1189,663,218,111,71
"2011","Wealden 020","E02004422","Total",4125,3,26,202,802,1122,740,461,392,377
"2011","Wealden 021","E02004423","Total",3506,8,46,107,767,1102,749,365,214,148
"2011","Basingstoke and Deane 001","E02004675","Total",3060,0,20,167,395,829,777,428,270,174
"2011","Basingstoke and Deane 002","E02004676","Total",3361,8,51,168,409,672,656,501,413,483
"2011","Basingstoke and Deane 003","E02004677","Total",2707,2,11,70,224,506,388,361,369,776
"2011","Basingstoke and Deane 004","E02004678","Total",3127,4,49,205,356,596,591,399,362,565
"2011","Basingstoke and Deane 005","E02004679","Total",3430,4,32,228,498,594,528,432,398,716
"2011","Basingstoke and Deane 006","E02004680","Total",2849,5,34,295,703,483,375,258,327,369
"2011","Basingstoke and Deane 007","E02004681","Total",4551,17,218,635,542,1395,1206,343,148,47
"2011","Basingstoke and Deane 008","E02004682","Total",3238,14,51,327,565,641,623,401,305,311
"2011","Basingstoke and Deane 009","E02004683","Total",2802,9,45,318,629,668,654,271,132,76
"2011","Basingstoke and Deane 010","E02004684","Total",3645,10,96,334,664,1022,848,395,187,89
"2011","Basingstoke and Deane 011","E02004685","Total",3292,137,239,673,693,745,438,189,88,90
"2011","Basingstoke and Deane 012","E02004686","Total",3544,25,194,643,652,838,703,270,132,87
"2011","Basingstoke and Deane 013","E02004687","Total",2761,1,42,192,391,753,769,313,170,130
"2011","Basingstoke and Deane 014","E02004688","Total",3472,33,148,330,850,1140,579,224,113,55
"2011","Basingstoke and Deane 015","E02004689","Total",2277,0,8,113,167,448,480,432,326,303
"2011","Basingstoke and Deane 016","E02004690","Total",3179,3,73,200,518,1084,576,317,213,195
"2011","Basingstoke and Deane 017","E02004691","Total",3232,7,22,132,470,566,485,431,379,740
"2011","Basingstoke and Deane 018","E02004692","Total",2996,0,14,97,240,643,661,508,415,418
"2011","Basingstoke and Deane 019","E02004693","Total",3041,14,62,405,673,1125,409,163,102,88
"2011","Basingstoke and Deane 020","E02004694","Total",2872,4,39,221,490,654,485,314,240,425
"2011","Basingstoke and Deane 021","E02004695","Total",3235,0,20,163,496,441,479,561,552,523
"2011","Basingstoke and Deane 022","E02004696","Total",2644,5,23,157,393,609,496,331,247,383
"2011","East Hampshire 001","E02004697","Total",2223,1,17,78,249,315,383,304,287,589
"2011","East Hampshire 002","E02004698","Total",2503,17,225,431,622,547,350,149,81,81
"2011","East Hampshire 003","E02004699","Total",4442,10,91,335,750,1117,870,497,361,411
"2011","East Hampshire 004","E02004700","Total",2170,10,52,241,475,689,327,165,87,124
"2011","East Hampshire 006","E02004702","Total",3241,13,68,295,601,881,623,367,248,145
"2011","East Hampshire 007","E02004703","Total",4175,4,30,128,360,562,632,610,565,1284
"2011","East Hampshire 008","E02004704","Total",2325,3,10,102,412,509,428,338,222,301
"2011","East Hampshire 009","E02004705","Total",3532,12,57,293,512,666,645,466,342,539
"2011","East Hampshire 010","E02004706","Total",3030,5,47,231,402,588,517,427,348,465
"2011","East Hampshire 011","E02004707","Total",4529,33,86,250,529,742,784,628,577,900
"2011","East Hampshire 012","E02004708","Total",3918,48,191,496,837,893,665,352,226,210
"2011","East Hampshire 013","E02004709","Total",3020,4,19,140,369,696,616,487,384,305
"2011","East Hampshire 014","E02004710","Total",2569,12,45,134,279,469,487,402,375,366
"2011","East Hampshire 016","E02006829","Total",2772,6,38,115,302,556,567,407,319,462
"2011","East Hampshire 017","E02006838","Total",2809,2,46,117,341,416,451,402,377,657
"2011","Eastleigh 001","E02004712","Total",3487,0,17,70,447,492,569,654,553,685
"2011","Eastleigh 002","E02004713","Total",3212,0,19,149,261,1026,902,444,240,171
"2011","Eastleigh 003","E02004714","Total",3371,4,45,245,695,711,615,444,302,310
"2011","Eastleigh 004","E02004715","Total",3429,15,90,367,633,807,873,392,166,86
"2011","Eastleigh 005","E02004716","Total",3563,9,65,140,632,981,970,415,227,124
"2011","Eastleigh 006","E02004717","Total",3996,5,64,438,909,1004,1080,316,117,63
"2011","Eastleigh 007","E02004718","Total",3796,19,156,643,715,920,932,272,96,43
"2011","Eastleigh 008","E02004719","Total",3977,3,52,177,484,867,842,634,488,430
"2011","Eastleigh 009","E02004720","Total",4748,35,119,497,1010,896,763,521,412,495
"2011","Eastleigh 010","E02004721","Total",3569,3,48,249,744,594,495,465,468,503
"2011","Eastleigh 011","E02004722","Total",3098,6,59,394,680,672,605,345,196,141
"2011","Eastleigh 012","E02004723","Total",3816,7,32,164,663,993,806,514,342,295
"2011","Eastleigh 013","E02004724","Total",3200,25,81,213,662,798,567,359,235,260
"2011","Eastleigh 014","E02004725","Total",2398,22,89,288,517,556,494,222,121,89
"2011","Eastleigh 015","E02004726","Total",2517,4,30,150,489,591,552,316,179,206
"2011","Fareham 001","E02004727","Total",3384,3,26,77,367,525,662,535,490,699
"2011","Fareham 002","E02004728","Total",3472,3,41,301,548,721,687,491,376,304
"2011","Fareham 003","E02004729","Total",3062,39,51,215,491,978,749,323,134,82
"2011","Fareham 004","E02004730","Total",3544,1,21,95,260,737,825,673,499,433
"2011","Fareham 005","E02004731","Total",3232,1,68,253,446,476,565,434,427,562
"2011","Fareham 006","E02004732","Total",3279,3,40,145,395,673,656,481,400,486
"2011","Fareham 007","E02004733","Total",3111,37,48,211,387,741,592,489,302,304
"2011","Fareham 008","E02004734","Total",4370,17,112,476,630,877,999,622,357,280
"2011","Fareham 009","E02004735","Total",3206,0,8,74,280,1001,866,488,260,229
"2011","Fareham 010","E02004736","Total",3398,3,16,132,438,1003,906,528,230,142
"2011","Fareham 011","E02004737","Total",3278,47,87,587,680,816,653,280,83,45
"2011","Fareham 012","E02004738","Total",3212,8,39,191,538,921,880,416,144,75
"2011","Fareham 013","E02004739","Total",2913,3,28,154,289,798,666,405,311,259
"2011","Fareham 014","E02004740","Total",3118,1,25,168,319,767,738,541,303,256
"2011","Gosport 001","E02004741","Total",3161,5,31,275,325,883,1065,382,134,61
"2011","Gosport 002","E02004742","Total",3231,9,42,463,453,863,935,309,110,47
"2011","Gosport 003","E02004743","Total",3162,3,30,178,313,817,1025,594,156,46
"2011","Gosport 004","E02004744","Total",3251,2,22,187,1003,955,792,181,75,34
"2011","Gosport 005","E02004745","Total",3900,13,93,569,844,1045,836,287,131,82
"2011","Gosport 006","E02004746","Total",4616,8,78,375,787,869,965,722,444,368
"2011","Gosport 007","E02004747","Total",2914,19,58,271,520,949,741,265,63,28
"2011","Gosport 008","E02004748","Total",4767,39,344,1331,1277,879,550,215,66,66
"2011","Gosport 009","E02004749","Total",3058,4,38,167,431,580,727,482,330,299
"2011","Gosport 010","E02004750","Total",3370,19,72,236,460,817,773,500,251,242
"2011","Hart 001","E02004751","Total",3293,10,36,181,414,778,688,445,354,387
"2011","Hart 002","E02004752","Total",3162,1,47,132,307,593,643,565,401,473
"2011","Hart 003","E02004753","Total",3851,17,39,143,376,1088,866,590,380,352
"2011","Hart 004","E02004754","Total",2549,6,42,154,353,500,377,257,292,568
"2011","Hart 005","E02004755","Total",4728,6,111,456,1221,747,465,465,518,739
"2011","Hart 006","E02004756","Total",3214,2,38,177,490,467,409,434,510,687
"2011","Hart 007","E02004757","Total",3160,2,36,90,228,463,505,600,623,613
"2011","Hart 008","E02004758","Total",3100,8,106,165,328,493,437,399,390,774
"2011","Hart 009","E02004759","Total",3239,24,62,157,415,677,684,500,393,327
"2011","Hart 010","E02004760","Total",2941,0,24,172,473,432,409,403,398,630
"2011","Hart 011","E02004761","Total",2273,0,11,114,405,426,438,256,215,408
"2011","Havant 003","E02004764","Total",3421,14,121,169,429,918,864,480,248,178
"2011","Havant 004","E02004765","Total",2640,20,69,219,388,451,541,411,293,248
"2011","Havant 005","E02004766","Total",2632,4,87,356,475,635,559,298,129,89
"2011","Havant 006","E02004767","Total",2247,16,30,283,412,1022,335,94,30,25
"2011","Havant 007","E02004768","Total",2274,23,97,196,406,634,454,239,149,76
"2011","Havant 008","E02004769","Total",2478,4,25,259,806,786,419,110,50,19
"2011","Havant 009","E02004770","Total",2880,2,28,374,847,961,433,151,56,28
"2011","Havant 010","E02004771","Total",3621,15,55,391,1002,1112,711,215,78,42
"2011","Havant 011","E02004772","Total",3852,19,82,323,558,962,943,500,281,184
"2011","Havant 013","E02004774","Total",4329,7,56,333,499,1073,994,610,380,377
"2011","Havant 014","E02004775","Total",3969,13,124,366,519,823,727,582,402,413
"2011","Havant 015","E02004776","Total",2546,4,42,110,241,445,582,438,317,367
"2011","Havant 016","E02004777","Total",2608,11,70,304,728,524,340,245,178,208
"2011","Havant 017","E02004778","Total",2805,8,80,239,688,597,529,318,192,154
"2011","Havant 018","E02006822","Total",3602,9,20,166,486,988,992,505,244,192
"2011","Havant 019","E02006830","Total",2771,6,194,218,485,938,553,219,104,54
"2011","Havant 020","E02006831","Total",2636,3,29,154,299,720,678,410,210,133
"2011","New Forest 001","E02004779","Total",4691,9,67,299,664,1000,917,658,485,592
"2011","New Forest 002","E02004780","Total",2550,9,51,159,430,887,640,246,76,52
"2011","New Forest 003","E02004781","Total",3332,15,63,299,505,766,755,425,277,227
"2011","New Forest 004","E02004782","Total",3322,17,81,340,588,919,836,341,123,77
"2011","New Forest 005","E02004783","Total",2924,15,39,148,425,797,792,400,183,125
"2011","New Forest 006","E02004784","Total",2289,1,16,70,251,423,471,414,319,324
"2011","New Forest 007","E02004785","Total",2422,12,68,161,272,398,414,380,307,410
"2011","New Forest 008","E02004786","Total",3608,10,104,373,732,801,588,445,333,222
"2011","New Forest 009","E02004787","Total",3480,6,70,223,707,821,657,489,317,190
"2011","New Forest 010","E02004788","Total",2887,1,25,75,279,676,606,494,331,400
"2011","New Forest 011","E02004789","Total",4406,7,50,296,576,1256,1052,543,353,273
"2011","New Forest 012","E02004790","Total",3445,27,118,414,749,845,650,310,174,158
"2011","New Forest 013","E02004791","Total",2201,1,16,103,394,792,565,194,85,51
"2011","New Forest 014","E02004792","Total",3723,10,42,173,492,892,981,575,324,234
"2011","New Forest 015","E02004793","Total",3081,12,41,110,303,492,548,481,429,665
"2011","New Forest 016","E02004794","Total",2825,7,25,83,263,542,625,487,334,459
"2011","New Forest 017","E02004795","Total",4028,19,101,320,669,759,816,457,390,497
"2011","New Forest 018","E02004796","Total",4259,9,36,146,709,1145,896,530,421,367
"2011","New Forest 019","E02004797","Total",3540,13,103,337,808,966,640,346,157,170
"2011","New Forest 020","E02004798","Total",2668,12,61,395,565,713,466,209,130,117
"2011","New Forest 021","E02004799","Total",3881,27,125,412,1157,995,614,290,159,102
"2011","New Forest 022","E02004800","Total",3561,7,45,128,753,866,712,457,319,274
"2011","New Forest 023","E02004801","Total",3716,8,57,186,498,789,725,549,427,477
"2011","Rushmoor 001","E02004802","Total",2547,3,57,198,623,598,584,263,129,92
"2011","Rushmoor 002","E02004803","Total",2648,10,60,273,680,848,504,193,55,25
"2011","Rushmoor 003","E02004804","Total",2780,0,63,158,287,833,851,353,153,82
"2011","Rushmoor 004","E02004805","Total",3334,6,114,294,379,641,668,498,369,365
"2011","Rushmoor 005","E02004806","Total",3177,4,51,176,514,663,618,490,376,285
"2011","Rushmoor 006","E02004807","Total",3785,5,70,352,879,1079,751,377,159,113
"2011","Rushmoor 007","E02004808","Total",4180,61,250,582,773,820,798,485,239,172
"2011","Rushmoor 008","E02004809","Total",2856,45,256,583,716,514,570,105,41,26
"2011","Rushmoor 009","E02004810","Total",2945,3,90,276,752,933,616,178,72,25
"2011","Rushmoor 010","E02004811","Total",3210,42,196,538,605,699,537,263,171,159
"2011","Rushmoor 011","E02004812","Total",2395,5,25,124,330,491,688,413,181,138
"2011","Rushmoor 012","E02004813","Total",2487,2,39,337,614,754,532,126,61,22
"2011","Test Valley 001","E02004814","Total",2861,1,16,119,386,644,558,381,353,403
"2011","Test Valley 002","E02004815","Total",2837,4,59,259,482,1056,642,226,70,39
"2011","Test Valley 003","E02004816","Total",3968,29,89,599,737,851,712,420,276,255
"2011","Test Valley 004","E02004817","Total",3259,3,81,342,580,944,707,306,160,136
"2011","Test Valley 005","E02004818","Total",4092,9,29,232,556,1071,844,564,357,430
"2011","Test Valley 006","E02004819","Total",3291,10,76,291,583,688,679,389,292,283
"2011","Test Valley 007","E02004820","Total",2856,0,17,128,340,687,543,314,313,514
"2011","Test Valley 008","E02004821","Total",2161,2,8,89,221,382,352,307,307,493
"2011","Test Valley 009","E02004822","Total",3255,5,41,190,358,540,576,432,381,732
"2011","Test Valley 010","E02004823","Total",3814,35,57,216,393,1215,775,506,331,286
"2011","Test Valley 011","E02004824","Total",2864,15,97,398,651,606,515,304,158,120
"2011","Test Valley 012","E02004825","Total",4416,8,39,271,701,1111,878,513,396,499
"2011","Test Valley 013","E02004826","Total",2620,5,21,129,227,410,454,411,340,623
"2011","Test Valley 014","E02004827","Total",2831,0,14,65,309,496,430,428,471,618
"2011","Test Valley 015","E02004828","Total",2501,1,17,115,249,411,439,415,371,483
"2011","Winchester 001","E02004829","Total",2236,10,16,87,339,411,426,350,277,320
"2011","Winchester 002","E02004830","Total",2608,3,25,164,411,446,435,356,292,476
"2011","Winchester 003","E02004831","Total",3417,8,31,141,347,735,643,507,405,600
"2011","Winchester 004","E02004832","Total",3591,10,29,215,552,728,672,488,372,525
"2011","Winchester 005","E02004833","Total",3428,9,92,262,536,633,648,473,355,420
"2011","Winchester 006","E02004834","Total",3167,20,102,669,816,617,497,218,97,131
"2011","Winchester 007","E02004835","Total",4418,57,318,815,989,703,550,333,229,424
"2011","Winchester 008","E02004836","Total",2177,7,53,276,482,371,496,202,112,178
"2011","Winchester 009","E02004837","Total",3092,4,39,154,498,552,500,464,342,539
"2011","Winchester 010","E02004838","Total",3685,4,40,239,547,578,579,485,480,733
"2011","Winchester 011","E02004839","Total",3314,11,35,123,289,492,526,470,470,898
"2011","Winchester 012","E02004840","Total",3986,10,66,309,540,777,749,584,417,534
"2011","Winchester 013","E02004841","Total",4517,10,120,345,831,808,725,513,417,748
"2011","Winchester 014","E02004842","Total",3229,5,37,184,411,598,660,514,363,457
"2011","Ashford 001","E02004996","Total",3331,6,24,205,574,746,635,379,303,459
"2011","Ashford 002","E02004997","Total",3161,6,33,155,473,631,486,408,393,576
"2011","Ashford 003","E02004998","Total",2669,2,14,101,382,601,616,399,294,260
"2011","Ashford 004","E02004999","Total",5136,14,134,477,885,1460,968,512,376,310
"2011","Ashford 005","E02005000","Total",3922,23,145,490,739,1048,932,314,139,92
"2011","Ashford 006","E02005001","Total",3575,7,59,210,469,1007,915,413,262,233
"2011","Ashford 007","E02005002","Total",3795,17,105,403,1037,1062,770,235,105,61
"2011","Ashford 008","E02005003","Total",3069,3,58,288,483,1104,605,310,115,103
"2011","Ashford 009","E02005004","Total",4473,6,78,260,931,1038,824,539,441,356
"2011","Ashford 010","E02005005","Total",2952,0,15,64,322,563,578,472,397,541
"2011","Ashford 011","E02005006","Total",2193,3,13,86,309,445,402,244,246,445
"2011","Ashford 012","E02005007","Total",3494,3,53,142,654,808,574,447,366,447
"2011","Ashford 013","E02005008","Total",3686,9,62,286,630,805,602,487,351,454
"2011","Ashford 014","E02005009","Total",2331,2,21,94,343,472,470,325,243,361
"2011","Canterbury 001","E02005010","Total",3522,50,314,879,800,425,372,249,215,218
"2011","Canterbury 002","E02005011","Total",3152,2,46,163,508,854,611,432,313,223
"2011","Canterbury 003","E02005012","Total",3603,26,101,258,674,989,718,358,240,239
"2011","Canterbury 004","E02005013","Total",3558,7,52,290,760,1147,711,347,147,97
"2011","Canterbury 005","E02005014","Total",3688,2,48,119,595,948,730,488,360,398
"2011","Canterbury 006","E02005015","Total",3352,7,29,179,661,935,582,393,297,269
"2011","Canterbury 007","E02005016","Total",3317,7,60,260,660,879,693,374,223,161
"2011","Canterbury 008","E02005017","Total",3303,23,100,374,625,865,700,347,147,122
"2011","Canterbury 009","E02005018","Total",3393,4,7,131,603,990,658,399,332,269
"2011","Canterbury 010","E02005019","Total",2380,5,16,122,402,516,461,267,249,342
"2011","Canterbury 011","E02005020","Total",2865,6,27,161,582,875,612,276,175,151
"2011","Canterbury 012","E02005021","Total",2635,8,37,145,315,513,564,406,305,342
"2011","Canterbury 013","E02005022","Total",2959,12,60,226,451,702,668,413,247,180
"2011","Canterbury 014","E02005023","Total",3158,37,201,612,649,786,555,196,69,53
"2011","Canterbury 016","E02005025","Total",3495,42,128,402,606,601,614,456,311,335
"2011","Canterbury 017","E02005026","Total",3046,3,37,137,461,671,704,380,318,335
"2011","Canterbury 018","E02005027","Total",2203,3,27,93,272,420,442,322,246,378
"2011","Canterbury 019","E02006855","Total",2356,2,80,315,478,645,518,190,74,54
"2011","Canterbury 020","E02006856","Total",4786,48,328,820,1177,1006,818,318,143,128
"2011","Dartford 001","E02005028","Total",3156,10,81,798,870,655,503,166,46,27
"2011","Dartford 002","E02005029","Total",4021,11,228,704,963,878,677,299,161,100
"2011","Dartford 003","E02005030","Total",4093,26,203,632,868,1010,819,292,152,91
"2011","Dartford 004","E02005031","Total",3258,8,148,591,742,888,582,183,76,40
"2011","Dartford 005","E02005032","Total",3931,61,262,492,960,1076,730,218,77,55
"2011","Dartford 006","E02005033","Total",2897,21,195,545,747,679,446,141,78,45
"2011","Dartford 007","E02005034","Total",2843,1,4,47,312,727,885,496,243,128
"2011","Dartford 008","E02005035","Total",3038,7,68,268,364,899,836,332,163,101
"2011","Dartford 009","E02005036","Total",2556,26,61,367,573,782,482,164,64,37
"2011","Dartford 010","E02005037","Total",2742,5,8,90,353,827,601,397,236,225
"2011","Dartford 011","E02005038","Total",2333,5,39,146,334,597,557,304,183,168
"2011","Dartford 012","E02005039","Total",2692,8,19,244,457,858,618,252,131,105
"2011","Dartford 013","E02005040","Total",2521,1,19,101,256,541,551,420,307,325
"2011","Dover 001","E02005041","Total",2851,4,32,106,470,695,549,347,286,362
"2011","Dover 002","E02005042","Total",3999,10,51,248,734,1078,808,428,296,346
"2011","Dover 003","E02005043","Total",3353,7,49,369,596,839,805,341,184,163
"2011","Dover 004","E02005044","Total",3446,27,126,476,739,752,554,368,213,191
"2011","Dover 005","E02005045","Total",3298,6,30,163,591,1063,894,276,135,140
"2011","Dover 006","E02005046","Total",2619,5,34,150,521,856,594,224,105,130
"2011","Dover 007","E02005047","Total",3354,1,28,301,710,1003,696,328,163,124
"2011","Dover 008","E02005048","Total",2678,0,14,68,291,772,627,360,247,299
"2011","Dover 009","E02005049","Total",3200,3,44,162,446,655,657,444,389,400
"2011","Dover 010","E02005050","Total",3719,3,32,106,624,1025,865,514,304,246
"2011","Dover 011","E02005051","Total",5514,15,119,566,1560,1863,948,280,103,60
"2011","Dover 012","E02005052","Total",3590,64,304,615,1060,697,361,178,125,186
"2011","Dover 013","E02005053","Total",3813,45,224,510,930,1087,627,184,132,74
"2011","Dover 014","E02005054","Total",2876,5,47,148,495,811,666,336,183,185
"2011","Gravesham 001","E02005055","Total",3167,11,77,482,855,935,548,151,65,43
"2011","Gravesham 002","E02005056","Total",4550,81,479,1528,923,643,419,215,127,135
"2011","Gravesham 003","E02005057","Total",4146,34,161,554,807,1232,821,298,152,87
"2011","Gravesham 004","E02005058","Total",2974,8,71,249,524,993,789,221,71,48
"2011","Gravesham 005","E02005059","Total",3819,14,63,300,388,791,1044,622,333,264
"2011","Gravesham 006","E02005060","Total",2879,3,60,296,431,906,730,271,115,67
"2011","Gravesham 007","E02005061","Total",2777,5,20,352,360,914,743,265,87,31
"2011","Gravesham 008","E02005062","Total",2606,1,15,35,177,1264,747,245,86,36
"2011","Gravesham 009","E02005063","Total",2469,1,20,134,352,691,658,317,183,113
"2011","Gravesham 010","E02005064","Total",2702,7,22,84,298,694,621,418,261,297
"2011","Gravesham 011","E02005065","Total",2904,8,31,329,616,1149,497,171,64,39
"2011","Gravesham 012","E02005066","Total",3146,3,18,69,304,816,821,519,340,256
"2011","Gravesham 013","E02005067","Total",2292,3,21,87,246,502,522,354,271,286
"2011","Maidstone 001","E02005068","Total",2706,4,24,106,450,551,470,399,333,369
"2011","Maidstone 002","E02005069","Total",3465,12,49,156,543,931,831,465,256,222
"2011","Maidstone 003","E02005070","Total",3650,2,12,80,784,875,698,577,378,244
"2011","Maidstone 004","E02005071","Total",4423,123,357,862,1141,943,613,224,89,71
"2011","Maidstone 005","E02005072","Total",3055,0,19,124,359,609,554,578,420,392
"2011","Maidstone 006","E02005073","Total",4713,96,433,834,1052,770,685,420,242,181
"2011","Maidstone 007","E02005074","Total",3336,10,45,158,609,777,700,461,250,326
"2011","Maidstone 008","E02005075","Total",3700,10,58,317,789,969,858,376,179,144
"2011","Maidstone 009","E02005076","Total",3434,18,109,371,739,1023,767,251,93,63
"2011","Maidstone 010","E02005077","Total",3021,8,34,195,406,775,978,360,172,93
"2011","Maidstone 011","E02005078","Total",3230,2,24,154,419,723,664,425,331,488
"2011","Maidstone 012","E02005079","Total",3241,2,28,171,363,614,839,615,321,288
"2011","Maidstone 013","E02005080","Total",4530,13,108,751,1174,1326,805,233,74,46
"2011","Maidstone 014","E02005081","Total",2861,5,44,245,425,586,569,377,257,353
"2011","Maidstone 015","E02005082","Total",3820,7,54,235,554,940,786,524,322,398
"2011","Maidstone 016","E02005083","Total",2808,6,36,165,459,687,567,391,240,257
"2011","Maidstone 017","E02005084","Total",2579,4,26,106,340,505,557,332,281,428
"2011","Maidstone 018","E02005085","Total",2564,6,30,130,397,479,444,337,286,455
"2011","Maidstone 019","E02005086","Total",2311,2,27,86,281,534,484,354,250,293
"2011","Sevenoaks 001","E02005087","Total",2804,3,21,105,290,831,753,402,202,197
"2011","Sevenoaks 002","E02005088","Total",3916,21,111,723,801,1168,680,237,102,73
"2011","Sevenoaks 003","E02005089","Total",2533,1,25,119,332,684,724,360,168,120
"2011","Sevenoaks 004","E02005090","Total",2405,1,23,217,279,451,408,389,301,336
"2011","Sevenoaks 005","E02005091","Total",2896,3,43,392,508,686,490,324,194,256
"2011","Sevenoaks 007","E02005093","Total",2505,1,30,178,419,623,481,317,205,251
"2011","Sevenoaks 008","E02005094","Total",3514,18,39,272,636,717,639,446,318,429
"2011","Sevenoaks 009","E02005095","Total",2950,2,17,94,325,609,622,483,341,457
"2011","Sevenoaks 010","E02005096","Total",4009,15,92,417,802,974,695,369,265,380
"2011","Sevenoaks 011","E02005097","Total",3362,5,20,57,270,434,521,482,523,1050
"2011","Sevenoaks 012","E02005098","Total",3914,31,162,405,527,503,452,358,420,1056
"2011","Sevenoaks 013","E02005099","Total",3265,3,22,206,539,706,571,359,302,557
"2011","Sevenoaks 014","E02005100","Total",3785,5,55,412,656,1038,718,339,263,299
"2011","Sevenoaks 015","E02005101","Total",2694,5,24,178,352,507,446,341,296,545
"2011","Sevenoaks 016","E02006832","Total",2468,6,51,82,351,784,463,297,263,171
"2011","Shepway 001","E02005102","Total",2695,4,29,142,357,547,521,331,298,466
"2011","Shepway 002","E02005103","Total",3602,4,39,152,720,983,587,419,355,343
"2011","Shepway 003","E02005104","Total",3388,11,59,347,676,963,733,338,166,95
"2011","Shepway 004","E02005105","Total",3254,11,116,379,756,971,603,270,82,66
"2011","Shepway 005","E02005106","Total",3608,8,85,266,881,1084,770,335,129,50
"2011","Shepway 006","E02005107","Total",5068,19,82,346,889,1051,1024,680,459,518
"2011","Shepway 008","E02005109","Total",2893,4,31,142,354,525,509,468,368,492
"2011","Shepway 009","E02005110","Total",2853,5,12,70,401,723,604,410,296,332
"2011","Shepway 010","E02005111","Total",3648,12,167,434,1049,890,580,261,148,107
"2011","Shepway 011","E02005112","Total",3047,1,14,124,595,876,672,338,191,236
"2011","Shepway 012","E02005113","Total",2984,5,46,198,466,669,651,433,293,223
"2011","Shepway 013","E02005114","Total",2814,13,48,175,471,946,611,279,164,107
"2011","Shepway 014","E02006879","Total",3842,164,628,1146,993,409,250,101,82,69
"2011","Shepway 015","E02006880","Total",3683,111,250,900,1308,513,202,113,86,200
"2011","Swale 001","E02005115","Total",2441,20,111,279,381,787,579,174,70,40
"2011","Swale 002","E02005116","Total",2567,11,93,285,590,858,544,112,49,25
"2011","Swale 003","E02005117","Total",2492,3,28,146,388,690,530,344,190,173
"2011","Swale 004","E02005118","Total",3696,1,42,261,652,1236,808,352,206,138
"2011","Swale 005","E02005119","Total",2438,6,24,158,377,967,600,170,82,54
"2011","Swale 006","E02005120","Total",2729,4,41,253,460,838,549,251,174,159
"2011","Swale 007","E02005121","Total",4706,1,70,332,848,1364,968,573,319,231
"2011","Swale 008","E02005122","Total",2795,1,27,126,385,748,543,398,253,314
"2011","Swale 009","E02005123","Total",4328,26,81,229,791,1297,865,412,296,331
"2011","Swale 010","E02005124","Total",3692,43,246,692,691,1057,672,190,58,43
"2011","Swale 011","E02005125","Total",3120,6,52,315,582,1057,763,223,80,42
"2011","Swale 012","E02005126","Total",3184,3,30,125,484,975,886,405,171,105
"2011","Swale 013","E02005127","Total",3406,6,42,144,352,656,794,579,418,415
"2011","Swale 014","E02005128","Total",3449,9,76,223,658,1046,826,343,150,118
"2011","Swale 015","E02005129","Total",4896,21,197,579,877,1410,964,434,224,190
"2011","Swale 016","E02005130","Total",3358,3,53,198,464,963,668,370,270,369
"2011","Swale 017","E02005131","Total",2288,3,8,112,317,583,481,277,211,296
"2011","Thanet 001","E02005132","Total",4393,103,434,1468,1193,427,212,177,161,218
"2011","Thanet 002","E02005133","Total",3739,2,28,220,710,926,700,472,297,384
"2011","Thanet 003","E02005134","Total",3079,29,171,572,724,703,421,197,154,108
"2011","Thanet 004","E02005135","Total",3222,53,82,403,614,893,692,280,119,86
"2011","Thanet 005","E02005136","Total",3176,3,43,235,386,788,770,466,276,209
"2011","Thanet 006","E02005137","Total",3205,3,25,365,888,872,667,259,83,43
"2011","Thanet 007","E02005138","Total",3985,21,163,687,1014,939,593,287,136,145
"2011","Thanet 008","E02005139","Total",4214,2,51,271,987,1205,813,432,223,230
"2011","Thanet 009","E02005140","Total",3429,7,45,183,710,865,693,438,246,242
"2011","Thanet 010","E02005141","Total",3133,13,105,400,609,551,431,354,320,350
"2011","Thanet 011","E02005142","Total",3108,2,50,199,556,1082,696,275,144,104
"2011","Thanet 012","E02005143","Total",3450,5,49,186,741,1075,773,329,172,120
"2011","Thanet 013","E02005144","Total",3440,9,59,371,809,1209,677,202,72,32
"2011","Thanet 014","E02005145","Total",2948,1,48,241,552,768,566,328,190,254
"2011","Thanet 015","E02005146","Total",3130,5,101,226,633,920,653,318,147,127
"2011","Thanet 016","E02005147","Total",4455,58,447,1220,1075,624,356,256,181,238
"2011","Thanet 017","E02005148","Total",3407,5,47,188,637,1006,750,373,221,180
"2011","Tonbridge and Malling 001","E02005149","Total",4167,3,50,198,713,1099,914,589,332,269
"2011","Tonbridge and Malling 002","E02005150","Total",4288,16,132,493,831,1430,864,323,135,64
"2011","Tonbridge and Malling 003","E02005151","Total",4932,5,30,237,754,1331,1287,697,377,214
"2011","Tonbridge and Malling 005","E02005153","Total",3460,7,75,347,356,973,812,446,247,197
"2011","Tonbridge and Malling 006","E02005154","Total",4333,13,39,231,501,760,871,580,442,896
"2011","Tonbridge and Malling 007","E02005155","Total",3920,2,43,166,560,612,534,564,584,855
"2011","Tonbridge and Malling 008","E02005156","Total",2915,2,27,177,429,770,563,353,236,358
"2011","Tonbridge and Malling 009","E02005157","Total",2677,9,22,265,406,611,744,354,154,112
"2011","Tonbridge and Malling 010","E02005158","Total",2550,6,42,100,264,465,617,448,292,316
"2011","Tonbridge and Malling 011","E02005159","Total",3145,0,18,173,629,545,659,469,318,334
"2011","Tonbridge and Malling 012","E02005160","Total",4210,17,148,583,842,997,709,358,245,311
"2011","Tonbridge and Malling 013","E02005161","Total",3332,8,67,345,495,779,818,372,236,212
"2011","Tonbridge and Malling 014","E02006833","Total",4211,15,74,261,619,901,844,544,385,568
"2011","Tunbridge Wells 001","E02005162","Total",4198,6,41,319,560,1052,981,551,344,344
"2011","Tunbridge Wells 002","E02005163","Total",3097,6,38,172,427,720,668,430,315,321
"2011","Tunbridge Wells 003","E02005164","Total",3318,21,148,451,574,748,657,337,191,191
"2011","Tunbridge Wells 004","E02005165","Total",3077,7,47,289,291,676,634,429,291,413
"2011","Tunbridge Wells 005","E02005166","Total",2839,13,87,379,801,832,348,171,92,116
"2011","Tunbridge Wells 006","E02005167","Total",2957,2,43,146,233,487,521,449,372,704
"2011","Tunbridge Wells 007","E02005168","Total",3097,38,116,395,489,578,515,333,230,403
"2011","Tunbridge Wells 008","E02005169","Total",4630,168,639,1337,1037,612,349,175,127,186
"2011","Tunbridge Wells 009","E02005170","Total",4028,42,190,476,781,802,722,451,290,274
"2011","Tunbridge Wells 010","E02005171","Total",2642,30,104,349,719,686,348,183,93,130
"2011","Tunbridge Wells 011","E02005172","Total",3213,4,39,160,369,564,525,442,372,738
"2011","Tunbridge Wells 012","E02005173","Total",3734,34,200,441,614,527,525,419,347,627
"2011","Tunbridge Wells 013","E02005174","Total",2961,1,48,134,523,616,528,359,285,467
"2011","Tunbridge Wells 014","E02005175","Total",3383,5,82,232,599,657,558,394,294,562
"2011","Cherwell 001","E02005921","Total",2248,9,41,90,244,378,416,342,271,457
"2011","Cherwell 002","E02005922","Total",3404,6,71,321,607,1004,740,342,178,135
"2011","Cherwell 003","E02005923","Total",2301,16,47,250,385,782,539,184,66,32
"2011","Cherwell 004","E02005924","Total",4852,75,385,1082,1197,858,638,322,162,133
"2011","Cherwell 005","E02005925","Total",3139,5,31,232,346,1132,856,335,137,65
"2011","Cherwell 006","E02005926","Total",3210,11,70,194,379,793,731,452,314,266
"2011","Cherwell 007","E02005927","Total",2219,13,35,246,320,558,491,295,159,102
"2011","Cherwell 008","E02005928","Total",2975,8,19,107,302,541,605,527,367,499
"2011","Cherwell 009","E02005929","Total",2814,3,23,102,362,519,511,391,377,526
"2011","Cherwell 010","E02005930","Total",3123,5,38,112,454,636,521,411,395,551
"2011","Cherwell 011","E02005931","Total",3325,5,20,60,518,642,687,472,386,535
"2011","Cherwell 012","E02005932","Total",2683,12,132,180,557,537,398,340,259,268
"2011","Cherwell 013","E02005933","Total",2950,9,44,190,515,1012,591,330,160,99
"2011","Cherwell 014","E02005934","Total",3531,4,31,148,489,1271,856,395,199,138
"2011","Cherwell 015","E02005935","Total",3122,20,172,459,710,580,394,268,253,266
"2011","Cherwell 016","E02005936","Total",3335,4,64,117,377,665,618,481,394,615
"2011","Cherwell 017","E02005937","Total",2768,8,62,235,429,752,530,350,203,199
"2011","Cherwell 018","E02005938","Total",2149,0,14,88,262,709,581,281,128,86
"2011","Cherwell 019","E02005939","Total",2580,10,84,215,425,637,539,296,174,200
"2011","Oxford 001","E02005940","Total",2593,6,78,262,447,450,450,324,283,293
"2011","Oxford 002","E02005941","Total",2835,48,191,318,560,468,420,349,265,216
"2011","Oxford 003","E02005942","Total",2458,34,123,321,432,325,273,339,227,384
"2011","Oxford 004","E02005943","Total",2516,9,41,168,352,731,697,292,116,110
"2011","Oxford 005","E02005944","Total",2813,14,124,397,626,704,597,203,83,65
"2011","Oxford 006","E02005945","Total",3772,113,205,477,587,580,745,452,283,330
"2011","Oxford 007","E02005946","Total",3306,30,125,292,468,746,946,370,182,147
"2011","Oxford 008","E02005947","Total",2705,85,350,673,683,279,202,119,113,201
"2011","Oxford 009","E02005948","Total",2856,87,189,399,672,664,472,251,79,43
"2011","Oxford 010","E02005949","Total",2527,96,139,313,649,544,427,196,96,67
"2011","Oxford 011","E02005950","Total",4080,169,317,587,559,698,719,538,277,216
"2011","Oxford 012","E02005951","Total",2592,32,220,421,457,557,488,282,92,43
"2011","Oxford 013","E02005952","Total",5317,49,257,687,1183,1074,1197,519,224,127
"2011","Oxford 014","E02005953","Total",2187,28,99,183,343,538,563,267,100,66
"2011","Oxford 015","E02005954","Total",3800,25,116,410,633,946,913,416,183,158
"2011","Oxford 016","E02005955","Total",3936,28,121,436,991,1162,769,239,124,66
"2011","Oxford 017","E02005956","Total",2390,8,88,348,438,717,542,159,61,29
"2011","Oxford 018","E02005957","Total",2692,11,57,434,941,799,320,68,36,26
"2011","South Oxfordshire 001","E02005958","Total",2301,8,29,173,465,518,475,310,197,126
"2011","South Oxfordshire 002","E02005959","Total",2214,5,22,117,318,452,407,309,217,367
"2011","South Oxfordshire 003","E02005960","Total",2422,0,65,207,417,511,392,307,230,293
"2011","South Oxfordshire 004","E02005961","Total",2745,11,36,201,389,568,502,389,269,380
"2011","South Oxfordshire 005","E02005962","Total",3285,6,32,101,292,832,705,470,361,486
"2011","South Oxfordshire 006","E02005963","Total",3226,5,58,251,531,792,608,331,251,399
"2011","South Oxfordshire 007","E02005964","Total",2934,3,24,104,354,690,608,451,334,366
"2011","South Oxfordshire 008","E02005965","Total",2252,3,33,120,295,426,427,309,237,402
"2011","South Oxfordshire 009","E02005966","Total",3173,2,17,181,1023,540,568,362,252,228
"2011","South Oxfordshire 010","E02005967","Total",2265,7,30,169,445,579,541,245,151,98
"2011","South Oxfordshire 011","E02005968","Total",2559,1,36,115,309,660,482,316,274,366
"2011","South Oxfordshire 012","E02005969","Total",3901,12,103,438,684,740,741,491,331,361
"2011","South Oxfordshire 013","E02005970","Total",2384,29,130,346,607,461,393,222,138,58
"2011","South Oxfordshire 014","E02005971","Total",2311,1,27,128,397,595,628,300,160,75
"2011","South Oxfordshire 015","E02005972","Total",3210,7,38,110,458,603,654,474,348,518
"2011","South Oxfordshire 016","E02005973","Total",2616,13,58,244,549,591,470,279,185,227
"2011","South Oxfordshire 017","E02005974","Total",2641,25,80,277,468,512,392,279,219,389
"2011","South Oxfordshire 018","E02005975","Total",3082,1,24,98,314,507,552,520,438,628
"2011","South Oxfordshire 019","E02005976","Total",2278,7,20,74,160,261,303,296,324,833
"2011","South Oxfordshire 020","E02005977","Total",2305,1,13,60,282,456,444,343,322,384
"2011","Vale of White Horse 001","E02005978","Total",2739,3,30,95,326,422,486,435,396,546
"2011","Vale of White Horse 002","E02005979","Total",3728,8,120,227,381,805,988,532,293,374
"2011","Vale of White Horse 003","E02005980","Total",4005,2,58,238,599,805,730,525,401,647
"2011","Vale of White Horse 004","E02005981","Total",3544,9,57,180,425,618,713,647,501,394
"2011","Vale of White Horse 005","E02005982","Total",2450,15,78,151,423,511,469,331,248,224
"2011","Vale of White Horse 006","E02005983","Total",4845,34,287,802,1160,806,727,454,295,280
"2011","Vale of White Horse 007","E02005984","Total",2812,3,24,70,249,454,482,431,380,719
"2011","Vale of White Horse 008","E02005985","Total",3201,10,53,296,474,1034,738,335,171,90
"2011","Vale of White Horse 009","E02005986","Total",3822,8,106,319,758,854,691,389,301,396
"2011","Vale of White Horse 010","E02005987","Total",3156,10,52,216,416,658,627,417,304,456
"2011","Vale of White Horse 011","E02005988","Total",2918,2,15,144,386,927,635,409,245,155
"2011","Vale of White Horse 014","E02005991","Total",4074,13,91,462,538,762,813,591,411,393
"2011","Vale of White Horse 015","E02005992","Total",3748,8,51,256,530,729,628,475,411,660
"2011","Vale of White Horse 016","E02006886","Total",4365,4,22,170,502,697,771,591,643,965
"2011","West Oxfordshire 001","E02005993","Total",2815,9,54,203,619,586,679,298,195,172
"2011","West Oxfordshire 002","E02005994","Total",2445,3,37,96,320,459,488,333,266,443
"2011","West Oxfordshire 003","E02005995","Total",2511,5,17,113,318,448,500,378,266,466
"2011","West Oxfordshire 004","E02005996","Total",3469,7,55,188,493,789,680,507,329,421
"2011","West Oxfordshire 005","E02005997","Total",2419,4,20,114,317,497,479,387,265,336
"2011","West Oxfordshire 006","E02005998","Total",2357,5,36,106,245,472,456,409,325,303
"2011","West Oxfordshire 007","E02005999","Total",2510,7,17,64,345,541,550,381,267,338
"2011","West Oxfordshire 008","E02006000","Total",4790,25,96,335,845,1071,1054,538,396,430
"2011","West Oxfordshire 009","E02006001","Total",2251,3,46,138,478,625,389,250,182,140
"2011","West Oxfordshire 010","E02006002","Total",4380,8,208,549,781,1106,895,424,229,180
"2011","West Oxfordshire 011","E02006003","Total",2236,8,17,94,353,555,501,300,181,227
"2011","West Oxfordshire 012","E02006004","Total",2446,6,34,121,388,463,405,312,261,456
"2011","West Oxfordshire 013","E02006005","Total",3564,9,84,256,884,934,592,360,242,203
"2011","West Oxfordshire 014","E02006006","Total",2321,6,55,177,441,593,525,274,168,82
"2011","West Oxfordshire 015","E02006007","Total",2727,3,64,131,409,487,480,373,318,462
"2011","Elmbridge 001","E02006317","Total",2509,1,33,163,387,561,595,394,239,136
"2011","Elmbridge 002","E02006318","Total",2685,44,96,192,458,395,405,344,305,446
"2011","Elmbridge 003","E02006319","Total",2824,4,69,433,576,836,515,236,103,52
"2011","Elmbridge 004","E02006320","Total",2787,10,52,461,639,736,566,198,76,49
"2011","Elmbridge 005","E02006321","Total",2451,6,49,136,574,337,383,348,261,357
"2011","Elmbridge 006","E02006322","Total",2504,11,39,205,387,390,513,358,257,344
"2011","Elmbridge 007","E02006323","Total",3063,14,223,424,725,441,435,282,205,314
"2011","Elmbridge 008","E02006324","Total",2773,6,22,160,401,677,660,390,252,205
"2011","Elmbridge 009","E02006325","Total",3226,4,25,132,318,300,542,620,611,674
"2011","Elmbridge 010","E02006326","Total",2722,8,52,306,501,457,445,290,246,417
"2011","Elmbridge 011","E02006327","Total",2662,5,53,178,629,401,308,280,269,539
"2011","Elmbridge 012","E02006328","Total",4002,47,220,554,893,591,539,402,280,476
"2011","Elmbridge 013","E02006329","Total",2638,16,49,200,419,349,257,201,256,891
"2011","Elmbridge 014","E02006330","Total",3844,24,198,407,472,780,818,376,206,563
"2011","Elmbridge 015","E02006331","Total",2788,11,17,150,336,470,491,397,345,571
"2011","Elmbridge 016","E02006332","Total",2567,5,18,143,537,305,325,267,253,714
"2011","Elmbridge 017","E02006333","Total",3765,8,64,320,538,714,574,354,320,873
"2011","Elmbridge 018","E02006334","Total",3112,5,37,128,178,307,384,357,388,1328
"2011","Epsom and Ewell 001","E02006335","Total",3187,16,70,228,520,624,776,457,288,208
"2011","Epsom and Ewell 002","E02006336","Total",2670,1,34,245,677,847,549,201,87,29
"2011","Epsom and Ewell 003","E02006337","Total",3303,1,11,118,227,566,1014,660,484,222
"2011","Epsom and Ewell 004","E02006338","Total",2638,4,11,114,329,772,814,370,158,66
"2011","Epsom and Ewell 005","E02006339","Total",3379,9,70,234,844,896,600,333,173,220
"2011","Epsom and Ewell 007","E02006341","Total",3846,22,109,513,611,801,815,482,278,215
"2011","Epsom and Ewell 008","E02006342","Total",3392,50,307,733,892,396,336,270,155,253
"2011","Epsom and Ewell 009","E02006343","Total",3239,5,9,75,448,632,668,602,385,415
"2011","Epsom and Ewell 010","E02006837","Total",4130,9,38,291,608,453,615,639,614,863
"2011","Guildford 001","E02006344","Total",3291,3,43,161,420,570,662,451,368,613
"2011","Guildford 002","E02006345","Total",2411,6,20,94,424,521,499,327,226,294
"2011","Guildford 003","E02006346","Total",3862,3,24,120,365,599,557,551,558,1085
"2011","Guildford 004","E02006347","Total",3079,7,45,255,742,707,558,383,207,175
"2011","Guildford 005","E02006348","Total",3456,5,33,174,517,1020,761,397,251,298
"2011","Guildford 006","E02006349","Total",3106,16,133,308,526,812,714,336,167,94
"2011","Guildford 007","E02006350","Total",2400,2,53,321,415,459,709,297,86,58
"2011","Guildford 008","E02006351","Total",3404,17,157,456,534,508,682,447,335,268
"2011","Guildford 009","E02006352","Total",2274,3,22,151,330,522,757,313,116,60
"2011","Guildford 010","E02006353","Total",2612,13,63,292,513,767,524,240,123,77
"2011","Guildford 011","E02006354","Total",3599,19,90,258,548,399,462,536,508,779
"2011","Guildford 012","E02006355","Total",2368,15,45,268,536,612,537,204,92,59
"2011","Guildford 013","E02006356","Total",4977,146,454,1146,1051,693,599,339,226,323
"2011","Guildford 014","E02006357","Total",2636,9,31,214,529,622,531,315,212,173
"2011","Guildford 015","E02006358","Total",2472,28,136,266,243,506,541,347,228,177
"2011","Guildford 016","E02006359","Total",2559,19,78,325,404,302,278,309,269,575
"2011","Guildford 017","E02006360","Total",3220,6,39,219,485,576,562,364,355,614
"2011","Guildford 018","E02006361","Total",2247,8,26,75,271,431,363,309,275,489
"2011","Mole Valley 001","E02006362","Total",2677,4,38,143,259,420,558,449,341,465
"2011","Mole Valley 002","E02006363","Total",2340,23,53,140,283,377,400,319,301,444
"2011","Mole Valley 003","E02006364","Total",3177,56,303,646,699,611,448,205,98,111
"2011","Mole Valley 004","E02006365","Total",2535,11,62,249,487,330,356,297,261,482
"2011","Mole Valley 005","E02006366","Total",3112,3,49,113,330,543,574,460,375,665
"2011","Mole Valley 006","E02006367","Total",2444,28,75,232,281,317,344,352,304,511
"2011","Mole Valley 007","E02006368","Total",2396,13,51,190,281,415,434,364,315,333
"2011","Mole Valley 008","E02006369","Total",2866,5,68,246,578,496,493,367,266,347
"2011","Mole Valley 009","E02006370","Total",2646,20,109,309,426,464,512,317,232,257
"2011","Mole Valley 010","E02006371","Total",3025,22,132,453,538,503,412,329,253,383
"2011","Mole Valley 011","E02006372","Total",2703,11,120,302,587,779,384,228,122,170
"2011","Mole Valley 012","E02006373","Total",3039,5,47,242,393,584,506,389,310,563
"2011","Mole Valley 013","E02006374","Total",2868,17,55,277,444,488,478,374,283,452
"2011","Reigate and Banstead 001","E02006375","Total",2381,6,32,90,269,377,519,425,351,312
"2011","Reigate and Banstead 002","E02006376","Total",3349,7,29,245,650,523,725,511,348,311
"2011","Reigate and Banstead 003","E02006377","Total",2287,3,9,78,232,465,510,379,284,327
"2011","Reigate and Banstead 004","E02006378","Total",3325,15,22,156,454,653,671,455,308,591
"2011","Reigate and Banstead 005","E02006379","Total",2519,6,63,374,725,720,359,148,76,48
"2011","Reigate and Banstead 006","E02006380","Total",2798,6,43,116,373,378,416,391,374,701
"2011","Reigate and Banstead 007","E02006381","Total",2767,3,46,134,451,439,408,318,271,697
"2011","Reigate and Banstead 008","E02006382","Total",2574,8,58,283,544,770,538,214,92,67
"2011","Reigate and Banstead 009","E02006383","Total",3836,16,59,368,829,563,473,353,372,803
"2011","Reigate and Banstead 010","E02006384","Total",4197,40,169,637,969,696,705,418,290,273
"2011","Reigate and Banstead 011","E02006385","Total",4284,45,300,834,913,676,780,388,173,175
"2011","Reigate and Banstead 012","E02006386","Total",3164,16,101,301,495,509,537,415,329,461
"2011","Reigate and Banstead 013","E02006387","Total",2585,7,26,206,441,610,618,327,174,176
"2011","Reigate and Banstead 014","E02006388","Total",3553,19,67,354,711,901,818,335,189,159
"2011","Reigate and Banstead 015","E02006389","Total",2747,4,29,186,450,576,762,364,192,184
"2011","Reigate and Banstead 016","E02006390","Total",3134,9,31,221,434,865,815,442,192,125
"2011","Reigate and Banstead 017","E02006391","Total",2336,16,36,96,372,470,508,333,230,275
"2011","Reigate and Banstead 018","E02006392","Total",3587,23,153,559,923,654,546,316,214,199
"2011","Runnymede 001","E02006393","Total",2709,21,112,474,526,476,507,300,179,114
"2011","Runnymede 002","E02006394","Total",3333,14,159,472,508,558,532,341,292,457
"2011","Runnymede 003","E02006395","Total",3800,11,144,451,629,1025,852,382,198,108
"2011","Runnymede 004","E02006396","Total",2426,6,70,264,575,508,389,226,193,195
"2011","Runnymede 005","E02006397","Total",2323,5,31,112,314,276,323,292,323,647
"2011","Runnymede 006","E02006398","Total",3348,31,187,541,767,764,507,305,138,108
"2011","Runnymede 007","E02006399","Total",4574,78,167,540,864,1088,878,502,276,181
"2011","Runnymede 008","E02006400","Total",2374,9,75,250,466,404,414,276,232,248
"2011","Runnymede 009","E02006401","Total",3958,37,149,513,808,897,750,415,224,165
"2011","Runnymede 010","E02006402","Total",3869,19,43,168,463,915,999,573,350,339
"2011","Spelthorne 001","E02006403","Total",2622,119,219,441,475,735,376,149,62,46
"2011","Spelthorne 002","E02006404","Total",2476,39,48,230,578,786,514,203,48,30
"2011","Spelthorne 003","E02006405","Total",3995,4,79,316,787,942,912,500,279,176
"2011","Spelthorne 004","E02006406","Total",3528,64,266,618,690,715,541,313,165,156
"2011","Spelthorne 005","E02006407","Total",3584,7,85,336,694,919,795,406,212,130
"2011","Spelthorne 006","E02006408","Total",3486,15,145,354,929,880,647,284,145,87
"2011","Spelthorne 007","E02006409","Total",2712,6,68,312,467,852,612,225,111,59
"2011","Spelthorne 008","E02006410","Total",3163,15,100,310,740,945,632,261,98,62
"2011","Spelthorne 009","E02006411","Total",3033,15,31,239,639,653,681,392,244,139
"2011","Spelthorne 010","E02006412","Total",2831,4,60,229,430,493,558,477,292,288
"2011","Spelthorne 011","E02006413","Total",2496,13,91,266,354,677,540,282,172,101
"2011","Spelthorne 012","E02006414","Total",2539,4,40,160,421,741,573,327,156,117
"2011","Spelthorne 013","E02006415","Total",3047,16,70,285,601,665,624,379,215,192
"2011","Surrey Heath 001","E02006416","Total",3398,2,48,194,320,558,572,505,464,735
"2011","Surrey Heath 002","E02006417","Total",2332,8,117,194,303,542,443,265,207,253
"2011","Surrey Heath 003","E02006418","Total",2778,11,53,194,347,438,442,409,389,495
"2011","Surrey Heath 004","E02006419","Total",3079,15,44,289,506,682,729,370,233,211
"2011","Surrey Heath 005","E02006420","Total",2788,6,38,148,359,159,169,291,443,1175
"2011","Surrey Heath 006","E02006421","Total",2998,2,50,119,328,442,514,547,473,523
"2011","Surrey Heath 007","E02006422","Total",2344,1,17,112,208,594,356,288,310,458
"2011","Surrey Heath 008","E02006423","Total",4111,9,142,599,788,760,626,402,296,489
"2011","Surrey Heath 009","E02006424","Total",2360,6,29,83,142,315,424,359,332,670
"2011","Surrey Heath 010","E02006425","Total",2354,2,27,167,284,617,522,329,235,171
"2011","Surrey Heath 011","E02006426","Total",2266,1,20,111,322,471,474,354,257,256
"2011","Surrey Heath 012","E02006427","Total",2738,4,55,206,454,614,558,331,228,288
"2011","Tandridge 002","E02006429","Total",3149,2,186,352,686,422,499,331,251,420
"2011","Tandridge 003","E02006430","Total",3473,8,72,266,792,789,679,365,242,260
"2011","Tandridge 004","E02006431","Total",4265,10,101,437,966,666,618,451,371,645
"2011","Tandridge 005","E02006432","Total",2193,3,43,229,261,316,462,304,238,337
"2011","Tandridge 006","E02006433","Total",3760,4,55,267,530,514,531,477,450,932
"2011","Tandridge 007","E02006434","Total",2358,3,42,167,374,544,437,305,218,268
"2011","Tandridge 008","E02006435","Total",2361,21,48,182,369,469,457,313,190,312
"2011","Tandridge 009","E02006436","Total",2386,8,37,194,449,584,443,259,186,226
"2011","Tandridge 010","E02006437","Total",3199,7,47,221,442,616,588,460,323,495
"2011","Tandridge 011","E02006438","Total",3151,15,64,184,444,567,516,473,375,513
"2011","Tandridge 012","E02006790","Total",3047,2,24,254,492,652,634,399,275,315
"2011","Waverley 001","E02006439","Total",2490,4,53,250,391,530,514,360,219,169
"2011","Waverley 002","E02006440","Total",2844,2,20,94,323,699,688,452,278,288
"2011","Waverley 003","E02006441","Total",3296,21,118,482,757,623,514,305,210,266
"2011","Waverley 004","E02006442","Total",2290,2,39,97,215,213,293,293,328,810
"2011","Waverley 005","E02006443","Total",3141,12,86,394,633,873,648,256,162,77
"2011","Waverley 006","E02006444","Total",2718,7,57,151,506,483,452,357,289,416
"2011","Waverley 007","E02006445","Total",2995,18,87,400,553,557,509,328,236,307
"2011","Waverley 008","E02006446","Total",2730,1,33,189,315,437,477,398,295,585
"2011","Waverley 009","E02006447","Total",2412,17,35,109,241,496,422,301,293,498
"2011","Waverley 010","E02006448","Total",2818,15,36,133,453,574,443,394,349,421
"2011","Waverley 011","E02006449","Total",2894,2,33,254,508,526,568,363,280,360
"2011","Waverley 012","E02006450","Total",2563,2,26,129,322,417,409,325,315,618
"2011","Waverley 013","E02006451","Total",4372,26,53,413,615,782,794,651,472,566
"2011","Waverley 015","E02006453","Total",3235,11,32,247,463,535,564,419,371,593
"2011","Waverley 016","E02006454","Total",2766,9,56,208,489,445,347,305,304,603
"2011","Waverley 017","E02006455","Total",2445,26,98,322,363,474,437,290,175,260
"2011","Waverley 018","E02006839","Total",3271,13,62,290,367,391,473,391,414,870
"2011","Woking 001","E02006456","Total",3174,18,56,261,599,912,753,319,168,88
"2011","Woking 002","E02006457","Total",3615,6,30,214,393,442,436,473,563,1058
"2011","Woking 003","E02006458","Total",3498,11,47,224,368,444,543,492,513,856
"2011","Woking 004","E02006459","Total",3618,30,193,662,723,984,633,224,92,77
"2011","Woking 005","E02006460","Total",3945,13,119,676,1104,999,517,260,150,107
"2011","Woking 006","E02006461","Total",2696,42,108,236,420,360,369,281,272,608
"2011","Woking 007","E02006462","Total",3339,6,76,353,594,847,626,367,263,207
"2011","Woking 008","E02006463","Total",4393,67,404,928,1105,691,561,301,190,146
"2011","Woking 009","E02006464","Total",2882,8,86,387,552,685,478,301,196,189
"2011","Woking 010","E02006465","Total",2509,15,116,203,327,317,310,304,288,629
"2011","Woking 011","E02006466","Total",3355,9,68,249,466,1129,791,343,193,107
"2011","Woking 012","E02006467","Total",2443,5,12,66,206,398,492,368,341,555
"2011","Adur 001","E02006534","Total",3544,0,38,166,529,1228,1026,339,152,66
"2011","Adur 002","E02006535","Total",2829,2,9,90,411,802,749,437,212,117
"2011","Adur 003","E02006536","Total",2875,2,15,131,499,893,719,353,159,104
"2011","Adur 004","E02006537","Total",4304,15,108,557,1038,1292,763,322,111,98
"2011","Adur 005","E02006538","Total",4059,28,135,595,1000,845,693,369,214,180
"2011","Adur 006","E02006539","Total",3132,13,55,306,651,1110,625,221,100,51
"2011","Adur 007","E02006540","Total",2589,27,75,280,621,841,452,168,70,55
"2011","Adur 008","E02006541","Total",3625,18,161,574,993,909,617,235,71,47
"2011","Arun 001","E02006542","Total",2629,8,44,226,497,561,486,311,210,286
"2011","Arun 002","E02006543","Total",2432,8,20,130,399,808,472,241,162,192
"2011","Arun 003","E02006544","Total",4128,11,60,205,660,1039,814,534,370,435
"2011","Arun 004","E02006545","Total",3458,15,90,310,780,1202,648,208,112,93
"2011","Arun 005","E02006546","Total",4201,7,48,314,709,1213,847,421,317,325
"2011","Arun 006","E02006547","Total",2300,3,43,136,418,617,462,264,191,166
"2011","Arun 007","E02006548","Total",4133,2,51,292,844,1303,836,413,202,190
"2011","Arun 008","E02006549","Total",2864,2,23,91,513,715,622,392,264,242
"2011","Arun 009","E02006550","Total",4118,4,36,284,756,1221,972,473,231,141
"2011","Arun 010","E02006551","Total",4049,7,58,323,1023,854,692,418,304,370
"2011","Arun 011","E02006552","Total",3462,111,366,882,738,562,392,195,99,117
"2011","Arun 012","E02006553","Total",3139,2,42,226,809,1015,574,269,118,84
"2011","Arun 013","E02006554","Total",3140,3,64,274,624,715,581,381,262,236
"2011","Arun 014","E02006555","Total",3164,24,141,477,770,874,483,220,110,65
"2011","Arun 015","E02006556","Total",3659,14,39,146,514,852,804,588,365,337
"2011","Arun 016","E02006557","Total",2828,36,134,341,486,798,540,270,116,107
"2011","Arun 017","E02006558","Total",4850,223,512,1437,1311,504,329,248,155,131
"2011","Arun 018","E02006559","Total",3831,6,15,134,544,983,790,538,439,382
"2011","Arun 019","E02006560","Total",4321,6,44,249,1120,1453,805,390,153,101
"2011","Chichester 001","E02006561","Total",2636,7,32,142,363,527,477,356,240,492
"2011","Chichester 002","E02006562","Total",2387,0,41,100,255,334,344,336,353,624
"2011","Chichester 003","E02006563","Total",2392,1,18,117,288,416,397,321,292,542
"2011","Chichester 004","E02006564","Total",3424,11,85,357,693,844,556,342,242,294
"2011","Chichester 005","E02006565","Total",3502,3,63,195,483,755,655,406,343,599
"2011","Chichester 006","E02006566","Total",3356,14,38,166,479,711,640,407,399,502
"2011","Chichester 007","E02006567","Total",3149,4,31,118,495,709,665,424,281,422
"2011","Chichester 008","E02006568","Total",4791,47,156,693,1370,1116,838,316,143,112
"2011","Chichester 009","E02006569","Total",3197,9,40,188,537,633,693,403,317,377
"2011","Chichester 010","E02006570","Total",4130,69,207,816,915,886,679,303,134,121
"2011","Chichester 011","E02006571","Total",3343,5,58,215,464,802,756,461,288,294
"2011","Chichester 012","E02006572","Total",3807,7,65,358,664,936,778,422,253,324
"2011","Chichester 013","E02006573","Total",4871,7,79,247,869,1061,864,659,471,614
"2011","Chichester 014","E02006574","Total",4863,11,91,378,954,1279,968,511,363,308
"2011","Crawley 001","E02006575","Total",2942,25,73,294,446,1030,713,209,96,56
"2011","Crawley 002","E02006576","Total",3228,6,36,216,559,672,607,477,369,286
"2011","Crawley 003","E02006577","Total",3301,18,113,455,659,775,763,320,122,76
"2011","Crawley 004","E02006578","Total",4141,83,216,752,919,791,753,386,145,96
"2011","Crawley 005","E02006579","Total",3269,20,127,385,440,807,842,409,155,84
"2011","Crawley 006","E02006580","Total",3281,7,45,307,643,879,740,385,182,93
"2011","Crawley 007","E02006581","Total",3650,50,237,542,720,725,760,336,169,111
"2011","Crawley 008","E02006582","Total",3008,1,35,171,568,412,456,457,455,453
"2011","Crawley 009","E02006583","Total",3809,12,76,462,774,714,905,516,229,121
"2011","Crawley 010","E02006584","Total",2900,16,50,516,491,1127,514,120,43,23
"2011","Crawley 011","E02006585","Total",3096,7,26,220,416,1053,875,322,126,51
"2011","Crawley 012","E02006586","Total",2662,16,51,215,258,1267,629,154,45,27
"2011","Crawley 013","E02006587","Total",3440,25,165,644,809,1017,499,160,67,54
"2011","Horsham 001","E02006588","Total",3198,45,196,404,577,584,458,292,272,370
"2011","Horsham 002","E02006589","Total",4465,34,36,240,606,1011,905,613,451,569
"2011","Horsham 003","E02006590","Total",3646,13,74,410,800,721,621,396,285,326
"2011","Horsham 004","E02006591","Total",3428,24,122,400,676,801,620,330,243,212
"2011","Horsham 005","E02006592","Total",2430,18,67,140,224,353,422,348,288,570
"2011","Horsham 006","E02006593","Total",4697,81,232,854,961,868,874,430,214,183
"2011","Horsham 007","E02006594","Total",2892,4,41,294,508,775,578,293,188,211
"2011","Horsham 008","E02006595","Total",3154,16,37,121,338,392,599,521,461,669
"2011","Horsham 009","E02006596","Total",3342,3,55,288,534,627,554,489,414,378
"2011","Horsham 010","E02006597","Total",3945,9,78,324,625,933,693,480,329,474
"2011","Horsham 011","E02006598","Total",2184,6,29,89,290,459,489,282,232,308
"2011","Horsham 012","E02006599","Total",3049,2,20,59,236,389,556,522,480,785
"2011","Horsham 013","E02006600","Total",4324,8,76,462,923,976,766,433,294,386
"2011","Horsham 014","E02006601","Total",3464,11,72,305,577,676,626,399,318,480
"2011","Horsham 015","E02006602","Total",2921,6,21,83,298,581,534,422,363,613
"2011","Horsham 016","E02006603","Total",3784,26,100,203,660,842,743,480,380,350
"2011","Mid Sussex 001","E02006604","Total",5493,69,333,851,1083,1137,868,529,308,315
"2011","Mid Sussex 002","E02006605","Total",2429,4,47,120,280,461,558,387,267,305
"2011","Mid Sussex 003","E02006606","Total",3310,5,70,167,524,721,688,497,326,312
"2011","Mid Sussex 004","E02006607","Total",2981,4,40,117,365,571,608,539,368,369
"2011","Mid Sussex 005","E02006608","Total",2343,3,30,115,298,492,452,353,260,340
"2011","Mid Sussex 006","E02006609","Total",2729,9,46,169,303,496,496,398,311,501
"2011","Mid Sussex 007","E02006610","Total",2784,8,41,260,331,486,453,366,286,553
"2011","Mid Sussex 008","E02006611","Total",4165,2,43,203,500,921,836,628,478,554
"2011","Mid Sussex 009","E02006612","Total",4656,35,286,989,1170,660,564,417,239,296
"2011","Mid Sussex 010","E02006613","Total",3028,13,85,315,652,887,563,265,137,111
"2011","Mid Sussex 011","E02006614","Total",4149,11,87,375,602,807,678,511,458,620
"2011","Mid Sussex 012","E02006615","Total",2608,2,39,164,447,712,471,320,242,211
"2011","Mid Sussex 013","E02006616","Total",3264,0,27,184,579,955,736,428,216,139
"2011","Mid Sussex 014","E02006617","Total",3877,11,149,633,829,1010,622,350,170,103
"2011","Mid Sussex 015","E02006618","Total",2377,3,6,21,291,556,538,372,294,296
"2011","Mid Sussex 016","E02006619","Total",3192,11,56,184,443,698,612,429,307,452
"2011","Mid Sussex 017","E02006620","Total",4024,8,73,280,631,918,871,516,369,358
"2011","Worthing 001","E02006621","Total",3330,4,15,132,557,849,728,452,279,314
"2011","Worthing 002","E02006622","Total",3466,28,100,279,744,853,687,393,214,168
"2011","Worthing 003","E02006623","Total",3340,3,31,299,878,1117,606,259,94,53
"2011","Worthing 004","E02006624","Total",2862,10,49,119,413,384,680,548,348,311
"2011","Worthing 005","E02006625","Total",3295,36,95,380,407,778,924,437,156,82
"2011","Worthing 006","E02006626","Total",3001,5,45,247,573,1190,635,181,79,46
"2011","Worthing 007","E02006627","Total",3758,17,46,322,819,1076,891,387,131,69
"2011","Worthing 008","E02006628","Total",3969,67,251,645,844,857,789,319,128,69
"2011","Worthing 009","E02006629","Total",3391,67,173,425,639,905,684,280,121,97
"2011","Worthing 010","E02006630","Total",4164,120,365,1184,1481,350,199,144,148,173
"2011","Worthing 011","E02006631","Total",4945,309,682,1331,1300,517,337,215,113,141
"2011","Worthing 012","E02006632","Total",3783,15,116,460,1011,648,533,477,313,210
"2011","Worthing 013","E02006633","Total",3740,4,36,155,755,920,856,521,297,196
"2011","Bath and North East Somerset 001","E02002985","Total",2176,4,49,189,273,618,567,226,129,121
"2011","Bath and North East Somerset 002","E02002986","Total",2307,3,56,314,479,655,509,177,70,44
"2011","Bath and North East Somerset 003","E02002987","Total",2324,4,31,139,358,388,435,422,306,241
"2011","Bath and North East Somerset 004","E02002988","Total",2412,9,37,252,400,633,530,264,158,129
"2011","Bath and North East Somerset 005","E02002989","Total",2306,47,30,172,321,496,607,322,158,153
"2011","Bath and North East Somerset 006","E02002990","Total",2828,41,255,449,553,536,438,295,152,109
"2011","Bath and North East Somerset 007","E02002991","Total",5472,125,498,1570,1235,673,385,300,238,448
"2011","Bath and North East Somerset 008","E02002992","Total",2483,54,64,315,364,353,504,374,197,258
"2011","Bath and North East Somerset 009","E02002993","Total",2666,57,256,660,582,344,292,203,114,158
"2011","Bath and North East Somerset 010","E02002994","Total",4279,11,65,249,462,739,772,643,570,768
"2011","Bath and North East Somerset 011","E02002995","Total",2273,20,65,369,607,655,386,112,33,26
"2011","Bath and North East Somerset 012","E02002996","Total",3500,65,142,313,595,524,542,455,351,513
"2011","Bath and North East Somerset 013","E02002997","Total",2216,6,33,134,333,609,640,300,114,47
"2011","Bath and North East Somerset 014","E02002998","Total",2277,6,39,245,412,523,532,295,147,78
"2011","Bath and North East Somerset 015","E02002999","Total",2327,3,31,188,442,718,577,227,86,55
"2011","Bath and North East Somerset 016","E02003000","Total",3830,4,32,194,410,666,884,629,454,557
"2011","Bath and North East Somerset 017","E02003001","Total",2240,9,52,155,213,247,451,452,311,350
"2011","Bath and North East Somerset 018","E02003002","Total",2336,5,72,222,460,452,438,255,188,244
"2011","Bath and North East Somerset 019","E02003003","Total",2364,0,29,113,449,799,577,238,103,56
"2011","Bath and North East Somerset 020","E02003004","Total",2392,5,19,131,196,434,566,401,281,359
"2011","Bath and North East Somerset 021","E02003005","Total",2479,2,14,105,169,352,406,381,400,650
"2011","Bath and North East Somerset 022","E02003006","Total",3473,8,85,149,603,776,666,436,371,379
"2011","Bath and North East Somerset 023","E02003007","Total",3371,1,30,185,469,870,812,447,273,284
"2011","Bath and North East Somerset 024","E02003008","Total",2300,3,42,166,482,638,486,248,128,107
"2011","Bath and North East Somerset 025","E02003009","Total",2455,2,27,168,448,556,543,314,238,159
"2011","Bath and North East Somerset 026","E02003010","Total",2299,1,26,84,382,820,556,242,119,69
"2011","Bath and North East Somerset 027","E02003011","Total",2130,1,11,132,273,572,565,314,156,106
"2011","Bournemouth 001","E02003172","Total",2688,5,46,182,637,805,646,241,82,44
"2011","Bournemouth 002","E02003173","Total",3027,0,32,244,978,997,537,162,43,34
"2011","Bournemouth 003","E02003174","Total",3486,4,61,243,757,917,879,389,158,78
"2011","Bournemouth 004","E02003175","Total",3750,3,69,282,876,1053,764,403,182,118
"2011","Bournemouth 005","E02003176","Total",2976,13,79,429,930,808,479,158,54,26
"2011","Bournemouth 006","E02003177","Total",3188,7,52,145,501,711,971,509,187,105
"2011","Bournemouth 007","E02003178","Total",3417,25,92,335,661,957,813,347,123,64
"2011","Bournemouth 008","E02003179","Total",2766,60,81,313,608,813,563,196,78,54
"2011","Bournemouth 009","E02003180","Total",3617,47,133,511,709,535,890,483,218,91
"2011","Bournemouth 010","E02003181","Total",3341,32,77,272,543,490,756,554,353,264
"2011","Bournemouth 011","E02003182","Total",2689,45,70,133,336,353,480,526,427,319
"2011","Bournemouth 012","E02003183","Total",2765,32,109,241,496,249,291,396,426,525
"2011","Bournemouth 013","E02003184","Total",3171,82,185,437,972,374,315,333,240,233
"2011","Bournemouth 014","E02003185","Total",3035,15,31,221,644,633,785,448,179,79
"2011","Bournemouth 015","E02003186","Total",3684,76,220,564,916,633,580,339,195,161
"2011","Bournemouth 016","E02003187","Total",4015,65,271,580,968,687,629,342,213,260
"2011","Bournemouth 017","E02003188","Total",5433,329,826,1525,1762,352,276,134,92,137
"2011","Bournemouth 018","E02003189","Total",3935,76,228,744,1148,451,368,379,262,279
"2011","Bournemouth 019","E02003190","Total",5441,472,973,1564,1660,347,169,75,65,116
"2011","Bournemouth 020","E02003191","Total",3840,29,152,395,891,665,764,484,266,194
"2011","Bournemouth 021","E02003192","Total",5008,316,522,1202,1746,666,291,99,79,87
"2011","Bournemouth 023","E02006883","Total",3204,146,367,828,1156,381,143,78,45,60
"2011","Bournemouth 024","E02006885","Total",3898,213,330,713,1613,551,186,88,65,139
"2011","Bristol 001","E02003012","Total",4806,12,119,468,1360,1119,1025,398,178,127
"2011","Bristol 002","E02003013","Total",4850,12,114,613,722,1941,1057,235,104,52
"2011","Bristol 003","E02003014","Total",3331,15,77,374,1053,781,778,163,61,29
"2011","Bristol 004","E02003015","Total",2436,6,46,166,503,497,766,294,105,53
"2011","Bristol 005","E02003016","Total",3059,25,102,371,566,1052,706,161,51,25
"2011","Bristol 006","E02003017","Total",2736,10,63,313,519,447,577,332,225,250
"2011","Bristol 007","E02003018","Total",2393,6,30,214,205,704,684,291,146,113
"2011","Bristol 008","E02003019","Total",3995,37,108,369,644,1305,989,327,138,78
"2011","Bristol 009","E02003020","Total",2504,6,29,158,283,248,626,498,333,323
"2011","Bristol 010","E02003021","Total",2670,17,75,204,293,685,866,343,132,55
"2011","Bristol 011","E02003022","Total",2389,1,9,49,145,324,632,561,380,288
"2011","Bristol 012","E02003023","Total",2630,1,38,298,586,532,571,281,188,135
"2011","Bristol 013","E02003024","Total",3599,26,141,447,720,705,937,365,170,88
"2011","Bristol 014","E02003025","Total",2726,16,40,337,383,747,884,230,63,26
"2011","Bristol 015","E02003026","Total",3241,7,61,161,467,448,478,500,414,705
"2011","Bristol 016","E02003027","Total",4578,51,218,430,507,744,1092,819,484,233
"2011","Bristol 017","E02003028","Total",3430,92,176,346,587,429,480,462,402,456
"2011","Bristol 018","E02003029","Total",2448,12,79,184,256,888,785,168,45,31
"2011","Bristol 019","E02003030","Total",3088,52,177,432,565,722,639,281,116,104
"2011","Bristol 020","E02003031","Total",4083,155,345,597,618,454,441,364,417,692
"2011","Bristol 021","E02003032","Total",3083,13,100,395,445,927,838,255,71,39
"2011","Bristol 022","E02003033","Total",3613,93,298,670,927,384,314,232,239,456
"2011","Bristol 023","E02003034","Total",5569,145,644,1246,1192,1069,728,272,163,110
"2011","Bristol 025","E02003036","Total",3913,450,517,917,869,380,238,147,157,238
"2011","Bristol 026","E02003037","Total",4038,110,384,868,1156,580,308,158,118,356
"2011","Bristol 027","E02003038","Total",2795,27,100,306,437,919,697,205,61,43
"2011","Bristol 028","E02003039","Total",3518,33,193,470,620,1108,775,209,72,38
"2011","Bristol 029","E02003040","Total",4392,101,343,656,1101,1327,651,144,37,32
"2011","Bristol 030","E02003041","Total",2979,59,248,607,917,407,219,116,122,284
"2011","Bristol 032","E02003043","Total",4647,225,942,1129,946,481,304,262,197,161
"2011","Bristol 033","E02003044","Total",2513,6,73,228,343,927,630,190,77,39
"2011","Bristol 034","E02003045","Total",2988,60,344,570,806,367,307,211,137,186
"2011","Bristol 035","E02003046","Total",4107,9,125,446,814,1372,908,292,91,50
"2011","Bristol 036","E02003047","Total",4474,30,274,748,760,860,984,520,195,103
"2011","Bristol 037","E02003048","Total",3212,32,239,608,656,803,563,190,73,48
"2011","Bristol 038","E02003049","Total",3122,11,69,286,518,952,902,241,90,53
"2011","Bristol 039","E02003050","Total",4322,37,465,1047,921,1038,578,125,63,48
"2011","Bristol 040","E02003051","Total",2831,15,82,328,500,936,643,222,69,36
"2011","Bristol 041","E02003052","Total",2835,12,51,169,402,988,908,206,78,21
"2011","Bristol 042","E02003053","Total",3342,32,102,324,259,704,1058,505,206,152
"2011","Bristol 043","E02003054","Total",2698,26,96,334,273,611,742,354,145,117
"2011","Bristol 044","E02003055","Total",3118,12,54,225,226,1672,666,162,67,34
"2011","Bristol 045","E02003056","Total",2841,6,43,296,404,1493,435,99,42,23
"2011","Bristol 046","E02003057","Total",2434,13,61,189,176,810,781,268,91,45
"2011","Bristol 047","E02003058","Total",3836,14,94,431,739,1251,892,288,78,49
"2011","Bristol 048","E02003059","Total",2374,10,34,135,416,832,605,222,67,53
"2011","Bristol 049","E02003060","Total",4591,10,80,569,577,1259,1256,519,222,99
"2011","Bristol 050","E02003061","Total",2481,5,41,232,689,757,532,145,51,29
"2011","Bristol 051","E02003062","Total",2435,10,42,411,475,800,498,137,34,28
"2011","Bristol 052","E02003063","Total",2947,0,7,57,335,1146,827,344,154,77
"2011","Bristol 053","E02003064","Total",2834,17,54,400,850,866,493,95,35,24
"2011","Bristol 054","E02006887","Total",3380,182,683,1159,937,258,92,37,15,17
"2011","Bristol 055","E02006888","Total",2857,75,198,583,589,742,453,143,54,20
"2011","Bristol 056","E02006889","Total",3015,83,272,680,950,657,250,78,21,24
"2011","Bristol 057","E02006890","Total",3621,92,188,483,742,1101,688,227,64,36
"2011","Cornwall 010","E02003892","Total",2769,4,39,159,512,641,523,365,279,247
"2011","Cornwall 012","E02003893","Total",2819,2,23,124,433,612,577,384,284,380
"2011","Cornwall 013","E02003894","Total",3479,6,64,182,781,880,607,415,274,270
"2011","Cornwall 016","E02003895","Total",3379,7,45,199,667,902,686,395,226,252
"2011","Cornwall 017","E02003896","Total",2608,14,98,286,530,702,422,239,163,154
"2011","Cornwall 022","E02003897","Total",2228,3,14,45,244,535,494,367,277,249
"2011","Cornwall 023","E02003898","Total",2879,3,27,120,428,564,556,444,343,394
"2011","Cornwall 025","E02003899","Total",2372,0,27,212,538,701,496,230,105,63
"2011","Cornwall 026","E02003900","Total",3090,5,24,182,526,968,662,333,204,186
"2011","Cornwall 028","E02003901","Total",3369,5,40,227,638,746,682,377,307,347
"2011","Cornwall 029","E02003902","Total",2383,2,36,211,507,712,526,251,84,54
"2011","Cornwall 034","E02003903","Total",2872,4,40,196,611,811,562,316,177,155
"2011","Cornwall 037","E02003904","Total",2509,4,72,221,521,652,474,265,167,133
"2011","Cornwall 032","E02003905","Total",2556,3,34,117,492,616,490,323,239,242
"2011","Cornwall 033","E02003906","Total",2362,5,56,176,400,482,458,334,216,235
"2011","Cornwall 040","E02003907","Total",3404,7,61,270,634,819,648,398,290,277
"2011","Cornwall 042","E02003908","Total",3387,16,40,200,781,945,551,337,274,243
"2011","Cornwall 043","E02003909","Total",3914,11,49,280,847,1104,765,387,243,228
"2011","Cornwall 044","E02003910","Total",3002,41,122,593,555,516,482,304,236,153
"2011","Cornwall 047","E02003911","Total",3594,5,41,147,356,694,804,601,456,490
"2011","Cornwall 048","E02003912","Total",3496,6,45,214,463,788,788,492,323,377
"2011","Cornwall 056","E02003913","Total",2564,15,26,127,312,492,521,398,320,353
"2011","Cornwall 060","E02003914","Total",3146,19,154,399,725,929,501,205,118,96
"2011","Cornwall 062","E02003915","Total",3308,22,103,363,778,957,599,230,149,107
"2011","Cornwall 063","E02003916","Total",3034,160,174,359,570,528,466,316,234,227
"2011","Cornwall 064","E02003917","Total",3167,7,54,139,609,951,687,407,180,133
"2011","Cornwall 045","E02003918","Total",2969,3,25,151,639,767,581,355,243,205
"2011","Cornwall 046","E02003919","Total",2998,31,102,405,781,750,489,206,115,119
"2011","Cornwall 049","E02003920","Total",3093,19,114,256,650,785,615,335,184,135
"2011","Cornwall 050","E02003921","Total",2517,4,21,153,525,752,493,285,162,122
"2011","Cornwall 051","E02003922","Total",3262,17,67,277,692,919,642,326,177,145
"2011","Cornwall 052","E02003923","Total",3090,15,146,237,689,828,722,242,113,98
"2011","Cornwall 053","E02003924","Total",3123,20,51,438,566,767,613,301,192,175
"2011","Cornwall 055","E02003925","Total",2892,3,31,142,609,829,619,361,159,139
"2011","Cornwall 059","E02003926","Total",3117,6,17,124,374,736,674,515,332,339
"2011","Cornwall 066","E02003927","Total",3674,12,51,188,580,854,742,463,397,387
"2011","Cornwall 071","E02003928","Total",4916,3,106,399,1023,1332,1026,514,306,207
"2011","Cornwall 072","E02003929","Total",2957,15,37,177,457,769,609,390,262,241
"2011","Cornwall 073","E02003930","Total",3600,7,43,223,483,835,731,532,339,407
"2011","Cornwall 001","E02003931","Total",4484,39,105,407,924,1110,782,492,279,346
"2011","Cornwall 002","E02003932","Total",2853,4,19,104,383,560,646,409,317,411
"2011","Cornwall 003","E02003933","Total",3078,7,69,202,472,678,672,426,273,279
"2011","Cornwall 004","E02003934","Total",2734,8,53,126,382,610,568,350,282,355
"2011","Cornwall 005","E02003935","Total",3926,15,121,422,791,911,822,412,218,214
"2011","Cornwall 006","E02003936","Total",3414,5,29,117,459,740,700,518,376,470
"2011","Cornwall 007","E02003937","Total",2396,6,37,142,381,542,424,310,230,324
"2011","Cornwall 008","E02003938","Total",2810,7,50,152,514,671,616,302,235,263
"2011","Cornwall 009","E02003939","Total",2955,20,103,296,541,705,575,314,217,184
"2011","Cornwall 011","E02003940","Total",2553,7,35,95,313,567,485,381,295,375
"2011","Cornwall 014","E02003941","Total",3098,12,103,291,495,801,531,351,255,259
"2011","Cornwall 015","E02003942","Total",3148,8,94,385,600,988,595,249,120,109
"2011","Cornwall 054","E02003943","Total",3445,29,199,373,683,840,552,319,211,239
"2011","Cornwall 057","E02003944","Total",4031,16,93,324,757,1185,803,433,256,164
"2011","Cornwall 058","E02003945","Total",2656,10,89,197,465,665,463,344,216,207
"2011","Cornwall 061","E02003946","Total",3714,7,64,230,650,912,766,486,284,315
"2011","Cornwall 065","E02003947","Total",2753,3,44,150,446,649,634,366,228,233
"2011","Cornwall 067","E02003948","Total",3685,58,117,292,935,968,686,306,173,150
"2011","Cornwall 068","E02003949","Total",3472,59,357,621,845,684,411,229,159,107
"2011","Cornwall 069","E02003950","Total",2429,14,61,183,487,586,476,277,179,166
"2011","Cornwall 070","E02003951","Total",2920,8,73,187,596,801,603,337,186,129
"2011","Cornwall 018","E02003952","Total",2853,8,118,349,545,670,526,290,184,163
"2011","Cornwall 019","E02003953","Total",4232,14,78,258,912,989,830,512,299,340
"2011","Cornwall 020","E02003954","Total",3091,63,266,625,572,461,420,308,200,176
"2011","Cornwall 021","E02003955","Total",4032,22,159,432,846,1060,706,394,225,188
"2011","Cornwall 024","E02003956","Total",2884,13,50,195,484,864,632,344,171,131
"2011","Cornwall 027","E02003957","Total",4192,9,78,245,753,1140,848,494,325,300
"2011","Cornwall 030","E02003958","Total",3180,5,31,151,593,922,694,371,219,194
"2011","Cornwall 031","E02003959","Total",2841,3,44,162,602,965,602,235,133,95
"2011","Cornwall 035","E02003960","Total",2577,4,32,133,449,612,503,372,231,241
"2011","Cornwall 036","E02003961","Total",3866,0,58,195,562,1165,783,476,329,298
"2011","Cornwall 038","E02003962","Total",2587,25,54,165,401,631,532,358,220,201
"2011","Cornwall 039","E02003963","Total",4195,24,134,531,907,1072,781,391,202,153
"2011","Cornwall 041","E02003964","Total",3407,12,48,167,576,742,683,462,347,370
"2011","Isles of Scilly 001","E02006781","Total",989,20,74,109,179,186,188,98,66,69
"2011","North Somerset 001","E02003065","Total",3960,16,97,614,822,695,709,445,304,258
"2011","North Somerset 002","E02003066","Total",2613,1,5,123,286,410,469,485,435,399
"2011","North Somerset 003","E02003067","Total",3174,3,68,283,494,553,735,496,322,220
"2011","North Somerset 004","E02003068","Total",2671,2,24,114,367,660,565,359,263,317
"2011","North Somerset 005","E02003069","Total",2390,6,25,174,386,380,427,385,276,331
"2011","North Somerset 006","E02003070","Total",4942,9,55,189,524,830,906,753,717,959
"2011","North Somerset 007","E02003071","Total",3521,22,147,417,686,704,723,405,221,196
"2011","North Somerset 008","E02003072","Total",4127,55,54,274,553,1014,953,623,358,243
"2011","North Somerset 009","E02003073","Total",2651,2,6,64,191,516,528,487,413,444
"2011","North Somerset 010","E02003074","Total",3448,9,117,263,680,846,806,444,188,95
"2011","North Somerset 011","E02003075","Total",2288,1,4,57,146,389,404,393,347,547
"2011","North Somerset 012","E02003076","Total",3761,4,66,137,451,803,838,565,443,454
"2011","North Somerset 013","E02003077","Total",2491,4,30,97,299,400,447,413,312,489
"2011","North Somerset 014","E02003078","Total",2756,6,33,139,314,503,501,437,388,435
"2011","North Somerset 015","E02003079","Total",3905,2,46,205,720,864,810,627,390,241
"2011","North Somerset 016","E02003080","Total",3917,8,46,260,693,1429,890,350,155,86
"2011","North Somerset 017","E02003081","Total",4126,4,28,264,523,960,1226,661,272,188
"2011","North Somerset 018","E02003082","Total",4453,101,310,799,1393,632,451,290,213,264
"2011","North Somerset 020","E02003084","Total",4665,86,300,1012,1290,561,653,378,230,155
"2011","North Somerset 021","E02003085","Total",3307,7,75,409,1219,739,509,212,96,41
"2011","North Somerset 022","E02003086","Total",2810,46,111,438,719,329,370,305,260,232
"2011","North Somerset 023","E02003087","Total",4029,6,21,185,723,964,820,595,362,353
"2011","North Somerset 024","E02003088","Total",3451,5,41,184,360,520,622,491,464,764
"2011","North Somerset 025","E02003089","Total",2532,1,13,92,532,692,592,315,169,126
"2011","North Somerset 026","E02006845","Total",3352,2,88,207,859,907,518,344,236,191
"2011","North Somerset 027","E02006846","Total",2887,18,77,295,817,772,414,245,145,104
"2011","Plymouth 001","E02003122","Total",2843,3,28,132,359,652,660,454,284,271
"2011","Plymouth 002","E02003123","Total",3508,2,31,382,999,1097,610,190,108,89
"2011","Plymouth 003","E02003124","Total",3333,6,42,390,976,978,613,185,73,70
"2011","Plymouth 004","E02003125","Total",2648,3,35,434,696,639,598,164,49,30
"2011","Plymouth 005","E02003126","Total",2909,16,98,329,433,1108,532,195,98,100
"2011","Plymouth 006","E02003127","Total",3060,5,25,231,658,997,776,264,73,31
"2011","Plymouth 007","E02003128","Total",3823,5,50,568,1055,1129,676,193,81,66
"2011","Plymouth 008","E02003129","Total",2760,7,59,248,373,772,635,384,174,108
"2011","Plymouth 009","E02003130","Total",4392,6,41,377,1012,1531,979,296,90,60
"2011","Plymouth 010","E02003131","Total",3193,2,25,254,849,1206,603,150,58,46
"2011","Plymouth 011","E02003132","Total",3398,13,56,273,565,812,988,466,165,60
"2011","Plymouth 012","E02003133","Total",3012,2,24,125,529,974,839,339,114,66
"2011","Plymouth 013","E02003134","Total",2735,3,22,265,325,1182,661,189,57,31
"2011","Plymouth 014","E02003135","Total",3008,3,30,232,1005,997,525,132,56,28
"2011","Plymouth 015","E02003136","Total",3286,3,41,231,518,752,968,445,192,136
"2011","Plymouth 016","E02003137","Total",3125,13,65,180,357,411,628,537,470,464
"2011","Plymouth 017","E02003138","Total",3138,11,40,251,340,606,930,571,243,146
"2011","Plymouth 018","E02003139","Total",2544,1,14,49,512,766,599,346,185,72
"2011","Plymouth 019","E02003140","Total",3126,0,19,111,450,878,923,428,189,128
"2011","Plymouth 020","E02003141","Total",3690,25,185,626,801,834,649,309,126,135
"2011","Plymouth 021","E02003142","Total",3877,6,71,469,724,1209,995,260,94,49
"2011","Plymouth 022","E02003143","Total",3295,11,49,297,703,780,775,372,197,111
"2011","Plymouth 023","E02003144","Total",3257,56,272,725,565,331,446,349,194,319
"2011","Plymouth 024","E02003145","Total",3049,32,245,434,554,401,569,375,222,217
"2011","Plymouth 025","E02003146","Total",3522,31,140,494,637,647,683,461,247,182
"2011","Plymouth 026","E02003147","Total",3579,43,269,827,1261,723,257,103,55,41
"2011","Plymouth 027","E02003148","Total",4376,158,635,1377,1193,447,224,146,78,118
"2011","Plymouth 028","E02003149","Total",4158,67,276,907,1024,709,584,283,155,153
"2011","Plymouth 029","E02003150","Total",6100,170,749,1884,1615,739,381,234,146,182
"2011","Plymouth 030","E02003151","Total",3213,0,6,107,393,892,827,432,294,262
"2011","Plymouth 031","E02003152","Total",3971,11,64,218,542,1065,1013,553,323,182
"2011","Plymouth 032","E02003153","Total",3379,24,25,253,646,939,868,338,156,130
"2011","Poole 001","E02003194","Total",2440,1,16,102,303,459,446,444,382,287
"2011","Poole 002","E02003195","Total",2176,4,30,154,324,666,422,294,160,122
"2011","Poole 003","E02003196","Total",4197,5,35,120,475,839,805,629,608,681
"2011","Poole 004","E02003197","Total",2809,0,29,280,533,716,401,393,273,184
"2011","Poole 005","E02003198","Total",2898,14,63,277,628,869,579,289,107,72
"2011","Poole 006","E02003199","Total",3986,9,45,321,1020,1287,763,328,134,79
"2011","Poole 007","E02003200","Total",4139,3,39,327,1070,1339,848,297,151,65
"2011","Poole 008","E02003201","Total",4458,18,107,579,923,1248,1003,339,162,79
"2011","Poole 009","E02003202","Total",2671,39,73,323,689,511,385,277,196,178
"2011","Poole 010","E02003203","Total",3173,6,76,283,740,838,774,289,126,41
"2011","Poole 011","E02003204","Total",3781,22,76,448,870,843,734,443,206,139
"2011","Poole 012","E02003205","Total",3354,4,34,197,452,1014,965,428,177,83
"2011","Poole 013","E02003206","Total",4077,60,81,333,791,670,716,565,447,414
"2011","Poole 014","E02003207","Total",2861,6,21,321,592,1066,485,211,100,59
"2011","Poole 015","E02003208","Total",5025,67,290,1097,1621,819,578,306,149,98
"2011","Poole 016","E02003209","Total",2686,10,102,361,518,815,513,226,97,44
"2011","Poole 017","E02003210","Total",4386,35,81,499,1048,712,761,554,347,349
"2011","Poole 018","E02003211","Total",4413,5,46,317,1320,983,534,364,288,556
"2011","South Gloucestershire 001","E02003090","Total",2802,3,37,120,360,495,619,487,366,315
"2011","South Gloucestershire 002","E02003091","Total",2756,6,41,177,300,674,632,431,276,219
"2011","South Gloucestershire 003","E02003092","Total",2801,2,12,79,241,446,543,468,448,562
"2011","South Gloucestershire 004","E02003093","Total",2726,5,32,109,212,444,520,449,386,569
"2011","South Gloucestershire 005","E02003094","Total",3319,14,36,143,486,660,612,486,391,491
"2011","South Gloucestershire 006","E02003095","Total",2723,1,33,117,351,521,499,476,402,323
"2011","South Gloucestershire 007","E02003096","Total",2719,4,61,216,555,817,560,257,166,83
"2011","South Gloucestershire 008","E02003097","Total",2681,13,19,131,308,628,676,460,269,177
"2011","South Gloucestershire 009","E02003098","Total",4145,18,132,347,1173,682,620,487,405,281
"2011","South Gloucestershire 010","E02003099","Total",2842,11,41,102,412,1103,709,279,104,81
"2011","South Gloucestershire 011","E02003100","Total",4514,13,62,333,776,1449,1219,396,195,71
"2011","South Gloucestershire 012","E02003101","Total",4289,7,125,407,1075,829,567,462,435,382
"2011","South Gloucestershire 013","E02003102","Total",2577,0,8,77,207,547,630,432,325,351
"2011","South Gloucestershire 014","E02003103","Total",2793,4,23,95,309,1409,698,173,59,23
"2011","South Gloucestershire 015","E02003104","Total",3196,6,35,185,445,1038,819,412,160,96
"2011","South Gloucestershire 016","E02003105","Total",2554,7,27,144,235,544,653,408,259,277
"2011","South Gloucestershire 017","E02003106","Total",3596,6,69,212,692,681,615,562,388,371
"2011","South Gloucestershire 018","E02003107","Total",4514,26,169,444,587,1066,1386,552,179,105
"2011","South Gloucestershire 019","E02003108","Total",3813,15,74,270,535,944,717,542,345,371
"2011","South Gloucestershire 020","E02003109","Total",2445,0,9,85,155,440,779,503,284,190
"2011","South Gloucestershire 021","E02003110","Total",3998,4,23,82,632,770,771,562,581,573
"2011","South Gloucestershire 022","E02003111","Total",2689,2,63,298,313,441,725,431,249,167
"2011","South Gloucestershire 023","E02003112","Total",2635,9,66,237,375,796,693,268,122,69
"2011","South Gloucestershire 024","E02003113","Total",4161,6,35,193,476,731,867,558,490,805
"2011","South Gloucestershire 025","E02003114","Total",3133,13,64,346,481,936,775,303,130,85
"2011","South Gloucestershire 026","E02003115","Total",3994,22,129,491,595,1298,991,297,114,57
"2011","South Gloucestershire 027","E02003116","Total",3264,11,78,397,622,985,779,259,101,32
"2011","South Gloucestershire 028","E02003117","Total",3615,11,137,372,539,1009,939,384,156,68
"2011","South Gloucestershire 029","E02003118","Total",4250,9,80,417,781,1139,897,450,293,184
"2011","South Gloucestershire 030","E02003119","Total",4163,7,32,257,875,1119,957,487,290,139
"2011","South Gloucestershire 031","E02003120","Total",3531,8,55,235,395,822,967,536,326,187
"2011","South Gloucestershire 032","E02003121","Total",4300,12,83,228,746,1003,983,612,383,250
"2011","Swindon 001","E02003212","Total",3607,8,37,332,624,905,663,417,297,324
"2011","Swindon 003","E02003214","Total",2745,9,44,311,995,774,429,106,43,34
"2011","Swindon 004","E02003215","Total",3068,11,79,189,543,796,678,383,246,143
"2011","Swindon 005","E02003216","Total",3911,8,70,326,627,1037,982,523,231,107
"2011","Swindon 006","E02003217","Total",2775,4,61,378,415,798,669,282,103,65
"2011","Swindon 007","E02003218","Total",2596,18,55,291,275,880,673,244,95,65
"2011","Swindon 008","E02003219","Total",2536,3,13,74,212,378,473,353,377,653
"2011","Swindon 009","E02003220","Total",4321,18,99,340,659,959,1016,615,357,258
"2011","Swindon 010","E02003221","Total",2872,28,115,349,554,1005,575,168,52,26
"2011","Swindon 011","E02003222","Total",2525,9,25,177,594,404,390,347,303,276
"2011","Swindon 012","E02003223","Total",4306,16,110,485,999,1375,891,287,93,50
"2011","Swindon 013","E02003224","Total",3814,8,48,168,705,1173,904,458,231,119
"2011","Swindon 014","E02003225","Total",2552,13,107,227,572,490,400,320,249,174
"2011","Swindon 015","E02003226","Total",3345,52,308,669,688,909,474,158,56,31
"2011","Swindon 016","E02003227","Total",2789,15,108,475,711,895,452,88,25,20
"2011","Swindon 017","E02003228","Total",2698,15,85,166,335,754,741,320,188,94
"2011","Swindon 018","E02003229","Total",2300,9,57,113,556,425,390,346,273,131
"2011","Swindon 019","E02003230","Total",3548,69,343,515,697,963,543,245,95,78
"2011","Swindon 020","E02003231","Total",3445,18,73,298,808,1264,727,174,62,21
"2011","Swindon 021","E02003232","Total",3522,33,194,451,597,524,624,443,309,347
"2011","Swindon 022","E02003233","Total",3838,13,68,589,756,1228,575,345,182,82
"2011","Swindon 023","E02003234","Total",3615,13,52,352,488,1202,833,349,174,152
"2011","Swindon 024","E02003235","Total",3349,7,90,318,527,567,724,468,332,316
"2011","Swindon 025","E02003236","Total",4403,11,49,259,580,1100,965,564,383,492
"2011","Swindon 026","E02006847","Total",3551,4,49,267,652,566,682,526,451,354
"2011","Swindon 027","E02006848","Total",2892,6,98,474,664,539,523,290,183,115
"2011","Swindon 028","E02006849","Total",3437,2,29,143,579,630,654,504,472,424
"2011","Torbay 001","E02003154","Total",3038,2,49,184,657,1094,636,214,119,83
"2011","Torbay 002","E02003155","Total",2568,24,98,357,472,505,512,271,155,174
"2011","Torbay 003","E02003156","Total",3944,2,48,254,927,1067,824,428,257,137
"2011","Torbay 004","E02003157","Total",2819,81,154,406,570,580,537,247,133,111
"2011","Torbay 005","E02003158","Total",2529,5,70,332,614,548,453,255,157,95
"2011","Torbay 006","E02003159","Total",2449,14,98,274,458,554,548,259,150,94
"2011","Torbay 008","E02003161","Total",3553,146,462,917,955,446,251,133,99,144
"2011","Torbay 010","E02003163","Total",4109,99,224,718,1180,564,374,299,271,380
"2011","Torbay 011","E02003164","Total",3821,5,57,268,691,956,815,483,309,237
"2011","Torbay 012","E02003165","Total",3038,18,25,179,557,911,796,328,143,81
"2011","Torbay 013","E02003166","Total",4349,19,61,340,991,1469,752,341,220,156
"2011","Torbay 014","E02003167","Total",4448,96,462,940,1265,671,450,232,141,191
"2011","Torbay 015","E02003168","Total",3081,15,75,318,618,817,598,334,186,120
"2011","Torbay 016","E02003169","Total",3027,2,16,69,484,880,661,398,264,253
"2011","Torbay 017","E02003170","Total",4500,19,131,518,1060,1152,770,442,214,194
"2011","Torbay 018","E02003171","Total",3236,10,48,213,855,839,658,298,169,146
"2011","Torbay 019","E02006840","Total",4501,36,116,272,709,1187,970,529,315,367
"2011","Wiltshire 012","E02006634","Total",3533,2,39,154,445,570,588,487,430,818
"2011","Wiltshire 019","E02006635","Total",3415,10,96,351,665,683,557,336,275,442
"2011","Wiltshire 024","E02006636","Total",3059,6,40,181,538,569,499,420,315,491
"2011","Wiltshire 025","E02006637","Total",4505,5,97,289,969,1094,861,485,361,344
"2011","Wiltshire 026","E02006638","Total",3076,8,118,443,656,524,524,333,222,248
"2011","Wiltshire 028","E02006639","Total",3391,6,19,117,445,654,657,466,432,595
"2011","Wiltshire 029","E02006640","Total",2941,0,22,83,406,546,537,406,343,598
"2011","Wiltshire 034","E02006641","Total",2968,5,23,137,451,581,543,401,356,471
"2011","Wiltshire 038","E02006642","Total",2412,0,7,71,353,552,466,288,255,420
"2011","Wiltshire 041","E02006643","Total",4512,9,83,281,1193,1349,882,379,181,155
"2011","Wiltshire 001","E02006644","Total",2782,8,17,98,393,527,514,404,354,467
"2011","Wiltshire 002","E02006645","Total",2992,5,52,161,498,649,588,369,284,386
"2011","Wiltshire 003","E02006646","Total",2242,2,16,103,244,413,428,335,292,409
"2011","Wiltshire 004","E02006647","Total",2337,4,11,52,153,277,379,348,387,726
"2011","Wiltshire 005","E02006648","Total",2398,1,41,83,384,407,439,299,257,487
"2011","Wiltshire 006","E02006649","Total",2979,28,103,216,588,726,586,312,238,182
"2011","Wiltshire 007","E02006650","Total",4387,3,43,121,799,838,1034,609,441,499
"2011","Wiltshire 008","E02006651","Total",2760,6,25,89,233,401,498,410,384,714
"2011","Wiltshire 009","E02006652","Total",3703,1,41,190,508,724,946,523,345,425
"2011","Wiltshire 010","E02006653","Total",3989,2,21,201,665,928,826,545,436,365
"2011","Wiltshire 011","E02006654","Total",4291,28,163,664,1007,965,706,311,202,245
"2011","Wiltshire 013","E02006655","Total",2703,2,9,63,213,464,498,412,373,669
"2011","Wiltshire 014","E02006656","Total",2867,10,71,187,632,534,459,419,306,249
"2011","Wiltshire 015","E02006657","Total",3951,6,48,327,777,1072,800,360,240,321
"2011","Wiltshire 016","E02006658","Total",3162,7,52,198,537,781,665,405,267,250
"2011","Wiltshire 017","E02006659","Total",2997,2,24,138,489,685,654,399,282,324
"2011","Wiltshire 018","E02006660","Total",5481,14,84,382,916,1166,1128,688,514,589
"2011","Wiltshire 045","E02006661","Total",2808,2,26,82,528,749,591,370,223,237
"2011","Wiltshire 046","E02006662","Total",2367,0,22,94,313,807,574,268,147,142
"2011","Wiltshire 048","E02006663","Total",4264,11,46,236,993,1019,912,528,273,246
"2011","Wiltshire 049","E02006664","Total",2683,1,17,43,348,603,581,401,277,412
"2011","Wiltshire 050","E02006665","Total",2953,1,27,135,449,706,533,389,305,408
"2011","Wiltshire 051","E02006666","Total",2338,2,21,146,419,537,417,323,247,226
"2011","Wiltshire 052","E02006667","Total",2509,7,27,178,663,716,537,216,101,64
"2011","Wiltshire 053","E02006668","Total",2517,21,38,177,358,502,540,370,266,245
"2011","Wiltshire 054","E02006669","Total",4358,5,75,250,733,970,780,508,416,621
"2011","Wiltshire 055","E02006670","Total",3068,25,170,489,628,673,587,287,107,102
"2011","Wiltshire 056","E02006671","Total",2791,39,111,337,706,518,475,268,177,160
"2011","Wiltshire 057","E02006672","Total",2728,22,35,152,359,630,498,383,274,375
"2011","Wiltshire 058","E02006673","Total",2435,12,55,370,442,422,488,290,166,190
"2011","Wiltshire 059","E02006674","Total",2425,4,60,210,509,627,384,237,198,196
"2011","Wiltshire 060","E02006675","Total",3229,6,37,84,329,543,602,522,454,652
"2011","Wiltshire 061","E02006676","Total",2658,8,27,152,406,594,458,318,283,412
"2011","Wiltshire 062","E02006677","Total",3201,8,23,116,377,679,647,431,371,549
"2011","Wiltshire 020","E02006678","Total",3033,2,28,120,469,1001,840,342,142,89
"2011","Wiltshire 021","E02006679","Total",3872,5,21,144,483,699,786,653,521,560
"2011","Wiltshire 022","E02006680","Total",3251,23,101,270,704,558,692,443,263,197
"2011","Wiltshire 023","E02006681","Total",2538,6,24,75,324,401,483,401,343,481
"2011","Wiltshire 027","E02006682","Total",4286,22,93,304,606,911,970,599,402,379
"2011","Wiltshire 030","E02006683","Total",3094,4,55,159,396,575,568,428,412,497
"2011","Wiltshire 031","E02006684","Total",2778,31,213,390,505,705,491,219,127,97
"2011","Wiltshire 032","E02006685","Total",3234,14,84,228,525,630,583,477,350,343
"2011","Wiltshire 033","E02006686","Total",2130,0,18,89,309,537,585,297,163,132
"2011","Wiltshire 035","E02006687","Total",3017,3,97,202,628,801,599,327,245,115
"2011","Wiltshire 036","E02006688","Total",2447,30,36,124,414,736,590,267,164,86
"2011","Wiltshire 037","E02006689","Total",2584,3,29,64,224,440,553,444,374,453
"2011","Wiltshire 039","E02006690","Total",2865,5,21,121,376,561,566,434,343,438
"2011","Wiltshire 040","E02006691","Total",5595,15,136,427,1220,1400,1075,547,398,377
"2011","Wiltshire 042","E02006692","Total",2290,7,40,149,569,608,424,241,122,130
"2011","Wiltshire 043","E02006693","Total",2462,4,50,135,446,676,542,268,171,170
"2011","Wiltshire 044","E02006694","Total",2791,18,87,361,618,624,490,305,138,150
"2011","Wiltshire 047","E02006695","Total",2762,2,19,88,327,526,466,360,360,614
"2011","East Devon 001","E02004129","Total",2363,0,18,70,371,470,410,320,293,411
"2011","East Devon 002","E02004130","Total",2873,16,91,279,777,752,467,213,165,113
"2011","East Devon 003","E02004131","Total",2421,0,9,86,504,719,528,254,178,143
"2011","East Devon 004","E02004132","Total",3349,3,20,104,423,679,647,483,408,582
"2011","East Devon 005","E02004133","Total",3711,10,61,263,719,997,726,382,266,287
"2011","East Devon 006","E02004134","Total",2810,6,16,119,332,631,561,433,293,419
"2011","East Devon 007","E02004135","Total",3604,6,34,87,482,731,723,544,439,558
"2011","East Devon 008","E02004136","Total",3398,6,40,143,469,722,641,511,370,496
"2011","East Devon 009","E02004137","Total",2375,4,20,109,291,458,447,409,259,378
"2011","East Devon 010","E02004138","Total",3564,4,78,409,880,836,594,359,228,176
"2011","East Devon 011","E02004139","Total",3032,3,25,177,639,862,652,346,185,143
"2011","East Devon 012","E02004140","Total",2606,3,38,220,615,508,511,292,199,220
"2011","East Devon 013","E02004141","Total",2472,2,9,102,396,567,458,351,250,337
"2011","East Devon 014","E02004142","Total",2224,3,17,84,295,431,440,272,256,426
"2011","East Devon 015","E02004143","Total",2679,0,12,120,432,801,556,343,244,171
"2011","East Devon 016","E02004144","Total",2973,3,12,104,693,721,653,401,219,167
"2011","East Devon 017","E02004145","Total",2896,6,33,206,491,610,590,353,260,347
"2011","East Devon 018","E02004146","Total",3043,1,27,232,659,798,694,355,162,115
"2011","East Devon 019","E02004147","Total",3328,57,209,484,818,689,538,273,145,115
"2011","East Devon 020","E02004148","Total",3350,20,87,423,881,621,484,310,211,313
"2011","Exeter 001","E02004149","Total",2681,8,33,162,384,540,552,445,276,281
"2011","Exeter 002","E02004150","Total",2835,28,69,285,588,863,606,212,113,71
"2011","Exeter 003","E02004151","Total",3284,3,30,180,514,917,841,434,208,157
"2011","Exeter 004","E02004152","Total",2986,88,272,534,512,367,309,323,253,328
"2011","Exeter 005","E02004153","Total",3219,4,90,265,958,1072,481,213,89,47
"2011","Exeter 006","E02004154","Total",3183,49,100,327,497,728,749,446,169,118
"2011","Exeter 007","E02004155","Total",3305,3,41,354,928,689,732,326,154,78
"2011","Exeter 008","E02004156","Total",4766,190,736,1478,1072,578,302,180,99,131
"2011","Exeter 009","E02004157","Total",2993,44,151,465,576,519,501,282,192,263
"2011","Exeter 010","E02004158","Total",3317,24,106,307,550,995,821,344,101,69
"2011","Exeter 011","E02004159","Total",3939,6,38,265,743,1039,861,490,261,236
"2011","Exeter 012","E02004160","Total",3030,15,47,194,474,937,786,345,141,91
"2011","Exeter 013","E02004161","Total",3313,9,64,447,727,1047,643,223,97,56
"2011","Exeter 014","E02004162","Total",3247,14,120,426,739,773,567,313,182,113
"2011","Exeter 015","E02004163","Total",3144,11,53,280,589,717,719,354,205,216
"2011","Mid Devon 001","E02004164","Total",2747,9,14,108,272,507,508,425,340,564
"2011","Mid Devon 002","E02004165","Total",3433,3,41,139,575,917,671,412,326,349
"2011","Mid Devon 003","E02004166","Total",2715,9,46,166,427,555,491,344,261,416
"2011","Mid Devon 004","E02004167","Total",3015,17,87,318,770,908,479,199,121,116
"2011","Mid Devon 005","E02004168","Total",2734,12,130,306,630,632,526,254,116,128
"2011","Mid Devon 006","E02004169","Total",2858,6,20,114,376,597,516,407,350,472
"2011","Mid Devon 007","E02004170","Total",3223,5,70,269,649,851,588,367,256,168
"2011","Mid Devon 008","E02004171","Total",3144,4,24,119,530,624,598,401,321,523
"2011","Mid Devon 009","E02004172","Total",2571,8,23,107,376,528,493,316,327,393
"2011","Mid Devon 010","E02004173","Total",2922,3,25,93,374,593,540,444,357,493
"2011","Mid Devon 011","E02004174","Total",3396,23,99,372,665,844,574,361,263,195
"2011","North Devon 001","E02004175","Total",2491,9,119,454,494,508,389,225,133,160
"2011","North Devon 002","E02004176","Total",2421,6,38,158,401,478,464,361,237,278
"2011","North Devon 003","E02004177","Total",2541,11,75,306,523,525,427,251,179,244
"2011","North Devon 004","E02004178","Total",2260,8,28,121,282,453,463,326,254,325
"2011","North Devon 005","E02004179","Total",3717,15,56,234,692,1023,809,451,234,203
"2011","North Devon 006","E02004180","Total",2273,1,19,71,250,378,450,339,315,450
"2011","North Devon 007","E02004181","Total",2571,7,56,357,434,726,570,221,107,93
"2011","North Devon 008","E02004182","Total",2896,37,154,634,493,794,420,226,75,63
"2011","North Devon 009","E02004183","Total",2654,50,61,260,478,608,500,327,187,183
"2011","North Devon 010","E02004184","Total",3532,14,67,258,787,936,698,361,198,213
"2011","North Devon 011","E02004185","Total",2510,2,16,75,360,674,552,357,215,259
"2011","North Devon 012","E02004186","Total",3426,4,28,113,629,893,737,403,295,324
"2011","North Devon 013","E02004187","Total",3966,14,69,209,647,973,765,488,355,446
"2011","North Devon 014","E02004188","Total",2743,5,25,141,422,576,487,353,285,449
"2011","South Hams 001","E02004189","Total",2417,4,44,160,518,517,409,316,222,227
"2011","South Hams 002","E02004190","Total",3285,6,45,178,508,725,594,393,365,471
"2011","South Hams 003","E02004191","Total",3848,17,115,491,938,996,635,326,182,148
"2011","South Hams 004","E02004192","Total",3230,12,41,134,441,745,619,450,330,458
"2011","South Hams 005","E02004193","Total",4741,6,42,291,717,1186,1025,746,413,315
"2011","South Hams 006","E02004194","Total",2655,10,43,139,421,549,493,377,271,352
"2011","South Hams 007","E02004195","Total",2635,9,67,315,669,650,451,195,148,131
"2011","South Hams 008","E02004196","Total",3111,3,26,203,451,658,531,400,341,498
"2011","South Hams 009","E02004197","Total",2874,6,36,136,423,620,577,450,297,329
"2011","South Hams 010","E02004198","Total",2980,16,91,410,620,720,497,284,183,159
"2011","South Hams 011","E02004199","Total",2550,8,32,123,335,654,505,335,254,304
"2011","South Hams 012","E02004200","Total",2532,10,30,216,410,510,494,334,246,282
"2011","Teignbridge 001","E02004201","Total",2231,6,33,106,312,444,374,306,263,387
"2011","Teignbridge 002","E02004202","Total",3332,5,48,209,573,798,672,389,279,359
"2011","Teignbridge 003","E02004203","Total",2425,2,28,98,302,470,455,327,306,437
"2011","Teignbridge 004","E02004204","Total",4038,8,83,232,732,1051,742,507,300,383
"2011","Teignbridge 005","E02004205","Total",2759,6,51,230,475,713,551,358,217,158
"2011","Teignbridge 006","E02004206","Total",3216,13,160,476,764,584,507,296,213,203
"2011","Teignbridge 007","E02004207","Total",2534,4,28,127,569,574,457,332,212,231
"2011","Teignbridge 008","E02004208","Total",3423,7,35,173,636,852,667,459,282,312
"2011","Teignbridge 009","E02004209","Total",3553,5,27,240,824,1000,704,406,206,141
"2011","Teignbridge 010","E02004210","Total",3268,20,230,602,887,544,507,229,123,126
"2011","Teignbridge 011","E02004211","Total",2946,5,43,171,484,586,529,403,331,394
"2011","Teignbridge 012","E02004212","Total",2494,3,43,213,427,708,470,265,186,179
"2011","Teignbridge 013","E02004213","Total",2049,5,14,64,468,469,397,282,167,183
"2011","Teignbridge 014","E02004214","Total",2821,15,149,488,763,720,373,167,77,69
"2011","Teignbridge 015","E02004215","Total",2390,15,112,262,455,536,400,237,177,196
"2011","Teignbridge 016","E02004216","Total",2383,1,14,102,375,697,621,274,164,135
"2011","Teignbridge 017","E02004217","Total",3382,7,85,279,739,885,623,325,226,213
"2011","Teignbridge 018","E02004218","Total",2462,5,30,123,467,574,500,304,208,251
"2011","Teignbridge 019","E02004219","Total",2297,6,21,73,356,578,459,315,220,269
"2011","Torridge 001","E02004220","Total",3027,5,40,188,825,838,547,293,144,147
"2011","Torridge 002","E02004221","Total",2767,13,66,151,471,578,567,401,254,266
"2011","Torridge 003","E02004222","Total",2762,13,128,387,533,589,543,305,183,81
"2011","Torridge 004","E02004223","Total",4793,29,63,315,1036,1499,960,427,229,235
"2011","Torridge 005","E02004224","Total",2640,2,33,92,359,535,562,380,281,396
"2011","Torridge 006","E02004225","Total",2438,2,47,150,483,729,510,241,140,136
"2011","Torridge 007","E02004226","Total",3047,0,15,66,439,630,653,434,357,453
"2011","Torridge 008","E02004227","Total",3682,6,58,175,522,778,762,520,355,506
"2011","Torridge 009","E02004228","Total",2830,1,33,83,300,555,542,451,368,497
"2011","West Devon 001","E02004229","Total",3272,4,39,149,486,698,629,458,356,453
"2011","West Devon 002","E02004230","Total",3242,10,62,293,653,806,611,337,220,250
"2011","West Devon 003","E02004231","Total",2710,7,19,124,366,632,537,336,266,423
"2011","West Devon 004","E02004232","Total",2639,7,18,100,357,505,473,398,337,444
"2011","West Devon 005","E02004233","Total",5467,12,128,548,1103,1195,992,629,432,428
"2011","West Devon 006","E02004234","Total",2630,4,18,115,308,593,476,363,311,442
"2011","West Devon 007","E02004235","Total",2765,5,30,198,439,553,470,336,315,419
"2011","Christchurch 001","E02004236","Total",2440,2,14,105,406,777,625,273,135,103
"2011","Christchurch 002","E02004237","Total",3105,1,46,130,507,848,741,435,229,168
"2011","Christchurch 003","E02004238","Total",3503,24,127,328,742,801,667,379,232,203
"2011","Christchurch 004","E02004239","Total",2627,1,21,98,592,774,568,300,180,93
"2011","Christchurch 005","E02004240","Total",2576,22,166,342,520,751,515,160,75,25
"2011","Christchurch 006","E02004241","Total",4132,34,215,606,986,854,783,401,163,90
"2011","Christchurch 007","E02004242","Total",3092,4,51,182,628,790,631,373,240,193
"2011","East Dorset 001","E02004243","Total",2605,3,16,68,382,639,533,359,284,321
"2011","East Dorset 002","E02004244","Total",3096,10,19,98,454,880,734,406,252,243
"2011","East Dorset 003","E02004245","Total",2965,5,43,109,498,581,490,392,389,458
"2011","East Dorset 004","E02004246","Total",3040,0,17,74,364,518,580,488,427,572
"2011","East Dorset 005","E02004247","Total",2373,3,9,52,240,464,440,379,315,471
"2011","East Dorset 006","E02004248","Total",3492,7,45,211,941,921,542,343,238,244
"2011","East Dorset 007","E02004249","Total",2223,4,14,57,249,404,444,416,303,332
"2011","East Dorset 008","E02004250","Total",3569,21,103,288,823,961,576,321,211,265
"2011","East Dorset 009","E02004251","Total",2757,1,7,63,553,876,618,307,196,136
"2011","East Dorset 010","E02004252","Total",3422,18,132,495,878,774,519,287,150,169
"2011","East Dorset 011","E02004253","Total",3944,9,20,168,581,767,726,712,504,457
"2011","East Dorset 012","E02004254","Total",4078,8,38,120,626,1136,865,540,360,385
"2011","North Dorset 001","E02004255","Total",3399,4,78,246,834,785,611,384,220,237
"2011","North Dorset 002","E02004256","Total",3769,4,38,126,541,733,740,560,458,569
"2011","North Dorset 003","E02004257","Total",3235,22,127,305,560,808,604,370,207,232
"2011","North Dorset 004","E02004258","Total",4545,2,70,310,681,1064,840,619,426,533
"2011","North Dorset 005","E02004259","Total",2759,5,24,115,337,516,590,369,356,447
"2011","North Dorset 006","E02004260","Total",3328,5,24,159,430,871,689,453,321,376
"2011","North Dorset 007","E02004261","Total",4438,32,170,579,959,1052,758,414,267,207
"2011","North Dorset 008","E02004262","Total",3197,2,18,119,369,644,649,431,392,573
"2011","Purbeck 001","E02004263","Total",2463,5,42,163,350,613,502,303,235,250
"2011","Purbeck 002","E02004264","Total",3372,6,43,223,720,1068,693,325,165,129
"2011","Purbeck 003","E02004265","Total",3690,12,58,253,708,1018,771,442,243,185
"2011","Purbeck 004","E02004266","Total",3313,4,28,166,677,892,636,406,237,267
"2011","Purbeck 005","E02004267","Total",2241,3,21,114,273,418,461,369,262,320
"2011","Purbeck 006","E02004268","Total",4504,13,135,437,1154,1014,840,430,245,236
"2011","West Dorset 001","E02004269","Total",4213,9,50,433,867,1087,734,443,294,296
"2011","West Dorset 002","E02004270","Total",3226,7,18,110,338,607,628,515,407,596
"2011","West Dorset 003","E02004271","Total",4408,12,43,209,710,959,825,595,476,579
"2011","West Dorset 004","E02004272","Total",4925,6,39,222,735,1103,920,613,533,754
"2011","West Dorset 005","E02004273","Total",3338,10,51,266,577,713,583,459,315,364
"2011","West Dorset 006","E02004274","Total",3001,24,40,368,607,800,525,312,160,165
"2011","West Dorset 007","E02004275","Total",3366,3,24,96,448,843,704,458,352,438
"2011","West Dorset 008","E02004276","Total",2813,8,87,388,753,604,449,253,152,119
"2011","West Dorset 009","E02004277","Total",4573,27,163,781,901,866,835,451,308,241
"2011","West Dorset 010","E02004278","Total",3876,9,70,424,550,941,814,508,326,234
"2011","West Dorset 011","E02004279","Total",3323,4,20,131,595,787,680,428,285,393
"2011","West Dorset 012","E02004280","Total",3324,5,42,197,593,819,740,420,261,247
"2011","Weymouth and Portland 001","E02004281","Total",3176,12,80,411,817,834,531,226,140,125
"2011","Weymouth and Portland 002","E02004282","Total",3912,7,46,221,566,803,872,686,420,291
"2011","Weymouth and Portland 003","E02004283","Total",3709,10,43,256,561,952,865,523,296,203
"2011","Weymouth and Portland 004","E02004284","Total",4743,56,349,1035,1267,807,510,304,187,228
"2011","Weymouth and Portland 005","E02004285","Total",3299,10,118,439,714,733,740,343,121,81
"2011","Weymouth and Portland 006","E02004286","Total",2122,6,38,118,364,494,487,253,211,151
"2011","Weymouth and Portland 007","E02004287","Total",2399,3,11,169,371,655,644,335,118,93
"2011","Weymouth and Portland 008","E02004288","Total",2094,15,44,167,446,535,512,226,90,59
"2011","Weymouth and Portland 009","E02004289","Total",3081,9,33,109,718,891,754,352,120,95
"2011","Cheltenham 001","E02004600","Total",2451,5,69,172,476,726,585,232,116,70
"2011","Cheltenham 002","E02004601","Total",2341,3,49,81,290,406,509,454,294,255
"2011","Cheltenham 003","E02004602","Total",2771,4,56,289,665,939,557,156,65,40
"2011","Cheltenham 004","E02004603","Total",2958,33,210,408,551,696,512,293,151,104
"2011","Cheltenham 005","E02004604","Total",3437,16,62,552,984,833,660,224,64,42
"2011","Cheltenham 006","E02004605","Total",2443,6,45,319,564,663,501,204,83,58
"2011","Cheltenham 007","E02004606","Total",4147,18,169,531,780,953,985,410,162,139
"2011","Cheltenham 008","E02004607","Total",4794,127,404,962,1024,641,632,401,251,352
"2011","Cheltenham 009","E02004608","Total",5072,183,509,1179,1348,716,442,261,177,257
"2011","Cheltenham 010","E02004609","Total",3125,2,43,156,590,637,673,401,268,355
"2011","Cheltenham 011","E02004610","Total",3618,22,102,515,851,567,495,391,281,394
"2011","Cheltenham 012","E02004611","Total",4586,7,73,213,657,917,960,691,501,567
"2011","Cheltenham 013","E02004612","Total",4155,3,43,182,922,1124,735,520,350,276
"2011","Cheltenham 014","E02004613","Total",2755,21,34,165,272,473,504,440,366,480
"2011","Cheltenham 015","E02004614","Total",2276,1,35,106,256,454,496,367,291,270
"2011","Cotswold 001","E02004615","Total",3589,1,25,194,545,721,704,521,364,514
"2011","Cotswold 002","E02004616","Total",4055,6,51,279,691,903,839,501,346,439
"2011","Cotswold 003","E02004617","Total",3428,8,45,205,463,726,682,438,326,535
"2011","Cotswold 004","E02004618","Total",2990,3,31,95,307,562,475,379,384,754
"2011","Cotswold 005","E02004619","Total",3171,4,29,142,412,575,556,415,365,673
"2011","Cotswold 006","E02004620","Total",3149,2,47,183,332,772,776,453,303,281
"2011","Cotswold 007","E02004621","Total",3103,24,128,651,754,645,415,208,126,152
"2011","Cotswold 008","E02004622","Total",2798,3,41,268,598,704,506,277,183,218
"2011","Cotswold 009","E02004623","Total",3451,7,24,161,580,705,591,442,368,573
"2011","Cotswold 010","E02004624","Total",2488,1,24,86,357,527,446,336,275,436
"2011","Cotswold 011","E02004625","Total",4014,8,70,249,554,877,782,535,418,521
"2011","Forest of Dean 001","E02004626","Total",3645,4,43,115,257,594,745,578,540,769
"2011","Forest of Dean 002","E02004627","Total",2302,5,41,160,366,587,482,271,182,208
"2011","Forest of Dean 003","E02004628","Total",3201,4,33,154,500,880,716,436,275,203
"2011","Forest of Dean 004","E02004629","Total",5333,17,126,450,1090,1532,1016,591,302,209
"2011","Forest of Dean 005","E02004630","Total",2605,12,30,120,287,454,505,380,320,497
"2011","Forest of Dean 006","E02004631","Total",2130,0,18,79,241,453,442,328,246,323
"2011","Forest of Dean 007","E02004632","Total",4362,4,87,405,837,1135,869,478,285,262
"2011","Forest of Dean 008","E02004633","Total",3423,4,35,156,509,887,752,496,328,256
"2011","Forest of Dean 009","E02004634","Total",4263,4,96,291,772,1056,953,505,310,276
"2011","Forest of Dean 010","E02004635","Total",2903,4,17,132,345,639,584,466,323,393
"2011","Gloucester 001","E02004636","Total",3272,8,53,109,395,790,870,608,284,155
"2011","Gloucester 002","E02004637","Total",3965,53,312,734,786,611,591,417,212,249
"2011","Gloucester 003","E02004638","Total",2285,3,15,60,263,435,733,421,208,147
"2011","Gloucester 004","E02004639","Total",3935,129,526,997,709,542,381,281,166,204
"2011","Gloucester 005","E02004640","Total",2987,30,137,352,600,782,628,277,126,55
"2011","Gloucester 006","E02004641","Total",3260,3,12,135,489,976,765,442,240,198
"2011","Gloucester 007","E02004642","Total",4580,4,66,238,491,1350,991,658,410,372
"2011","Gloucester 008","E02004643","Total",3000,26,85,303,481,1063,577,256,118,91
"2011","Gloucester 009","E02004644","Total",3547,6,75,302,631,1119,830,308,140,136
"2011","Gloucester 010","E02004645","Total",3941,24,48,186,787,748,716,548,512,372
"2011","Gloucester 011","E02004646","Total",3782,9,96,544,874,1071,662,307,126,93
"2011","Gloucester 012","E02004647","Total",2423,3,27,185,443,695,572,240,160,98
"2011","Gloucester 013","E02004648","Total",2549,2,28,127,629,882,631,170,60,20
"2011","Gloucester 014","E02004649","Total",2812,5,61,228,654,518,534,332,294,186
"2011","Gloucester 015","E02004650","Total",4025,8,78,258,1021,1132,703,406,255,164
"2011","Stroud 001","E02004651","Total",3173,9,87,246,460,639,557,438,335,402
"2011","Stroud 002","E02004652","Total",2828,5,22,120,300,439,476,408,388,670
"2011","Stroud 003","E02004653","Total",2569,10,22,114,250,506,520,344,318,485
"2011","Stroud 004","E02004654","Total",4731,9,58,479,730,1188,1122,569,313,263
"2011","Stroud 005","E02004655","Total",3193,8,76,229,747,775,610,367,196,185
"2011","Stroud 006","E02004656","Total",4967,43,191,667,992,1213,896,436,269,260
"2011","Stroud 007","E02004657","Total",2860,1,28,123,466,660,611,424,260,287
"2011","Stroud 008","E02004658","Total",2681,0,18,123,470,530,476,364,356,344
"2011","Stroud 009","E02004659","Total",2640,0,15,119,369,573,483,352,310,419
"2011","Stroud 010","E02004660","Total",2760,3,31,123,334,486,502,386,362,533
"2011","Stroud 011","E02004661","Total",3573,6,26,282,640,773,812,455,310,269
"2011","Stroud 012","E02004662","Total",2540,2,29,153,410,536,469,315,258,368
"2011","Stroud 013","E02004663","Total",2827,5,56,349,478,565,500,341,232,301
"2011","Stroud 014","E02004664","Total",2909,6,65,266,607,658,615,347,203,142
"2011","Stroud 015","E02004665","Total",3543,14,58,279,422,647,714,527,375,507
"2011","Tewkesbury 001","E02004666","Total",4600,2,47,275,770,1346,1102,483,297,278
"2011","Tewkesbury 002","E02004667","Total",4819,36,186,567,1124,983,790,481,325,327
"2011","Tewkesbury 003","E02004668","Total",3684,8,29,164,548,718,684,482,423,628
"2011","Tewkesbury 004","E02004669","Total",2731,4,34,95,242,375,460,483,429,609
"2011","Tewkesbury 005","E02004670","Total",5574,3,66,392,1169,1267,1127,663,496,391
"2011","Tewkesbury 006","E02004671","Total",2480,9,25,124,310,341,411,459,346,455
"2011","Tewkesbury 007","E02004672","Total",5251,12,109,366,802,1155,1358,704,416,329
"2011","Tewkesbury 008","E02004673","Total",2351,4,15,125,463,518,446,280,175,325
"2011","Tewkesbury 009","E02004674","Total",3636,4,54,219,565,1174,763,429,257,171
"2011","Mendip 001","E02006047","Total",3418,14,47,111,473,639,647,471,370,646
"2011","Mendip 002","E02006048","Total",2714,8,41,160,302,637,607,373,269,317
"2011","Mendip 003","E02006049","Total",3167,2,21,82,587,759,671,466,331,248
"2011","Mendip 004","E02006050","Total",3613,27,154,544,709,818,612,378,174,197
"2011","Mendip 005","E02006051","Total",3099,7,32,142,362,566,554,449,398,589
"2011","Mendip 006","E02006052","Total",3187,11,46,145,525,654,595,452,314,445
"2011","Mendip 007","E02006053","Total",3848,10,81,344,668,1071,843,439,220,172
"2011","Mendip 008","E02006054","Total",3699,17,84,411,838,887,682,363,223,194
"2011","Mendip 009","E02006055","Total",3744,21,97,418,802,900,783,392,185,146
"2011","Mendip 010","E02006056","Total",3068,5,19,152,431,648,628,409,321,455
"2011","Mendip 011","E02006057","Total",3410,25,128,412,683,721,618,365,247,211
"2011","Mendip 012","E02006058","Total",3085,2,23,114,295,675,711,528,367,370
"2011","Mendip 013","E02006059","Total",2673,9,25,107,191,429,443,443,380,646
"2011","Mendip 014","E02006060","Total",3432,11,143,481,800,734,635,340,182,106
"2011","Sedgemoor 001","E02006061","Total",3791,12,63,287,557,610,668,572,498,524
"2011","Sedgemoor 002","E02006062","Total",4423,11,49,141,607,893,933,654,492,643
"2011","Sedgemoor 003","E02006063","Total",2748,2,11,80,191,366,479,410,422,787
"2011","Sedgemoor 004","E02006064","Total",3740,30,94,550,783,760,586,414,274,249
"2011","Sedgemoor 005","E02006065","Total",3743,10,59,356,816,958,788,429,205,122
"2011","Sedgemoor 006","E02006066","Total",3309,2,24,123,470,834,742,456,342,316
"2011","Sedgemoor 007","E02006067","Total",2972,4,28,148,344,594,629,451,357,417
"2011","Sedgemoor 008","E02006068","Total",3092,8,56,217,688,952,868,213,57,33
"2011","Sedgemoor 009","E02006069","Total",4435,36,213,600,1114,1097,829,326,142,78
"2011","Sedgemoor 010","E02006070","Total",2955,5,47,178,736,846,688,285,94,76
"2011","Sedgemoor 011","E02006071","Total",3408,3,22,137,345,717,816,586,408,374
"2011","Sedgemoor 012","E02006072","Total",3758,1,24,122,337,692,780,601,518,683
"2011","Sedgemoor 013","E02006073","Total",2960,35,109,309,559,804,601,351,105,87
"2011","Sedgemoor 014","E02006074","Total",3467,1,30,185,422,931,690,491,337,380
"2011","South Somerset 001","E02006075","Total",2099,6,44,136,250,409,363,253,235,403
"2011","South Somerset 002","E02006076","Total",3660,7,28,196,580,677,638,500,425,609
"2011","South Somerset 003","E02006077","Total",2444,2,31,131,386,621,503,314,258,198
"2011","South Somerset 004","E02006078","Total",2410,5,29,130,336,502,451,311,278,368
"2011","South Somerset 005","E02006079","Total",3114,7,65,225,570,708,550,370,301,318
"2011","South Somerset 006","E02006080","Total",2502,1,18,94,384,539,507,353,254,352
"2011","South Somerset 007","E02006081","Total",2253,2,13,89,232,424,447,340,311,395
"2011","South Somerset 008","E02006082","Total",2840,5,38,172,462,683,623,337,219,301
"2011","South Somerset 009","E02006083","Total",2504,3,25,152,516,570,461,320,235,222
"2011","South Somerset 010","E02006084","Total",3165,3,22,130,454,735,589,433,387,412
"2011","South Somerset 011","E02006085","Total",2549,2,29,132,477,852,610,251,119,77
"2011","South Somerset 012","E02006086","Total",2706,6,35,130,328,610,612,462,288,235
"2011","South Somerset 013","E02006087","Total",2640,8,100,207,654,961,470,139,59,42
"2011","South Somerset 014","E02006088","Total",3149,34,100,365,561,929,717,281,106,56
"2011","South Somerset 015","E02006089","Total",2939,26,227,625,590,505,507,248,124,87
"2011","South Somerset 016","E02006090","Total",2985,6,65,254,569,732,705,352,165,137
"2011","South Somerset 017","E02006091","Total",4254,1,37,185,618,1018,957,566,403,469
"2011","South Somerset 018","E02006092","Total",2659,5,60,146,392,605,575,434,252,190
"2011","South Somerset 019","E02006093","Total",3747,5,58,275,595,885,772,438,356,363
"2011","South Somerset 020","E02006094","Total",2357,7,16,101,370,568,465,298,253,279
"2011","South Somerset 021","E02006095","Total",3585,3,71,274,778,930,660,398,277,194
"2011","South Somerset 022","E02006096","Total",2849,5,46,221,494,778,592,345,214,154
"2011","South Somerset 023","E02006097","Total",2933,9,91,415,643,760,507,235,164,109
"2011","South Somerset 024","E02006098","Total",3158,8,30,149,359,576,669,481,380,506
"2011","Taunton Deane 001","E02006099","Total",2736,1,31,130,304,597,586,390,288,409
"2011","Taunton Deane 002","E02006100","Total",2955,9,40,190,366,522,633,457,359,379
"2011","Taunton Deane 003","E02006101","Total",2420,3,39,123,429,438,434,302,261,391
"2011","Taunton Deane 004","E02006102","Total",3083,3,71,318,677,858,781,239,88,48
"2011","Taunton Deane 005","E02006103","Total",3079,10,29,137,328,670,616,444,398,447
"2011","Taunton Deane 006","E02006104","Total",3264,14,65,232,695,659,634,382,294,289
"2011","Taunton Deane 007","E02006105","Total",4680,49,254,672,874,942,999,467,226,197
"2011","Taunton Deane 008","E02006106","Total",2991,2,37,216,673,756,584,330,205,188
"2011","Taunton Deane 009","E02006107","Total",3458,9,75,433,894,888,701,256,133,69
"2011","Taunton Deane 010","E02006108","Total",4029,77,236,656,911,721,584,306,250,288
"2011","Taunton Deane 011","E02006109","Total",3355,5,27,100,451,766,745,520,361,380
"2011","Taunton Deane 012","E02006110","Total",3441,16,83,484,679,912,654,313,168,132
"2011","Taunton Deane 013","E02006111","Total",4322,9,33,163,625,1031,866,592,437,566
"2011","Taunton Deane 014","E02006112","Total",3094,10,30,178,328,451,547,499,449,602
"2011","West Somerset 001","E02006113","Total",3340,30,82,421,768,675,549,402,211,202
"2011","West Somerset 002","E02006114","Total",2887,6,48,157,681,742,568,305,179,201
"2011","West Somerset 003","E02006115","Total",3254,4,37,278,619,892,724,337,184,179
"2011","West Somerset 004","E02006116","Total",3519,5,29,127,420,732,714,491,416,585
"2011","West Somerset 005","E02006117","Total",2623,28,30,128,385,551,536,334,258,373
"2011","Isle of Anglesey 001","W02000001","Total",3793,4,50,172,580,882,967,519,310,309
"2011","Isle of Anglesey 002","W02000002","Total",2916,8,22,93,355,621,689,453,328,347
"2011","Isle of Anglesey 003","W02000003","Total",4673,16,62,423,864,1368,1041,498,230,171
"2011","Isle of Anglesey 004","W02000004","Total",3241,2,9,88,420,886,778,457,272,329
"2011","Isle of Anglesey 005","W02000005","Total",3997,1,45,175,571,945,800,575,425,460
"2011","Isle of Anglesey 006","W02000006","Total",2847,0,28,145,385,711,692,391,263,232
"2011","Isle of Anglesey 007","W02000007","Total",3003,2,22,134,504,787,682,359,250,263
"2011","Isle of Anglesey 008","W02000008","Total",2789,6,21,174,419,660,598,398,266,247
"2011","Isle of Anglesey 009","W02000009","Total",3335,5,27,118,579,911,691,410,251,343
"2011","Gwynedd 001","W02000010","Total",2785,25,102,298,556,589,564,286,167,198
"2011","Gwynedd 002","W02000011","Total",3011,24,38,134,393,876,777,368,219,182
"2011","Gwynedd 003","W02000012","Total",3546,5,54,156,601,866,829,501,284,250
"2011","Gwynedd 004","W02000013","Total",2720,6,42,129,434,667,628,352,248,214
"2011","Gwynedd 005","W02000014","Total",2949,7,31,114,502,809,737,338,211,200
"2011","Gwynedd 006","W02000015","Total",3508,6,46,269,531,877,872,410,290,207
"2011","Gwynedd 007","W02000016","Total",2767,3,29,162,426,689,640,353,219,246
"2011","Gwynedd 008","W02000017","Total",3335,5,31,131,590,873,792,429,241,243
"2011","Gwynedd 009","W02000018","Total",2997,5,43,168,612,813,690,323,171,172
"2011","Gwynedd 010","W02000019","Total",3218,2,55,229,493,762,710,408,266,293
"2011","Gwynedd 011","W02000020","Total",2958,1,31,125,433,667,656,406,286,353
"2011","Gwynedd 012","W02000021","Total",3654,12,53,237,609,922,762,463,273,323
"2011","Gwynedd 013","W02000022","Total",2881,8,46,127,524,716,599,359,249,253
"2011","Gwynedd 014","W02000023","Total",2698,46,27,139,340,586,583,387,266,324
"2011","Gwynedd 015","W02000024","Total",2556,3,25,149,376,620,604,329,232,218
"2011","Gwynedd 016","W02000025","Total",3160,16,90,274,571,656,622,367,244,320
"2011","Gwynedd 017","W02000026","Total",3730,13,56,194,747,858,727,461,308,366
"2011","Conwy 001","W02000027","Total",4228,78,246,904,1146,597,415,232,214,396
"2011","Conwy 002","W02000028","Total",3043,2,21,214,602,762,674,347,216,205
"2011","Conwy 003","W02000029","Total",2806,0,15,81,593,672,643,392,250,160
"2011","Conwy 004","W02000030","Total",3002,10,56,453,636,508,527,353,231,228
"2011","Conwy 005","W02000031","Total",3606,1,19,169,787,1200,729,367,205,129
"2011","Conwy 006","W02000032","Total",3539,3,11,166,635,850,856,506,262,250
"2011","Conwy 007","W02000033","Total",3002,24,113,496,670,405,457,324,241,272
"2011","Conwy 008","W02000034","Total",3258,5,56,367,492,564,603,434,308,429
"2011","Conwy 009","W02000035","Total",3763,2,23,209,625,901,925,506,320,252
"2011","Conwy 010","W02000036","Total",4986,10,70,368,1235,1230,936,514,323,300
"2011","Conwy 011","W02000037","Total",3023,4,23,145,461,848,889,347,156,150
"2011","Conwy 012","W02000038","Total",2755,2,23,153,509,640,661,338,189,240
"2011","Conwy 013","W02000039","Total",3502,4,51,233,690,904,714,388,228,290
"2011","Conwy 014","W02000040","Total",2807,2,22,105,377,498,642,399,366,396
"2011","Conwy 015","W02000041","Total",3857,8,48,231,603,932,897,486,315,337
"2011","Denbighshire 001","W02000042","Total",2622,2,9,138,640,870,504,260,125,74
"2011","Denbighshire 002","W02000043","Total",2217,2,43,153,358,474,461,311,215,200
"2011","Denbighshire 003","W02000044","Total",2391,0,18,66,699,648,456,261,138,105
"2011","Denbighshire 004","W02000045","Total",4084,49,236,740,928,649,636,328,231,287
"2011","Denbighshire 006","W02000047","Total",2058,3,22,183,286,575,674,207,62,46
"2011","Denbighshire 008","W02000049","Total",2709,1,14,103,415,651,620,391,257,257
"2011","Denbighshire 009","W02000050","Total",2789,5,23,115,570,806,576,331,185,178
"2011","Denbighshire 010","W02000051","Total",2263,4,47,118,409,536,438,280,189,242
"2011","Denbighshire 011","W02000052","Total",2305,5,37,230,630,603,375,174,113,138
"2011","Denbighshire 012","W02000053","Total",2631,3,12,94,436,556,575,386,276,293
"2011","Denbighshire 013","W02000054","Total",2460,7,37,102,275,393,408,400,359,479
"2011","Denbighshire 014","W02000055","Total",2406,2,22,160,445,580,475,309,209,204
"2011","Denbighshire 015","W02000056","Total",2172,3,16,76,301,427,427,316,278,328
"2011","Denbighshire 016","W02000057","Total",2786,11,47,224,505,549,556,342,266,286
"2011","Denbighshire 017","W02000419","Total",4653,6,32,207,1095,1355,1125,449,254,130
"2011","Flintshire 001","W02000058","Total",2291,3,17,100,436,700,471,248,160,156
"2011","Flintshire 002","W02000059","Total",2691,1,13,87,346,752,658,338,247,249
"2011","Flintshire 003","W02000060","Total",4491,6,55,335,755,1468,1140,382,191,159
"2011","Flintshire 004","W02000061","Total",2862,26,30,196,566,992,692,225,83,52
"2011","Flintshire 005","W02000062","Total",2400,0,11,50,262,668,668,325,255,161
"2011","Flintshire 006","W02000063","Total",3506,1,16,109,455,751,649,553,407,565
"2011","Flintshire 007","W02000064","Total",2596,9,37,294,408,781,707,234,79,47
"2011","Flintshire 008","W02000065","Total",3000,1,17,66,338,1030,915,374,162,97
"2011","Flintshire 009","W02000066","Total",4150,10,66,473,665,1140,1070,406,182,138
"2011","Flintshire 010","W02000067","Total",2494,1,6,67,220,581,649,434,322,214
"2011","Flintshire 011","W02000068","Total",2453,8,35,239,480,701,573,260,99,58
"2011","Flintshire 012","W02000069","Total",2524,1,14,114,300,668,541,340,273,273
"2011","Flintshire 013","W02000070","Total",4266,6,74,147,333,834,901,754,604,613
"2011","Flintshire 014","W02000071","Total",3049,0,1,47,313,915,902,464,249,158
"2011","Flintshire 015","W02000072","Total",4668,7,52,280,547,1626,1282,480,225,169
"2011","Flintshire 016","W02000073","Total",4313,5,47,346,630,1095,885,531,405,369
"2011","Flintshire 017","W02000074","Total",4098,4,49,376,726,1152,1093,385,195,118
"2011","Flintshire 018","W02000075","Total",2224,1,11,76,199,419,496,388,339,295
"2011","Flintshire 019","W02000076","Total",3169,3,22,97,476,762,675,431,336,367
"2011","Flintshire 020","W02000077","Total",2536,4,5,130,323,584,582,368,244,296
"2011","Wrexham 003","W02000080","Total",3287,2,34,200,440,1150,885,317,161,98
"2011","Wrexham 004","W02000081","Total",2331,2,25,154,480,673,531,241,133,92
"2011","Wrexham 005","W02000082","Total",3171,3,25,207,678,976,742,291,133,116
"2011","Wrexham 006","W02000083","Total",3668,5,31,270,832,1003,748,383,243,153
"2011","Wrexham 007","W02000084","Total",2240,3,5,48,278,601,669,344,177,115
"2011","Wrexham 008","W02000085","Total",3965,14,66,287,653,939,987,550,294,175
"2011","Wrexham 009","W02000086","Total",2239,2,5,110,403,402,820,252,143,102
"2011","Wrexham 010","W02000087","Total",2938,5,68,257,828,1001,576,113,50,40
"2011","Wrexham 011","W02000088","Total",3515,57,117,348,734,874,538,340,258,249
"2011","Wrexham 012","W02000089","Total",3781,14,120,606,960,1033,598,230,123,97
"2011","Wrexham 013","W02000090","Total",2422,3,15,124,420,672,561,257,186,184
"2011","Wrexham 014","W02000091","Total",2636,3,17,138,415,783,748,287,148,97
"2011","Wrexham 015","W02000092","Total",3079,29,39,367,686,850,667,233,120,88
"2011","Wrexham 016","W02000093","Total",2826,3,17,169,416,661,599,426,252,283
"2011","Wrexham 017","W02000094","Total",3818,3,44,296,930,1045,898,324,175,103
"2011","Wrexham 018","W02000095","Total",2697,3,9,87,300,429,520,435,367,547
"2011","Wrexham 019","W02000096","Total",2839,6,21,169,450,756,695,353,216,173
"2011","Wrexham 020","W02000420","Total",5577,2,34,182,658,1004,1064,971,751,911
"2011","Powys 001","W02000097","Total",3893,3,49,146,447,799,791,607,472,579
"2011","Powys 002","W02000098","Total",2641,3,18,54,299,551,525,404,360,427
"2011","Powys 003","W02000099","Total",2955,12,92,328,645,816,512,229,158,163
"2011","Powys 004","W02000100","Total",2748,4,26,143,476,591,547,394,263,304
"2011","Powys 005","W02000101","Total",2350,3,15,76,281,466,494,370,289,356
"2011","Powys 006","W02000102","Total",2652,1,22,55,337,531,558,460,348,340
"2011","Powys 007","W02000103","Total",2349,0,12,41,283,482,507,393,291,340
"2011","Powys 008","W02000104","Total",2880,7,76,328,503,604,555,340,239,228
"2011","Powys 009","W02000105","Total",2135,0,46,177,374,775,504,174,51,34
"2011","Powys 010","W02000106","Total",2954,5,42,150,488,569,610,444,326,320
"2011","Powys 011","W02000107","Total",4449,9,49,190,658,1023,974,621,438,487
"2011","Powys 012","W02000108","Total",3210,7,30,139,514,705,694,446,317,358
"2011","Powys 013","W02000109","Total",2583,7,87,247,502,606,439,281,175,239
"2011","Powys 014","W02000110","Total",3072,5,40,140,396,569,674,503,334,411
"2011","Powys 015","W02000111","Total",3751,24,57,193,497,832,783,501,410,454
"2011","Powys 017","W02000113","Total",3635,12,92,313,619,1139,640,347,236,237
"2011","Powys 018","W02000114","Total",2970,3,28,125,313,509,633,487,415,457
"2011","Powys 020","W02000414","Total",2565,8,23,59,258,428,552,434,351,452
"2011","Powys 021","W02000416","Total",4553,3,29,246,764,1119,1187,639,290,276
"2011","Ceredigion 001","W02000116","Total",3291,4,47,146,431,704,678,539,353,389
"2011","Ceredigion 002","W02000117","Total",3321,82,304,669,557,347,323,273,283,483
"2011","Ceredigion 003","W02000118","Total",2840,6,49,210,767,725,509,263,133,178
"2011","Ceredigion 005","W02000120","Total",3257,3,49,175,382,602,747,549,390,360
"2011","Ceredigion 007","W02000122","Total",2921,6,30,109,340,574,634,506,364,358
"2011","Ceredigion 008","W02000123","Total",3432,10,69,184,436,737,729,483,382,402
"2011","Ceredigion 009","W02000124","Total",4165,7,65,311,697,912,866,558,401,348
"2011","Ceredigion 010","W02000125","Total",3308,7,27,145,476,680,678,507,388,400
"2011","Ceredigion 011","W02000421","Total",5027,10,44,140,646,1045,1056,825,639,622
"2011","Pembrokeshire 001","W02000126","Total",3537,9,28,122,409,711,769,557,444,488
"2011","Pembrokeshire 002","W02000127","Total",4462,17,67,219,619,1010,974,653,465,438
"2011","Pembrokeshire 003","W02000128","Total",3130,6,26,145,444,661,678,445,329,396
"2011","Pembrokeshire 004","W02000129","Total",2807,3,28,75,305,551,557,471,375,442
"2011","Pembrokeshire 005","W02000130","Total",3118,46,128,335,652,807,591,270,166,123
"2011","Pembrokeshire 006","W02000131","Total",3020,15,27,132,414,828,855,394,193,162
"2011","Pembrokeshire 007","W02000132","Total",2702,8,37,130,412,524,532,408,304,347
"2011","Pembrokeshire 008","W02000133","Total",3322,3,28,114,422,667,789,484,375,440
"2011","Pembrokeshire 009","W02000134","Total",3633,8,29,127,484,837,829,546,374,399
"2011","Pembrokeshire 010","W02000135","Total",3097,5,70,285,558,761,742,352,189,135
"2011","Pembrokeshire 011","W02000136","Total",3708,10,35,170,622,825,744,535,345,422
"2011","Pembrokeshire 012","W02000137","Total",3047,6,36,250,498,964,763,303,136,91
"2011","Pembrokeshire 013","W02000138","Total",4171,6,74,344,864,1089,861,448,303,182
"2011","Pembrokeshire 014","W02000139","Total",3318,4,20,130,397,720,740,520,386,401
"2011","Pembrokeshire 015","W02000140","Total",3046,11,64,277,590,848,606,291,194,165
"2011","Pembrokeshire 016","W02000141","Total",3004,17,89,352,603,572,567,338,226,240
"2011","Carmarthenshire 001","W02000142","Total",2406,3,27,69,397,490,501,397,270,252
"2011","Carmarthenshire 002","W02000143","Total",2516,6,21,74,307,479,608,423,289,309
"2011","Carmarthenshire 003","W02000144","Total",3274,3,32,124,487,617,710,509,376,416
"2011","Carmarthenshire 004","W02000145","Total",3124,19,39,131,349,559,681,500,404,442
"2011","Carmarthenshire 005","W02000146","Total",2732,3,20,51,286,420,563,464,385,540
"2011","Carmarthenshire 006","W02000147","Total",3221,13,32,137,461,588,803,481,342,364
"2011","Carmarthenshire 007","W02000148","Total",2267,6,36,196,360,544,522,247,194,162
"2011","Carmarthenshire 008","W02000149","Total",2945,13,106,330,567,601,568,322,212,226
"2011","Carmarthenshire 010","W02000151","Total",3209,1,15,114,541,746,865,455,269,203
"2011","Carmarthenshire 011","W02000152","Total",3387,4,16,110,435,959,789,466,282,326
"2011","Carmarthenshire 012","W02000153","Total",3351,5,22,48,447,712,817,511,391,398
"2011","Carmarthenshire 013","W02000154","Total",3344,3,15,223,445,718,897,512,303,228
"2011","Carmarthenshire 015","W02000156","Total",3381,0,19,72,459,956,843,467,301,264
"2011","Carmarthenshire 016","W02000157","Total",3845,0,18,137,519,883,1016,540,352,380
"2011","Carmarthenshire 017","W02000158","Total",2409,0,9,75,288,605,612,310,231,279
"2011","Carmarthenshire 018","W02000159","Total",2575,0,20,108,333,759,651,299,190,215
"2011","Carmarthenshire 019","W02000160","Total",3193,2,11,73,363,888,807,438,285,326
"2011","Carmarthenshire 020","W02000161","Total",2320,3,17,154,375,711,631,265,115,49
"2011","Carmarthenshire 021","W02000162","Total",3781,5,25,188,477,940,1032,488,336,290
"2011","Carmarthenshire 022","W02000163","Total",2371,6,46,115,252,501,823,370,156,102
"2011","Carmarthenshire 023","W02000164","Total",3035,4,39,147,304,556,870,522,324,269
"2011","Carmarthenshire 024","W02000165","Total",2827,6,38,191,268,874,811,400,158,81
"2011","Carmarthenshire 025","W02000166","Total",3616,6,45,164,446,973,1140,474,214,154
"2011","Carmarthenshire 026","W02000167","Total",4551,25,65,688,820,1261,991,443,160,98
"2011","Carmarthenshire 027","W02000418","Total",5149,13,53,200,679,1041,1047,785,598,733
"2011","Swansea 001","W02000168","Total",2661,4,53,215,291,620,692,403,213,170
"2011","Swansea 002","W02000169","Total",4034,5,24,214,641,1120,1001,520,266,243
"2011","Swansea 003","W02000170","Total",3868,7,40,209,684,1161,918,436,254,159
"2011","Swansea 004","W02000171","Total",3288,12,16,69,493,716,746,455,397,384
"2011","Swansea 005","W02000172","Total",4201,1,55,394,556,1068,1194,487,258,188
"2011","Swansea 006","W02000173","Total",2987,4,19,91,454,768,700,449,305,197
"2011","Swansea 007","W02000174","Total",3867,4,23,184,413,999,1130,579,296,239
"2011","Swansea 008","W02000175","Total",3416,13,52,300,810,1005,733,288,143,72
"2011","Swansea 009","W02000176","Total",4011,6,31,275,787,1317,1007,328,155,105
"2011","Swansea 010","W02000177","Total",2982,1,33,83,608,982,714,323,164,74
"2011","Swansea 011","W02000178","Total",3753,4,66,283,1076,1256,745,198,72,53
"2011","Swansea 012","W02000179","Total",2807,1,21,148,388,705,666,392,258,228
"2011","Swansea 013","W02000180","Total",3416,5,20,198,765,1056,977,245,88,62
"2011","Swansea 014","W02000181","Total",2980,6,169,194,715,891,663,195,82,65
"2011","Swansea 015","W02000182","Total",3446,5,27,181,764,1125,878,328,90,48
"2011","Swansea 016","W02000183","Total",4279,19,65,432,1374,1502,584,193,73,37
"2011","Swansea 017","W02000184","Total",3176,9,75,280,610,849,816,316,141,80
"2011","Swansea 018","W02000185","Total",2175,3,15,53,236,517,511,322,236,282
"2011","Swansea 019","W02000186","Total",3850,5,55,265,1568,1338,465,85,49,20
"2011","Swansea 020","W02000187","Total",2373,0,7,30,192,758,673,369,204,140
"2011","Swansea 021","W02000188","Total",3321,24,184,422,659,1072,668,211,56,25
"2011","Swansea 022","W02000189","Total",3678,3,72,493,655,704,755,453,292,251
"2011","Swansea 023","W02000190","Total",2027,3,28,38,254,506,586,288,181,143
"2011","Swansea 024","W02000191","Total",3916,49,176,447,524,481,790,674,436,339
"2011","Swansea 025","W02000192","Total",5079,282,478,1557,1334,574,436,212,105,101
"2011","Swansea 026","W02000193","Total",3609,45,169,680,580,573,544,421,301,296
"2011","Swansea 027","W02000194","Total",2448,2,32,163,228,317,452,524,392,338
"2011","Swansea 028","W02000195","Total",2672,7,44,125,370,359,538,515,321,393
"2011","Swansea 029","W02000196","Total",3062,3,81,203,574,587,716,409,276,213
"2011","Swansea 030","W02000197","Total",2637,2,29,62,223,333,578,486,395,529
"2011","Swansea 031","W02000198","Total",3478,5,69,204,518,585,713,517,415,452
"2011","Neath Port Talbot 002","W02000200","Total",2232,1,5,83,295,731,629,263,136,89
"2011","Neath Port Talbot 003","W02000201","Total",2336,18,26,108,298,760,699,257,97,73
"2011","Neath Port Talbot 004","W02000202","Total",4904,9,36,318,702,1180,1272,646,388,353
"2011","Neath Port Talbot 005","W02000203","Total",2813,16,27,83,303,930,833,307,167,147
"2011","Neath Port Talbot 006","W02000204","Total",2940,9,14,53,366,586,791,493,362,266
"2011","Neath Port Talbot 007","W02000205","Total",2595,0,18,192,444,621,684,342,153,141
"2011","Neath Port Talbot 008","W02000206","Total",3367,34,105,420,686,871,678,325,164,84
"2011","Neath Port Talbot 009","W02000207","Total",2139,0,9,32,275,611,649,294,169,100
"2011","Neath Port Talbot 010","W02000208","Total",3773,6,29,168,587,1085,1012,463,262,161
"2011","Neath Port Talbot 011","W02000209","Total",2264,5,16,117,363,829,649,184,58,43
"2011","Neath Port Talbot 012","W02000210","Total",2663,6,15,117,500,725,791,271,151,87
"2011","Neath Port Talbot 013","W02000211","Total",3588,8,104,363,573,1008,999,319,138,76
"2011","Neath Port Talbot 014","W02000212","Total",3342,4,28,131,507,984,933,378,196,181
"2011","Neath Port Talbot 015","W02000213","Total",2924,0,23,72,249,743,1055,413,219,150
"2011","Neath Port Talbot 016","W02000214","Total",4151,3,42,196,491,962,1861,456,106,34
"2011","Neath Port Talbot 017","W02000215","Total",4234,16,67,359,717,1128,1348,367,152,80
"2011","Neath Port Talbot 018","W02000216","Total",3019,5,26,110,317,782,1051,450,191,87
"2011","Neath Port Talbot 019","W02000217","Total",2716,3,18,150,277,504,956,360,186,262
"2011","Neath Port Talbot 020","W02000417","Total",4393,6,35,262,739,1181,1152,548,271,199
"2011","Bridgend 001","W02000218","Total",2966,3,22,109,439,1244,742,277,84,46
"2011","Bridgend 002","W02000219","Total",3223,3,41,174,486,1110,778,368,158,105
"2011","Bridgend 003","W02000220","Total",3449,10,40,146,523,1201,944,343,128,114
"2011","Bridgend 004","W02000221","Total",3230,1,44,152,554,1033,897,328,141,80
"2011","Bridgend 005","W02000222","Total",2585,2,35,72,259,770,746,286,225,190
"2011","Bridgend 006","W02000223","Total",2337,0,14,97,533,583,540,277,148,145
"2011","Bridgend 007","W02000224","Total",2556,2,36,117,514,727,659,252,147,102
"2011","Bridgend 008","W02000225","Total",3783,1,33,184,634,1115,1085,431,196,104
"2011","Bridgend 009","W02000226","Total",4163,2,35,112,557,1053,1132,612,385,275
"2011","Bridgend 010","W02000227","Total",3023,11,55,161,563,818,803,338,165,109
"2011","Bridgend 011","W02000228","Total",2350,1,13,59,343,532,646,371,216,169
"2011","Bridgend 012","W02000229","Total",2616,0,12,191,441,698,816,283,115,60
"2011","Bridgend 013","W02000230","Total",2171,1,3,17,127,389,628,404,292,310
"2011","Bridgend 014","W02000231","Total",3770,38,71,463,611,976,852,420,190,149
"2011","Bridgend 015","W02000232","Total",2427,3,29,80,403,596,446,344,300,226
"2011","Bridgend 016","W02000233","Total",2602,12,42,191,603,660,427,300,220,147
"2011","Bridgend 017","W02000234","Total",4112,6,36,139,593,756,744,663,596,579
"2011","Bridgend 018","W02000235","Total",4073,9,44,316,545,682,840,640,481,516
"2011","Bridgend 019","W02000236","Total",3079,13,60,221,436,538,775,494,304,238
"2011","The Vale of Glamorgan 001","W02000237","Total",2158,0,4,33,115,252,457,369,331,597
"2011","The Vale of Glamorgan 002","W02000238","Total",2715,4,13,91,239,341,437,448,432,710
"2011","The Vale of Glamorgan 003","W02000239","Total",2688,0,8,48,242,280,424,398,413,875
"2011","The Vale of Glamorgan 004","W02000240","Total",3628,18,52,178,463,837,1092,556,278,154
"2011","The Vale of Glamorgan 005","W02000241","Total",4554,27,176,583,1094,618,602,519,354,581
"2011","The Vale of Glamorgan 006","W02000242","Total",3333,2,16,125,437,766,762,506,349,370
"2011","The Vale of Glamorgan 007","W02000243","Total",3784,7,25,393,702,1234,868,330,135,90
"2011","The Vale of Glamorgan 008","W02000244","Total",4318,12,114,258,640,731,736,645,568,614
"2011","The Vale of Glamorgan 009","W02000245","Total",3586,14,48,302,670,1037,682,363,277,193
"2011","The Vale of Glamorgan 010","W02000246","Total",2347,0,5,68,268,443,612,446,309,196
"2011","The Vale of Glamorgan 011","W02000247","Total",3637,3,15,101,460,988,843,539,356,332
"2011","The Vale of Glamorgan 012","W02000248","Total",4624,11,125,415,717,1309,1234,511,203,99
"2011","The Vale of Glamorgan 013","W02000249","Total",3934,21,65,435,721,1161,816,371,209,135
"2011","The Vale of Glamorgan 014","W02000250","Total",4307,6,29,115,761,1042,964,574,415,401
"2011","The Vale of Glamorgan 015","W02000251","Total",3892,6,108,480,753,783,778,469,265,250
"2011","Cardiff 001","W02000367","Total",2456,1,19,97,347,233,264,364,424,707
"2011","Cardiff 002","W02000368","Total",2488,9,28,117,558,482,423,339,264,268
"2011","Cardiff 003","W02000369","Total",3115,1,25,145,610,624,508,503,364,335
"2011","Cardiff 004","W02000370","Total",2957,0,13,58,635,515,740,476,281,239
"2011","Cardiff 005","W02000371","Total",3989,13,248,523,608,526,1063,529,295,184
"2011","Cardiff 006","W02000372","Total",3060,2,20,148,374,349,500,506,535,626
"2011","Cardiff 007","W02000373","Total",2668,6,38,227,400,738,741,290,123,105
"2011","Cardiff 008","W02000374","Total",2293,0,4,27,209,370,511,436,336,400
"2011","Cardiff 009","W02000375","Total",2783,9,79,253,448,737,784,323,102,48
"2011","Cardiff 010","W02000376","Total",2989,15,65,251,653,536,619,357,255,238
"2011","Cardiff 011","W02000377","Total",2876,16,70,172,672,650,570,331,221,174
"2011","Cardiff 012","W02000378","Total",3096,2,47,179,317,511,1026,567,280,167
"2011","Cardiff 013","W02000379","Total",2562,7,59,323,783,689,457,178,39,27
"2011","Cardiff 014","W02000380","Total",2764,3,6,88,225,310,440,537,485,670
"2011","Cardiff 015","W02000381","Total",2799,12,46,245,660,712,704,268,97,55
"2011","Cardiff 016","W02000382","Total",2342,15,39,312,289,571,789,213,74,40
"2011","Cardiff 017","W02000383","Total",3027,9,57,426,345,776,995,326,64,29
"2011","Cardiff 018","W02000384","Total",2322,1,11,124,182,203,776,591,290,144
"2011","Cardiff 019","W02000385","Total",2453,10,58,77,347,310,495,466,362,328
"2011","Cardiff 020","W02000386","Total",3349,9,51,184,511,532,836,612,324,290
"2011","Cardiff 021","W02000387","Total",2419,3,19,121,251,433,889,430,190,83
"2011","Cardiff 022","W02000388","Total",2384,3,20,146,230,516,851,392,142,84
"2011","Cardiff 023","W02000389","Total",3504,10,64,272,605,992,1022,340,143,56
"2011","Cardiff 024","W02000390","Total",2365,9,36,128,304,316,489,352,325,406
"2011","Cardiff 025","W02000391","Total",2426,17,64,216,260,354,853,442,133,87
"2011","Cardiff 026","W02000392","Total",3794,6,66,286,593,551,697,629,446,520
"2011","Cardiff 027","W02000393","Total",2963,13,53,305,815,606,745,271,109,46
"2011","Cardiff 028","W02000394","Total",2739,22,134,225,305,511,789,458,196,99
"2011","Cardiff 029","W02000395","Total",2727,49,157,312,441,247,513,423,322,263
"2011","Cardiff 030","W02000396","Total",2963,72,202,282,478,546,523,385,285,190
"2011","Cardiff 031","W02000397","Total",2985,23,59,485,330,622,986,327,101,52
"2011","Cardiff 032","W02000398","Total",3453,107,520,834,519,366,374,262,205,266
"2011","Cardiff 033","W02000399","Total",4602,235,711,1064,766,570,523,331,195,207
"2011","Cardiff 034","W02000400","Total",3147,48,234,524,721,395,397,315,268,245
"2011","Cardiff 035","W02000401","Total",2688,26,113,232,332,499,726,422,209,129
"2011","Cardiff 036","W02000402","Total",4064,114,413,965,778,716,642,255,108,73
"2011","Cardiff 037","W02000403","Total",3077,15,137,361,703,907,576,218,118,42
"2011","Cardiff 038","W02000404","Total",2786,34,141,446,620,596,577,243,98,31
"2011","Cardiff 039","W02000405","Total",2996,8,46,288,808,1028,631,130,41,16
"2011","Cardiff 040","W02000406","Total",3566,21,104,375,593,756,925,460,225,107
"2011","Cardiff 041","W02000407","Total",2637,9,68,271,635,786,590,161,76,41
"2011","Cardiff 042","W02000408","Total",3011,71,284,718,527,497,403,252,177,82
"2011","Cardiff 043","W02000409","Total",2541,10,33,210,689,657,561,209,116,56
"2011","Cardiff 044","W02000410","Total",3039,29,147,373,545,638,598,380,229,100
"2011","Cardiff 045","W02000411","Total",2703,7,51,350,447,725,708,292,83,40
"2011","Cardiff 046","W02000412","Total",2804,25,144,470,554,521,542,298,166,84
"2011","Cardiff 048","W02000422","Total",3654,70,715,1340,1137,245,65,33,32,17
"2011","Cardiff 049","W02000423","Total",4132,73,501,1236,1178,495,411,141,60,37
"2011","Rhondda Cynon Taf 001","W02000252","Total",3742,3,33,140,572,1223,1109,362,177,123
"2011","Rhondda Cynon Taf 002","W02000253","Total",2722,7,27,127,580,812,625,272,147,125
"2011","Rhondda Cynon Taf 003","W02000254","Total",3356,10,38,158,673,905,767,329,252,224
"2011","Rhondda Cynon Taf 004","W02000255","Total",2718,6,17,165,474,714,703,315,179,145
"2011","Rhondda Cynon Taf 005","W02000256","Total",4329,5,46,291,841,1673,958,292,129,94
"2011","Rhondda Cynon Taf 006","W02000257","Total",3282,2,38,215,666,1027,863,270,124,77
"2011","Rhondda Cynon Taf 007","W02000258","Total",2573,4,20,150,425,997,646,166,87,78
"2011","Rhondda Cynon Taf 008","W02000259","Total",2427,3,21,83,445,1201,474,132,42,26
"2011","Rhondda Cynon Taf 009","W02000260","Total",2640,25,35,117,545,961,632,180,86,59
"2011","Rhondda Cynon Taf 010","W02000261","Total",3362,13,30,129,545,1203,866,337,129,110
"2011","Rhondda Cynon Taf 011","W02000262","Total",2322,3,25,170,375,818,536,213,109,73
"2011","Rhondda Cynon Taf 012","W02000263","Total",2694,7,25,123,345,1050,746,226,97,75
"2011","Rhondda Cynon Taf 013","W02000264","Total",2657,10,55,123,450,1185,545,196,51,42
"2011","Rhondda Cynon Taf 014","W02000265","Total",3944,14,61,177,645,1562,1014,300,106,65
"2011","Rhondda Cynon Taf 015","W02000266","Total",3183,5,32,230,551,1066,748,261,159,131
"2011","Rhondda Cynon Taf 016","W02000267","Total",2804,8,35,118,463,1295,559,173,91,62
"2011","Rhondda Cynon Taf 017","W02000268","Total",4030,7,41,151,585,1701,965,317,178,85
"2011","Rhondda Cynon Taf 018","W02000269","Total",3598,14,44,229,513,1418,857,299,139,85
"2011","Rhondda Cynon Taf 019","W02000270","Total",2888,3,23,136,520,1093,594,270,130,119
"2011","Rhondda Cynon Taf 020","W02000271","Total",2487,2,28,121,408,962,601,198,97,70
"2011","Rhondda Cynon Taf 021","W02000272","Total",4294,14,54,254,676,1334,967,506,251,238
"2011","Rhondda Cynon Taf 022","W02000273","Total",3732,18,60,326,655,1106,963,362,170,72
"2011","Rhondda Cynon Taf 023","W02000274","Total",3921,1,23,145,446,1348,1015,424,333,186
"2011","Rhondda Cynon Taf 024","W02000275","Total",2501,5,14,138,418,849,636,246,104,91
"2011","Rhondda Cynon Taf 025","W02000276","Total",2518,1,15,120,237,674,729,364,226,152
"2011","Rhondda Cynon Taf 026","W02000277","Total",3098,19,76,267,614,874,726,300,139,83
"2011","Rhondda Cynon Taf 027","W02000278","Total",3623,3,19,65,462,623,791,643,524,493
"2011","Rhondda Cynon Taf 028","W02000279","Total",3166,5,39,112,660,938,795,331,156,130
"2011","Rhondda Cynon Taf 029","W02000280","Total",3266,6,24,111,524,1009,704,369,270,249
"2011","Rhondda Cynon Taf 030","W02000281","Total",3293,5,37,202,507,680,757,481,346,278
"2011","Rhondda Cynon Taf 031","W02000282","Total",4493,7,39,146,580,951,1024,691,553,502
"2011","Merthyr Tydfil 002","W02000284","Total",4048,13,79,212,882,1451,873,307,144,87
"2011","Merthyr Tydfil 003","W02000285","Total",3385,4,34,112,503,1024,725,421,308,254
"2011","Merthyr Tydfil 004","W02000286","Total",2966,17,99,384,555,944,564,217,115,71
"2011","Merthyr Tydfil 005","W02000287","Total",3380,11,68,133,454,1125,946,359,188,96
"2011","Merthyr Tydfil 006","W02000288","Total",3512,6,56,195,680,1329,843,221,101,81
"2011","Merthyr Tydfil 007","W02000289","Total",3316,1,19,93,474,1213,803,298,228,187
"2011","Merthyr Tydfil 008","W02000415","Total",3657,11,55,131,578,1514,931,243,113,81
"2011","Caerphilly 001","W02000290","Total",3857,3,40,317,733,1492,828,229,113,102
"2011","Caerphilly 002","W02000291","Total",3151,4,36,161,574,1147,837,242,87,63
"2011","Caerphilly 003","W02000292","Total",2432,1,19,120,513,960,534,167,68,50
"2011","Caerphilly 004","W02000293","Total",2645,1,26,129,477,1070,638,192,66,46
"2011","Caerphilly 005","W02000294","Total",2363,1,18,52,351,705,664,257,186,129
"2011","Caerphilly 006","W02000295","Total",3790,5,45,142,405,1235,1097,460,240,161
"2011","Caerphilly 007","W02000296","Total",3214,9,54,249,438,1285,762,211,119,87
"2011","Caerphilly 008","W02000297","Total",3214,0,20,96,647,1090,733,310,191,127
"2011","Caerphilly 009","W02000298","Total",2940,2,13,123,406,995,751,343,198,109
"2011","Caerphilly 010","W02000299","Total",2743,2,13,146,363,1051,726,245,106,91
"2011","Caerphilly 011","W02000300","Total",3535,3,37,179,450,1228,967,360,166,145
"2011","Caerphilly 012","W02000301","Total",3039,2,22,128,341,1126,814,314,163,129
"2011","Caerphilly 013","W02000302","Total",4114,3,65,231,561,1282,1017,502,257,196
"2011","Caerphilly 014","W02000303","Total",2948,6,36,159,486,1009,793,288,114,57
"2011","Caerphilly 015","W02000304","Total",2436,9,46,171,431,846,574,204,75,80
"2011","Caerphilly 016","W02000305","Total",2743,1,27,122,586,761,820,240,128,58
"2011","Caerphilly 017","W02000306","Total",2364,11,53,195,282,885,574,212,93,59
"2011","Caerphilly 018","W02000307","Total",2778,5,57,164,418,1067,669,244,84,70
"2011","Caerphilly 019","W02000308","Total",3760,6,19,143,548,1404,941,356,201,142
"2011","Caerphilly 020","W02000309","Total",2837,2,20,168,379,796,814,332,193,133
"2011","Caerphilly 021","W02000310","Total",2215,0,14,86,372,609,489,246,158,241
"2011","Caerphilly 022","W02000311","Total",4077,6,50,301,879,1210,1023,333,168,107
"2011","Caerphilly 023","W02000312","Total",3100,3,23,223,428,954,811,370,177,111
"2011","Caerphilly 024","W02000313","Total",4184,7,43,187,514,1088,924,661,435,325
"2011","Blaenau Gwent 001","W02000314","Total",3011,4,19,147,597,953,761,315,134,81
"2011","Blaenau Gwent 002","W02000315","Total",2457,14,35,236,524,781,507,207,94,59
"2011","Blaenau Gwent 003","W02000316","Total",3058,2,26,99,588,1315,612,200,120,96
"2011","Blaenau Gwent 004","W02000317","Total",3283,13,24,116,571,1242,907,240,98,72
"2011","Blaenau Gwent 005","W02000318","Total",3959,15,47,244,716,1621,849,237,143,87
"2011","Blaenau Gwent 006","W02000319","Total",3673,11,70,243,884,1356,705,214,115,75
"2011","Blaenau Gwent 007","W02000320","Total",3696,10,77,277,644,1415,822,231,125,95
"2011","Blaenau Gwent 008","W02000321","Total",3985,12,45,332,901,1419,801,293,107,75
"2011","Blaenau Gwent 009","W02000322","Total",3294,7,54,170,889,1134,738,178,76,48
"2011","Torfaen 001","W02000323","Total",2645,3,22,166,710,907,529,163,81,64
"2011","Torfaen 002","W02000324","Total",2938,4,25,145,589,939,740,258,111,127
"2011","Torfaen 003","W02000325","Total",2923,8,26,191,465,1030,777,259,97,70
"2011","Torfaen 004","W02000326","Total",3845,14,60,254,693,1106,989,420,177,132
"2011","Torfaen 005","W02000327","Total",2632,1,7,101,426,650,716,408,211,112
"2011","Torfaen 006","W02000328","Total",3043,3,22,154,480,808,830,406,225,115
"2011","Torfaen 007","W02000329","Total",3233,21,53,365,512,881,877,346,109,69
"2011","Torfaen 008","W02000330","Total",3314,8,43,228,527,904,911,409,183,101
"2011","Torfaen 009","W02000331","Total",2653,3,29,230,361,1007,718,212,70,23
"2011","Torfaen 010","W02000332","Total",3127,31,92,379,647,935,690,225,84,44
"2011","Torfaen 011","W02000333","Total",2611,2,22,149,351,688,742,327,198,132
"2011","Torfaen 012","W02000334","Total",2753,2,30,134,384,559,665,418,285,276
"2011","Torfaen 013","W02000335","Total",2807,3,26,124,337,610,644,404,313,346
"2011","Monmouthshire 001","W02000336","Total",3653,19,54,302,522,645,682,527,415,487
"2011","Monmouthshire 002","W02000337","Total",3316,6,60,397,580,854,740,353,183,143
"2011","Monmouthshire 003","W02000338","Total",3337,5,17,177,389,717,754,505,386,387
"2011","Monmouthshire 004","W02000339","Total",4520,19,107,404,778,1056,788,507,421,440
"2011","Monmouthshire 005","W02000340","Total",2971,3,26,99,266,470,578,496,378,655
"2011","Monmouthshire 006","W02000341","Total",3381,14,36,181,324,529,720,543,418,616
"2011","Monmouthshire 007","W02000342","Total",3780,6,23,84,263,507,652,639,629,977
"2011","Monmouthshire 008","W02000343","Total",3709,14,109,342,630,1063,866,381,186,118
"2011","Monmouthshire 009","W02000344","Total",3033,0,15,96,203,453,612,502,468,684
"2011","Monmouthshire 010","W02000345","Total",3458,4,33,251,553,829,1035,452,172,129
"2011","Monmouthshire 011","W02000346","Total",3075,3,14,135,310,486,623,600,508,396
"2011","Newport 001","W02000347","Total",3433,5,28,170,519,708,760,508,351,384
"2011","Newport 002","W02000348","Total",3363,2,19,82,477,1084,1065,435,129,70
"2011","Newport 003","W02000349","Total",3306,10,45,365,571,1742,408,107,41,17
"2011","Newport 004","W02000350","Total",2974,3,30,70,246,572,586,455,400,612
"2011","Newport 005","W02000351","Total",2715,9,51,276,422,730,745,272,135,75
"2011","Newport 006","W02000352","Total",3019,10,55,309,684,985,640,213,78,45
"2011","Newport 007","W02000353","Total",2955,7,31,127,449,780,951,337,200,73
"2011","Newport 008","W02000354","Total",2587,6,35,131,464,740,664,302,161,84
"2011","Newport 009","W02000355","Total",3386,6,19,107,301,591,797,576,528,461
"2011","Newport 010","W02000356","Total",2273,4,40,203,291,1193,382,117,27,16
"2011","Newport 011","W02000357","Total",3289,36,87,300,461,840,941,358,169,97
"2011","Newport 012","W02000358","Total",2534,23,25,103,273,260,638,455,335,422
"2011","Newport 013","W02000359","Total",4074,21,135,484,879,1336,787,233,147,52
"2011","Newport 014","W02000360","Total",2831,79,150,492,615,439,378,270,234,174
"2011","Newport 015","W02000361","Total",3977,6,30,138,619,1683,953,378,104,66
"2011","Newport 016","W02000362","Total",2605,5,28,177,493,441,575,373,282,231
"2011","Newport 017","W02000363","Total",2624,14,37,280,412,655,826,271,72,57
"2011","Newport 018","W02000364","Total",2957,57,253,584,472,639,571,243,101,37
"2011","Newport 019","W02000365","Total",3077,9,69,287,640,1298,453,168,108,45
"2011","Newport 020","W02000366","Total",3193,10,41,119,421,549,496,484,490,583
