geography code,total,1PE,1PA,1FE,1FM-0C,1FM-2C,1FM-nA,1FC-0C,1FC-2C,1FC-nA,1FL-2C,1FL-nA,1H-2C,1H-nS,1H-nE,1H-nA
E02002559,8842,334,532,710,1282,3149,734,450,439,34,539,158,288,0,4,189
E02002560,5997,261,363,456,766,1653,634,256,550,50,473,197,207,0,11,120
E02002561,5741,271,387,484,1040,1477,580,228,330,32,496,143,113,0,15,145
E02002562,6066,442,839,276,560,1148,412,336,523,48,824,196,209,2,18,233
E02002563,5463,382,391,431,745,1069,516,224,474,87,593,226,166,0,14,145
E02002564,9502,664,669,614,982,2280,833,358,884,53,1144,376,361,0,14,270
E02002565,5450,293,751,299,603,996,353,394,492,44,694,200,94,0,6,231
E02002566,6918,443,1298,228,544,1076,213,510,570,21,802,233,400,8,22,550
E02002567,7254,520,593,499,709,1399,537,288,778,45,1053,334,245,2,27,225
E02002568,5905,449,509,624,764,1930,403,202,250,9,336,109,124,2,22,172
E02002569,9095,725,336,1465,1329,2878,835,198,322,28,335,241,188,7,19,189
E02002570,8213,583,931,433,855,1514,493,444,648,74,1220,309,341,0,15,353
E02002571,6516,311,503,431,635,1473,411,304,706,67,984,205,258,0,21,207
E02002572,6312,302,622,285,535,1307,380,334,714,48,968,260,295,6,11,245
E02002573,8290,465,536,802,1246,2412,677,388,466,32,540,196,285,2,14,229
E02004290,5981,260,352,502,916,1762,763,232,381,31,369,124,166,5,0,118
E02004291,6787,459,669,479,847,1438,580,320,581,72,745,229,169,9,16,174
E02004292,7916,541,455,1010,1108,2111,744,298,406,55,489,257,267,4,21,150
E02004293,9379,803,989,646,866,1939,699,378,791,89,1052,389,359,47,29,303
E02004294,8484,433,572,788,1208,2611,975,346,450,53,424,203,219,14,15,173
E02004295,7537,416,455,657,1055,2141,697,264,420,57,702,231,176,71,21,174
E02004296,8033,456,636,603,1025,1920,779,420,641,78,690,298,246,5,17,219
E02004297,7900,460,607,639,1235,1917,771,404,534,85,570,280,212,0,22,164
E02004298,9703,545,692,911,1509,2655,904,394,562,69,652,295,245,0,52,218
E02004299,8474,535,680,677,1168,1976,801,388,667,53,784,293,280,37,8,127
E02004300,7686,559,645,590,906,1519,719,258,772,92,790,323,245,15,30,223
E02004301,8894,498,844,428,930,1807,704,412,967,89,1161,372,399,17,38,228
E02004302,7747,456,755,509,917,1489,722,366,684,95,891,307,269,30,28,229
E02004303,11457,776,1111,760,1346,2800,946,580,887,71,977,383,332,7,40,441
E02004304,8892,571,690,653,1036,2012,862,350,731,74,957,340,298,31,45,242
E02004305,8640,540,686,558,928,2084,687,342,738,62,1024,319,327,7,36,302
E02004306,5789,416,405,629,960,1332,573,218,352,62,357,201,133,4,22,125
E02004307,6570,436,507,428,846,1674,625,276,531,46,622,226,141,14,20,178
E02004308,7819,553,676,833,1441,2169,786,248,232,65,331,156,159,3,2,165
E02004309,5902,440,566,552,736,1510,458,314,299,34,419,177,163,29,35,170
E02004310,7962,458,621,609,1033,1821,816,380,635,42,774,271,215,33,32,222
E02004311,9108,531,782,713,1357,2302,750,432,580,69,805,239,284,5,16,243
E02004312,7549,508,433,1067,1261,1770,858,272,322,37,410,212,133,12,6,248
E02004313,6684,347,661,360,590,1057,433,338,462,40,711,240,255,650,10,530
E02004314,12248,1577,1685,1550,1652,1670,150,182,38,6,62,45,99,3059,16,457
E02004315,10184,419,675,742,1216,2942,667,346,482,27,375,199,251,1338,19,486
E02004316,5683,357,544,388,766,1228,594,276,423,42,483,240,145,10,24,163
E02004317,7663,531,771,554,1050,1595,735,312,572,41,766,222,284,11,20,199
E02004318,6099,385,510,486,788,1587,551,320,425,29,412,190,202,14,2,198
E02004319,7474,446,561,539,975,1976,676,376,656,51,586,205,243,5,26,153
E02004320,8956,542,562,731,1193,2301,986,384,704,68,637,308,303,8,19,210
E02004321,8345,550,711,554,870,1704,972,334,655,90,801,318,361,31,26,368
E02004322,8490,577,704,570,756,1638,733,302,807,67,1190,439,425,24,21,237
E02004323,7906,423,545,526,886,1701,905,398,740,58,737,264,271,232,10,210
E02004324,5732,327,461,467,734,1205,546,272,401,54,678,216,193,3,11,164
E02004325,8722,530,776,432,732,1776,716,338,967,89,1303,440,377,8,17,221
E02004326,6190,401,532,409,653,1411,603,240,635,50,602,259,238,0,19,138
E02004327,6374,445,605,530,710,1142,634,232,559,54,790,216,249,4,9,195
E02004328,7337,433,459,490,676,1608,825,222,721,79,938,331,363,9,12,171
E02004329,6772,322,424,572,942,1755,826,210,476,58,524,252,236,0,29,146
E02004330,5944,453,464,614,790,1219,606,234,486,95,495,211,158,0,4,115
E02004331,7085,464,566,559,801,1554,761,248,571,76,738,261,259,9,8,210
E02004332,7278,388,499,501,875,1900,806,316,639,62,625,234,198,0,16,219
E02004333,7181,454,438,616,1170,1764,840,258,506,49,471,245,178,6,19,167
E02004334,7370,452,494,501,901,1854,752,268,618,54,719,290,240,3,18,206
E02004335,6289,410,718,402,652,1165,543,244,670,34,705,286,272,8,15,165
E02004336,6876,587,672,672,826,1309,707,296,537,70,596,254,196,0,13,141
E02004337,9106,542,699,633,1239,2290,836,410,750,35,755,329,310,27,28,223
E02004338,6761,400,590,539,857,1571,669,236,627,41,663,195,187,6,4,176
E02004339,6879,430,406,717,1103,2100,629,260,325,47,345,176,149,13,28,151
E02004340,10363,814,1015,726,1136,1960,867,418,985,141,1232,418,282,0,43,326
E02004341,8417,272,524,664,1414,2718,751,372,551,81,557,166,178,0,9,160
E02004342,5967,239,505,267,525,1246,313,186,813,44,1149,236,247,13,2,182
E02004343,5527,451,412,497,615,1122,569,180,488,54,611,246,185,0,9,88
E02004344,7034,570,463,686,894,1353,771,262,563,67,633,357,171,0,31,213
E02004345,12759,886,952,1245,1978,3139,1156,556,752,102,824,362,396,8,28,375
E02004346,5241,318,354,555,939,1401,566,220,206,19,224,126,153,17,26,117
E02004347,7040,702,706,838,1042,1585,501,278,323,44,435,208,140,25,31,182
E02004348,8063,578,611,775,1381,1971,761,372,479,58,435,210,214,6,28,184
E02004349,9228,631,741,597,1035,2034,886,352,948,72,990,337,344,0,29,232
E02004350,9614,564,875,747,1481,2239,851,504,749,59,750,249,236,15,39,256
E02004351,7025,480,603,485,825,1443,585,272,613,64,863,279,261,25,19,208
E02004352,7566,464,781,548,824,1621,641,424,589,50,668,207,241,153,25,330
E02004353,7549,452,558,797,1073,2089,670,244,440,48,575,224,155,5,27,192
E02004354,8755,472,737,568,1177,2044,759,442,680,60,917,228,312,11,21,327
E02004355,7257,452,682,451,721,1469,542,284,612,97,1081,249,340,28,10,239
E02002483,9084,474,556,648,1124,2820,836,434,606,69,831,225,290,0,26,145
E02002484,10316,707,1051,456,968,1714,813,412,1228,97,1508,415,613,0,47,287
E02002485,7835,495,723,459,716,1561,571,336,924,83,1108,314,286,10,35,214
E02002487,5357,292,1005,162,462,713,263,382,484,54,834,213,174,14,16,289
E02002488,6110,332,333,590,792,1894,659,200,337,44,385,153,203,6,7,175
E02002489,7927,493,1042,354,574,1678,446,342,670,46,1096,317,453,29,22,365
E02002490,6079,348,718,318,644,1034,489,278,600,52,886,255,236,0,6,215
E02002491,6559,580,440,514,606,1337,609,208,652,56,881,276,245,0,21,134
E02002492,6684,479,543,424,764,1439,605,240,720,81,752,264,189,0,28,156
E02002493,6458,434,328,656,934,1732,751,250,427,47,439,147,181,0,13,119
E02002494,7750,439,741,447,581,1415,590,222,942,82,1459,312,319,0,18,183
E02006909,11869,676,551,1294,1822,3650,1290,358,666,61,606,286,348,5,24,232
E02002496,11646,607,1584,367,655,2420,350,330,598,50,935,332,1126,1223,29,1040
E02002497,6268,366,650,200,452,917,383,308,677,59,1269,312,366,16,50,243
E02002498,8584,402,1060,160,404,1202,323,362,534,65,1155,381,699,872,13,952
E02002499,7516,465,433,278,456,1182,678,164,925,99,1679,439,438,4,43,233
E02002500,5919,276,514,262,468,1527,453,272,402,57,564,228,464,82,24,326
E02002501,5346,293,470,199,427,1085,448,220,541,70,768,233,338,5,16,233
E02002502,9615,607,909,500,749,1625,753,280,989,146,1651,483,549,10,35,329
E02002503,6515,274,369,278,464,1421,528,254,747,103,1059,338,393,0,34,253
E02002504,9711,370,616,507,793,2855,861,488,638,111,790,314,791,75,21,481
E02002505,6254,320,373,240,382,1065,519,178,752,85,1279,385,418,0,19,239
E02002506,5932,379,586,285,409,1046,344,178,544,58,1176,315,388,9,22,193
E02002507,6027,385,293,611,657,1755,667,224,351,32,368,236,286,9,13,140
E02002508,5074,412,198,592,556,1441,570,136,265,23,233,188,261,11,26,162
E02002509,5583,340,373,336,554,1188,579,192,442,73,694,275,342,6,29,160
E02002510,5712,389,280,670,838,1353,819,164,281,46,329,172,206,4,19,142
E02002512,5305,286,247,644,704,1689,555,188,298,40,313,130,109,0,10,92
E02002513,8844,516,768,585,959,1845,707,294,873,106,1185,361,424,5,29,187
E02002514,8967,555,747,468,1000,2546,877,412,644,93,757,321,304,6,29,208
E02006811,9594,524,393,1122,1390,2943,1146,268,410,57,453,263,354,8,15,248
E02005702,6554,443,385,916,1168,1913,501,180,239,37,260,172,206,0,26,108
E02005703,6766,549,706,497,862,1585,518,332,535,70,537,203,218,0,17,137
E02005704,12408,828,745,1264,2046,2876,1235,538,890,105,824,377,352,0,37,291
E02005705,7509,510,467,914,1562,1979,533,348,362,31,247,193,169,0,27,167
E02005706,9620,736,867,740,1282,1959,697,478,871,31,860,374,332,2,53,338
E02005707,6897,508,407,939,1275,1733,446,302,345,18,347,167,234,0,29,147
E02005708,10450,898,803,1342,1900,2158,846,488,570,59,458,261,273,0,32,362
E02005709,6860,488,683,337,627,1254,384,252,926,61,1034,335,297,0,11,171
E02005710,8431,623,1083,520,912,1572,626,468,746,67,777,342,350,16,25,304
E02005711,8341,599,587,623,995,1777,643,306,885,83,1003,327,288,0,8,217
E02005712,7030,289,485,442,886,2033,664,356,511,42,714,204,242,0,9,153
E02005713,6677,225,299,565,1182,2142,807,284,378,53,332,157,124,0,18,111
E02005714,5380,67,182,280,930,2552,415,190,220,15,215,113,141,0,5,55
E02005715,8633,494,724,664,1054,1748,615,414,919,74,1004,353,330,2,11,227
E02005716,8783,444,584,502,1522,2305,668,396,747,61,704,302,240,2,27,279
E02005717,7805,643,497,891,1215,1788,792,340,447,36,480,288,211,0,14,163
E02005718,6617,412,514,741,1204,1469,760,264,323,40,354,214,150,2,20,150
E02005719,7617,446,753,660,954,1731,710,448,578,75,639,281,149,0,16,177
E02005720,12092,862,935,1158,2044,2706,905,526,933,97,908,375,352,0,23,268
E02005721,5180,358,450,428,646,1469,441,226,449,31,299,156,94,0,12,121
E02005722,7115,330,374,743,1351,2289,603,304,298,31,327,106,198,0,15,146
E02005723,6281,693,667,619,645,1278,505,246,346,37,608,252,160,0,27,198
E02005724,6146,344,227,847,1049,2015,650,134,255,19,188,114,152,0,17,135
E02005725,6516,555,324,896,836,1853,689,140,275,31,328,184,230,0,22,153
E02005726,7708,398,243,1142,1049,2677,911,194,235,16,216,131,272,0,42,182
E02005727,6398,380,388,670,1126,1652,643,328,399,33,243,186,137,0,24,189
E02005728,7102,493,516,706,1056,1559,731,290,575,60,438,232,184,0,30,232
E02005729,5620,366,358,576,906,1717,468,246,258,48,279,107,131,0,17,143
E02005730,13097,970,995,1358,1600,3535,1148,490,760,56,890,480,319,27,43,426
E02005731,10853,561,673,757,1317,3305,1112,490,648,83,881,478,298,8,24,218
E02005732,9052,651,530,1226,1444,2658,867,344,317,24,259,203,226,0,34,269
E02005733,8136,492,502,817,1328,2351,752,412,455,49,338,211,167,0,24,238
E02005734,6308,458,519,535,759,1136,504,246,585,101,760,292,205,0,8,200
E02005735,7940,417,879,400,700,1485,732,412,796,54,1064,391,333,6,9,262
E02005736,7555,442,710,484,823,1683,683,352,781,59,770,312,257,0,4,195
E02005737,7227,536,539,593,995,1662,737,264,551,63,636,285,193,0,6,167
E02005738,5067,256,309,412,788,1386,542,206,394,18,288,160,144,0,18,146
E02005739,9464,594,665,980,1408,2169,694,454,750,67,865,372,216,0,21,209
E02005740,10275,696,978,645,1204,2152,873,548,998,79,1074,336,377,0,34,281
E02005741,8518,498,520,729,1157,2544,851,302,477,73,592,269,293,0,35,178
E02002515,6810,443,961,359,617,1103,438,388,638,52,887,272,287,7,19,339
E02002516,5734,406,351,414,522,1224,588,172,646,72,715,225,197,6,12,184
E02002517,5380,411,361,422,527,1110,495,190,450,65,717,246,201,0,12,173
E02002518,10723,637,563,939,1336,3266,1151,410,784,96,735,301,297,0,25,183
E02002519,7045,579,578,592,804,1293,560,264,665,39,861,257,344,0,21,188
E02002520,13176,898,727,1590,1754,3517,1337,456,865,104,862,376,332,3,27,328
E02002521,5958,556,727,562,736,1186,383,288,365,47,489,175,195,0,21,228
E02002523,6514,282,528,180,432,1012,414,230,951,77,1552,303,320,9,8,216
E02002524,5394,257,341,486,808,1313,480,236,545,55,488,131,147,0,14,93
E02002525,8357,687,645,671,944,1532,934,380,649,76,934,319,335,6,12,233
E02002526,7454,371,505,512,1044,1923,689,320,714,63,717,197,253,3,15,128
E02002527,5177,314,491,290,586,1029,394,184,626,32,654,220,218,5,2,132
E02002529,5736,385,517,463,761,1282,615,186,445,62,525,216,121,0,7,151
E02002530,6519,441,451,599,909,1402,657,220,622,55,568,210,221,0,18,146
E02002532,6261,565,607,403,667,1228,524,358,618,74,689,201,188,0,26,113
E02002533,5758,307,305,681,941,1640,602,146,312,29,391,155,122,0,11,116
E02002534,5758,358,281,792,1074,1632,662,166,235,14,205,107,125,3,10,94
E02006812,7353,541,566,798,818,1412,814,180,548,55,879,321,218,0,15,188
E02006910,10070,625,683,806,992,2135,1105,300,799,125,1245,519,408,0,19,309
E02002535,10032,412,561,694,1446,3110,1250,404,667,106,535,254,334,3,26,230
E02002536,9595,704,602,874,950,2046,903,428,876,97,1073,391,309,3,33,306
E02002537,9013,433,621,567,651,1851,761,330,1058,129,1332,465,477,0,17,321
E02002538,5989,349,340,356,684,1562,526,206,572,80,632,234,267,0,21,160
E02002539,8793,356,355,903,1443,2840,958,316,395,48,373,236,340,5,19,206
E02002540,6286,446,347,680,996,1665,698,286,293,51,276,164,220,5,15,144
E02002541,6301,416,545,468,692,1337,484,362,531,86,606,276,223,10,22,243
E02002542,8341,444,485,413,689,1729,658,264,928,112,1212,462,631,11,12,291
E02002543,8255,429,555,369,693,1802,619,384,888,75,1310,276,520,0,34,301
E02002544,8594,629,963,570,880,1587,499,434,887,77,1185,260,389,0,22,212
E02002545,5395,275,284,508,828,1259,731,208,411,67,306,194,210,2,8,104
E02002546,7739,320,560,276,568,1658,659,310,774,61,1391,349,489,16,10,298
E02002547,6343,515,294,740,878,1623,691,198,396,45,322,194,230,0,24,193
E02002548,11233,704,1741,383,875,2084,497,628,687,81,1441,395,792,313,29,583
E02002549,7844,550,365,1000,1060,2003,947,256,375,76,474,251,275,0,19,193
E02002550,6398,356,472,566,698,1686,600,258,404,51,480,209,381,24,8,205
E02002551,6531,444,874,321,533,1050,326,380,458,49,870,240,306,351,2,327
E02002552,6814,312,363,330,728,1532,611,362,658,71,928,286,350,10,4,269
E02002553,5891,411,432,444,614,1284,400,340,521,60,599,201,328,13,18,226
E02002554,5505,309,392,397,603,1056,550,244,406,37,780,271,264,2,13,181
E02002555,9928,532,534,978,1208,3071,949,460,599,79,659,294,288,8,12,257
E02002556,7160,180,317,426,1052,2664,787,252,431,43,438,130,292,0,2,146
E02002557,13885,115,584,266,1248,6607,869,778,1178,80,1043,172,704,7,7,227
E02002558,9745,546,704,939,1581,2771,1015,414,446,40,522,256,195,2,29,285
E02001682,7853,482,498,776,1030,2046,714,344,551,56,598,260,253,0,31,214
E02001683,9134,549,661,746,1206,2418,1011,494,687,65,606,277,231,0,6,177
E02001684,6867,425,851,368,678,1100,518,446,571,70,891,368,256,17,18,290
E02001685,8256,509,647,511,687,1638,656,438,930,109,1071,377,345,0,20,318
E02001686,7099,514,535,696,972,1664,709,336,474,46,429,266,260,0,19,179
E02001688,7726,450,1147,260,688,1335,427,688,670,69,921,268,349,0,21,433
E02001689,8243,498,1013,365,647,2074,456,482,518,54,721,251,499,27,17,621
E02001690,7579,453,572,571,851,1855,702,350,652,33,706,281,268,10,13,262
E02001691,8327,390,1176,313,653,1714,490,638,612,76,755,309,400,4,14,783
E02001692,6414,272,593,278,522,1181,498,280,759,58,1036,359,324,6,7,241
E02001693,5613,482,518,358,508,923,555,236,506,42,655,344,241,0,17,228
E02001694,6565,359,425,522,768,1594,691,286,507,68,534,270,263,0,26,252
E02001695,6345,331,381,444,824,1884,753,312,411,50,426,193,178,0,21,137
E02001696,9399,654,536,696,848,1974,906,330,847,119,1274,486,409,5,29,286
E02001697,7823,475,572,608,960,2329,718,426,442,61,447,272,248,2,39,224
E02001698,7272,530,332,1121,1151,1978,860,208,282,28,300,196,142,2,13,129
E02001699,6980,494,534,605,809,1532,751,268,509,88,669,258,252,2,12,197
E02001700,10606,615,693,777,1287,2657,1216,448,818,121,898,404,340,0,22,310
E02001701,6320,503,429,641,851,1859,635,294,280,66,225,192,156,0,19,170
E02001702,8055,512,746,437,609,1487,713,280,883,76,1188,405,403,0,36,280
E02001703,5702,378,244,736,806,1534,636,174,339,35,366,159,190,0,9,96
E02001704,7156,540,718,735,605,1391,582,258,651,116,692,409,255,2,36,166
E02001705,7045,473,630,543,831,1423,726,348,570,60,717,244,251,0,17,212
E02001706,6653,430,490,475,753,1353,589,314,657,71,742,255,303,0,27,194
E02001707,8367,547,540,747,947,2031,866,310,606,79,788,347,307,0,19,233
E02006841,7487,469,1613,244,740,899,233,868,321,16,515,260,211,155,18,925
E02006842,5328,352,566,252,520,1422,395,382,333,35,409,162,224,8,10,258
E02001708,9735,464,732,524,1228,2885,1034,438,571,83,725,374,324,22,12,319
E02001709,10237,574,555,867,1302,3876,735,398,486,43,467,223,340,26,25,320
E02001710,9826,693,972,542,790,1931,782,346,913,81,1319,468,499,37,42,411
E02001711,9703,605,773,650,802,2069,799,380,896,131,1364,449,503,4,10,268
E02001712,9924,597,882,609,1111,2916,535,670,393,16,433,238,281,453,7,783
E02001713,10492,667,800,757,1137,3651,669,502,431,39,461,301,390,109,16,562
E02001714,9817,488,652,633,1158,3433,889,474,473,56,397,224,378,43,26,493
E02001715,11323,573,949,474,920,2793,798,486,1120,104,1502,464,622,31,18,469
E02001718,5655,396,450,339,481,1144,451,216,658,84,690,279,273,2,15,177
E02001719,9339,599,638,693,929,2404,857,476,605,95,541,289,417,194,24,578
E02001720,9726,271,632,229,443,1096,271,374,117,18,81,75,202,4713,12,1192
E02001721,10261,688,896,873,1118,2237,965,488,796,78,1006,386,376,2,35,317
E02001722,9667,723,617,900,892,1962,943,318,866,88,1272,411,382,19,20,254
E02001723,6368,336,451,286,488,1521,396,286,542,54,850,259,488,67,18,326
E02001724,9211,375,994,261,479,832,165,632,118,13,124,62,160,3557,9,1430
E02001725,10336,467,1315,233,503,921,249,800,356,24,497,220,219,1871,12,2649
E02001726,11839,740,894,625,895,3080,946,378,911,100,1142,462,763,333,41,529
E02001727,8530,629,772,608,840,1914,956,314,683,119,750,352,294,25,17,257
E02001728,9734,552,785,665,1067,2172,884,428,800,74,1190,365,408,11,27,306
E02001729,12296,568,1396,466,732,3034,330,294,361,31,670,194,1183,1156,30,1851
E02001730,12926,973,2117,685,1019,1210,189,724,404,35,508,229,183,2875,46,1729
E02001731,12281,774,2734,476,748,1415,218,730,329,37,793,209,337,2297,40,1144
E02001732,5031,345,408,240,486,1026,430,168,422,63,760,197,251,10,10,215
E02001733,11885,693,1809,445,892,1717,680,686,909,110,1885,520,645,132,39,723
E02001734,7663,457,675,333,621,1460,603,290,702,89,1169,316,491,36,33,388
E02001735,6614,441,566,257,395,1069,472,168,774,104,1374,347,332,6,24,285
E02001736,12990,570,1418,318,754,3679,485,298,802,80,1306,373,1515,323,18,1051
E02001737,6054,417,1004,278,384,782,351,262,565,69,1079,280,313,18,19,233
E02006893,10714,855,531,1344,1383,2698,1382,320,585,78,605,358,288,8,30,249
E02001738,5625,438,217,964,860,1728,621,90,118,19,176,136,135,0,26,97
E02001739,7508,430,623,534,1014,1756,661,332,556,59,749,308,264,0,18,204
E02001740,5789,292,239,500,720,2271,542,142,288,21,301,135,179,0,2,157
E02001741,6967,640,486,887,977,1642,641,296,356,24,449,266,153,0,34,116
E02001742,6037,387,405,536,728,2069,560,212,273,37,365,229,124,0,18,94
E02001743,7569,363,818,339,863,2155,499,436,438,66,536,253,340,6,11,446
E02001744,6531,396,519,475,809,1604,569,346,532,64,679,203,186,0,4,145
E02001745,6357,318,517,337,799,1494,636,264,578,67,766,225,198,2,13,143
E02001746,8334,580,590,586,856,2381,664,348,547,73,813,319,326,0,19,232
E02001747,6180,613,368,822,782,1671,629,198,278,29,296,226,112,0,21,135
E02001748,7532,358,530,415,981,2084,454,452,635,70,789,247,225,8,34,250
E02001749,6161,353,540,491,815,1654,606,300,448,34,370,192,159,0,30,169
E02001750,6636,491,334,676,860,1940,667,196,331,53,453,236,213,0,13,173
E02001751,6039,442,446,537,721,1420,500,252,463,57,585,249,158,2,19,188
E02001752,6281,378,531,470,634,1327,466,222,564,66,923,293,229,0,11,167
E02001753,6304,545,859,466,844,1375,392,452,254,57,403,227,151,0,20,259
E02001754,6025,448,652,548,762,1542,524,384,336,36,318,124,125,2,25,199
E02001755,7985,499,684,584,972,2492,666,416,480,62,526,208,206,3,14,173
E02001756,9258,627,974,440,874,1784,601,736,699,110,1138,394,414,11,27,429
E02001757,5918,453,471,687,765,1347,603,210,268,59,531,198,177,0,6,143
E02001758,5599,233,471,306,794,1287,688,236,467,56,564,160,171,0,8,158
E02001759,6294,451,1075,402,710,1132,480,500,353,51,472,202,159,2,10,295
E02001760,7775,411,853,353,551,1371,562,308,793,85,1457,351,369,10,6,295
E02001761,5397,401,409,497,669,1057,609,236,444,42,543,170,177,2,11,130
E02001762,5588,274,445,338,758,1369,798,258,342,33,434,209,161,0,9,160
E02001763,6307,435,620,359,609,1253,542,322,587,81,742,309,214,0,10,224
E02001764,7559,490,1355,322,734,1270,412,466,739,58,1066,181,225,0,13,228
E02001765,7281,480,758,290,724,1433,481,414,709,65,1163,243,287,0,2,232
E02001766,6927,308,972,266,692,1366,463,508,593,51,862,194,308,2,32,310
E02001767,7038,474,881,392,752,1455,532,404,454,66,661,337,251,9,11,359
E02001768,8446,490,1076,461,787,1773,653,504,422,65,986,305,597,15,14,298
E02001769,7396,558,1528,280,564,1105,431,340,423,57,989,384,260,87,13,377
E02001770,6552,449,843,474,724,1432,595,370,359,42,526,218,208,73,25,214
E02001771,6405,495,426,624,640,1376,656,184,455,47,851,272,228,10,9,132
E02001772,5412,350,516,461,513,1187,555,270,319,36,628,232,136,20,28,161
E02001773,5457,401,244,610,784,1501,701,140,270,37,288,180,142,6,18,135
E02001774,5495,314,754,241,653,1031,476,246,416,60,628,262,210,3,14,187
E02001775,5637,488,347,358,457,1287,562,134,516,85,749,299,161,0,26,168
E02001776,8387,466,813,423,767,1807,838,402,685,100,1027,410,342,23,25,259
E02001777,6330,382,705,347,693,1717,576,338,423,58,572,213,157,2,12,135
E02001778,6152,380,853,334,575,1127,478,264,418,79,879,286,219,0,22,238
E02001779,5449,394,622,310,568,1068,476,156,374,38,723,247,203,0,24,246
E02001780,5194,379,350,440,578,967,652,162,344,70,621,239,198,15,13,166
E02001781,5419,429,561,325,455,911,484,172,440,72,854,314,219,0,26,157
E02001782,8656,698,566,731,863,1664,850,242,668,94,1103,535,356,0,31,255
E02001783,6679,369,600,378,556,1244,512,192,682,70,1249,397,257,0,8,165
E02001784,6837,495,451,487,661,1482,744,168,530,104,843,383,267,7,35,180
E02001785,7902,703,462,696,972,1956,827,208,476,61,710,341,235,0,26,229
E02001786,7015,531,584,510,662,1447,805,202,494,63,804,448,274,0,36,155
E02001787,5623,321,404,380,684,1241,620,158,401,52,737,264,226,0,6,129
E02001788,5899,315,523,328,718,1431,666,226,447,65,634,214,184,0,15,133
E02001789,5829,388,220,738,798,1825,780,166,191,31,222,172,144,2,14,138
E02001790,5956,480,312,604,684,1659,616,236,359,41,417,263,176,7,6,96
E02001791,5788,371,228,637,669,1815,823,186,259,54,297,188,136,2,15,108
E02001792,7133,542,405,823,902,2077,787,226,325,59,350,256,195,7,8,171
E02001793,8383,604,825,489,599,1315,732,308,1009,107,1308,468,393,12,13,201
E02001794,8674,511,720,578,770,1412,858,252,962,90,1297,566,380,6,28,244
E02001795,7585,582,843,448,740,1259,708,298,671,87,935,408,337,5,12,252
E02001796,9277,652,1183,726,932,1763,918,454,532,57,655,410,336,204,35,420
E02001797,5851,253,430,521,917,1615,693,242,323,31,273,182,201,14,20,136
E02001798,8260,534,500,494,858,1875,915,242,828,84,849,431,402,5,17,226
E02001799,10004,539,956,491,887,1674,911,410,1332,119,1520,453,440,2,17,253
E02001800,7275,334,435,375,993,1763,821,316,691,109,695,290,299,2,6,146
E02001801,6623,452,712,354,584,1665,438,224,306,67,640,263,372,277,6,263
E02001802,6302,342,423,300,450,971,627,222,674,97,980,397,517,15,15,272
E02001803,8644,590,1819,401,705,1002,366,572,308,37,597,251,351,883,19,743
E02001804,6457,383,440,472,650,1275,732,266,614,85,728,309,262,4,24,213
E02001805,5858,410,380,625,681,1211,791,140,382,70,447,262,281,17,19,142
E02001806,8565,605,1454,356,602,1269,499,398,569,58,1098,360,586,166,37,508
E02001807,7297,305,526,453,941,1806,790,266,641,81,793,241,269,6,15,164
E02001808,6058,292,487,380,460,1671,521,212,326,33,405,225,381,306,25,334
E02001809,6559,380,429,592,964,1502,850,250,426,58,550,183,196,0,13,166
E02001810,8582,305,762,391,1205,2126,1034,414,700,78,707,375,322,10,15,138
E02001811,9184,625,740,622,774,1693,876,358,947,148,1182,463,503,8,22,223
E02001812,10468,679,513,1164,1476,2903,1312,306,377,71,418,284,462,145,41,317
E02001813,10093,554,856,529,703,1919,952,328,1099,158,1482,582,547,38,33,313
E02001814,6407,393,508,428,524,1590,714,278,478,64,633,277,276,45,15,184
E02001815,10328,413,552,770,1632,2771,1448,370,682,72,626,322,431,5,8,226
E02001816,6913,663,692,514,712,1232,616,290,565,45,760,348,253,12,23,188
E02001817,6290,442,457,425,579,1425,741,222,523,97,671,282,246,34,16,130
E02001818,8435,487,563,602,820,2181,852,332,688,91,859,339,391,9,22,199
E02001819,6941,458,383,822,984,1887,1009,212,286,39,298,216,201,21,16,109
E02001820,8528,490,553,583,953,2372,898,240,738,85,863,344,207,0,13,189
E02001821,5948,280,340,393,693,1763,853,190,369,45,408,229,220,13,10,142
E02001822,7597,358,545,486,964,2030,892,324,660,34,599,241,230,7,20,207
E02001823,7129,409,500,515,831,1638,772,228,766,69,661,319,259,0,11,151
E02001824,8406,607,521,797,1035,1885,857,286,672,106,777,347,293,6,15,202
E02001825,7065,582,526,730,902,1421,887,250,529,84,509,281,201,2,17,144
E02001826,6599,423,527,427,761,1311,634,254,743,65,847,236,220,4,18,129
E02002615,9298,568,724,750,968,2587,742,260,512,88,835,310,547,0,50,357
E02002616,8617,295,376,524,870,3433,655,172,270,24,409,200,1012,6,30,341
E02002617,8913,262,368,174,410,4065,565,86,250,22,754,241,1353,2,9,352
E02002618,7543,193,347,152,394,3294,575,46,124,11,415,210,1416,2,14,350
E02002619,8784,363,753,248,520,3073,540,172,394,53,600,252,1333,2,13,468
E02002620,8465,464,1004,242,538,2647,497,150,355,38,765,208,1020,14,16,507
E02002621,8381,215,517,134,344,3727,591,60,266,18,645,271,1168,18,6,401
E02002622,10137,458,901,364,624,2403,593,274,1027,90,1706,427,808,3,32,427
E02002623,10066,548,1244,372,682,1812,607,508,1122,96,1545,360,634,11,24,501
E02002624,8121,481,348,943,1091,2320,975,242,469,44,422,246,357,6,15,162
E02002625,9930,400,854,355,803,2636,666,378,1009,146,1338,336,643,0,20,346
E02002626,7216,385,580,531,747,1449,675,244,745,101,995,318,283,2,8,153
E02002627,7703,183,449,322,910,2779,618,344,772,63,494,223,283,0,14,249
E02002628,7056,455,679,505,757,1402,577,322,610,76,785,286,348,2,18,234
E02002629,5783,310,608,313,531,1009,402,254,551,48,955,212,335,0,12,243
E02002630,6106,286,644,322,522,1243,474,340,675,57,805,216,295,0,10,217
E02002631,9101,454,751,545,1097,2393,840,464,826,114,700,263,358,0,13,283
E02002632,6269,259,371,546,1066,1833,670,284,335,29,257,147,249,0,6,217
E02002633,7808,755,562,923,927,1672,646,218,513,44,658,312,256,0,37,285
E02002634,8256,810,778,877,971,1608,581,320,592,78,706,307,337,0,28,263
E02002635,7996,732,698,976,918,1597,666,308,521,57,545,249,360,0,37,332
E02002636,8374,523,682,632,850,1670,645,370,759,92,991,348,423,6,31,352
E02002637,6189,376,409,579,675,1351,515,250,486,86,599,232,281,0,37,313
E02002638,6406,487,1338,353,561,976,293,292,369,54,531,142,479,6,31,494
E02002639,5770,401,813,202,402,915,274,230,639,40,966,294,373,0,18,203
E02002640,7317,441,1125,229,485,1052,301,344,731,76,1201,303,540,3,40,446
E02002641,8268,475,723,526,756,1764,611,418,772,117,938,306,418,36,35,373
E02002642,7081,603,1638,387,559,812,237,376,500,33,710,208,444,66,18,490
E02002643,7502,400,852,358,546,1202,426,332,724,68,1153,365,505,46,44,481
E02002644,8035,515,633,558,784,1762,772,360,787,85,779,297,339,0,36,328
E02002645,5777,451,1370,321,525,732,187,302,305,21,507,184,416,22,23,411
E02002646,7102,547,756,560,698,1118,434,318,641,73,913,351,384,2,29,278
E02002647,8203,542,750,437,697,1375,505,354,934,80,1214,346,498,24,35,412
E02002648,7329,469,561,451,673,1300,483,342,857,92,1141,340,303,0,25,292
E02002649,8587,653,892,698,810,1859,645,310,553,91,752,291,547,0,33,453
E02002650,7983,625,496,842,952,1513,724,332,632,67,793,285,364,7,17,334
E02002651,8082,694,534,741,873,1789,709,314,648,51,618,356,392,0,33,330
E02003811,5893,305,238,770,974,1978,624,164,232,38,179,96,141,0,11,143
E02003812,5605,393,266,659,827,1816,546,166,230,34,308,126,99,8,11,116
E02003813,6248,374,475,520,908,1623,759,266,378,53,375,158,166,0,17,176
E02003814,7347,265,459,354,874,2511,537,390,629,63,671,180,197,0,7,210
E02003815,6818,330,557,564,772,1577,628,276,684,57,730,213,213,0,15,202
E02003816,6823,468,738,568,826,1564,565,456,427,58,562,183,130,0,14,264
E02003817,7029,476,384,803,987,2217,750,238,304,43,376,156,155,0,10,130
E02003818,5812,319,322,617,919,1861,668,242,259,27,237,115,93,0,15,118
E02003819,5748,413,329,747,903,1570,597,218,215,37,327,123,121,0,9,139
E02003820,6792,262,477,429,725,2526,528,358,480,39,495,143,156,3,8,163
E02003821,5436,470,412,551,743,1316,498,254,352,49,344,178,130,0,10,129
E02003822,10634,586,608,1170,1748,2899,1163,438,507,47,550,274,331,0,23,290
E02003823,6525,533,434,844,808,1636,569,232,374,37,490,212,195,2,12,147
E02003824,5250,359,309,505,673,1653,506,188,282,22,357,139,106,0,13,138
E02003825,6800,125,460,204,854,2547,633,370,592,58,382,136,254,0,2,183
E02003826,7513,421,476,392,698,1725,456,310,922,69,971,322,391,6,10,344
E02003827,8707,489,861,490,730,1595,518,434,1014,69,1176,351,446,10,18,506
E02003828,6713,340,519,389,635,1444,505,330,751,78,906,229,303,4,19,261
E02003829,6436,593,563,820,984,1420,524,254,319,35,307,146,136,139,21,175
E02003830,7294,353,830,276,616,1587,460,484,720,50,859,265,336,42,13,403
E02003831,9062,427,427,761,1368,2927,980,374,471,63,506,221,277,8,11,241
E02003832,6008,251,553,238,440,1239,377,252,519,65,559,206,419,269,10,611
E02003833,6374,391,339,450,666,1899,587,238,497,63,499,283,257,0,16,189
E02003834,6737,263,581,267,561,1505,512,350,655,59,884,203,344,100,32,421
E02003835,7853,439,311,1117,1187,2473,955,260,330,36,262,179,120,0,9,175
E02003836,6898,732,725,696,840,1341,507,408,395,34,493,227,146,13,24,317
E02003837,12035,476,661,855,1727,4492,896,470,633,63,622,197,479,13,36,415
E02003838,6104,445,353,728,920,1494,645,298,366,24,374,173,152,0,5,127
E02003839,7066,550,652,737,828,1712,442,414,454,68,535,215,198,2,23,236
E02003840,10043,562,442,1092,1636,3129,1072,366,462,59,402,274,228,0,29,290
E02003853,5688,341,370,616,838,1595,608,262,281,30,254,153,161,0,7,172
E02003854,6402,409,275,688,836,2127,673,158,259,22,422,270,125,0,26,112
E02003855,6614,471,321,889,929,1997,786,170,233,32,262,209,169,0,40,106
E02003856,10241,715,1194,735,985,2537,763,452,733,70,881,425,362,0,20,369
E02003857,6396,283,480,418,796,1944,513,326,416,43,467,222,243,0,6,239
E02003858,6605,476,476,661,811,2233,460,324,231,31,303,150,190,0,15,244
E02003859,11807,810,836,1417,1855,3446,1005,524,438,46,424,234,367,15,45,345
E02003860,6990,404,331,765,776,2748,526,248,266,48,356,184,161,0,15,162
E02003861,6418,449,525,642,710,1682,406,278,402,35,603,248,188,0,6,244
E02003862,5128,352,216,811,767,1715,426,112,170,10,178,103,138,0,8,122
E02003863,6773,532,413,768,902,2256,522,242,278,31,317,153,149,6,14,190
E02003864,8026,668,722,947,988,2351,622,332,287,31,410,168,232,0,12,256
E02003865,7593,480,673,590,1064,2197,596,442,421,57,458,229,176,0,18,192
E02003866,5961,297,272,522,824,2408,558,166,256,39,228,105,134,2,12,138
E02003867,7544,348,577,458,884,2590,572,312,456,58,676,239,159,0,16,199
E02003868,8257,590,887,542,938,1951,582,504,648,49,706,320,198,13,20,309
E02003869,7020,421,526,673,986,2168,733,326,323,45,268,221,125,4,16,185
E02003870,10288,604,1482,491,1029,2222,636,998,747,90,796,321,279,19,21,553
E02003871,6996,512,446,536,728,1725,597,256,659,58,693,315,191,0,30,250
E02003872,9657,603,510,1311,1527,2787,1028,326,315,38,355,261,296,6,32,262
E02003873,6120,324,619,309,589,1244,358,330,612,75,855,283,263,8,11,240
E02003794,8609,422,571,710,1222,2627,839,402,434,42,519,228,324,0,6,263
E02003795,5595,332,229,540,830,1767,583,160,261,43,296,155,198,3,13,185
E02003796,7178,619,453,783,709,1824,591,228,471,64,628,325,231,9,25,218
E02003797,9547,554,744,831,1139,2989,707,480,435,51,466,231,234,221,23,442
E02003798,6060,288,472,250,510,1259,549,208,658,59,916,273,355,10,11,242
E02003799,7039,422,660,475,593,1382,642,218,699,73,906,348,314,16,10,281
E02003800,6273,373,260,782,890,2164,613,180,224,24,268,156,166,4,17,152
E02003801,7019,415,353,638,730,2155,823,250,389,50,444,226,253,4,9,280
E02003802,8051,606,1498,368,816,996,239,892,309,19,384,225,193,227,30,1249
E02003803,8909,535,1424,412,716,813,256,742,215,23,252,164,154,2094,26,1083
E02003804,6773,476,724,387,653,1599,398,578,421,61,503,215,169,62,26,501
E02003805,6195,410,280,704,888,2066,631,202,184,17,310,130,211,24,5,133
E02003806,5942,399,321,558,704,2074,567,254,196,23,323,170,150,2,12,189
E02003807,8181,669,635,1012,1096,2101,682,434,350,23,393,239,209,0,23,315
E02003808,6419,261,600,290,730,1638,461,334,626,60,755,205,224,6,12,217
E02003809,7496,401,369,812,1036,2319,771,272,355,41,406,219,227,3,32,233
E02003810,7973,526,477,853,1141,2310,799,324,371,24,357,260,274,5,18,234
E02003841,7636,612,551,800,996,1883,720,288,430,35,526,261,177,86,30,241
E02003842,5332,403,280,742,878,1491,554,206,141,30,150,127,146,24,7,153
E02003843,5852,400,442,585,689,1271,616,218,320,56,568,255,231,0,13,188
E02003844,6772,469,355,734,906,1727,793,232,397,48,393,213,162,87,15,241
E02003845,8128,513,1116,293,649,1397,457,524,934,81,1148,309,348,0,14,345
E02003846,6781,450,526,375,499,1339,497,278,733,103,1197,325,302,0,21,136
E02003847,9625,371,450,742,1336,3393,1311,336,525,65,455,224,194,8,15,200
E02003848,5113,277,364,381,517,1089,523,134,391,73,744,267,177,0,24,152
E02003849,6855,416,641,373,577,1279,603,240,687,72,995,278,361,4,25,304
E02003850,5351,322,264,488,678,1406,627,192,359,42,427,230,163,0,6,147
E02003851,5891,325,246,550,779,1826,782,186,300,23,321,173,229,0,5,146
E02003852,6870,316,353,644,882,2169,925,276,313,20,362,190,197,0,15,208
E02003874,9077,667,609,986,1204,2429,862,348,480,46,616,312,239,0,34,245
E02003875,6414,316,289,710,1096,1879,741,228,274,50,181,163,237,8,19,223
E02003876,5614,323,372,399,738,1469,568,258,439,45,435,171,203,0,9,185
E02003877,9214,576,461,1016,1341,3005,858,416,373,54,419,234,240,0,24,197
E02003878,8009,405,482,735,1167,2258,849,348,454,51,461,231,280,0,16,272
E02003879,6270,323,662,319,619,1369,444,418,686,56,615,205,236,2,11,305
E02003880,6391,457,375,570,764,1478,630,268,549,71,484,259,293,0,34,159
E02003881,6069,259,700,288,732,1349,540,352,521,37,525,180,250,2,20,314
E02003882,9513,539,627,532,974,2392,837,350,924,125,954,375,429,11,34,410
E02003883,9893,352,626,813,1290,3859,850,438,494,34,577,186,180,6,18,170
E02003884,7897,449,402,1042,1298,2388,761,242,341,27,346,198,195,4,15,189
E02003885,5646,336,315,557,890,1728,580,220,324,16,293,150,120,0,6,111
E02003886,6647,268,399,359,729,1821,530,234,770,62,736,248,247,2,8,234
E02003887,6137,220,350,378,838,1946,608,214,459,41,491,157,241,0,18,176
E02003888,6124,377,499,373,639,1444,620,300,493,71,617,264,204,4,12,207
E02003889,5643,310,352,390,442,1216,455,154,679,68,812,247,291,0,21,206
E02003890,5930,250,372,329,753,1486,532,294,588,55,616,198,218,0,7,232
E02003891,5655,371,300,662,936,1699,579,174,239,17,253,135,152,0,23,115
E02002574,7137,357,416,678,950,2106,878,290,419,47,417,212,175,0,12,180
E02002575,9666,265,522,542,1196,3598,1214,410,583,57,538,174,350,0,13,204
E02002576,7369,510,614,466,732,1661,795,336,659,93,764,303,228,2,16,190
E02002577,7495,495,668,420,572,1378,690,270,654,71,1119,389,454,2,42,271
E02002578,7725,496,465,440,716,1925,877,200,672,94,741,415,356,2,19,307
E02002579,7805,434,522,438,632,1611,829,252,794,99,1179,398,354,0,22,241
E02002580,7512,407,904,312,484,1074,603,404,947,93,1249,394,251,2,30,358
E02002581,7353,371,481,657,899,1675,921,324,583,54,555,306,276,0,20,231
E02002582,8192,212,329,352,1326,3068,762,354,569,88,436,149,335,0,9,203
E02002583,6851,354,812,286,570,937,598,224,692,94,1158,420,413,0,14,279
E02002584,7460,428,492,463,799,1845,854,220,651,81,820,288,291,2,12,214
E02002585,10492,613,1173,528,1076,2052,799,708,935,54,1319,406,342,2,20,465
E02002586,9816,524,829,449,751,1919,808,256,1086,72,1759,458,586,5,32,282
E02002587,6925,260,549,232,854,1238,568,252,715,63,1355,320,304,0,5,210
E02002588,7500,380,709,340,804,1445,701,204,690,85,1243,357,289,0,10,243
E02002589,6448,290,323,650,1184,1683,986,222,291,43,259,169,177,2,10,159
E02002590,7215,549,500,917,977,2356,545,218,306,25,312,178,157,2,15,158
E02002591,6435,440,361,660,892,1835,460,226,415,86,464,164,262,0,14,156
E02002592,6348,382,349,655,813,1949,593,236,406,30,371,227,148,8,14,167
E02002593,5236,271,467,394,690,1308,504,320,285,45,450,159,133,20,4,186
E02002594,5465,230,673,186,678,1335,402,256,469,41,546,195,256,0,12,186
E02002595,7920,423,711,346,526,1696,590,318,996,120,1317,286,336,0,23,232
E02002596,8503,465,586,688,1346,2073,994,348,490,77,547,306,262,63,7,251
E02002597,9001,452,765,421,757,1794,683,336,1072,108,1620,434,281,14,8,256
E02002598,7690,144,446,156,912,3309,716,466,504,22,482,116,253,0,0,164
E02002599,10910,276,666,509,1327,4417,1053,424,637,30,601,245,487,0,16,222
E02002600,9183,605,802,602,732,1906,766,482,932,107,1079,383,353,18,30,386
E02002601,7931,491,373,814,982,2258,915,270,462,65,551,266,220,13,11,240
E02002602,7345,316,811,231,571,1656,375,364,867,70,1064,267,389,9,27,328
E02002603,7156,353,300,514,1104,2271,949,260,347,57,345,213,240,4,2,197
E02002604,7693,371,406,740,1096,2521,831,288,401,54,403,178,244,0,16,144
E02002605,9234,341,563,532,1170,2636,952,382,789,74,867,323,339,0,2,264
E02002606,10174,473,1617,362,904,1674,461,922,964,91,1134,296,450,13,3,810
E02002607,9964,653,1279,668,986,1858,658,756,739,69,896,398,360,8,25,611
E02002608,8543,509,399,1116,1096,2537,881,290,449,64,426,291,245,11,23,206
E02002609,8134,467,994,355,595,1656,558,576,817,94,1040,316,301,0,19,346
E02002610,12350,637,812,1118,1491,4575,827,540,570,59,816,276,330,7,12,280
E02002611,7952,461,375,792,950,2809,745,278,400,55,498,223,205,0,19,142
E02002612,9352,689,602,746,1044,3206,761,428,536,67,516,321,155,0,26,255
E02002613,6398,302,332,588,946,2548,545,194,231,37,237,158,150,0,14,116
E02002614,6096,270,156,718,1000,2477,652,104,165,6,200,113,111,0,10,114
E02003965,10902,809,747,1116,1540,2923,1087,328,644,103,636,294,305,0,66,304
E02003966,7063,405,394,791,1209,2083,743,228,289,38,202,187,250,0,20,224
E02003967,8285,507,512,729,1325,2195,763,348,545,64,511,249,325,0,17,195
E02003968,8619,539,623,845,1205,2159,809,330,622,96,510,258,304,0,29,290
E02003969,6690,432,535,436,694,1472,616,226,747,52,710,305,248,0,20,197
E02003970,7750,530,600,676,1184,2495,592,358,281,22,416,198,175,0,17,206
E02003971,8021,546,490,817,1255,2261,684,292,368,54,483,248,221,0,18,284
E02003972,9232,621,777,708,1116,2341,965,374,741,60,729,247,301,0,22,230
E02003973,8751,612,999,484,870,1593,740,392,891,52,1187,419,227,0,36,249
E02003974,7796,523,594,727,955,1712,804,250,569,73,869,294,231,0,26,169
E02003975,6455,362,444,705,1101,1709,609,246,416,31,244,207,191,13,23,154
E02003976,6858,608,554,920,992,1573,485,254,299,26,322,178,213,2,70,362
E02003977,6407,369,369,470,808,1948,671,280,398,36,466,190,207,0,17,178
E02003978,5935,366,462,549,785,1570,544,244,448,48,474,187,99,6,11,142
E02003979,7709,680,318,1229,1258,2130,816,192,315,26,206,185,196,2,9,147
E02003980,6705,443,831,326,674,1244,478,308,793,41,895,274,178,0,11,209
E02003981,6829,410,609,423,713,1861,635,328,555,49,582,207,202,3,19,233
E02003982,7594,427,449,666,1176,2258,781,244,465,53,520,188,196,0,15,156
E02003983,7733,458,785,352,630,1461,689,332,894,72,1071,404,329,0,17,239
E02003984,6908,486,1203,283,525,983,359,312,728,54,1131,210,246,8,37,343
E02003985,6679,570,531,650,856,1493,604,282,534,45,496,214,219,6,12,167
E02003986,6588,473,839,513,843,1370,595,292,530,46,549,231,150,0,9,148
E02003987,6056,373,447,500,884,1495,750,276,289,47,276,245,191,6,20,257
E02003988,6629,453,548,644,930,1788,505,258,359,40,437,239,220,0,21,187
E02003989,7609,530,474,761,898,2100,840,274,510,44,476,281,168,14,21,218
E02003990,9757,611,668,1069,1435,2987,802,464,473,62,475,247,217,15,13,219
E02003991,7721,396,376,736,1368,2320,916,264,349,46,357,193,188,5,17,190
E02003992,8594,662,1414,442,801,1483,515,486,456,39,513,288,302,609,21,563
E02003993,8582,532,479,864,1456,2464,937,306,364,31,363,274,231,0,24,257
E02003994,7515,544,914,481,773,1498,505,404,587,53,773,279,273,66,33,332
E02003995,9494,754,999,717,935,2031,791,496,757,97,994,383,289,0,28,223
E02003996,9698,533,1499,338,956,1848,576,714,897,76,793,325,331,187,29,596
E02003997,9581,584,979,469,907,2040,537,378,1126,109,1406,379,379,7,19,262
E02003998,6908,445,567,449,645,1474,574,252,726,61,967,303,273,5,19,148
E02003999,9380,617,595,1034,1472,2648,923,380,469,40,407,241,247,0,46,261
E02004000,5506,271,376,460,754,1390,590,220,404,43,450,149,191,0,23,185
E02004001,5612,493,726,430,624,1186,495,288,276,54,290,220,222,2,36,270
E02004002,10332,501,686,849,1427,3204,993,404,682,67,603,289,313,0,41,273
E02004003,12019,651,1011,875,1621,3087,1160,500,833,97,869,425,432,13,76,369
E02004004,9398,542,666,531,1047,2074,993,354,887,99,1055,414,391,2,42,301
E02004005,8194,469,676,679,989,2149,792,324,588,54,644,289,275,0,45,221
E02004006,9044,556,600,1064,1554,2417,809,350,452,67,307,193,375,6,31,263
E02004007,10498,811,799,1043,1537,2448,1062,360,763,70,594,327,329,0,43,312
E02004008,6394,371,450,589,1020,1768,620,288,361,26,297,136,229,10,25,204
E02004009,6078,371,347,622,1004,1911,611,256,232,18,205,141,179,26,17,138
E02004010,7119,546,840,467,691,1618,463,400,484,30,588,267,192,85,20,428
E02004011,9815,711,641,1180,1449,2547,812,362,657,39,483,280,247,13,50,344
E02004012,5666,409,347,727,1017,1350,449,212,301,28,234,125,181,14,16,256
E02004013,9903,651,702,1034,1559,2721,912,376,550,44,503,245,288,0,51,267
E02004014,7589,466,496,837,1167,2047,746,310,378,32,354,213,244,0,26,273
E02004015,6494,806,625,906,1036,1162,344,294,274,26,256,140,191,55,35,344
E02004016,8401,695,665,983,1103,2059,500,428,536,29,498,227,248,2,34,394
E02004017,8391,553,777,701,1169,2025,633,444,554,66,542,254,275,0,22,376
E02004018,8147,571,1014,470,886,1821,488,502,654,65,694,239,293,7,36,407
E02004019,7993,531,412,903,1309,2419,713,326,394,32,287,176,204,0,26,261
E02004020,8283,540,564,765,1197,2528,666,324,540,38,430,211,200,0,27,253
E02004021,5276,384,407,695,1035,1202,395,256,223,33,181,107,115,0,12,231
E02004022,5575,371,330,654,1034,1222,543,248,282,24,205,141,203,0,21,297
E02004023,6245,633,616,876,1084,1505,410,242,224,23,218,112,135,0,46,121
E02004024,7185,433,354,1046,1256,2080,643,294,293,39,203,147,146,0,43,208
E02004025,8073,697,552,1209,1361,1887,516,332,423,25,346,162,235,0,51,277
E02004026,8022,630,868,647,967,1974,517,392,511,60,638,269,182,8,20,339
E02004027,7814,871,517,1324,1310,1597,533,282,288,32,310,191,208,0,36,315
E02004028,7759,533,414,1050,1375,2099,766,282,387,33,276,197,148,0,27,172
E02000984,7782,266,402,703,1127,2636,866,320,440,46,416,160,252,2,8,138
E02000985,7569,474,322,900,988,2318,782,244,414,51,443,242,243,2,21,125
E02000986,8365,506,672,750,912,2390,719,450,529,43,544,259,303,11,17,260
E02000987,7195,532,714,496,748,1533,507,410,692,70,736,329,215,0,31,182
E02000988,8407,474,779,385,611,2274,605,312,639,78,807,318,768,20,14,323
E02000989,8242,609,400,1076,1122,2239,923,308,423,50,406,242,257,8,8,171
E02000990,7636,369,505,508,1044,2130,687,418,656,63,480,272,274,2,13,215
E02000991,7682,446,576,534,876,2156,694,368,581,75,554,267,334,6,12,203
E02000992,5781,347,379,570,804,1463,523,300,406,36,389,181,205,2,16,160
E02000993,7142,407,757,226,482,1359,397,292,870,90,1205,319,403,11,25,299
E02000994,7914,460,932,206,462,2278,429,234,566,34,919,297,788,4,26,279
E02000995,8163,532,512,661,815,2215,654,280,745,61,781,339,308,3,26,231
E02000996,7869,429,810,376,625,1445,458,272,1007,66,1260,361,491,6,13,250
E02000997,5676,327,375,475,742,1665,484,190,378,44,403,184,217,0,9,183
E02000998,8613,446,1051,287,523,1955,453,362,631,38,990,317,954,121,16,469
E02000999,7435,638,1411,298,406,1558,332,284,341,41,842,267,472,83,22,440
E02001000,9145,619,1055,602,888,1672,675,424,804,85,970,350,435,72,10,484
E02001001,8101,373,659,453,745,2475,665,354,476,30,649,183,608,57,20,354
E02001002,9445,402,688,521,1254,2126,895,324,985,115,1119,347,364,12,6,287
E02001003,7277,330,300,836,999,2302,900,134,267,28,232,208,468,0,16,257
E02001004,8240,379,863,210,428,2772,538,114,318,31,831,298,1005,54,7,392
E02001005,7937,344,813,291,549,2068,567,240,498,48,788,299,936,54,9,433
E02001006,7709,270,539,248,536,2676,533,158,531,36,719,255,806,25,17,360
E02001007,10271,566,658,818,1366,2418,1100,294,796,94,909,398,475,6,25,348
E02001008,8140,323,528,240,414,3082,434,140,605,47,966,287,693,21,11,349
E02001009,6689,494,602,409,611,1629,539,246,583,51,678,218,352,7,30,240
E02001010,5867,243,615,200,450,1468,411,202,456,63,762,220,461,5,7,304
E02001011,9855,448,598,684,1324,3077,1022,522,664,85,600,246,305,0,29,251
E02001012,7833,358,359,448,631,2204,699,210,643,100,849,365,703,6,4,254
E02001013,6029,312,328,665,729,1852,595,252,350,37,340,137,236,0,23,173
E02001014,8168,444,752,422,920,1939,681,450,704,62,816,318,350,7,25,278
E02001015,7913,653,997,512,738,1414,621,398,843,49,816,320,303,0,24,225
E02001016,8243,367,683,342,528,1743,591,316,1081,69,1386,356,501,4,19,257
E02001017,10849,507,896,650,1062,2614,845,530,1149,132,1218,371,544,12,20,299
E02001018,7604,202,465,358,956,2616,788,340,532,60,607,220,300,0,4,156
E02001019,8967,531,876,629,1115,2367,694,556,652,63,722,279,242,0,15,226
E02001020,5933,382,240,740,880,1839,639,138,225,42,304,156,189,0,40,119
E02001021,7806,342,434,569,1075,2697,735,334,483,47,501,198,178,0,7,206
E02001022,7860,518,583,707,897,1820,692,326,631,73,596,258,457,0,17,285
E02001023,5833,223,307,431,691,1624,616,180,425,52,657,160,284,0,10,173
E02001024,8083,371,463,607,1002,2470,792,360,644,84,644,264,214,0,19,149
E02001025,7608,444,804,383,638,1458,507,318,903,80,1116,332,296,3,14,312
E02001026,8964,399,976,235,653,2378,577,370,726,50,1049,363,701,6,12,469
E02001027,6787,367,860,338,559,1454,403,472,625,60,845,243,255,2,9,295
E02001028,7430,469,258,1029,1124,2337,816,170,293,37,310,194,200,0,15,178
E02001029,6974,377,673,289,553,1967,499,312,340,46,705,264,592,26,11,320
E02001030,5817,269,302,407,779,1834,596,238,360,65,440,187,188,0,5,147
E02001031,6464,340,625,452,696,1599,551,256,439,39,591,257,384,0,5,230
E02001032,7552,402,486,529,887,1969,671,298,686,69,714,319,301,2,8,211
E02001033,5613,234,529,242,534,1389,406,252,635,39,704,202,246,0,12,189
E02001034,7766,515,1205,332,674,1261,424,446,934,100,1035,305,262,2,18,253
E02001035,7200,446,337,768,782,2148,864,184,438,38,396,282,275,0,30,212
E02001036,7253,268,570,344,776,1950,547,350,791,61,868,266,255,0,6,201
E02001037,7118,477,435,729,887,2249,820,194,293,22,330,214,229,0,18,221
E02001038,5568,428,573,334,526,1246,389,324,378,23,552,261,227,3,23,281
E02001039,8174,438,680,418,566,2029,544,274,906,82,1183,421,353,0,22,258
E02001040,6020,373,490,458,678,1776,631,220,346,38,344,214,165,0,22,265
E02001041,7616,473,689,348,636,1678,575,472,657,63,993,352,298,2,24,356
E02001042,6193,421,725,403,671,1662,528,310,308,28,391,171,252,0,18,305
E02001043,5468,304,522,309,597,1376,401,258,396,42,568,220,236,0,18,221
E02001044,8993,286,362,367,675,4555,734,138,339,41,361,236,662,8,18,211
E02001045,7927,554,812,389,550,1117,592,254,843,95,1395,480,436,5,28,377
E02001046,9390,446,925,371,544,1728,723,314,874,162,1599,471,663,11,20,539
E02001047,9870,578,1069,416,608,1875,675,366,1005,94,1537,478,675,17,35,442
E02001048,8473,454,858,381,609,2379,611,332,407,32,865,314,746,22,13,450
E02001049,9633,497,760,550,846,1911,908,424,881,99,1257,479,507,10,20,484
E02001050,7166,376,907,174,466,1413,338,298,438,40,1082,322,574,24,16,698
E02001051,8038,379,708,398,538,1520,682,300,729,91,1167,349,594,21,25,537
E02001052,12771,438,1051,274,528,4618,641,268,362,14,1048,416,1964,115,32,1002
E02001053,10042,505,1437,206,446,1565,405,234,873,98,2130,551,935,6,17,634
E02001055,8601,460,1036,347,607,1183,572,280,803,75,1585,452,615,35,39,512
E02001056,8169,440,831,310,390,1311,400,176,797,88,1807,471,718,30,28,372
E02001057,8107,361,1322,153,377,900,259,794,403,55,1124,365,532,220,17,1225
E02001059,9802,409,1270,196,510,1615,385,478,823,102,1795,384,866,103,16,850
E02001061,9002,524,962,303,449,1645,538,228,747,102,1690,459,759,26,20,550
E02001062,9958,655,1530,486,598,2391,228,230,325,47,1277,334,637,477,14,729
E02001063,10560,735,1808,623,879,1712,84,600,213,21,921,243,416,959,4,1342
E02001064,9127,393,981,224,430,2433,386,194,527,49,1564,396,874,93,11,572
E02001065,8679,403,949,268,586,1762,559,346,865,93,1363,327,574,20,32,532
E02001066,11925,644,1411,518,740,2511,292,274,145,15,592,287,1155,2013,6,1322
E02001067,9514,404,882,219,389,2003,361,236,891,82,2039,397,944,39,23,605
E02001068,9667,376,916,120,232,2270,203,180,355,29,2246,531,1323,131,15,740
E02001069,10996,348,1035,222,366,2289,216,284,269,37,1299,376,754,1705,16,1780
E02001070,11895,862,1546,724,966,2488,279,336,118,0,456,241,1031,1559,23,1266
E02001071,13251,315,998,182,546,4312,563,318,608,45,1495,366,1900,301,25,1277
E02001072,8606,257,1361,158,444,2011,286,660,327,24,666,216,780,114,6,1296
E02001073,9688,365,1026,304,620,2352,558,880,568,47,343,257,648,62,18,1640
E02001074,11579,419,1061,308,502,2933,669,468,530,59,1447,539,1245,156,51,1192
E02001075,8272,223,998,132,394,2107,298,392,567,55,830,307,861,155,16,937
E02001076,11579,653,1010,566,766,1588,216,282,109,11,326,174,422,3983,11,1462
E02001077,7750,265,676,213,487,2017,403,640,501,21,362,221,685,39,27,1193
E02001078,10474,440,621,446,660,3158,841,376,437,45,738,346,1169,287,37,873
E02001079,8982,344,581,218,334,1667,434,316,391,57,1208,481,644,1226,17,1064
E02001080,9532,293,707,190,308,915,328,454,149,21,377,208,462,3536,10,1574
E02001081,6213,304,589,180,574,1466,289,628,489,35,522,183,267,17,30,640
E02001082,6792,186,829,137,419,1063,234,738,238,18,357,155,210,615,11,1582
E02001083,7924,195,1503,96,528,1069,104,1184,427,9,571,175,313,164,9,1577
E02001084,8620,341,589,260,530,1700,407,498,436,49,596,287,369,983,16,1559
E02001085,8241,306,547,202,360,1610,542,260,694,115,1659,561,776,33,42,534
E02001086,6594,341,779,202,480,1252,268,510,463,45,778,295,396,44,24,717
E02001087,9467,526,1048,431,873,2515,451,1104,373,40,316,256,215,94,24,1201
E02001088,8891,408,800,323,653,1777,540,446,979,86,1381,498,533,12,30,425
E02001089,8017,390,531,475,681,2504,636,462,315,44,475,273,517,38,17,659
E02001090,6686,472,688,373,611,1385,698,506,437,48,382,254,258,15,22,537
E02001091,8157,520,985,482,794,1684,491,508,726,79,743,392,347,8,32,366
E02001092,8506,427,939,338,544,1729,582,400,928,71,1267,340,517,21,25,378
E02001093,9207,342,956,217,625,1722,430,470,1028,121,1479,430,735,16,18,618
E02001094,9001,441,846,198,468,1443,481,246,1093,94,1883,463,687,55,17,586
E02001095,8303,441,857,272,503,1505,521,276,880,103,1346,487,572,14,15,511
E02001096,7395,379,762,340,616,1313,594,370,588,88,1078,362,428,35,11,431
E02001097,8054,391,814,279,525,1322,642,332,803,104,1232,499,541,52,14,504
E02006902,6061,161,1565,113,393,385,73,986,170,12,329,103,156,282,8,1325
E02006912,8827,668,1883,521,901,630,26,1380,56,6,61,26,31,991,6,1641
E02006913,6679,179,950,88,268,1671,196,652,176,20,548,218,563,197,11,942
E02006914,6935,654,1617,603,781,742,10,524,88,6,169,34,83,956,0,668
E02006915,8720,315,956,226,482,2503,201,358,345,36,1347,326,794,46,14,771
E02006916,5749,144,1366,34,352,448,42,1054,151,3,491,125,202,194,2,1141
E02006917,5063,42,1320,10,404,212,31,1162,54,9,37,23,31,613,2,1113
E02001098,6063,470,399,672,752,1220,645,242,473,82,496,246,185,0,14,167
E02001099,6041,367,518,336,690,1309,512,314,595,41,660,196,270,0,2,231
E02001100,6115,351,421,554,812,1507,570,220,439,42,458,223,338,0,12,168
E02001101,5976,294,294,517,831,1598,712,174,416,43,441,193,247,0,12,204
E02001102,6114,239,345,351,677,1717,641,270,561,96,485,199,279,0,15,239
E02001103,5541,350,286,468,810,1748,528,218,322,34,212,178,211,0,12,164
E02001104,6939,232,490,308,673,2027,564,230,888,62,817,215,267,0,0,166
E02001105,5997,453,421,486,678,1421,615,200,465,81,455,244,256,0,21,201
E02001106,6043,460,491,476,593,1317,488,256,580,86,522,252,309,0,14,199
E02001107,6150,316,321,412,590,1981,507,188,365,52,513,251,385,2,14,253
E02001108,5082,240,489,199,343,892,339,214,705,39,1011,240,234,0,0,137
E02001109,7314,473,821,312,674,1542,559,262,733,123,974,280,324,0,4,233
E02001110,6244,326,413,555,1015,1668,570,418,369,59,291,191,180,2,13,174
E02001111,6679,475,881,206,354,1412,228,172,518,21,1099,349,639,10,15,300
E02001112,5938,268,267,422,798,1749,882,196,424,65,255,174,245,0,3,190
E02001113,9536,182,516,109,359,4072,351,106,284,36,691,244,2188,4,7,387
E02001114,8150,578,610,498,714,2360,609,312,580,90,743,288,500,8,15,245
E02001115,5956,349,454,373,619,1355,518,314,559,64,620,208,329,0,13,181
E02001116,6462,255,437,165,513,2054,339,182,505,58,650,203,792,0,6,303
E02001117,5906,398,294,542,798,1739,546,250,422,68,329,145,171,0,10,194
E02001118,6259,356,343,529,735,1868,599,304,542,54,351,196,232,0,11,139
E02001119,10850,258,474,170,368,4440,504,76,224,21,860,254,2672,8,3,518
E02001121,6519,282,437,115,279,2339,393,116,284,53,595,238,1019,25,5,339
E02001123,6449,341,587,313,497,1291,358,244,736,64,1085,264,383,0,9,277
E02001124,5739,445,477,262,406,1128,396,240,561,61,872,226,414,0,17,234
E02001125,8038,428,539,499,799,1868,830,358,795,93,763,313,400,4,20,329
E02001126,7465,353,667,323,493,1391,443,252,870,143,1387,344,465,10,14,310
E02001127,7080,328,409,290,502,1450,492,208,870,97,1399,336,447,2,6,244
E02001128,7460,453,566,436,690,1547,696,346,763,93,963,303,323,6,11,264
E02001129,5801,391,570,291,503,1045,359,348,566,66,886,250,228,4,13,281
E02001130,5778,409,414,469,659,1460,597,220,387,55,488,225,205,0,5,185
E02001131,5304,385,283,576,484,1206,631,152,440,64,548,250,154,2,15,114
E02006860,13909,352,724,322,544,5281,716,160,388,55,1138,323,3048,12,6,840
E02001132,6463,370,563,407,693,1549,464,408,601,73,623,262,236,0,22,192
E02001133,6175,256,353,408,884,1828,538,254,599,62,455,197,209,0,3,129
E02001134,6271,321,409,471,965,1780,548,276,413,66,389,171,271,0,2,189
E02001135,7607,457,708,291,461,2166,343,226,665,66,1071,262,639,2,20,230
E02001136,9189,558,681,685,1131,2406,750,368,690,86,787,258,537,3,8,241
E02001137,6198,203,361,454,778,1966,619,270,533,57,376,159,208,0,9,205
E02001138,8945,492,490,784,1098,2928,828,284,527,61,466,269,442,0,19,257
E02001139,9257,265,512,208,426,3263,542,170,378,31,787,301,1887,2,12,473
E02001140,7564,396,565,342,598,1892,534,216,758,54,910,280,645,0,11,363
E02001141,12440,657,1722,356,618,3424,555,376,611,59,1430,463,1512,17,20,620
E02001142,5925,344,313,748,706,1714,597,172,266,25,263,137,412,0,7,221
E02001143,10636,356,816,427,693,3213,620,330,939,77,1438,398,925,2,5,397
E02001144,6135,345,550,368,660,1479,480,300,597,76,673,163,196,0,10,238
E02001145,7109,348,498,482,924,1890,609,372,625,70,547,261,266,0,10,207
E02001146,9132,292,557,222,388,3381,592,106,315,39,884,328,1514,37,2,475
E02001147,9047,494,874,403,689,2053,617,326,1052,57,1306,397,520,0,9,250
E02001148,10016,636,831,616,1080,2413,832,452,813,100,960,352,551,0,24,356
E02001149,9683,754,1240,459,769,1540,666,464,1072,111,1320,430,462,0,35,361
E02001150,8490,415,693,416,888,1634,768,360,947,96,1161,402,445,0,10,255
E02001151,9414,476,663,581,1069,2377,945,378,787,61,937,323,517,0,11,289
E02001152,9098,516,911,449,847,1912,709,444,877,135,1074,364,462,0,20,378
E02001153,9998,619,1049,398,772,1593,545,414,1108,133,1663,552,682,0,30,440
E02001154,10226,464,922,476,942,2227,885,486,1206,128,1164,405,524,3,24,370
E02001155,6965,524,1009,345,667,1211,537,474,651,71,711,251,239,0,19,256
E02001156,9716,682,540,966,986,2628,1118,286,583,84,675,346,529,0,27,266
E02001157,7247,452,667,342,462,1143,456,294,1006,54,1400,324,378,9,10,250
E02001158,5934,395,617,307,513,950,448,248,646,47,1036,250,284,6,14,173
E02001159,5713,311,593,285,477,1151,367,332,600,37,792,280,284,2,15,187
E02001160,6208,285,435,345,501,1250,426,238,790,68,1032,275,350,7,12,194
E02001161,5848,400,488,402,592,1167,592,368,468,40,656,217,205,4,21,228
E02001162,5808,376,605,537,535,1014,490,314,472,39,751,226,253,3,19,174
E02001163,9310,597,758,771,1045,2150,891,498,680,90,771,358,376,5,30,290
E02001164,7114,412,750,365,635,1489,531,330,708,59,1020,287,252,16,4,256
E02001165,6147,332,494,383,548,1403,479,262,588,68,786,311,266,0,9,218
E02001166,6997,445,499,277,507,3570,266,108,116,13,342,101,507,9,22,215
E02001167,6354,371,692,283,543,1524,440,268,371,56,759,287,373,26,29,332
E02001168,9406,613,791,487,819,2065,780,498,943,84,1137,419,388,14,30,338
E02001169,10546,409,574,746,1392,3718,1061,398,606,82,644,280,318,2,10,306
E02001170,9692,611,551,1002,1105,3109,998,468,587,42,470,297,219,8,34,191
E02001171,5594,345,305,475,635,1497,655,214,370,61,463,194,205,2,9,164
E02001172,11945,626,1720,333,617,3303,471,404,673,61,1486,422,697,219,32,881
E02001173,8362,689,1172,543,701,1305,350,298,645,74,1286,329,347,175,10,438
E02001174,5640,313,494,355,499,1239,546,306,433,29,398,230,228,130,10,430
E02001175,6938,330,589,384,536,1431,618,320,759,88,963,265,358,4,23,270
E02001176,10930,850,1453,574,960,2551,849,674,624,57,693,390,585,12,24,634
E02001177,11657,814,1249,589,923,2164,824,578,744,123,1460,482,635,105,38,929
E02001178,10658,452,2534,277,759,816,181,1432,310,33,752,266,271,610,15,1950
E02001179,5799,406,770,275,482,686,376,442,395,55,829,232,242,60,18,531
E02001180,5878,534,1439,288,386,609,193,282,293,44,842,272,213,119,17,347
E02001181,5690,340,710,237,408,947,326,226,663,30,944,259,296,2,7,295
E02001182,6003,333,923,246,482,1135,341,290,533,59,832,254,286,14,13,262
E02001183,6044,286,687,262,486,1061,396,428,617,97,935,238,254,12,8,277
E02001184,10404,345,2298,162,820,924,270,1410,518,40,1166,335,334,195,29,1558
E02001185,10104,576,621,766,940,2347,889,424,1040,88,1335,382,410,4,22,260
E02001186,9963,484,810,570,906,2478,789,482,860,131,1238,369,479,0,37,330
E02001187,7188,357,564,416,682,1595,754,298,635,69,863,327,378,0,11,239
E02001188,7941,347,856,301,599,1511,486,466,875,90,1329,333,423,4,19,302
E02001189,8382,487,593,494,850,2230,830,436,602,59,763,373,350,0,22,293
E02001190,6686,321,1019,209,341,1112,380,194,743,71,1359,322,420,2,9,184
E02001191,5841,440,461,545,709,1554,619,212,340,32,376,189,201,0,16,147
E02001192,6446,394,723,394,558,1887,536,474,291,15,282,209,309,0,11,363
E02001193,6099,379,804,288,520,1100,382,490,518,88,787,247,207,0,14,275
E02001194,5886,386,540,496,596,2042,489,248,238,17,229,143,246,0,10,206
E02001195,7449,401,566,503,909,1776,690,404,662,42,703,286,262,0,13,232
E02001196,7547,575,494,764,906,1939,705,264,531,32,604,214,296,0,13,210
E02001197,6225,350,430,375,605,2026,549,248,341,35,504,312,231,0,10,209
E02001198,7545,575,565,671,727,1610,640,286,587,71,1036,294,260,2,26,195
E02001199,7806,435,765,469,811,2483,666,506,338,30,435,256,329,0,18,265
E02001200,6421,491,1420,207,523,759,274,430,496,28,820,301,316,0,21,335
E02001201,5784,248,418,331,581,1547,546,318,531,42,633,234,196,0,9,150
E02001202,6094,329,877,178,572,1046,273,534,533,49,878,239,259,0,15,312
E02001203,5796,308,240,723,859,1929,658,182,222,13,224,158,167,0,18,95
E02001204,8938,415,761,410,952,2382,708,496,804,69,881,385,336,4,11,324
E02001205,7783,464,938,378,660,1624,644,450,749,80,876,306,291,0,9,314
E02001206,7003,588,396,716,824,1967,641,192,382,57,502,247,229,0,25,237
E02001207,7013,404,419,570,902,2068,866,236,392,88,418,202,284,0,12,152
E02001208,7222,462,679,350,636,1908,606,500,462,56,738,245,258,3,18,301
E02001209,7734,390,800,320,736,2019,514,490,606,42,838,296,273,0,13,397
E02001210,6901,429,486,515,555,1487,598,226,676,93,896,344,367,3,22,204
E02001211,6010,406,315,521,629,2168,503,170,303,14,256,184,329,0,5,207
E02001212,6492,280,484,190,446,1415,364,232,688,55,1335,286,490,0,14,213
E02001213,9129,653,764,626,940,2664,819,426,590,60,673,296,326,2,36,254
E02001214,7452,596,423,733,697,2375,709,148,293,44,386,228,542,0,19,259
E02001215,5804,411,339,628,734,1553,651,236,302,35,378,256,159,0,9,113
E02001216,7310,431,369,744,842,2391,859,196,299,34,321,238,351,0,13,222
E02001217,6581,480,682,448,604,1381,507,388,563,41,642,263,275,0,42,265
E02001218,5860,317,262,633,695,2065,478,148,272,40,373,237,180,0,12,148
E02001219,5455,329,205,630,642,1752,685,152,266,29,282,182,177,0,17,107
E02001220,5536,317,320,446,566,1845,627,146,233,42,375,173,203,0,15,228
E02001221,6003,349,190,677,749,2017,710,120,297,33,302,185,222,0,8,144
E02001222,6206,389,219,674,618,1799,751,100,234,33,258,265,539,3,26,298
E02001223,6893,396,349,777,809,2332,783,142,305,19,398,229,173,0,6,175
E02001224,5816,485,254,926,884,1618,564,162,279,45,204,140,140,0,19,96
E02001225,7078,418,393,642,782,2396,784,196,334,32,402,240,204,0,32,223
E02001226,6810,395,367,571,677,1962,750,234,386,40,421,269,449,3,13,273
E02001227,5699,417,193,781,739,1944,593,106,184,20,234,181,180,0,10,117
E02001228,5411,378,169,676,692,2001,575,114,128,15,252,115,155,2,17,122
E02001229,9731,480,1051,496,1286,2280,778,716,834,96,773,297,374,0,19,251
E02001230,6147,285,267,510,728,1742,783,142,373,44,405,142,423,0,12,291
E02001231,7150,242,440,316,790,2165,670,224,748,88,738,265,256,0,11,197
E02001232,8211,415,736,430,776,1914,662,316,786,85,1023,270,495,4,15,284
E02001233,7541,533,595,472,737,1621,749,292,667,93,816,300,422,2,17,225
E02001234,7615,469,659,338,670,1597,533,320,807,85,1095,346,363,5,18,310
E02001235,6559,312,622,391,677,1622,486,396,559,28,542,258,400,0,12,254
E02001236,5734,354,579,267,477,998,398,234,742,80,866,245,259,2,12,221
E02001237,6855,348,681,219,659,1629,511,384,726,74,850,275,292,0,22,185
E02001238,7773,552,635,496,740,1780,886,296,609,97,713,287,421,0,20,241
E02001239,9077,530,690,496,800,2037,810,354,993,102,1084,470,430,0,25,256
E02001240,6184,304,403,410,662,1429,653,258,589,68,642,259,255,0,4,248
E02001241,9483,408,1542,232,576,2328,459,366,669,54,1077,351,885,0,14,522
E02001242,5707,346,298,442,668,1459,739,214,445,45,348,214,253,0,14,222
E02001243,7872,410,689,659,1061,1848,873,408,600,46,505,247,234,0,18,274
E02001244,5511,264,283,467,711,1432,688,216,485,53,338,192,219,0,10,153
E02001245,7848,429,899,322,825,1705,482,494,852,82,822,272,377,0,8,279
E02001246,7289,462,627,490,690,1527,645,242,794,97,841,273,392,0,16,193
E02001247,6926,392,687,357,665,1384,625,284,746,66,825,276,326,0,19,274
E02001248,10258,529,1138,333,895,2059,714,620,1218,104,1320,366,604,2,14,342
E02001249,6269,333,597,402,612,1262,534,316,657,61,699,258,315,0,9,214
E02001250,6514,285,394,470,822,1807,702,318,585,75,461,185,214,0,4,192
E02001251,6021,405,553,433,817,1460,525,298,401,57,468,212,197,2,22,171
E02001252,7491,634,427,794,738,2018,776,266,495,95,503,225,222,0,26,272
E02001253,5189,298,440,385,435,1135,557,232,476,45,565,220,225,4,12,160
E02001254,5823,332,412,392,615,1277,531,220,573,76,630,325,271,3,14,152
E02001255,6071,396,566,310,416,977,413,152,732,66,1093,329,377,0,22,222
E02001256,10137,515,931,385,775,2720,660,484,732,109,1124,335,1040,0,8,319
E02001257,9106,764,877,818,854,1560,681,386,807,88,1111,454,463,0,23,220
E02001258,7232,476,487,690,905,1708,784,294,587,43,505,242,281,0,5,225
E02001259,10177,349,1279,196,458,2703,445,386,406,21,1335,441,1176,57,14,911
E02001260,7632,370,330,612,814,2408,845,226,525,50,632,271,317,0,13,219
E02001261,8277,301,739,248,560,1953,589,456,702,65,1157,448,484,8,6,561
E02001262,8461,391,455,316,403,2533,689,224,330,60,806,396,1133,14,44,667
E02001263,8054,509,371,754,942,2541,928,234,480,44,468,245,337,0,15,186
E02001264,8149,351,444,414,696,2299,853,340,662,78,876,396,434,0,14,292
E02001265,8108,449,486,554,840,2293,808,274,622,94,702,360,344,0,29,253
E02001266,6649,415,762,344,590,1503,462,270,449,65,786,309,353,3,17,321
E02001267,7422,546,826,446,718,1967,494,418,473,64,580,255,280,0,23,332
E02001268,7196,484,369,695,859,2187,754,206,364,71,449,247,261,0,15,235
E02001269,8266,551,774,363,619,1952,691,410,493,42,905,312,502,0,34,618
E02001270,7861,441,625,454,802,2621,541,564,481,21,388,248,299,2,8,366
E02001271,6547,409,517,386,634,1647,577,290,524,61,677,316,306,0,19,184
E02001272,7850,466,545,705,919,2492,703,398,401,65,346,233,240,0,17,320
E02001273,8882,621,1099,502,948,2529,499,714,448,9,429,220,260,0,31,573
E02001274,7874,497,357,930,900,2766,899,212,227,50,245,217,258,0,32,284
E02001275,8395,416,690,383,733,1553,604,298,889,70,1663,424,378,0,7,287
E02001276,7931,517,424,508,678,2092,704,298,643,68,897,341,418,0,17,326
E02001277,8823,312,880,300,628,2159,507,538,860,93,1407,367,410,0,10,352
E02001278,8117,374,448,517,901,2982,881,378,457,43,376,182,293,2,22,261
E02001279,8426,340,319,669,999,3375,975,240,397,67,309,210,284,0,11,231
E02001280,8268,543,650,544,722,2204,615,264,617,70,952,397,370,0,17,303
E02001281,7753,436,288,797,857,2934,732,230,456,37,366,214,178,0,18,210
E02001282,9008,408,723,440,934,2714,632,746,647,47,612,211,351,3,10,530
E02001283,8645,578,741,847,963,2699,575,418,415,63,471,204,292,0,31,348
E02001284,8082,337,404,514,784,3721,573,332,391,37,348,189,223,0,8,221
E02001285,7831,453,551,740,936,2768,514,352,318,16,388,182,275,0,32,306
E02001286,7894,510,254,914,801,2898,774,136,168,21,358,179,561,4,46,270
E02001287,5685,282,261,458,726,1926,589,230,343,44,382,176,132,3,6,127
E02001288,7547,443,429,701,958,2263,800,236,468,38,543,253,207,0,10,198
E02001289,10082,506,545,960,1420,2975,1247,388,499,59,568,355,290,0,14,256
E02001290,6086,330,404,582,749,1837,641,250,309,36,391,230,166,0,5,156
E02001291,7675,395,448,605,767,1842,728,228,741,69,880,376,342,2,20,232
E02001292,7864,500,696,733,857,2195,888,374,405,60,384,253,175,14,25,305
E02001293,6158,284,368,534,786,1590,796,280,468,54,429,210,161,0,6,192
E02001294,7832,432,791,466,777,1829,699,422,642,87,629,305,352,9,23,369
E02001295,7330,600,1107,382,534,1181,533,342,780,71,780,366,333,6,28,287
E02001296,8933,424,831,265,525,1429,517,326,1422,126,1633,488,610,0,11,326
E02001297,6703,420,580,399,725,1405,743,288,756,71,603,296,239,0,18,160
E02001298,8131,393,683,299,639,1598,613,320,1089,116,1212,419,472,4,12,262
E02001299,8850,422,669,601,917,2408,842,468,775,74,785,287,378,0,25,199
E02001300,7922,483,578,593,821,1566,771,436,806,124,750,283,379,0,30,302
E02001301,8099,513,1064,369,775,1461,610,454,781,48,908,389,336,7,28,356
E02001302,7846,436,526,530,776,1870,797,192,844,76,781,347,384,0,11,276
E02001303,8530,416,881,383,779,1641,640,404,1029,93,1210,366,401,0,15,272
E02001304,12240,777,707,1312,1442,3654,1281,472,703,95,808,404,268,0,33,284
E02001305,8197,384,397,677,1173,2121,978,336,728,82,533,226,300,0,19,243
E02001306,7302,305,364,578,1022,1903,1006,246,546,75,436,301,334,2,5,179
E02001307,11264,300,457,784,1618,3899,1573,424,711,60,602,307,355,0,14,160
E02001308,5992,346,528,556,677,1273,649,298,485,62,538,245,177,0,14,144
E02001309,7669,465,749,526,852,1728,668,518,695,72,664,286,209,0,6,231
E02001310,8988,379,732,402,938,1968,775,468,1025,102,1136,315,470,0,12,266
E02001311,8317,406,774,496,902,1887,763,410,827,77,947,345,236,0,18,229
E02001312,7790,342,601,413,889,1744,737,448,947,75,788,288,289,2,22,205
E02001313,7893,385,738,409,777,1583,769,332,943,81,972,350,331,0,12,211
E02001314,8026,210,469,410,942,2676,902,344,643,50,652,227,331,0,9,161
E02001315,7689,395,499,616,964,1843,862,380,646,58,581,335,236,2,23,249
E02001316,6546,316,890,293,574,1196,439,424,827,95,717,250,241,2,13,269
E02001317,8444,397,849,573,935,2142,846,362,836,91,703,251,242,2,18,197
E02001318,7869,494,466,712,898,1964,860,246,596,54,670,372,264,0,23,250
E02001319,7356,413,617,382,668,1487,693,318,896,76,912,302,369,0,12,211
E02001320,7663,402,724,596,780,1546,740,350,843,82,821,310,243,2,25,199
E02001321,8398,381,456,607,941,2679,921,292,650,61,693,249,262,0,13,193
E02001322,7448,416,452,702,932,1788,947,284,566,59,583,273,253,0,17,176
E02001323,7535,424,592,694,888,1858,634,336,678,32,707,229,249,0,6,208
E02001324,8473,425,650,558,935,1962,737,416,905,71,902,369,349,2,15,177
E02001325,7775,358,462,674,1107,2397,680,324,487,50,501,259,271,0,11,194
E02001326,7702,387,491,689,1018,2132,817,286,585,54,638,192,226,0,16,171
E02005176,8832,448,555,687,1079,2183,932,302,691,105,777,343,403,0,13,314
E02005177,5797,388,516,382,554,1387,474,232,350,69,545,246,384,0,8,262
E02005178,8945,222,768,178,402,3448,384,176,339,34,810,254,1457,3,19,451
E02005179,8907,601,971,573,941,1653,625,436,906,95,1139,288,328,0,31,320
E02005180,7006,375,404,579,951,1860,848,230,482,100,545,199,237,0,20,176
E02005181,6181,369,683,339,593,1282,379,338,635,90,766,213,205,0,29,260
E02005182,5875,507,786,323,465,1165,353,252,460,49,641,248,354,4,10,258
E02005183,6086,472,548,563,701,1269,589,208,494,61,565,252,206,6,9,143
E02005184,5024,310,291,553,837,1219,582,232,283,42,250,142,148,0,12,123
E02005185,8408,473,1110,403,663,1255,504,382,957,110,1359,362,397,4,12,417
E02005186,6037,206,437,420,860,1519,626,324,530,59,420,167,263,0,4,202
E02006881,9961,580,873,705,987,2111,956,374,1010,136,978,440,457,0,16,338
E02005189,5300,287,657,262,636,1042,376,270,492,38,649,179,187,0,6,219
E02005190,6234,281,345,526,992,1896,544,270,356,36,376,208,212,0,22,170
E02005191,8320,368,539,658,1264,2535,811,348,538,49,484,223,281,0,23,199
E02005192,7347,270,525,465,999,2529,587,498,476,42,386,160,172,6,14,218
E02005193,8487,438,407,733,1307,2776,879,290,454,42,479,267,208,0,22,185
E02005194,8139,439,656,635,971,1913,732,330,693,53,842,318,247,4,20,286
E02005195,7720,704,714,827,1249,2255,580,238,291,21,366,143,145,0,19,168
E02005196,7438,486,542,730,1105,1813,702,398,520,71,476,188,201,0,24,182
E02005197,6823,420,630,346,656,1577,493,322,753,70,727,248,284,0,36,261
E02005198,8181,536,791,572,852,1877,643,488,679,86,637,333,286,2,42,357
E02005199,7149,400,346,766,1082,2099,819,262,376,37,396,222,176,0,10,158
E02005200,8597,312,705,303,765,2547,499,496,941,81,1029,247,395,0,19,258
E02005201,7959,412,485,566,978,2126,834,348,652,82,572,294,323,0,14,273
E02005202,9461,557,634,896,1294,2518,870,406,705,51,599,293,356,8,15,259
E02005203,7158,353,399,786,1096,2237,616,212,262,40,423,205,290,0,21,218
E02005204,10318,600,785,892,1410,2569,909,426,581,78,862,378,458,5,28,337
E02005205,6859,405,415,636,990,1901,688,226,406,39,540,207,229,0,13,164
E02005206,6816,550,699,660,854,1399,506,264,418,44,744,276,183,2,21,196
E02005207,8057,713,534,1170,1110,1901,573,310,371,44,560,232,235,0,30,274
E02005208,9955,1056,1614,1027,1036,1906,630,474,446,21,674,303,335,2,48,383
E02005209,7816,582,561,833,1120,1844,679,352,376,66,661,245,226,0,26,245
E02005210,10232,1206,862,1403,1445,2600,773,290,295,33,542,222,225,0,64,272
E02005211,8546,786,907,1072,1156,2019,502,372,371,42,665,223,190,0,31,210
E02005212,10800,661,983,901,1131,2743,875,410,813,122,1041,367,423,2,30,298
E02005213,11714,493,944,701,1431,3144,913,562,1106,92,1147,346,413,0,43,379
E02005214,6625,361,560,516,722,1678,596,272,546,41,658,229,199,4,3,240
E02005215,11836,779,1215,807,1205,2188,798,554,1244,116,1488,410,581,0,25,426
E02005216,5398,320,438,288,486,1221,408,242,608,49,684,229,259,0,8,158
E02005217,12126,465,846,394,586,3860,599,232,731,45,1586,377,1844,0,19,542
E02005218,7450,492,721,532,786,1565,537,390,751,97,802,255,308,0,20,194
E02005219,8466,444,802,668,1016,2085,788,328,626,63,671,311,363,13,31,257
E02005220,6319,370,435,639,893,1430,690,270,424,76,389,207,297,6,18,175
E02005221,9955,670,644,1025,1589,2603,730,422,586,96,676,303,247,12,31,321
E02005222,6009,376,356,805,1009,1662,596,208,196,22,246,150,198,0,15,170
E02005223,7253,557,362,1062,1218,2000,692,228,260,58,279,174,170,13,39,141
E02005224,5190,713,457,951,661,1009,336,166,241,39,251,119,89,6,37,115
E02005225,5231,399,306,610,766,1475,464,228,228,41,277,84,164,3,15,171
E02005226,7813,589,1019,426,636,1396,385,340,734,37,1025,249,510,33,25,409
E02005228,5789,329,438,399,603,1308,548,222,578,49,614,181,287,0,35,198
E02005229,5631,324,927,214,435,991,253,290,468,38,718,162,402,60,16,333
E02005230,6565,511,531,691,767,1134,387,274,585,57,888,251,218,13,30,228
E02005231,8007,469,779,356,839,1684,585,416,710,90,1041,268,261,83,19,407
E02005233,6069,351,519,365,661,1563,330,300,488,53,502,203,199,172,8,355
E02005234,7546,511,1285,313,603,965,139,662,366,33,374,125,244,1175,17,734
E02005235,5367,268,564,204,442,835,182,432,246,19,318,85,138,1110,17,507
E02005236,12755,780,822,1228,1618,3307,957,526,956,85,1162,372,512,8,41,381
E02005237,9839,575,834,654,1114,2553,555,518,719,48,612,252,378,524,22,481
E02005238,5739,382,371,471,607,1463,435,226,350,31,505,158,152,262,13,313
E02005239,11690,1410,1464,1670,2054,2819,565,314,317,42,308,115,254,22,29,307
E02006871,11927,833,715,1114,1426,3148,996,470,865,123,1084,348,438,12,37,318
E02005240,5445,356,389,386,626,1341,437,282,527,64,446,192,238,0,6,155
E02005241,5551,329,556,439,719,1267,471,284,484,39,329,153,257,0,4,220
E02005242,6183,326,419,504,930,1386,497,326,587,71,464,185,272,0,14,202
E02005243,5089,431,604,333,541,890,403,310,489,67,536,158,131,0,18,178
E02005244,5827,290,454,355,571,1103,393,234,784,80,802,186,333,0,6,236
E02005245,6945,357,442,572,1100,1818,690,402,539,76,343,187,235,0,26,158
E02005246,5180,273,707,241,511,1034,324,266,509,30,651,174,207,0,12,241
E02005247,9944,633,728,1028,1604,2578,847,542,637,57,471,229,337,0,8,245
E02005248,6489,323,582,242,356,2108,312,140,345,54,655,205,832,0,21,314
E02005249,9452,520,1131,415,617,2331,504,362,747,88,1059,278,936,6,16,442
E02005250,7702,314,496,280,380,2712,507,144,257,34,510,251,1378,0,14,425
E02005251,6916,343,362,519,801,1833,665,188,552,57,624,193,508,0,12,259
E02005252,8729,413,571,637,843,2630,693,214,358,51,560,264,1108,0,12,375
E02005253,5886,277,280,541,837,1974,657,188,351,35,201,127,246,0,19,153
E02005254,6372,308,227,691,899,2116,837,158,236,24,248,146,257,13,22,190
E02005255,8865,579,491,959,1025,2918,852,262,406,56,417,288,296,25,11,280
E02005256,7058,318,645,382,878,2410,653,344,354,33,337,139,334,25,16,190
E02005257,5951,386,770,344,588,1004,439,238,592,39,811,259,246,17,8,210
E02005258,8070,582,507,749,893,2461,686,206,341,37,401,216,545,64,20,362
E02005259,10244,577,732,603,843,2587,801,308,838,100,1317,364,743,15,15,401
E02005260,6837,474,389,669,793,1873,747,222,366,90,440,254,271,17,16,216
E02005261,10003,453,919,364,662,2003,710,344,1233,134,1654,380,806,7,17,317
E02005262,6197,202,681,280,710,1909,493,368,385,39,433,163,246,33,4,251
E02005263,7093,249,782,172,360,1768,404,312,456,13,530,202,597,705,7,536
E02005264,12533,802,1815,629,1125,1977,467,786,896,45,1129,353,488,819,41,1161
E02005265,10850,622,1033,608,924,2533,862,478,992,74,1125,466,495,147,39,452
E02005266,8187,470,1080,272,558,1920,394,260,646,40,1080,258,690,41,23,455
E02005267,6892,565,1088,480,640,1643,248,186,221,25,425,163,522,321,2,363
E02005268,9270,377,744,322,538,2759,639,274,606,57,1095,360,902,22,11,564
E02005269,9894,539,2217,276,630,1582,431,638,375,28,682,255,549,778,16,898
E02005270,7400,481,446,818,1200,2278,776,254,324,28,243,119,215,0,15,203
E02005271,7540,485,551,698,842,2199,556,348,633,12,560,254,175,2,14,211
E02005272,7225,570,706,583,779,1738,597,310,526,66,600,253,244,0,3,250
E02005273,5751,328,330,515,789,1706,666,244,264,15,336,154,176,0,12,216
E02005274,6627,392,423,620,970,2013,655,234,359,33,445,186,154,2,13,128
E02005275,5392,334,381,463,609,1424,472,256,339,40,533,166,188,0,10,177
E02005276,8261,496,509,712,1020,2836,688,270,575,39,504,194,247,9,8,154
E02005277,8936,559,439,1134,1272,2907,848,266,297,37,477,202,270,0,22,206
E02005278,7711,315,513,403,1123,2359,684,464,583,68,474,184,293,0,15,233
E02005279,10264,512,961,610,928,2688,651,426,885,69,960,337,831,12,21,373
E02005280,10107,440,877,532,1138,2367,803,504,1097,120,1055,300,512,2,23,337
E02005281,8251,456,703,536,870,1927,529,398,731,80,721,336,612,2,21,329
E02005284,5805,305,392,455,821,1761,584,224,355,31,376,180,159,0,4,158
E02005285,6263,362,491,439,951,1680,514,332,411,41,428,208,220,0,9,177
E02005286,7500,416,621,550,896,1608,661,368,829,97,743,194,290,0,19,208
E02006884,12081,733,1194,782,1338,2485,942,572,1322,171,1247,426,478,0,22,369
E02005287,5354,306,215,493,689,1898,566,152,257,30,296,174,121,0,16,141
E02005288,6054,379,343,641,811,1570,720,292,307,33,339,198,202,2,15,202
E02005289,6176,384,309,608,886,1881,732,188,258,47,299,204,200,0,8,172
E02005290,7210,307,467,492,938,2331,677,418,508,34,407,184,203,0,4,240
E02005291,5700,300,365,401,653,1509,539,264,450,42,467,243,227,0,17,223
E02005292,5817,360,646,373,631,1280,421,224,533,34,675,239,189,0,22,190
E02005293,5593,457,403,551,625,1072,540,232,427,55,510,245,214,5,23,234
E02005294,6331,246,390,484,666,1559,519,300,659,65,653,221,290,0,6,273
E02005295,7432,338,510,544,976,2088,775,374,612,65,510,191,252,0,14,183
E02005296,5790,359,228,770,793,1679,672,180,292,26,271,170,190,0,19,141
E02005297,8206,535,389,860,1172,2466,928,280,401,40,398,268,203,0,17,249
E02005298,7177,353,381,563,904,2028,846,296,514,61,458,242,247,0,10,274
E02005299,7211,316,560,350,733,1865,616,510,657,59,721,240,285,2,20,277
E02005300,5228,173,323,292,716,1559,520,204,362,67,470,153,207,8,20,154
E02005301,6438,417,466,512,690,1415,606,276,565,47,624,245,311,2,8,254
E02005302,6971,336,364,632,952,1960,748,404,412,29,550,174,209,0,12,189
E02005303,6369,348,532,379,643,1293,492,252,645,52,929,249,324,0,13,218
E02005304,8583,417,381,860,1174,2720,971,294,457,56,436,300,253,0,25,239
E02005305,7305,457,454,732,1142,1887,779,260,324,44,417,206,278,8,14,303
E02005306,7048,432,364,769,1039,1912,847,276,340,51,265,260,207,5,36,245
E02005307,9182,447,533,783,1051,2810,960,348,546,37,687,346,305,8,25,296
E02005308,6670,396,334,707,997,2089,695,216,245,18,312,187,254,0,35,185
E02005309,8381,530,409,925,977,2223,928,224,407,65,504,339,277,189,39,345
E02005310,7961,688,601,650,748,1549,600,286,306,37,384,189,183,1327,22,391
E02005311,5576,378,302,712,838,1468,705,168,149,34,188,180,242,23,22,167
E02005312,5927,301,340,350,718,1790,735,140,402,35,383,186,315,6,5,221
E02005313,8794,315,698,374,631,1857,768,278,970,71,1574,404,511,0,19,324
E02005314,6458,382,591,423,619,1504,579,254,582,58,699,297,216,8,34,212
E02005315,8068,543,319,1081,1070,2520,954,150,308,56,364,240,213,4,36,210
E02005316,6266,258,440,253,529,1439,457,198,641,62,1150,232,330,0,18,259
E02005317,7090,294,595,239,498,1118,443,200,706,72,1643,360,507,2,22,391
E02005318,7376,425,416,671,977,2202,779,264,393,77,462,271,233,0,21,185
E02005319,8340,645,907,594,823,1389,605,376,757,129,907,320,441,17,36,394
E02005320,5906,357,304,531,699,1489,686,160,518,71,469,196,253,0,25,148
E02005321,6381,522,394,826,802,1100,518,174,463,50,733,264,273,0,24,238
E02005322,9921,817,553,1575,1501,2177,882,358,511,84,441,250,387,0,77,308
E02005323,6863,419,414,542,840,1418,669,164,730,89,822,283,259,3,30,181
E02005324,6117,376,383,609,945,1867,566,216,259,25,252,144,252,10,21,192
E02005325,8968,739,442,1310,1326,2361,751,348,382,58,335,280,274,3,28,331
E02005326,8559,806,637,1228,940,1628,600,278,551,66,639,332,383,2,81,388
E02005327,5874,303,237,676,860,1822,637,156,252,59,227,162,250,0,13,220
E02005328,7484,590,406,1082,1080,1844,651,264,398,54,400,191,206,0,30,288
E02005329,8757,660,598,804,958,2032,611,402,766,82,825,329,351,10,13,316
E02005330,8881,587,410,1135,1224,2495,859,298,531,71,434,264,269,0,61,243
E02005331,7627,689,680,786,966,1620,687,368,466,56,537,231,206,0,28,307
E02005332,8071,631,397,1176,1060,2142,719,338,410,63,360,252,239,0,40,244
E02001327,7451,251,460,175,503,1190,740,174,724,53,1702,517,666,0,2,294
E02001328,10145,410,651,540,944,2584,1178,460,869,70,1050,432,533,0,42,382
E02001329,7603,399,991,248,442,1220,686,218,482,58,1303,542,601,0,24,389
E02001330,8706,401,723,354,620,1591,889,298,689,125,1531,556,555,0,34,340
E02001331,10062,567,776,497,728,1476,1070,240,765,126,1740,679,854,0,46,498
E02001332,6644,457,779,378,388,1031,580,236,518,76,1060,447,416,0,39,239
E02001333,8200,629,846,519,619,1453,693,316,796,77,1151,406,322,0,40,333
E02001334,5780,308,482,193,250,786,465,126,492,78,1479,491,330,0,54,246
E02001335,7668,408,486,541,627,2346,908,246,552,50,618,282,336,0,25,243
E02001336,6833,399,697,269,353,880,623,166,618,87,1466,522,468,0,29,256
E02001337,5933,306,382,317,412,1437,615,176,427,69,820,312,391,0,27,242
E02001338,5935,357,374,405,355,1189,626,188,516,69,917,402,291,0,27,219
E02001339,6739,342,471,350,530,1482,632,200,655,92,1018,350,366,0,10,241
E02001340,8997,534,411,815,809,2535,1273,306,522,81,637,388,380,0,31,275
E02001341,6857,511,634,361,423,1077,766,178,536,73,1071,450,504,0,15,258
E02001342,7172,499,340,716,756,1980,1153,162,383,55,366,239,287,0,6,230
E02001343,7118,367,353,513,840,2163,981,262,402,75,463,201,276,0,12,210
E02001344,5343,344,479,258,442,1390,577,176,346,60,604,261,208,3,18,177
E02001345,5637,258,309,422,610,1608,707,202,381,55,407,261,230,0,14,173
E02001346,7070,392,639,327,493,1336,636,224,500,67,1220,500,396,0,34,306
E02001347,7653,375,615,327,527,1911,712,228,626,86,1016,539,362,3,42,284
E02001348,7222,360,681,344,532,1526,816,312,577,65,999,384,305,7,29,285
E02001349,7966,357,809,346,610,1866,908,366,599,68,866,376,385,6,30,374
E02001350,7856,535,750,315,528,1640,617,302,676,73,1147,504,415,6,36,312
E02001351,8894,597,881,462,590,1597,814,212,599,93,1528,596,543,7,24,351
E02001352,7416,500,1036,401,561,1238,541,164,507,45,1113,388,391,16,33,482
E02001353,7572,237,486,307,719,2430,777,318,495,44,846,275,402,0,9,227
E02001354,7613,410,716,374,464,1279,901,220,592,73,1387,512,381,13,21,270
E02001355,6664,445,811,290,456,1072,723,228,425,63,1112,394,341,17,25,262
E02001356,5584,296,465,226,286,904,491,140,629,75,1252,352,307,0,12,149
E02001357,6982,397,454,331,351,1077,705,134,644,69,1310,716,494,9,32,259
E02001358,7069,360,1144,284,417,1017,609,282,543,64,1417,449,218,2,19,244
E02001359,5751,265,387,364,522,1458,846,152,333,46,519,258,345,2,21,233
E02001360,8358,505,1343,321,495,845,653,296,542,99,1641,713,440,18,40,407
E02001361,7618,465,742,406,522,1337,840,200,591,80,1160,570,420,0,30,255
E02001362,7401,548,486,480,502,1526,995,156,440,86,794,546,464,0,46,332
E02001363,7788,449,822,308,406,1318,648,234,601,70,1576,501,520,4,24,307
E02001364,5311,322,871,203,277,663,373,152,389,35,1031,358,410,0,11,216
E02001365,9049,420,1244,349,445,1274,615,250,854,63,1851,439,580,109,18,538
E02001366,8985,438,1201,424,606,1670,829,316,553,57,1322,513,473,14,24,545
E02001367,9304,562,648,779,845,2570,1239,294,479,52,649,390,396,15,29,357
E02001368,5847,527,831,205,331,582,460,202,228,33,1145,553,347,16,48,339
E02001369,7655,523,1253,281,465,811,649,374,320,48,1087,566,472,143,46,617
E02001370,6186,589,1021,292,264,650,371,118,410,61,1222,389,376,7,42,374
E02001371,7447,360,615,268,480,1660,493,242,735,92,1353,488,422,2,33,204
E02001372,6221,460,684,385,435,1433,654,194,338,43,741,363,215,0,49,227
E02001373,9253,485,1063,403,524,1858,858,324,717,80,1367,553,536,22,37,426
E02001374,8199,352,1860,223,395,1214,473,332,443,68,1019,329,454,182,17,838
E02001375,7195,542,687,387,507,1360,657,256,597,61,926,485,385,0,50,295
E02001376,8469,366,1093,306,410,1450,535,244,481,45,1393,503,452,493,23,675
E02001377,11467,1020,2096,720,920,1536,351,294,168,29,845,397,425,1808,19,839
E02001378,7972,499,1009,355,585,1768,656,354,455,90,901,467,349,39,28,417
E02001380,7526,445,436,509,741,2337,980,238,424,40,490,312,277,5,52,240
E02001381,9286,429,1338,225,483,1406,541,492,486,45,1346,438,466,730,11,850
E02001382,7098,304,326,519,671,2429,948,200,402,55,438,302,235,43,11,215
E02001383,7501,429,2411,163,319,775,106,442,202,42,757,281,302,593,23,656
E02001384,10762,366,886,166,288,974,340,356,263,21,824,343,362,3912,34,1627
E02001385,8157,355,1342,112,228,1884,187,176,264,25,1651,443,760,140,31,559
E02001386,7545,705,790,389,467,1059,655,196,514,111,1178,721,432,2,43,283
E02001387,8025,425,439,544,732,2684,876,290,315,26,407,311,301,167,23,485
E02001388,8860,265,1739,241,497,1147,460,496,318,57,545,284,209,1295,22,1285
E02001389,6232,382,2162,128,346,527,119,620,186,6,504,150,239,210,10,643
E02001390,8756,480,1250,299,433,1269,491,236,468,56,1741,691,642,89,35,576
E02001391,5970,348,421,328,446,970,622,134,472,70,1049,477,373,7,15,238
E02001392,5717,434,365,771,635,1379,817,192,213,26,257,222,193,4,32,177
E02001393,7753,514,393,818,1016,2705,1044,116,213,44,186,175,292,10,20,207
E02001394,10143,909,2091,733,967,1468,422,676,424,33,441,235,328,553,35,828
E02001395,6056,365,414,424,626,1625,753,288,298,37,345,295,174,53,21,338
E02001396,8035,422,1188,284,538,1031,553,596,458,39,1072,449,350,152,29,874
E02001397,7631,754,1007,595,695,1549,763,368,367,47,609,336,236,0,58,247
E02001398,7758,548,1192,432,694,1196,547,546,390,22,522,283,279,228,31,848
E02001399,7276,436,340,607,715,2187,1113,184,313,50,413,282,292,61,16,267
E02001400,6614,425,590,399,539,1493,759,164,361,35,729,419,387,2,24,288
E02001401,7872,540,533,785,703,1867,1049,262,366,80,612,367,309,19,33,347
E02001402,8384,524,878,554,880,2228,897,446,441,62,481,279,246,69,38,361
E02001403,6035,309,897,251,377,962,428,272,481,80,1011,315,258,8,16,370
E02001404,7260,399,695,262,422,1172,591,222,801,114,1304,533,423,9,33,280
E02001405,9609,478,948,303,535,1278,793,244,961,74,2302,635,631,0,32,395
E02006932,9949,1020,2642,943,1139,1076,32,714,42,6,136,59,55,1191,4,890
E02006933,5436,158,1461,118,424,388,155,664,148,14,415,150,138,361,8,834
E02006934,5202,230,1629,181,449,397,52,794,79,9,124,42,55,356,0,805
E02001429,6751,558,348,884,884,1437,674,240,418,38,559,266,252,0,29,164
E02001430,7142,518,302,844,918,2023,827,206,320,33,505,237,219,0,23,167
E02001431,7288,1105,699,1047,921,1380,505,296,229,33,386,204,167,3,70,243
E02001432,8398,907,1727,634,740,1081,331,602,495,31,613,246,327,6,65,593
E02001433,7642,369,442,448,708,1975,704,336,740,69,943,307,307,3,19,272
E02001434,7210,341,493,331,713,1887,628,280,601,52,743,321,428,0,14,378
E02001435,8058,440,765,382,644,1852,561,420,672,58,845,343,488,0,26,562
E02001436,8704,461,554,550,872,2291,838,334,627,81,870,355,495,0,29,347
E02001437,9586,1068,726,1392,1170,2376,734,268,338,20,416,271,379,0,47,381
E02001438,7500,384,381,566,824,2229,797,230,492,71,617,366,273,0,47,223
E02001439,6291,556,338,573,552,1466,479,192,454,75,717,322,274,4,32,257
E02001440,5811,478,168,1148,930,1313,742,124,152,21,145,194,194,0,35,167
E02001441,6564,435,215,1123,967,1951,849,80,159,23,251,160,189,0,38,124
E02001442,5887,583,311,753,659,1548,662,138,278,19,324,207,213,0,43,149
E02001443,5664,370,173,844,670,1895,708,94,172,28,214,181,180,0,29,106
E02001444,5730,408,254,664,612,1712,592,152,278,31,397,237,179,0,25,189
E02001445,7021,455,333,825,783,1838,1103,168,281,32,366,328,279,0,37,193
E02001446,6837,551,305,829,693,1834,1023,158,323,59,391,276,232,0,16,147
E02001447,5964,518,282,750,598,1500,752,180,327,50,341,296,188,0,18,164
E02001448,6930,456,232,741,749,2057,1165,148,333,64,317,261,253,0,28,126
E02001449,9241,616,481,828,1068,2268,1444,218,473,87,595,420,416,0,33,294
E02001450,8187,642,533,792,1030,2337,939,272,273,42,353,259,349,0,76,290
E02001451,6205,457,472,446,464,1036,728,140,488,78,865,450,323,0,25,233
E02001452,6623,453,603,325,441,1048,557,170,679,66,1136,504,371,2,17,251
E02001453,8676,556,385,679,837,2776,1301,206,416,71,589,365,274,0,32,189
E02001454,7371,509,389,792,740,2011,970,202,356,55,506,327,247,0,28,239
E02001455,7197,378,365,598,716,2004,1022,208,476,68,527,295,323,0,34,183
E02001456,7521,495,619,434,714,1862,833,362,455,78,629,261,397,0,43,339
E02001457,6771,404,637,326,426,1195,778,198,596,50,1043,438,398,0,31,251
E02001458,7668,339,641,367,685,2031,754,384,530,80,664,379,353,0,22,439
E02001459,7267,328,439,418,616,1442,703,252,755,92,1127,442,403,0,19,231
E02001460,7528,648,1178,445,550,1278,552,338,415,88,869,373,381,3,26,384
E02001461,6326,408,361,470,590,1597,789,174,546,42,558,304,259,0,20,208
E02001462,7529,347,969,253,403,958,573,308,846,97,1560,469,426,3,30,287
E02001463,6850,385,391,308,430,1465,793,160,611,69,1023,500,455,2,12,246
E02001464,6867,340,850,229,435,1103,504,304,752,60,1224,370,343,2,22,329
E02001465,6395,520,1164,220,382,724,422,268,478,35,1091,353,309,0,40,389
E02001466,8590,497,687,390,612,1589,1028,240,766,75,1263,487,554,0,35,367
E02001406,7779,582,379,1017,1121,1970,865,242,343,42,456,330,194,0,22,216
E02001407,6179,385,300,774,912,1615,807,148,312,42,302,216,207,0,14,145
E02001408,5753,256,284,539,812,1470,767,204,445,70,352,186,210,0,20,138
E02001409,9815,608,751,703,1115,2199,1194,348,724,86,991,381,356,3,34,322
E02001410,5837,332,387,452,698,1243,701,200,541,36,566,283,188,0,15,195
E02001411,5871,378,338,508,738,1564,577,208,535,60,459,193,166,0,14,133
E02001412,8823,528,513,673,901,2476,952,294,633,54,831,387,263,0,28,290
E02001413,9682,479,563,718,1270,2246,1226,342,759,90,944,425,300,0,22,298
E02001414,5355,382,189,787,691,1685,653,112,169,15,239,132,156,0,28,117
E02001415,6592,309,494,348,630,1751,611,338,613,40,746,217,303,0,15,177
E02001416,5926,318,519,256,484,978,524,260,745,71,962,296,251,0,21,241
E02001417,7187,517,1195,332,588,1132,470,488,584,48,965,384,191,8,20,265
E02001418,5235,370,560,298,492,1007,405,322,546,51,628,254,135,0,11,156
E02001419,6818,482,885,347,557,1001,466,316,717,89,1019,335,292,11,19,282
E02001420,10206,526,764,658,1074,2575,888,564,942,80,1078,422,350,0,4,281
E02001421,10509,598,884,650,1094,2315,1072,516,875,101,1169,485,390,4,19,337
E02001422,6362,308,516,226,476,1239,556,224,763,75,1023,342,335,5,14,260
E02001423,6324,381,394,615,811,1893,719,174,323,56,342,219,239,0,19,139
E02001424,13529,782,1000,761,1277,3402,1287,506,1104,107,1692,604,569,2,50,386
E02001425,10460,563,772,754,1338,2234,1351,324,842,130,1094,380,328,0,15,335
E02001426,5400,362,313,635,515,1316,708,176,337,56,387,244,194,4,12,141
E02001427,10213,407,764,584,1110,2362,957,406,1022,104,1325,379,417,2,11,363
E02001428,5453,388,247,796,626,1598,735,84,153,33,241,181,202,0,29,140
E02001467,7547,648,1027,476,678,1315,514,470,414,60,851,326,354,0,29,385
E02001468,7841,470,806,368,642,1705,607,392,668,83,920,322,420,6,21,411
E02001469,7829,620,574,647,765,1806,1010,272,437,83,626,311,354,0,44,280
E02001470,8593,472,412,647,895,2325,1217,254,491,59,680,301,419,0,33,388
E02001471,7525,420,909,323,511,1342,506,288,718,66,1274,311,461,0,17,379
E02001472,7064,344,518,446,706,1707,735,276,585,88,710,303,401,0,18,227
E02001473,7660,500,654,517,655,1576,754,292,572,58,874,382,410,0,37,379
E02001474,7100,433,889,270,390,1072,480,200,634,47,1666,361,349,0,14,295
E02001475,6168,470,582,312,458,1091,497,178,552,59,1119,331,310,2,33,174
E02001476,7626,350,848,272,432,1124,616,366,714,82,1637,414,388,9,25,349
E02001477,7510,360,833,154,428,994,427,244,773,56,2033,493,399,0,44,272
E02001478,7909,612,567,649,821,1598,755,292,558,67,828,403,376,0,38,345
E02001479,6173,270,349,496,736,2018,713,214,336,30,400,204,213,0,16,178
E02001480,7738,616,600,621,849,2245,703,364,330,35,522,298,250,0,19,286
E02001481,8109,461,705,606,866,1954,844,280,557,85,744,329,373,0,13,292
E02001482,7723,611,1793,212,378,811,320,316,530,46,1556,406,327,0,22,395
E02001483,7396,465,468,575,966,1996,816,278,422,47,569,324,237,0,25,208
E02001484,7663,596,528,742,848,1918,823,224,422,73,617,331,302,0,11,228
E02001485,6382,347,425,397,499,1295,457,174,562,57,1072,418,416,0,14,249
E02001486,8248,802,1441,674,819,1560,594,500,324,56,492,239,298,6,45,398
E02001487,9284,449,1283,274,506,1483,467,418,818,103,2039,418,548,3,14,461
E02001488,8480,488,1022,400,708,1703,762,426,662,61,1105,312,395,0,23,413
E02001489,8293,617,402,1005,1095,2351,1106,238,300,57,404,294,220,0,42,162
E02001490,8743,361,396,656,970,2602,1214,286,609,63,579,342,404,0,29,232
E02001491,6833,532,703,364,445,1263,580,204,587,43,1088,479,318,0,16,211
E02001492,7846,790,588,705,699,2252,547,356,402,55,556,299,241,0,37,319
E02001493,7970,500,1154,245,401,1178,469,318,727,63,1634,396,494,4,31,356
E02001494,7113,495,276,917,1071,2323,688,164,224,26,330,197,171,0,27,204
E02001495,7789,486,706,497,639,1681,831,234,592,84,823,393,431,4,59,329
E02001496,6026,367,360,561,651,1797,714,130,307,75,350,257,250,0,25,182
E02001497,7971,484,930,356,664,1498,550,322,633,67,1296,439,405,2,21,304
E02001498,7568,419,423,630,748,2293,975,174,445,60,686,261,228,0,21,205
E02001499,6691,540,308,828,858,1814,835,180,258,35,375,276,177,5,13,189
E02001500,7485,537,408,839,913,1947,811,264,440,73,490,295,267,0,27,174
E02001501,7971,497,393,680,826,2361,940,226,484,50,673,310,307,0,20,204
E02001502,8342,627,681,671,872,2001,651,410,592,64,785,346,243,0,49,350
E02001503,7518,774,461,841,817,2090,662,272,311,8,481,332,203,5,33,228
E02001504,7329,470,381,1061,1083,2116,950,202,225,15,254,179,161,0,35,197
E02001505,6428,435,433,569,618,1660,622,240,472,29,618,306,213,0,19,194
E02001506,8980,635,301,1530,1297,3000,926,170,186,51,281,214,194,0,40,155
E02001507,7296,433,298,903,919,2263,971,186,318,41,302,254,235,4,28,141
E02001508,8023,569,535,646,870,2056,801,296,531,72,706,399,261,0,40,241
E02002684,9688,828,525,1893,1777,1750,699,386,543,53,466,230,224,0,51,263
E02002685,8071,667,412,1354,1362,1464,636,338,515,51,541,206,247,0,49,229
E02002686,7904,740,589,673,833,1321,485,332,968,58,1110,263,282,0,26,224
E02002687,6032,505,715,575,743,1034,362,262,464,32,484,177,340,0,55,284
E02002688,5662,386,772,443,645,970,334,246,348,32,436,160,515,0,42,333
E02002689,5891,348,328,732,956,1350,598,250,404,56,289,126,241,0,31,182
E02002691,8074,472,403,984,1380,2255,686,364,474,51,334,219,243,0,32,177
E02002692,8805,515,487,990,1500,2819,706,320,427,37,356,157,219,0,22,250
E02002693,6842,383,357,724,1274,1891,560,296,424,51,291,185,190,0,21,195
E02002694,10943,707,722,1072,1644,3135,782,514,660,52,629,281,309,7,35,394
E02002695,8099,666,529,1089,1228,1617,619,324,438,53,602,255,326,0,21,332
E02002696,6008,281,271,616,1055,1982,581,224,232,18,289,139,156,2,16,146
E02002697,7593,400,336,931,1321,2177,693,352,409,56,331,167,204,0,18,198
E02002698,7586,427,434,701,1149,2081,548,412,537,81,514,236,184,0,34,248
E02002699,9442,532,503,1139,1415,3119,882,320,391,40,395,213,222,6,35,230
E02002700,6308,432,498,459,527,1176,484,274,751,84,836,240,244,45,23,235
E02002701,8541,326,382,722,1604,2710,762,406,454,25,324,190,371,0,11,254
E02002702,9796,760,1110,819,1208,2160,608,718,636,72,741,285,174,21,29,455
E02002703,9198,463,558,851,1439,3360,705,320,411,36,515,145,192,9,7,187
E02002704,7241,398,331,842,1339,1807,886,274,438,48,283,205,163,4,20,203
E02002705,6330,467,257,989,1035,1617,639,218,319,30,258,179,153,0,18,151
E02002706,6907,473,440,752,888,1776,705,354,469,66,403,206,183,9,20,163
E02002707,7617,484,490,865,1325,2423,659,278,293,34,262,134,213,0,24,133
E02002708,7120,891,707,1065,1007,1472,451,294,334,39,374,171,130,2,25,158
E02002709,7534,429,397,713,1187,2036,817,390,539,45,371,198,219,0,26,167
E02002710,7550,476,321,790,846,2358,842,294,534,94,461,158,183,0,19,174
E02002711,7584,493,321,1116,1184,2327,911,212,267,28,229,172,131,2,23,168
E02002712,7511,448,503,766,1156,1682,871,360,462,46,492,224,272,0,24,205
E02002714,7707,394,415,818,1422,1965,839,274,427,39,396,215,277,7,20,199
E02002715,12472,465,756,1013,1539,4724,931,762,791,65,667,224,233,0,27,275
E02002716,8570,423,485,841,1291,2405,796,392,646,35,569,208,269,0,17,193
E02002717,7606,588,606,598,764,1711,603,484,777,110,687,243,248,0,16,171
E02002718,7844,428,354,1095,1200,2660,654,274,342,35,354,122,198,0,17,111
E02002719,5925,367,377,562,774,1869,619,262,306,27,256,131,189,0,15,171
E02002720,6994,327,387,691,1113,2040,722,344,449,56,318,145,169,5,31,197
E02002721,6379,419,378,577,1017,1843,579,286,377,49,335,147,191,0,10,171
E02002722,8744,668,578,834,1276,1612,669,382,800,80,833,209,465,0,16,322
E02002723,8439,451,616,707,1065,1674,706,408,819,69,629,229,556,0,18,492
E02002724,8789,471,735,461,865,1642,658,386,1156,107,1130,316,420,0,22,420
E02002725,6599,310,373,605,1037,1986,680,292,438,50,351,136,199,2,12,128
E02006814,8283,440,464,752,1146,2181,864,342,712,81,597,270,212,0,17,205
E02006891,7477,394,412,755,1093,2319,715,272,432,50,406,177,216,0,20,216
E02006892,6474,518,529,568,824,1246,416,396,633,86,538,267,175,0,18,260
E02002652,10846,156,862,172,1100,2901,857,724,1483,101,1251,282,608,7,9,333
E02002653,8323,401,646,449,602,1329,645,208,1184,112,1561,422,487,19,18,240
E02002654,7640,332,660,314,410,1273,510,202,1082,105,1702,478,391,9,15,157
E02002655,8926,386,716,430,762,1818,637,332,1113,122,1536,357,511,7,2,197
E02002656,5361,357,500,738,826,966,513,242,443,50,275,210,108,0,14,119
E02002657,7537,313,414,584,1018,1744,912,318,780,69,624,232,283,9,10,227
E02002658,6881,366,582,497,953,1597,835,370,503,50,535,186,260,5,15,127
E02002659,11018,627,867,530,762,1803,658,332,1645,134,1994,481,650,74,35,426
E02002660,6942,517,594,482,768,1208,646,246,774,71,789,367,300,5,12,163
E02002661,7963,543,599,559,779,1639,626,320,854,95,1022,360,368,13,14,172
E02002662,7215,777,568,620,708,1382,573,280,704,77,711,318,263,15,26,193
E02002663,6850,274,653,324,640,1266,423,252,316,59,224,92,223,1666,13,425
E02002664,7614,292,351,538,968,2457,1024,226,571,84,466,199,264,4,9,161
E02002665,8312,397,484,614,1038,2202,783,330,731,61,649,235,334,111,17,326
E02002666,8961,383,1129,165,409,905,245,452,359,30,458,207,592,2432,24,1171
E02002667,7110,311,826,390,816,1420,690,540,829,78,547,234,175,0,8,246
E02002668,8864,665,759,462,628,1290,487,250,1394,140,1625,449,439,13,28,235
E02002669,8486,220,1209,214,660,1437,367,582,579,49,517,185,406,1067,16,978
E02002670,7871,703,659,647,772,1670,561,388,820,64,803,348,203,4,31,198
E02002671,8365,455,832,518,876,1898,755,410,841,136,686,286,384,3,18,267
E02002672,7373,399,582,376,498,1269,475,214,1144,124,1332,320,415,4,9,212
E02002673,7916,311,886,403,811,1736,683,498,842,74,757,251,334,0,21,309
E02002674,6905,369,727,468,824,1357,508,538,820,54,644,215,174,14,16,177
E02002675,8464,465,1589,267,513,1442,296,462,670,94,999,290,581,70,11,715
E02002676,7581,344,1048,297,631,1353,464,644,708,64,680,259,431,68,22,568
E02002677,8420,486,1519,330,790,1560,458,640,794,71,794,222,257,21,36,442
E02002678,7692,309,835,357,735,1689,591,460,898,96,790,224,306,5,17,380
E02002679,7415,566,482,581,909,1881,738,292,671,73,528,249,203,0,33,209
E02002680,8871,651,2874,312,658,1092,161,778,405,49,620,240,290,83,24,634
E02002681,8511,358,1450,228,566,1439,422,462,905,62,1125,287,602,19,16,570
E02002682,7953,400,771,321,693,1433,717,426,820,159,1021,372,454,0,28,338
E02006813,8220,708,763,742,810,1555,692,336,695,96,926,370,282,17,29,199
E02002726,10273,594,753,807,1311,2109,834,424,1135,77,1038,336,489,0,27,339
E02002727,5894,564,1286,215,401,620,230,242,500,80,910,217,257,8,14,350
E02002728,7754,401,1023,270,562,1154,429,438,1028,101,1219,288,265,8,37,531
E02002729,5946,284,504,415,855,1428,550,234,477,97,573,159,192,0,18,160
E02002730,7599,265,753,236,464,1462,444,360,1050,79,1326,289,381,0,22,468
E02002731,5941,192,551,156,410,1104,382,274,776,42,1055,240,325,12,22,400
E02002732,7588,378,324,726,1176,2415,719,306,487,34,410,173,257,0,14,169
E02002733,6052,450,620,441,613,1038,501,380,606,64,551,224,258,16,8,282
E02002734,5146,324,376,461,635,978,421,288,580,65,524,159,149,0,11,175
E02002735,5354,245,510,275,563,1070,381,332,528,84,660,187,188,0,25,306
E02002736,5872,157,636,139,363,1081,340,320,857,32,854,233,390,10,16,444
E02002737,7426,404,499,600,872,1604,787,350,716,88,691,225,262,3,36,289
E02002738,7161,284,481,514,1022,1603,704,312,695,107,674,230,290,2,6,237
E02002739,5974,534,572,470,610,1040,417,380,515,69,644,245,170,0,12,296
E02002740,5604,328,463,427,559,956,504,226,606,70,784,197,262,16,10,196
E02002741,9200,482,656,696,1176,2347,692,396,725,99,752,239,394,21,22,503
E02002742,5693,377,445,595,787,1463,502,230,393,40,329,124,202,0,12,194
E02002743,5460,620,336,828,766,966,484,182,331,50,347,206,143,0,38,163
E02002744,7124,335,480,240,542,1213,467,226,936,101,1606,276,433,0,10,259
E02002745,7621,607,403,1084,1218,1974,660,294,381,62,360,189,219,0,28,142
E02002746,8832,636,512,918,1056,2582,737,344,650,59,569,279,268,0,32,190
E02002747,7999,552,344,1008,1180,2391,825,280,418,58,361,189,179,0,24,190
E02002748,8103,571,435,1022,1344,2141,780,262,420,84,396,162,276,0,21,189
E02002749,11066,619,828,908,1466,2551,917,512,1075,107,991,303,395,0,62,332
E02002750,6282,302,370,541,1083,1774,538,294,457,59,335,125,187,0,10,207
E02002751,6451,340,300,532,972,1623,511,282,611,47,550,185,265,0,24,209
E02002752,6801,345,429,545,1141,1804,564,318,557,80,389,176,254,0,16,183
E02002753,8691,575,671,1011,1401,1912,699,422,671,36,390,269,303,0,45,286
E02002754,8288,418,484,621,1215,2083,793,396,732,93,616,204,374,0,11,248
E02002755,7038,389,575,333,633,1452,471,402,632,66,474,201,643,9,20,738
E02002756,8522,319,705,245,527,1905,418,376,918,54,1056,235,899,4,35,826
E02002757,6188,298,349,520,714,1699,566,236,475,56,387,168,392,0,5,323
E02002758,6349,304,524,280,650,1352,495,286,658,76,754,196,378,0,5,391
E02002759,9610,654,619,884,1442,2374,895,462,716,90,631,255,299,0,18,271
E02002760,5876,316,416,492,778,1426,605,230,482,61,434,187,212,0,26,211
E02002761,6793,419,378,641,960,1711,633,346,570,64,433,149,217,0,18,254
E02002762,6707,521,494,440,576,1584,443,320,742,63,597,225,373,0,4,325
E02002763,7379,439,632,365,627,1562,472,452,857,74,823,267,460,0,13,336
E02002764,5820,217,343,362,492,1035,388,212,819,71,829,229,474,0,14,335
E02002765,6373,419,424,525,655,1218,482,198,743,72,617,269,396,5,17,333
E02002766,9160,495,469,919,1089,2303,785,414,841,72,716,228,487,0,2,340
E02002767,6788,406,346,752,1116,1668,709,284,504,38,354,148,214,0,6,243
E02002768,7247,395,422,686,1100,2106,618,276,414,74,445,201,293,0,11,206
E02002769,5841,363,262,799,937,1610,576,232,306,52,235,115,175,0,12,167
E02002770,7014,362,400,700,1166,1946,654,316,412,42,404,121,310,0,16,165
E02002771,7162,378,341,740,1213,2145,593,298,411,49,317,132,308,0,36,201
E02002772,6923,316,306,540,1022,2722,525,244,333,31,361,121,225,15,6,156
E02002773,5756,515,296,687,963,1468,569,266,229,27,258,172,161,3,27,115
E02002774,6282,434,255,709,1011,1932,661,216,261,32,241,159,160,10,27,174
E02002775,5653,532,355,716,712,1217,478,236,344,36,442,196,185,4,23,177
E02002776,6455,440,356,686,844,1577,577,356,425,25,397,248,240,4,10,270
E02002777,8274,285,560,466,1162,2748,601,476,580,57,619,175,261,0,17,267
E02002778,8280,596,673,829,1143,2359,546,466,351,27,387,203,166,42,16,476
E02002779,9588,696,599,1062,1281,2419,779,416,486,67,515,253,281,264,23,447
E02002780,8387,422,747,356,646,1554,419,540,739,73,806,299,366,473,11,936
E02002781,9885,480,1049,363,786,1517,417,842,595,74,889,262,421,1023,18,1149
E02002782,6345,429,261,894,978,2169,467,172,254,12,237,118,151,0,11,192
E02002783,10164,545,587,782,1144,2839,942,454,801,70,680,274,455,25,44,522
E02002784,10622,853,2235,521,1079,1116,172,1186,446,58,622,250,218,525,23,1318
E02002785,6872,464,304,749,729,1617,510,242,405,37,304,183,210,741,20,357
E02002786,10668,377,687,350,627,1487,440,564,809,61,888,232,529,2481,4,1132
E02002787,9075,614,938,650,991,2034,583,636,681,46,772,338,270,19,28,475
E02002788,8921,389,1000,381,1075,2083,448,988,543,64,542,214,244,95,6,849
E02002789,8862,514,738,453,801,1787,628,424,875,115,1185,388,429,13,37,475
E02002790,11399,643,1163,582,1106,2190,361,856,484,46,661,193,418,1512,24,1160
E02002791,6540,392,242,826,1012,2273,446,182,326,37,284,119,220,0,22,159
E02002792,7039,318,582,593,827,1884,386,656,409,19,449,167,173,157,17,402
E02002793,9165,570,595,874,1274,2161,820,496,665,60,637,304,307,36,18,348
E02002794,8817,1084,1058,1254,1400,2114,348,236,241,15,253,117,199,216,15,267
E02002795,8079,462,358,950,1386,2607,643,298,319,27,455,181,157,3,32,201
E02005742,7414,519,474,851,1227,1749,741,308,414,37,411,214,195,9,37,228
E02005743,5126,475,315,814,892,1299,372,182,191,20,148,76,164,0,14,164
E02005744,7678,621,566,938,1262,1913,587,322,432,69,376,215,180,0,17,180
E02005745,5119,324,260,675,861,1719,374,162,140,20,179,128,165,0,11,101
E02005746,6406,558,445,648,846,1701,479,346,325,65,476,182,117,0,21,197
E02005747,6650,475,706,402,639,1527,437,402,406,78,669,257,371,4,10,267
E02005748,7375,438,535,657,1133,2224,587,372,426,28,412,200,173,0,28,162
E02005749,9641,743,622,959,1367,2747,758,384,597,50,674,273,208,0,33,226
E02005750,7838,624,552,948,1004,2116,714,258,358,46,565,246,205,0,23,179
E02005751,8582,590,415,1286,1476,2509,770,276,241,37,301,187,244,4,24,222
E02005752,6663,368,486,671,1102,1650,719,288,379,42,254,206,243,0,19,236
E02005753,13083,958,1090,1105,1539,3220,1007,616,918,65,1153,434,413,0,44,521
E02005754,7476,476,296,996,1266,2165,792,244,318,30,222,139,256,0,20,256
E02005755,6329,477,390,684,886,1712,589,228,356,49,330,192,226,0,20,190
E02005756,7217,372,370,647,1211,2850,522,228,297,27,217,88,202,0,20,166
E02005757,8452,571,615,846,1128,2277,669,440,561,53,450,225,217,0,38,362
E02005758,8330,552,428,894,1242,2497,608,378,459,34,462,211,222,0,32,311
E02005759,8486,683,506,1036,1160,2367,698,354,467,43,482,171,248,0,31,240
E02005760,6684,293,309,527,1033,2480,521,250,386,47,312,90,260,0,9,167
E02005761,5459,318,298,582,926,1665,412,254,224,22,258,116,166,0,24,194
E02005762,6287,480,462,597,913,2131,308,210,329,18,327,80,179,2,30,221
E02005763,6518,359,333,712,1166,2175,437,262,282,49,262,114,190,0,11,166
E02005764,10415,694,735,925,1337,2687,784,460,634,69,876,323,406,0,34,451
E02005765,6211,354,374,688,948,1887,467,258,361,25,290,142,210,0,17,190
E02005766,6118,371,370,600,991,1774,559,278,262,34,301,137,210,0,28,203
E02005767,6732,371,280,723,1065,2452,553,202,296,19,284,151,182,0,15,139
E02005768,6028,304,256,497,787,2368,501,254,286,31,305,119,198,0,7,115
E02005769,6902,564,523,608,728,1581,454,304,606,69,620,265,225,0,34,321
E02005770,9326,568,516,815,1237,2546,791,506,524,86,654,345,232,0,29,477
E02005771,7363,358,714,405,892,1886,477,478,567,62,716,287,226,4,11,280
E02005772,6150,345,217,730,970,2044,576,162,261,37,316,143,186,0,8,155
E02005773,8831,682,935,453,814,1898,463,610,584,77,876,366,337,0,22,714
E02005774,9370,610,617,616,1059,2516,664,452,671,80,888,301,364,4,35,493
E02005775,9287,643,1550,554,1032,1923,288,780,397,47,508,216,377,7,23,942
E02005776,8407,501,471,802,1426,2913,683,332,281,34,355,162,162,2,43,240
E02005777,8465,571,396,848,1040,2980,814,274,336,52,402,232,227,0,32,261
E02005778,6169,304,274,794,956,2196,543,188,184,23,186,131,177,0,25,188
E02005779,7581,653,763,751,903,2217,313,468,249,24,460,156,162,0,27,435
E02005780,10603,759,544,1264,1330,3831,725,324,454,20,639,218,273,0,20,202
E02005781,5647,296,252,713,867,2121,461,144,191,23,203,108,120,0,25,123
E02005782,7578,448,465,883,1441,2137,668,272,303,49,312,129,216,0,24,231
E02005783,8413,592,620,843,1189,2073,644,302,486,53,807,316,231,0,20,237
E02005784,6229,425,479,608,1008,1817,403,192,404,30,360,144,172,0,12,175
E02005785,15280,959,1155,980,2060,6146,617,356,602,69,1031,230,670,0,18,387
E02005786,6115,415,419,719,1249,1338,542,326,310,21,162,171,212,0,48,183
E02005787,8350,599,518,1037,1447,2073,752,440,358,45,397,176,161,0,33,314
E02005788,6399,468,361,798,1068,1561,595,258,358,28,324,144,201,0,34,201
E02005789,10086,896,596,1200,1644,2444,778,428,541,68,571,315,250,0,58,297
E02005790,6904,615,474,953,1137,1718,575,244,290,38,233,138,211,0,48,230
E02005791,6689,368,308,584,1120,1859,651,276,531,48,390,144,175,0,34,201
E02005794,9398,565,491,1020,1692,2656,743,410,431,51,476,208,289,0,48,318
E02006870,12275,877,986,1134,1458,3046,1034,668,912,70,769,378,385,0,43,515
E02005795,7044,762,726,765,943,1411,473,348,422,29,500,239,176,0,19,231
E02005796,6891,489,431,689,1161,1536,675,238,413,65,308,191,346,9,25,315
E02005797,6169,347,518,519,842,1399,583,258,443,79,514,248,182,5,20,212
E02005798,8525,716,478,1197,1590,1808,806,298,398,46,370,208,289,5,40,276
E02005799,8991,725,399,1273,1338,2352,920,270,495,32,452,231,292,0,38,174
E02005800,8057,602,1310,505,782,1320,351,478,672,49,761,206,389,126,27,479
E02005801,5625,425,416,428,502,1109,420,168,498,50,764,244,365,18,14,204
E02005802,8357,345,705,357,701,1931,472,402,926,77,1153,300,415,84,9,480
E02005803,9084,835,788,804,1134,1954,680,390,690,68,709,243,357,9,46,377
E02005804,8200,941,1700,819,1075,786,268,568,307,32,481,213,164,304,41,501
E02005805,7084,586,379,1089,1218,1521,518,322,408,58,360,214,206,4,6,195
E02005806,7166,381,420,548,750,1671,584,216,826,64,902,249,312,2,30,211
E02005807,6206,408,284,742,1095,1657,500,268,357,19,307,163,211,0,30,165
E02005808,11394,1095,717,1824,1703,2100,881,506,675,98,671,329,408,12,33,342
E02005809,7261,504,480,611,921,2289,740,310,336,47,340,283,177,0,29,194
E02005810,8842,284,454,706,1400,3288,735,426,457,52,314,187,287,0,18,234
E02005811,9109,404,426,766,1474,3004,845,462,467,71,385,219,313,0,10,263
E02005812,9025,448,500,546,1286,2690,853,494,631,95,512,229,389,0,15,337
E02005813,10886,608,1027,449,993,2103,722,804,1283,80,1175,383,548,0,12,699
E02005814,6418,462,330,733,869,1706,639,240,426,29,349,185,199,0,7,244
E02005815,8214,326,329,870,1406,2646,822,318,458,44,328,154,286,0,8,219
E02005816,8415,374,387,600,1318,2581,853,396,570,57,473,209,318,0,28,251
E02005817,7125,328,447,635,1153,2112,673,376,431,53,397,151,162,0,18,189
E02005818,8154,339,380,672,1342,2329,817,406,529,62,464,143,406,0,13,252
E02001509,6279,401,443,510,759,1576,692,220,600,66,483,191,169,6,9,154
E02001510,5878,298,431,446,630,1264,650,258,622,67,614,202,211,0,5,180
E02001511,6191,369,380,545,809,1364,640,308,549,63,560,166,254,0,14,170
E02001512,7642,466,555,706,1034,1936,706,384,603,54,552,263,174,0,16,193
E02001513,7803,414,442,751,1087,2158,702,358,612,78,527,216,254,0,8,196
E02001514,7267,367,488,415,797,1552,633,476,827,58,867,229,307,0,21,230
E02001515,9257,555,652,474,877,1726,828,364,1246,140,1244,446,457,3,19,226
E02001516,6098,281,435,340,602,1519,563,304,647,81,734,203,223,0,8,158
E02001517,7886,483,497,700,1200,1877,863,388,636,72,497,226,274,0,19,154
E02001518,10013,542,861,690,1182,2541,835,508,877,57,923,270,409,0,14,304
E02001519,6749,346,423,440,782,1486,597,268,806,100,730,266,303,0,14,188
E02001520,10662,764,642,1236,1594,2918,943,512,618,65,576,290,245,3,32,224
E02001521,11267,563,1451,510,1022,2057,742,924,1146,100,1207,400,400,54,27,664
E02001522,8687,583,628,567,951,1716,933,300,994,90,1074,328,274,2,17,230
E02001523,6755,342,619,545,839,1546,537,500,637,52,534,184,213,2,16,189
E02001524,5902,374,260,680,1002,1852,622,230,245,37,257,124,136,0,10,73
E02001525,6010,521,777,345,543,1001,319,366,604,41,794,235,195,0,30,239
E02001526,5827,305,429,337,523,1128,422,350,780,60,780,255,287,0,22,149
E02001527,5900,372,417,520,772,1554,586,284,444,49,407,142,199,0,17,137
E02001528,10286,598,664,903,1383,2349,949,444,965,74,987,376,306,0,28,260
E02001529,9416,608,721,823,1119,1775,851,410,967,92,1016,416,337,2,27,252
E02001530,6240,295,551,358,626,1333,532,364,644,49,776,246,234,0,8,224
E02001531,6424,389,604,447,761,1317,589,378,646,37,597,226,177,0,24,232
E02001532,9492,543,540,693,1373,2819,850,526,741,68,627,221,268,0,16,207
E02001533,7460,389,489,425,907,1739,715,354,859,53,777,266,270,2,14,201
E02001534,9135,498,557,631,1047,2337,705,540,1000,60,899,253,329,0,6,273
E02001535,6114,314,333,596,1028,1825,597,274,341,40,261,141,184,0,10,170
E02001536,8396,608,590,839,1035,2124,684,456,625,79,624,275,224,2,31,200
E02001537,8240,385,597,506,957,2111,714,562,810,92,734,249,284,0,20,219
E02001538,7945,527,465,698,974,1670,808,366,732,87,768,292,325,0,17,216
E02001539,6018,235,323,384,726,1514,508,220,749,42,605,207,272,0,10,223
E02001540,11673,602,737,968,1392,2915,1013,464,1042,118,1032,383,553,0,21,433
E02001541,11277,680,813,1028,1406,2391,992,450,977,121,1051,391,528,4,33,412
E02001542,7479,408,494,509,777,1676,678,282,747,56,859,189,478,0,11,315
E02001543,8485,507,583,695,1022,1726,756,322,963,105,908,270,322,0,28,278
E02001544,8711,379,536,654,1010,2107,831,366,967,93,811,252,436,0,8,261
E02001545,8592,481,550,837,1265,2557,822,336,567,44,486,241,233,0,24,149
E02001546,8615,758,766,1128,1408,2027,679,262,441,42,364,163,324,0,23,230
E02001547,10737,474,608,527,1051,2479,947,404,1253,133,1318,409,685,0,27,422
E02001548,8009,481,642,368,633,1458,575,362,1099,145,1097,315,473,0,20,341
E02001549,5969,370,322,525,717,1561,704,288,456,67,364,151,262,0,10,172
E02001550,7463,487,428,510,792,1796,722,374,758,78,644,211,367,0,26,270
E02001551,6027,312,507,356,676,1131,563,334,711,57,591,221,253,0,17,298
E02001552,7686,380,513,452,722,1832,603,476,826,78,677,229,522,0,12,364
E02001553,10018,626,631,680,1004,2171,841,372,1033,133,963,344,637,8,38,537
E02001554,6420,325,275,671,777,1739,677,250,609,71,441,162,272,0,13,138
E02001555,5578,359,363,554,890,1389,584,270,344,67,256,156,161,0,9,176
E02001556,9294,540,569,495,821,2207,634,364,955,84,1073,411,692,11,37,401
E02001557,9487,482,970,464,898,2070,685,554,565,66,692,303,744,15,48,931
E02001558,6125,389,333,771,1053,1409,713,286,350,64,212,125,230,0,17,173
E02001559,7742,383,336,812,998,2372,724,302,554,64,482,208,254,0,25,228
E02001560,10508,605,1260,414,870,1948,456,520,926,55,1152,336,757,5,37,1167
E02001561,6318,418,804,279,583,1322,337,370,521,51,593,210,383,0,18,429
E02001562,5905,548,369,521,663,1194,560,176,593,76,503,280,228,0,22,172
E02001563,7635,501,460,891,969,1939,819,282,442,63,415,192,345,0,25,292
E02001564,7548,375,321,825,1337,2286,717,238,373,78,432,161,227,0,11,167
E02001565,6822,348,387,706,1076,2023,692,294,295,37,275,140,310,0,21,218
E02001566,7937,266,732,262,710,1957,474,508,831,62,845,274,451,8,6,551
E02001567,9155,487,586,603,945,2016,708,444,1030,84,975,341,468,0,41,427
E02001568,5906,384,467,436,656,1118,622,236,629,71,539,213,300,0,23,212
E02001569,9207,496,800,478,926,1932,849,440,1148,80,948,322,381,0,19,388
E02001570,7001,515,646,436,724,1208,561,342,713,93,726,238,449,0,22,328
E02001571,6086,350,356,637,856,1440,646,270,490,49,383,180,189,0,10,230
E02001572,7236,414,439,398,738,1438,695,330,827,117,828,278,425,0,14,295
E02001573,7859,401,392,513,753,1829,866,290,978,76,685,300,481,4,28,263
E02001574,6268,249,353,495,1010,1661,556,328,531,92,360,191,222,0,24,196
E02001575,7269,435,483,402,680,1573,497,246,939,85,884,280,506,0,25,234
E02001576,5816,285,396,427,687,1794,447,292,470,41,460,155,190,0,14,158
E02001577,6521,542,401,881,1087,1588,579,268,257,44,333,157,157,0,32,195
E02001578,9461,497,669,497,1061,2469,767,530,1116,107,856,213,367,0,16,296
E02001579,9205,632,572,805,1111,2196,854,338,824,96,863,321,362,0,18,213
E02001580,8261,582,561,807,1095,1890,787,358,764,67,623,261,232,0,25,209
E02001581,5854,332,319,454,838,1430,588,246,527,67,513,174,207,2,12,145
E02001582,7216,427,440,618,832,1731,682,274,648,80,650,237,342,0,26,229
E02001583,5665,300,343,376,684,1198,502,314,664,69,586,207,278,0,7,137
E02001584,7105,329,399,593,1131,1995,891,340,363,83,389,212,198,0,12,170
E02001585,6263,416,611,340,668,1391,426,352,653,43,708,195,248,2,13,197
E02001586,8129,655,1032,705,960,1391,749,378,602,96,578,331,352,0,13,287
E02001587,5824,412,437,406,638,1009,496,258,585,68,687,269,360,0,22,177
E02001588,7151,517,478,508,624,1648,627,236,746,73,829,334,367,0,5,159
E02001589,8173,377,505,600,1192,2515,693,418,655,30,542,185,255,0,14,192
E02001590,7492,329,516,315,489,1502,553,266,962,70,1294,349,580,0,16,251
E02001591,8299,375,740,313,666,2025,580,268,643,97,1001,258,902,0,17,414
E02001592,8899,512,500,737,1183,2155,962,364,751,104,717,311,353,0,16,234
E02001593,7095,268,742,232,454,1682,352,372,708,47,867,264,781,4,11,311
E02001594,6880,438,876,225,493,1572,367,350,570,31,602,194,737,9,21,395
E02001595,8765,424,461,737,1167,2443,1041,376,683,59,624,222,310,0,13,205
E02001596,8651,607,459,856,1136,2204,907,302,667,89,682,248,271,0,27,196
E02001597,9528,554,707,559,933,1881,794,426,1134,123,1218,373,510,0,9,307
E02001598,9629,685,449,966,1172,2594,900,410,672,82,701,324,416,0,41,217
E02001599,6260,374,275,668,780,1964,674,268,413,37,361,154,152,0,21,119
E02001600,10777,554,556,971,1209,3448,812,302,465,39,528,287,1101,2,14,489
E02001601,5042,334,294,551,659,1317,526,240,262,22,303,163,233,0,10,128
E02001602,8960,491,456,894,1104,2328,1003,346,751,97,677,257,306,0,14,236
E02001603,6583,379,419,518,808,1556,695,272,555,81,577,234,270,0,21,198
E02001604,8575,344,559,492,1118,2445,815,452,854,73,642,232,318,0,16,215
E02001605,7234,339,478,559,1017,1793,632,468,624,52,538,168,358,0,13,195
E02001606,8010,434,490,592,986,1930,799,330,715,77,786,277,342,0,17,235
E02001607,8812,526,490,792,1148,2051,933,358,737,119,787,275,333,0,14,249
E02001608,6872,315,334,591,898,2011,728,330,554,75,448,189,256,0,10,133
E02001609,8368,476,377,1043,1329,2250,857,336,512,63,501,223,216,2,8,175
E02001610,8242,486,450,851,1167,2399,629,374,599,65,490,222,312,0,20,178
E02001611,7597,526,592,682,1048,1868,642,362,597,47,619,226,211,0,4,173
E02001612,5858,311,394,542,862,1632,542,300,460,61,367,120,135,11,7,114
E02001613,10444,625,609,887,1419,2637,1092,492,827,113,847,344,284,6,26,236
E02001614,11226,664,619,954,1652,3389,1130,532,748,80,585,341,270,12,13,237
E02001615,7519,443,409,1012,1246,1955,742,360,421,18,319,160,197,10,27,200
E02001616,7091,523,476,708,697,1568,756,306,600,68,541,274,360,0,14,200
E02001617,5615,241,388,238,364,1132,408,208,798,85,1057,261,263,4,29,139
E02001618,9675,449,630,784,1374,3038,800,520,643,45,586,202,306,5,11,282
E02001619,9422,596,707,569,826,1689,818,330,1103,101,1342,441,558,10,33,299
E02001620,6568,350,517,297,529,1388,498,228,694,65,1171,280,384,6,15,146
E02001621,5471,306,456,339,461,1165,348,216,766,50,647,194,292,6,8,217
E02001622,8884,485,913,571,833,1517,623,484,1107,70,1208,362,395,12,23,281
E02001623,8276,555,688,384,542,2108,421,230,618,68,1195,374,785,17,13,278
E02001624,9679,373,780,605,983,2216,822,486,895,121,1196,274,577,2,20,329
E02001625,7830,446,522,407,617,1618,589,226,888,104,1404,328,434,8,17,222
E02001626,5910,301,339,422,632,1587,590,300,494,52,540,203,211,3,13,223
E02001627,6070,270,722,258,564,1244,443,512,564,41,620,244,204,16,10,358
E02001628,6329,273,394,251,380,2224,250,102,385,27,593,207,913,14,21,295
E02001629,6489,421,676,445,497,1350,417,292,487,59,801,263,414,48,17,302
E02001630,8681,273,527,292,410,3065,485,160,338,29,841,238,1383,78,4,558
E02001631,7778,457,509,640,838,1972,713,514,643,69,588,254,261,24,20,276
E02001632,12300,307,1081,251,536,3405,349,438,537,47,1735,371,2252,154,25,812
E02001633,7425,492,369,908,986,2173,812,262,384,54,364,204,242,0,16,159
E02001634,9214,491,989,512,1138,1736,568,1040,519,39,509,236,246,257,21,913
E02001635,6032,567,617,714,630,1303,526,252,429,68,515,145,117,5,15,129
E02001636,9597,790,1447,530,690,1747,362,468,508,61,880,284,522,621,29,658
E02001637,6925,285,370,204,344,2491,314,120,420,25,815,211,911,13,33,369
E02001638,6362,166,364,140,308,678,143,398,194,20,172,78,99,2557,2,1043
E02001639,6157,376,544,403,581,1097,274,630,317,15,345,124,80,718,22,631
E02001640,8302,263,735,176,396,993,220,462,171,10,145,67,195,3486,15,968
E02001642,9663,535,675,696,914,2674,734,566,810,94,725,296,536,44,22,342
E02001643,6292,453,352,754,776,2253,489,204,228,42,234,120,182,9,29,167
E02001646,8525,371,715,295,559,1159,205,332,218,20,204,76,223,3165,10,973
E02001647,6111,492,401,617,685,1596,495,222,416,38,547,219,196,8,12,167
E02001648,8833,725,1026,782,1062,2196,298,326,246,10,285,116,188,1306,4,263
E02001649,9428,529,1005,372,672,1698,613,390,1081,89,1516,446,595,47,28,347
E02001650,9106,528,1510,373,613,1414,113,472,337,9,559,119,507,1330,13,1209
E02001651,8153,471,309,1019,1077,3314,661,184,257,21,292,156,231,2,10,149
E02001652,12330,626,1327,550,802,2227,320,642,292,49,557,160,897,2111,17,1753
E02001653,7149,490,810,438,572,1203,329,450,630,76,918,259,430,119,14,411
E02001654,6404,454,338,645,701,1673,647,234,552,64,518,194,195,2,13,174
E02001655,7655,508,684,547,770,1535,707,292,734,93,954,261,345,6,13,206
E02001656,7799,286,522,406,602,1733,371,496,313,31,314,149,355,833,16,1372
E02001657,8985,396,466,510,982,3192,608,474,605,48,503,202,194,136,8,661
E02001658,5380,286,460,284,392,890,345,162,672,75,1028,268,282,53,15,168
E02001659,6124,587,708,450,660,1063,457,320,558,58,592,236,231,4,24,176
E02001660,9831,433,1074,390,811,2520,387,794,502,22,441,209,981,157,22,1088
E02001661,7849,543,986,468,608,1358,465,462,630,60,942,291,362,185,11,478
E02001662,7644,588,528,725,878,1623,615,374,705,56,698,290,312,15,18,219
E02001663,7694,233,861,309,645,1750,489,714,856,63,588,175,353,19,10,629
E02001664,6158,385,477,675,753,1360,600,322,452,40,454,181,206,20,12,221
E02001665,9476,549,388,1002,1266,3663,806,240,433,23,361,187,283,0,30,245
E02001666,6195,347,392,388,637,1430,591,268,653,70,598,237,374,21,8,181
E02001669,7707,396,776,459,793,1909,506,666,580,58,669,268,266,8,10,343
E02001670,5952,457,714,436,416,1027,406,238,627,69,783,253,279,31,19,197
E02001671,5965,342,407,654,908,1456,688,284,425,36,344,167,117,0,11,126
E02001672,6167,540,387,721,647,1622,551,276,443,64,430,175,185,6,10,110
E02001673,5597,155,345,300,772,2127,586,272,386,43,281,109,103,5,13,100
E02001674,8704,737,543,1008,1196,2408,897,358,446,79,361,224,195,11,39,202
E02001675,9049,556,863,767,1185,1780,823,478,753,87,856,308,341,4,20,228
E02001676,6030,440,271,622,756,2139,539,234,354,26,217,135,121,0,24,152
E02001678,10018,765,505,1381,1365,3527,733,264,370,37,402,227,184,18,31,209
E02001679,6273,519,721,440,564,1371,450,286,507,55,757,223,221,5,14,140
E02001680,6127,491,1009,388,450,942,314,310,548,72,932,260,220,5,16,170
E02001681,7459,570,511,963,985,2301,630,248,378,31,349,188,167,0,12,126
E02006803,8798,372,618,718,1296,2830,688,466,626,93,441,206,243,13,8,180
E02006843,9256,474,1743,433,679,843,26,1028,62,3,113,23,87,2759,2,981
E02006844,8734,237,1315,206,402,816,44,550,51,16,391,96,276,3405,10,919
E02006868,12161,593,1115,536,796,1890,688,514,1015,102,1677,407,506,875,22,1425
E02006869,11191,726,808,843,1227,2773,1026,496,1141,118,951,369,444,3,21,245
E02002183,5594,504,395,776,798,1711,364,230,196,26,249,135,84,0,11,115
E02002184,12945,1053,795,1577,1634,4275,797,462,660,57,704,246,271,0,42,372
E02002185,5948,333,343,535,813,2257,423,214,338,33,270,132,119,0,19,119
E02002186,12643,763,895,1161,1935,3373,1025,632,877,83,727,358,398,6,33,377
E02002187,5888,371,269,685,867,2098,519,230,264,26,186,104,144,0,21,104
E02002188,7726,384,447,624,1151,2479,540,354,464,72,358,184,416,0,17,236
E02002189,6842,297,335,417,635,2230,567,164,225,43,310,165,1143,0,4,307
E02002190,12001,423,855,447,781,3732,714,336,661,84,884,303,2075,16,12,678
E02002191,9413,453,618,384,574,2920,560,266,735,65,1084,319,982,0,27,426
E02002192,9239,551,496,958,1346,3025,824,418,500,68,385,209,239,0,8,212
E02002193,6009,469,717,310,454,1116,399,292,601,61,671,207,333,16,28,335
E02002194,7500,406,451,537,880,1731,667,264,716,85,728,274,519,0,27,215
E02002195,6393,431,390,614,970,1866,643,226,392,51,250,151,219,0,12,178
E02002196,6364,256,402,358,906,1836,541,320,582,82,520,167,194,2,11,187
E02002197,8517,608,926,500,884,1907,463,594,754,90,700,251,283,47,36,474
E02002198,8139,570,769,716,1004,2000,672,458,552,70,524,231,313,0,15,245
E02002199,6407,312,478,533,899,1685,628,380,518,55,334,194,195,0,20,176
E02002200,9216,540,852,768,1218,2494,618,478,531,60,542,239,445,11,29,391
E02002201,12022,652,1079,624,1374,3056,964,686,1054,111,914,307,584,8,42,567
E02002202,7029,471,986,301,617,1387,388,534,553,55,493,249,403,4,24,564
E02002203,7655,346,710,370,706,1753,513,396,906,43,883,273,431,0,37,288
E02002204,11394,654,742,1036,1578,3211,989,538,733,101,751,346,422,0,27,266
E02002205,10113,539,826,685,1467,2490,815,634,821,101,649,277,325,8,29,447
E02002206,8721,449,435,558,840,2386,884,276,792,150,660,316,660,2,30,283
E02002207,7375,205,459,224,396,2557,410,130,252,26,433,195,1544,26,11,507
E02002208,7621,439,567,502,684,1602,593,326,778,67,1005,286,434,0,26,312
E02002209,5908,227,411,210,410,1224,354,214,742,73,1030,190,574,5,11,233
E02002210,7627,305,411,418,673,2281,804,222,496,71,630,243,755,0,12,306
E02002211,7199,262,354,261,297,2500,439,98,239,20,440,182,1541,21,7,538
E02002212,7294,241,253,261,405,2885,342,86,322,28,703,221,1185,6,17,339
E02002213,6745,380,487,522,838,1787,625,300,579,72,496,164,308,0,15,172
E02002214,5917,287,400,341,631,1583,436,268,535,73,476,180,485,0,8,214
E02002215,10515,204,434,143,273,4068,652,80,160,16,510,257,2957,29,10,722
E02002216,9365,272,841,157,255,2914,317,110,175,25,422,202,3037,22,7,609
E02002217,8855,354,648,227,389,3126,425,224,361,51,781,250,1470,16,12,521
E02002218,9354,412,664,429,825,2609,690,324,741,76,1122,294,810,0,20,338
E02002219,7877,150,315,140,264,3638,333,48,203,16,424,135,1740,9,13,449
E02002220,9288,195,328,139,341,3646,496,76,266,44,915,278,2054,10,23,477
E02002221,13576,356,1708,139,509,4419,377,464,288,28,1026,359,2674,319,15,895
E02002222,8111,360,505,336,592,2759,478,186,374,76,914,294,846,26,9,356
E02002223,7821,149,374,83,252,3066,473,90,241,12,536,199,1703,67,13,563
E02002224,10589,187,438,98,336,4576,381,68,191,30,862,257,2555,38,9,563
E02002225,8240,409,640,493,967,1999,657,412,774,104,664,236,535,0,29,321
E02002226,14938,629,1255,614,738,4356,578,112,182,10,471,251,3669,797,8,1268
E02002227,6503,219,632,110,318,1773,236,128,364,39,835,229,1110,38,7,465
E02002228,6795,382,659,265,467,1377,391,276,730,87,1043,250,589,4,11,264
E02002229,8144,533,649,536,916,2129,727,292,587,37,715,222,540,0,14,247
E02002230,9502,252,1022,97,339,2918,339,156,484,36,809,278,1893,106,13,760
E02002231,12757,396,720,443,1031,4518,961,314,623,107,1163,382,1573,4,12,510
E02002232,6458,300,584,249,469,1971,302,212,258,43,725,222,761,21,14,327
E02002233,9238,202,378,112,286,3538,416,98,460,66,1085,250,1803,8,6,530
E02002234,7933,376,697,223,425,1366,323,250,1081,78,1690,316,753,2,13,340
E02002235,7083,242,472,172,338,2376,357,172,350,44,742,225,1156,2,17,418
E02002236,6002,368,399,405,541,1614,493,234,484,56,640,221,310,0,12,225
E02002237,8304,353,545,464,726,2070,738,336,854,71,1057,270,535,0,16,269
E02002238,6122,388,450,272,462,1463,390,202,474,81,842,299,529,2,3,265
E02002239,9964,370,788,395,1005,2598,733,442,889,76,1288,281,728,0,22,349
E02002240,10686,466,723,625,1301,3079,1039,522,851,102,842,310,485,0,21,320
E02002241,11941,578,930,585,1037,2501,908,480,1456,192,1538,484,800,0,22,430
E02002242,7751,459,529,619,987,1518,805,372,691,95,667,263,419,10,14,303
E02002243,9336,480,754,631,1071,1806,805,428,971,112,1006,306,558,0,18,390
E02002244,6011,338,381,496,818,1612,580,228,465,56,502,162,201,0,4,168
E02002245,5627,234,608,236,434,1007,281,254,789,62,958,247,273,0,14,230
E02002246,9651,594,579,975,1242,2774,999,430,622,74,570,244,310,0,13,225
E02002247,9374,482,1003,520,1214,2378,464,654,895,47,788,249,316,6,14,344
E02002248,7523,426,616,343,677,1603,590,276,922,106,982,287,386,0,18,291
E02002249,5522,223,577,211,541,949,388,236,740,64,897,219,264,0,2,211
E02002250,8410,564,705,636,1100,2271,587,460,630,78,589,258,294,0,14,224
E02002251,7511,574,1366,428,708,1267,389,434,639,64,672,242,214,2,17,495
E02002252,6025,345,321,600,914,1519,479,254,457,41,490,158,254,0,12,181
E02002253,7616,393,556,281,531,2473,329,252,613,31,856,224,730,0,6,341
E02002254,5763,325,387,574,796,1667,568,252,315,33,387,137,167,0,11,144
E02002255,7836,292,592,130,234,2815,390,100,252,15,610,181,1727,20,8,470
E02002256,9317,544,964,518,1070,1968,537,568,868,47,898,293,547,0,10,485
E02002257,6202,205,400,116,310,2368,323,134,251,15,597,111,923,15,13,421
E02002258,8816,563,803,671,1093,2405,694,556,617,66,596,276,190,7,21,258
E02002259,6577,423,606,451,751,1761,451,368,404,45,466,172,371,2,19,287
E02002260,9114,575,1028,579,1011,1770,633,624,813,90,873,331,342,0,23,422
E02002261,8108,452,786,522,960,1885,605,460,763,77,767,221,303,0,17,290
E02002262,7914,545,778,727,963,1855,507,450,663,51,649,240,283,2,10,191
E02002263,6697,334,500,445,865,1620,529,338,605,73,659,238,256,0,25,210
E02002264,6995,492,531,606,851,2177,564,284,337,37,401,184,296,0,16,219
E02002265,5432,360,540,369,753,1155,380,326,507,22,449,156,183,0,12,220
E02002266,5820,327,506,561,725,1567,502,298,437,38,423,126,128,0,13,169
E02002267,8150,472,629,616,1030,2092,716,374,651,81,753,256,251,0,9,220
E02002268,9888,634,982,681,1113,2182,676,550,856,82,979,362,408,11,24,348
E02002269,9569,447,745,584,1374,2771,723,508,835,75,691,249,307,0,22,238
E02002270,8358,385,602,510,1250,2589,677,480,712,81,484,151,217,0,16,204
E02002271,7100,421,442,641,967,2041,575,340,507,84,473,168,253,0,12,176
E02002272,9445,500,759,618,1142,2175,805,496,1007,129,909,327,283,0,5,290
E02002273,6174,309,479,523,825,1645,517,338,475,49,473,181,193,2,8,157
E02002274,6999,297,419,541,883,2108,642,344,561,65,519,186,204,0,25,205
E02002275,8558,544,945,594,895,2132,690,512,728,62,622,243,273,0,15,303
E02002276,7281,311,494,558,902,1661,773,292,663,68,736,214,386,0,12,211
E02002277,6510,279,474,414,664,2172,525,246,396,49,395,188,439,0,14,255
E02002278,6372,343,418,395,793,1502,545,322,708,83,649,152,272,6,16,168
E02002279,6174,371,632,382,664,1243,464,322,777,63,570,210,261,4,12,199
E02002280,6248,344,464,217,357,2145,379,116,190,46,552,216,988,0,3,231
E02002281,11399,472,784,626,962,3338,816,444,904,91,902,306,1193,5,16,540
E02002282,7203,212,450,297,529,2591,431,226,430,56,606,232,843,8,13,279
E02002283,7833,203,362,196,446,3340,712,166,199,63,385,202,1141,0,6,412
E02002284,6054,357,480,525,705,1536,678,244,465,76,420,184,230,2,4,148
E02002285,7991,440,536,672,1064,2224,705,378,675,56,470,206,355,2,9,199
E02002286,6076,263,441,221,511,1828,417,230,445,65,708,186,527,2,2,230
E02002287,6933,325,834,264,531,2142,283,318,283,56,437,146,881,10,10,413
E02002288,9273,424,744,470,924,2133,728,460,993,105,1153,280,514,0,12,333
E02002289,6560,163,394,136,362,2573,348,150,331,33,679,176,896,2,7,310
E02002290,6229,400,319,708,884,1664,674,260,428,38,366,165,183,0,19,121
E02002291,6552,360,394,553,843,1794,653,300,504,54,517,163,254,0,16,147
E02002292,5708,301,390,446,730,1566,569,230,305,37,444,145,283,0,9,253
E02002293,7932,229,586,166,370,3095,323,140,359,27,834,151,1328,0,6,318
E02002294,10691,289,473,331,627,4148,759,144,302,38,671,196,2123,15,15,560
E02002295,6692,311,715,230,434,1323,293,240,616,34,1416,294,432,9,17,328
E02002296,6782,506,581,684,890,1761,470,328,414,35,442,213,236,0,15,207
E02002297,6899,309,416,614,822,2112,567,304,309,37,374,172,557,14,6,286
E02002298,6748,366,450,548,888,1390,680,270,682,42,607,282,340,0,10,193
E02002299,6550,319,885,190,382,1453,215,202,487,29,1097,251,406,280,13,341
E02002300,6683,494,409,704,816,1922,574,304,393,44,417,158,224,2,12,210
E02002301,7655,245,750,182,404,2398,383,240,247,17,575,173,1198,245,18,580
E02002302,6386,289,350,453,931,1896,497,346,495,50,420,183,232,2,8,234
E02002303,6469,400,662,477,691,1664,420,340,402,35,522,199,387,22,21,227
E02002304,6542,374,988,339,527,1343,298,440,281,25,339,171,523,388,7,499
E02002305,6071,331,623,252,472,1271,484,258,440,46,912,218,334,113,12,305
E02002306,6363,353,397,447,881,1867,694,340,376,46,382,167,218,0,6,189
E02002307,6004,386,462,491,583,1343,576,272,481,67,576,228,314,11,6,208
E02002308,6459,310,600,427,725,1583,500,440,533,44,599,215,233,0,19,231
E02002309,6767,378,851,278,436,1601,301,260,262,25,536,177,847,320,16,479
E02002310,6083,418,560,363,537,1244,414,356,490,45,663,220,250,222,10,291
E02002311,6427,332,600,352,742,1481,507,436,552,74,680,218,235,4,8,206
E02002312,8137,557,1169,520,808,1350,297,472,552,66,787,201,300,595,2,461
E02002313,7663,215,588,148,346,2637,337,170,299,20,672,174,1413,131,2,511
E02002314,6009,408,385,630,702,1423,455,284,377,75,557,231,245,0,9,228
E02002315,6775,289,756,334,658,1447,462,456,742,84,712,219,281,0,8,327
E02002316,6435,368,339,606,994,1816,516,284,535,58,395,168,185,4,11,156
E02002317,7042,389,585,380,618,2013,450,230,449,60,782,282,517,9,15,263
E02002318,6404,470,609,441,709,1261,513,278,450,79,632,233,343,103,18,265
E02002319,6549,331,577,438,824,1746,456,354,606,60,535,202,192,0,15,213
E02002320,6398,450,703,668,846,1365,559,342,369,32,415,188,184,13,24,240
E02002321,7232,521,627,743,1211,2051,613,276,421,21,319,152,124,9,22,122
E02002322,6401,329,439,448,942,1669,554,334,563,65,428,217,177,14,10,212
E02002323,8443,534,495,763,1141,2574,715,368,624,51,434,229,246,10,14,245
E02002324,6520,390,387,618,962,1809,599,298,421,57,396,194,183,3,14,189
E02002325,8534,467,524,721,1279,2400,665,372,601,86,630,255,324,0,11,199
E02002326,6264,280,282,482,862,2349,561,280,357,49,345,107,160,0,2,148
E02002327,9845,456,538,863,1409,3112,966,504,551,41,558,241,322,0,22,262
E02002328,6976,392,415,600,1078,2167,617,302,397,44,434,162,208,0,11,149
E02002329,11956,498,813,828,1686,3670,990,640,935,93,827,369,298,2,34,273
E02002330,6598,359,272,895,1139,2183,617,184,197,18,274,189,120,0,7,144
E02002331,6592,809,639,807,903,1482,369,252,330,36,416,186,112,0,9,242
E02002332,5849,437,318,544,736,1612,515,212,440,47,505,231,158,0,7,87
E02002333,7819,595,726,612,1118,2111,600,490,467,42,453,204,165,7,27,202
E02002334,7116,558,397,792,1146,2162,535,308,347,27,304,178,208,0,4,150
E02002335,7552,411,370,875,1146,2697,632,226,315,34,340,138,204,0,28,136
E02002336,6765,424,333,770,982,2510,444,208,327,28,259,116,185,3,13,163
E02002337,6712,270,435,673,933,2389,550,394,309,25,300,124,116,12,2,180
E02002338,6800,441,424,490,820,2189,567,362,421,29,422,224,185,2,12,212
E02002339,5719,393,582,405,593,1239,401,366,513,45,555,214,234,10,16,153
E02002340,5536,402,425,491,757,1316,495,344,330,44,427,176,159,12,21,137
E02002341,7348,406,327,836,950,2606,691,252,216,12,304,190,289,7,28,234
E02002342,5752,396,411,654,776,1629,570,194,330,25,309,151,158,6,16,127
E02002343,5729,285,334,364,766,1893,549,308,388,34,380,140,116,0,11,161
E02002344,7678,517,675,684,903,2451,614,316,240,18,431,208,368,2,29,222
E02002345,5503,341,329,535,819,1810,541,166,152,26,223,144,217,2,19,179
E02002346,5982,360,577,430,610,1501,434,308,399,46,676,263,164,4,4,206
E02002347,5998,392,633,303,559,1437,411,200,376,34,802,301,333,5,22,190
E02002348,6111,490,518,415,589,1627,474,282,366,53,535,237,263,0,27,235
E02002349,5637,391,585,382,664,1681,342,346,228,12,285,145,199,9,7,361
E02002350,6201,409,384,829,777,2114,512,252,223,30,240,125,112,2,23,169
E02002351,5399,305,226,673,817,1601,519,196,291,30,270,136,194,7,8,126
E02002352,7371,497,517,507,691,2193,632,414,350,12,343,212,497,8,13,485
E02002353,5817,202,357,263,623,2244,469,246,315,19,347,142,300,5,12,273
E02002354,7825,531,599,540,696,2299,652,392,280,32,513,252,556,0,32,451
E02002356,7521,462,518,652,1060,2540,588,496,312,32,297,128,158,10,8,260
E02002357,7784,492,708,509,889,1851,548,652,468,29,575,295,264,28,11,465
E02002358,7353,463,500,582,816,1738,714,272,505,44,738,294,404,5,24,254
E02002359,6393,408,349,706,944,1931,564,300,308,40,318,145,183,14,25,158
E02002360,6748,326,622,352,599,1879,398,442,400,30,684,173,238,68,18,519
E02002361,5746,321,623,282,512,1771,321,272,343,43,440,169,334,10,10,295
E02002362,7695,489,871,373,615,1437,451,444,629,77,1055,346,463,20,28,397
E02002363,6976,382,853,305,653,1396,404,816,355,26,340,203,250,7,11,975
E02002364,5768,435,734,268,400,938,451,224,600,78,918,269,226,3,29,195
E02002366,7767,398,489,498,660,2437,605,248,260,31,521,244,1011,2,14,349
E02002367,5915,267,695,168,344,1033,289,234,413,63,1144,280,539,20,7,419
E02002368,7952,408,662,643,1129,2269,586,616,567,57,441,184,179,2,4,205
E02002369,6939,440,599,340,461,1468,456,238,584,81,1122,324,528,0,24,274
E02002370,6653,438,548,308,546,1249,378,266,791,72,1101,352,362,11,10,221
E02002371,9614,421,1338,208,430,1881,428,322,447,24,1451,528,1194,118,23,801
E02002373,8559,178,570,94,182,318,154,274,135,13,55,72,202,4579,16,1717
E02002374,6636,364,735,328,502,1201,348,544,313,30,482,189,241,299,29,1031
E02002375,6386,423,713,400,660,1263,304,286,599,52,831,192,300,146,15,202
E02002376,6869,239,463,166,318,1990,286,138,507,71,1371,198,828,19,15,260
E02002377,7067,173,614,74,214,2399,236,90,179,7,697,218,1542,59,15,550
E02002379,5243,223,336,180,310,1043,263,170,661,62,1150,224,427,12,21,161
E02002380,5270,321,385,425,611,1290,428,328,360,59,458,203,141,0,8,253
E02002381,6103,287,705,311,699,1193,434,616,504,33,652,184,200,20,10,255
E02002382,6001,130,686,70,196,1756,199,178,328,6,993,192,798,52,4,413
E02002383,7636,88,466,54,152,400,102,178,72,9,260,95,339,3837,7,1577
E02002384,10792,789,2236,602,822,1852,139,440,211,35,979,246,433,1065,13,930
E02002385,7996,269,988,111,287,802,138,656,292,12,517,173,259,1514,17,1961
E02002386,8343,668,613,991,1133,1822,861,402,466,35,507,278,296,7,25,239
E02002387,5455,364,564,191,457,1027,303,320,640,50,700,168,318,4,15,334
E02002388,7357,294,786,295,685,1586,464,448,679,49,947,244,385,7,14,474
E02002389,6600,398,684,338,470,1324,373,198,565,67,1208,290,441,2,24,218
E02002390,6055,357,523,336,578,1312,512,308,514,55,701,273,324,3,8,251
E02002391,7772,419,716,414,922,1986,607,610,579,33,635,293,237,5,4,312
E02002392,9275,926,1791,879,1005,1316,60,318,39,15,302,92,195,1480,2,855
E02002393,7589,340,1712,136,354,1871,174,330,347,28,1006,213,391,68,23,596
E02002394,6773,337,1067,194,368,1340,287,230,479,50,1306,261,389,27,12,426
E02002395,6340,348,298,453,637,1972,618,194,286,25,367,195,646,11,4,286
E02002396,8466,436,999,436,842,1942,612,564,567,52,678,264,439,8,16,611
E02002397,7430,400,707,494,860,1638,659,398,670,48,740,244,308,12,14,238
E02002398,7443,522,436,860,898,2004,822,260,456,68,438,248,169,8,15,239
E02002399,6204,273,524,280,522,1270,526,184,613,84,1062,279,318,14,6,249
E02002400,8222,520,1262,351,587,1340,285,456,551,73,1170,302,595,20,26,684
E02002401,6203,300,498,216,394,1159,386,162,703,73,1347,228,494,12,28,203
E02002402,5774,245,340,527,813,1815,642,244,385,27,281,127,157,3,13,155
E02002403,6071,447,394,579,685,1550,568,244,396,31,428,221,237,109,21,161
E02002404,8676,475,1847,286,640,1028,321,874,534,73,1024,241,379,147,16,791
E02002405,7484,509,502,659,877,2042,679,360,540,87,529,246,270,2,19,163
E02002406,7018,340,275,732,964,2249,920,252,378,35,434,154,158,3,9,115
E02002407,6389,341,797,236,397,1133,305,332,848,63,1051,256,329,8,4,289
E02002408,7237,507,675,493,821,1926,470,458,647,63,481,236,212,0,14,234
E02002409,5940,288,547,496,598,1239,423,356,549,63,642,216,295,0,15,213
E02002410,6591,418,727,386,830,1445,535,432,551,64,509,184,201,4,4,301
E02002411,7054,286,1400,154,480,1165,223,584,495,25,715,216,486,68,12,745
E02002412,6798,317,643,423,783,1650,518,516,573,61,668,183,218,2,2,241
E02002414,5725,360,842,195,366,1092,261,268,436,44,799,216,374,26,8,438
E02002415,6483,153,992,62,202,1844,173,192,336,29,845,193,933,35,8,486
E02002416,6319,494,322,817,855,1506,651,248,367,41,445,176,231,13,12,141
E02002417,6327,333,381,551,913,1488,611,364,576,42,492,182,185,2,11,196
E02002418,7234,360,406,506,996,2129,670,312,539,32,567,254,253,0,24,186
E02002419,7832,462,816,370,628,1477,448,324,900,59,1133,361,488,20,12,334
E02002420,7853,398,656,442,736,1926,576,318,606,64,819,272,529,29,27,455
E02002421,5931,348,671,224,386,987,371,196,642,61,1225,282,334,10,14,180
E02002422,6180,293,422,502,886,1663,555,376,448,36,427,137,215,0,24,196
E02002423,5641,295,527,285,605,1044,536,224,528,68,835,219,248,0,28,199
E02002424,7612,382,576,503,907,2110,588,440,668,54,648,226,221,0,11,278
E02002425,8448,481,603,742,1262,2080,714,424,695,46,649,217,292,0,18,225
E02002426,7661,423,443,710,924,2311,611,372,420,73,563,245,327,12,11,216
E02002427,6854,505,422,623,843,1465,719,312,557,56,698,225,229,0,14,186
E02002428,6878,344,692,402,740,1373,471,490,718,49,838,220,306,3,17,215
E02002429,8245,401,568,667,1023,2311,624,488,668,51,673,248,244,2,20,257
E02002430,7175,394,601,300,494,1330,428,208,911,103,1377,335,457,11,5,221
E02002431,7992,301,866,323,933,1939,470,692,795,49,775,249,269,4,11,316
E02002432,7200,384,412,551,857,2245,600,304,656,51,565,218,223,0,2,132
E02002433,6177,535,891,326,784,1179,381,532,398,41,515,179,217,2,21,176
E02002434,8621,293,609,347,971,2550,581,748,917,66,824,195,303,0,6,211
E02002435,7394,366,592,595,951,1925,565,472,629,53,536,188,261,2,8,251
E02002436,6605,356,493,448,776,1709,486,332,562,63,593,233,275,9,28,242
E02002437,6190,200,266,440,898,2210,635,212,404,71,363,158,155,0,13,165
E02006852,12417,836,1367,928,1344,2606,574,864,417,34,344,169,427,934,21,1552
E02006861,12512,664,1524,494,702,904,133,706,222,6,276,94,375,4476,14,1922
E02006875,7484,427,2289,404,752,616,28,1228,60,3,31,21,42,347,0,1236
E02006876,7145,376,1424,314,678,929,256,788,338,39,621,161,257,109,31,824
E02002438,7871,448,522,514,832,1517,675,274,981,105,1137,320,318,0,7,221
E02002439,7639,532,837,491,865,1388,703,540,657,72,685,300,247,0,19,303
E02002440,7751,422,428,616,965,1800,791,260,761,69,743,271,371,0,17,237
E02002441,8626,569,759,604,924,1773,697,582,884,117,806,323,347,0,9,232
E02002442,6713,251,443,426,980,1732,724,420,529,65,475,171,252,0,12,233
E02002443,5943,208,352,372,782,1954,635,314,394,53,373,128,164,0,0,214
E02002444,5881,351,502,433,777,1525,494,332,394,36,480,193,191,0,6,167
E02002445,7004,494,487,609,943,1631,631,334,516,61,578,250,236,0,14,220
E02002446,6038,364,353,633,807,1754,564,304,441,61,261,154,169,0,8,165
E02002447,6146,403,553,375,741,1255,617,332,584,60,517,216,256,0,21,216
E02002448,7564,463,587,539,907,1417,647,400,901,70,854,248,277,0,15,239
E02002449,8138,253,384,585,1053,2363,800,462,752,50,775,211,190,0,18,242
E02002450,6757,335,472,397,881,2034,630,358,495,61,522,159,229,0,10,174
E02002451,7186,444,410,725,1091,1990,856,240,352,72,437,229,156,0,11,173
E02002452,7963,540,939,481,889,1620,522,502,792,76,755,273,258,4,25,287
E02002453,9248,610,882,465,1041,1922,722,476,839,76,1067,396,410,0,32,310
E02002454,7553,468,1091,297,641,1716,342,494,289,47,396,192,738,18,6,818
E02002455,6149,397,311,396,582,1337,625,240,668,58,821,244,290,0,15,165
E02002456,7166,405,780,490,802,1752,399,386,532,51,596,173,376,0,8,416
E02002457,7603,403,729,382,764,1765,488,314,619,96,921,266,494,0,21,341
E02002458,8809,477,537,686,1246,2367,755,456,780,56,753,236,238,0,12,210
E02002459,9349,469,735,485,981,2543,706,446,787,80,978,344,434,0,20,341
E02002460,7055,511,371,877,1103,1773,715,278,414,46,390,208,173,0,19,177
E02002461,10059,498,579,677,1351,2684,841,576,899,81,905,302,388,0,28,250
E02002462,7307,495,588,599,1027,1890,684,382,530,57,519,160,136,0,2,238
E02002463,9104,427,642,457,695,1927,590,308,1228,82,1445,411,584,2,17,289
E02002464,7848,514,631,620,870,1574,687,312,858,69,899,291,277,0,30,216
E02002465,5988,485,601,596,730,1254,569,282,334,46,356,184,247,0,8,296
E02002466,8986,642,563,804,1160,2276,845,446,669,104,695,318,216,0,33,215
E02002467,8234,333,980,280,710,1817,470,550,683,45,964,228,604,4,6,560
E02002468,6046,327,466,454,836,1454,583,352,421,39,523,221,170,0,8,192
E02002469,5945,280,265,516,786,1695,779,184,432,63,440,152,173,0,8,172
E02002470,6144,412,203,913,1027,1810,697,230,144,25,206,136,191,0,9,141
E02002471,10404,585,580,1156,1696,2900,962,516,560,49,546,269,281,0,14,290
E02002472,5963,376,360,585,987,1547,556,294,412,52,350,142,158,2,7,135
E02002473,6336,295,384,578,1055,1640,622,356,523,32,342,170,174,4,9,152
E02002474,6115,429,460,404,690,1370,609,268,561,71,655,234,187,0,12,165
E02002475,5975,340,324,626,960,1657,581,302,384,28,320,154,149,0,28,122
E02002476,5845,335,384,378,602,1124,538,188,721,67,749,233,327,0,24,175
E02002477,6321,347,398,457,807,1382,676,326,590,62,675,247,181,0,26,147
E02002478,5832,321,372,388,734,1470,557,248,601,57,525,137,269,0,4,149
E02002479,8334,548,579,696,1014,1833,817,352,813,85,726,371,278,0,19,203
E02002480,5872,424,472,502,696,1150,573,242,602,39,505,201,237,0,11,218
E02002481,6325,388,398,442,698,1542,606,248,640,53,638,218,247,0,20,187
E02002482,6702,368,440,460,682,1642,660,228,796,56,704,182,302,0,9,173
E02002796,6135,418,244,742,796,2099,584,202,280,42,283,154,136,8,15,132
E02002797,7487,697,333,1258,930,2290,648,204,280,37,248,177,154,15,31,185
E02002798,10138,270,759,569,1415,3506,924,722,601,59,541,179,304,0,19,270
E02002799,5992,298,342,396,512,1257,451,298,727,44,910,240,316,6,11,184
E02002800,7131,532,590,534,882,2050,303,462,413,39,359,123,182,250,13,399
E02002801,7611,461,408,649,759,1981,754,300,641,105,716,241,342,8,17,229
E02002802,8012,387,647,338,534,1438,561,352,1040,104,1448,321,511,10,31,290
E02002803,7766,616,1569,446,772,971,216,680,317,34,519,191,99,509,14,813
E02002804,7633,610,380,557,683,1698,656,234,749,76,906,384,358,17,16,309
E02002805,5701,414,347,764,888,1324,584,232,406,43,275,157,120,8,10,129
E02002806,6547,307,816,249,451,877,230,570,420,41,584,217,195,847,8,735
E02002807,9021,468,532,692,964,2316,817,366,787,93,897,368,391,10,29,291
E02002808,11819,544,2212,318,690,1356,300,994,833,46,1112,346,416,972,24,1656
E02002809,6676,409,434,583,703,1520,538,310,633,70,646,278,268,4,11,269
E02002810,8220,440,390,996,1208,2437,819,300,440,29,485,232,221,26,9,188
E02002811,9971,360,1088,191,387,2964,421,290,452,43,838,287,1569,166,10,905
E02002812,6965,392,529,540,636,1969,571,242,309,32,407,197,626,45,26,444
E02002813,10322,381,1167,166,385,2846,420,316,510,25,1046,242,1913,58,21,826
E02002814,7360,599,453,767,1125,2110,755,288,294,39,343,179,193,2,24,189
E02002815,7664,228,442,238,302,2439,420,124,334,13,768,284,1442,21,11,598
E02002816,9406,252,456,475,913,3893,736,242,384,49,708,174,790,6,7,321
E02002817,6317,356,242,612,653,1917,650,132,246,31,334,174,612,6,17,335
E02002818,7665,335,605,281,455,2201,411,206,580,45,1059,351,705,7,17,407
E02002819,7408,437,864,483,865,1379,471,654,639,56,630,241,254,18,22,395
E02002820,9708,503,719,468,818,2204,725,488,1065,101,1259,340,503,13,13,489
E02002821,11010,442,896,325,685,2416,582,374,1319,89,2066,477,836,4,15,484
E02002822,6738,392,396,592,630,1820,632,220,463,45,651,226,382,3,13,273
E02002823,7475,543,461,714,792,1743,672,314,652,69,692,282,302,2,18,219
E02002824,9656,360,699,353,821,2462,720,272,837,96,1476,339,846,0,13,362
E02002825,8544,514,602,699,943,2702,501,368,675,56,638,217,327,0,12,290
E02002826,6654,342,337,346,744,2332,559,222,446,34,719,167,249,0,2,155
E02002827,6431,160,556,190,626,1727,514,296,484,40,832,233,484,29,2,258
E02002828,7582,283,381,403,749,2139,1141,162,322,59,401,192,853,15,8,474
E02002829,10609,521,989,413,603,2146,699,348,1013,111,1765,500,866,46,18,571
E02002830,10049,211,1015,209,731,2594,725,308,741,56,1524,357,987,38,8,545
E02002831,6832,259,272,331,525,2078,885,76,227,31,408,293,962,27,15,443
E02002832,8072,323,458,357,583,2137,1067,68,85,33,446,335,1328,47,12,793
E02002833,8160,216,253,214,398,2631,1182,64,240,36,541,347,1349,21,33,635
E02002834,9731,415,725,628,896,2375,982,408,522,75,597,305,887,65,11,840
E02002835,12628,284,700,302,1081,4457,955,414,612,50,1059,263,1685,16,8,742
E02002836,9331,386,345,312,536,2459,1246,58,128,14,618,487,1745,45,22,930
E02002837,7445,240,498,167,355,2249,552,128,451,65,1038,275,943,15,14,455
E02002838,7723,457,582,319,455,1510,415,196,848,71,1462,384,635,38,14,337
E02002839,7638,458,388,440,570,2173,807,156,528,68,657,272,716,23,29,353
E02002842,7658,226,953,124,480,1163,261,632,614,45,1028,212,665,167,13,1075
E02002843,13049,317,553,230,579,5009,1042,100,195,52,862,441,2664,31,10,964
E02002844,11954,359,684,185,451,4750,788,52,239,31,1068,466,2042,43,13,783
E02002845,10350,491,857,306,676,3255,717,194,294,57,1154,450,1193,23,24,659
E02002846,7385,375,508,436,854,1938,712,388,480,35,442,209,519,9,30,450
E02002847,10274,210,217,298,450,4050,1059,42,156,17,482,306,2068,85,15,819
E02002848,11199,270,624,192,408,3916,750,94,275,20,794,337,1879,634,20,986
E02002849,12432,502,1888,312,716,1601,300,956,528,44,772,264,712,1627,16,2194
E02002851,7984,462,271,725,665,2129,1040,102,190,24,356,231,1234,0,19,536
E02002852,7098,278,423,144,410,1501,381,150,1085,117,1500,297,612,6,7,187
E02002853,12799,323,732,343,581,4021,1233,176,237,29,684,308,2167,890,14,1061
E02002854,8224,435,630,281,519,1835,466,316,908,102,1204,342,514,119,16,537
E02002855,6583,172,639,238,552,1246,511,454,346,24,418,191,463,292,12,1025
E02002856,11621,633,1533,529,945,2026,387,924,439,22,402,183,499,1891,16,1192
E02002857,6230,243,885,214,502,945,305,532,657,46,735,224,233,133,17,559
E02002858,7464,440,520,617,833,2520,581,356,365,24,307,138,407,38,2,316
E02002860,7944,496,615,642,849,1822,634,378,667,84,603,300,436,8,17,393
E02002861,7752,265,411,257,357,1643,449,192,935,96,1633,416,744,21,34,299
E02002862,8317,586,641,414,608,1467,517,346,1060,87,1354,412,515,4,31,275
E02006815,9184,643,556,684,654,1911,760,192,799,123,1314,419,726,14,31,358
E02006817,8111,437,664,560,698,1986,633,234,367,70,465,272,674,461,19,571
E02006819,8109,340,723,284,520,1671,433,260,1050,84,1461,309,610,3,19,342
E02006850,9855,761,1992,646,824,1036,116,266,127,10,373,95,381,2358,7,863
E02006851,6032,300,1861,225,519,569,23,554,106,4,75,29,50,1062,0,655
E02002868,5773,224,377,610,802,1315,618,174,345,79,578,183,247,0,20,201
E02002869,7425,513,711,311,641,1294,418,334,757,63,1389,314,367,9,10,294
E02002871,7841,427,745,474,808,1496,713,378,809,104,864,282,345,15,24,357
E02002872,8732,409,959,349,765,1559,567,390,879,121,1609,310,497,11,10,297
E02002873,9042,321,1001,373,671,1885,427,450,1003,91,1443,379,575,31,18,374
E02002874,7958,514,689,462,676,1767,523,332,565,55,1078,339,464,21,33,440
E02002875,8250,442,809,278,608,1511,417,502,822,120,1470,310,517,10,21,413
E02002876,7957,431,824,497,737,1500,583,452,678,89,933,277,513,25,16,402
E02002877,7527,491,1084,443,735,1400,367,674,502,54,401,238,330,37,38,733
E02002878,8983,218,517,170,378,1654,386,212,1299,135,2507,382,763,7,23,332
E02002879,9107,333,1112,321,731,2130,409,640,751,107,926,298,498,50,10,791
E02002880,8639,269,544,218,460,1819,420,234,1067,116,2103,400,637,22,16,314
E02002881,6175,362,612,273,387,1219,347,200,659,70,1106,258,443,11,5,223
E02002882,8201,429,1414,380,734,1494,340,766,430,26,447,186,354,177,10,1014
E02002883,7574,301,1090,228,640,1309,338,642,581,50,1098,312,473,43,8,461
E02002884,6131,214,678,103,259,1450,207,360,283,26,350,154,800,265,5,977
E02002885,8149,202,901,94,306,2064,241,258,345,34,813,247,1059,601,10,974
E02002886,8785,476,601,535,614,2502,691,226,369,46,744,284,1026,115,18,538
E02002887,6463,610,554,474,603,1291,460,216,532,41,648,277,457,9,25,266
E02002888,6554,322,990,173,340,1029,280,220,585,62,1271,326,412,39,22,483
E02002889,8585,487,1680,392,516,668,135,380,156,27,378,142,312,2386,8,918
E02002890,11170,771,2433,520,720,1298,162,540,403,44,919,251,390,1728,20,971
E02002891,8332,389,641,479,649,2090,612,310,631,78,922,319,739,30,34,409
E02002892,6071,458,411,336,466,1273,402,204,615,59,881,305,396,7,6,252
E02002893,13419,907,2132,711,968,2328,159,366,384,34,799,177,775,2340,16,1323
E02002894,6845,355,329,490,778,2345,614,240,269,21,334,143,529,105,5,288
E02002895,7995,195,1036,155,495,612,165,668,112,13,116,58,192,2959,2,1217
E02002896,10014,356,1437,155,429,1967,342,544,667,73,1213,284,1060,113,32,1342
E02002897,7896,576,487,916,844,2354,721,224,281,61,408,236,486,10,28,264
E02002898,10920,309,1081,171,337,800,189,272,175,22,238,170,325,5581,12,1238
E02002899,9952,1275,1440,1250,1372,1976,219,184,316,12,413,150,306,616,14,409
E02002901,5735,370,451,539,695,1408,468,304,386,77,376,219,215,29,17,181
E02002902,8620,745,788,631,835,1718,706,320,614,103,841,381,423,138,16,361
E02002903,6343,517,505,499,625,1111,567,180,609,64,720,258,405,48,10,225
E02002904,6137,448,411,418,490,1197,523,208,628,74,744,286,355,41,8,306
E02006834,7711,570,952,549,613,1135,547,314,681,115,1223,325,389,11,20,267
E02006904,7050,131,1643,93,417,568,103,834,228,9,349,117,270,1085,9,1194
E02006905,7619,481,1117,245,461,1460,285,372,436,31,911,283,540,77,19,901
E02002863,7812,597,592,935,1411,2485,492,244,325,28,263,122,154,4,14,146
E02002864,5851,346,373,695,825,1556,506,246,347,27,390,193,165,0,12,170
E02002865,7902,648,566,984,1084,2136,572,360,411,42,508,200,163,0,30,198
E02002866,7384,474,365,818,1146,2374,606,314,328,49,388,157,200,0,28,137
E02002867,8420,710,694,1114,1315,2341,428,366,308,34,439,183,224,0,37,227
E02004029,6459,424,517,477,749,1345,580,378,590,46,500,261,241,0,28,323
E02004030,5630,409,337,635,1019,1439,482,286,260,30,274,167,107,0,27,158
E02004031,7474,456,617,409,733,1515,513,380,912,56,898,311,387,0,18,269
E02004032,8261,502,492,762,1338,2228,819,484,547,67,393,214,160,0,4,251
E02004033,8824,431,765,594,1190,2056,779,590,777,95,631,299,264,0,23,330
E02004034,7326,485,414,753,1171,1883,727,330,422,73,308,235,237,0,21,267
E02004035,6475,364,269,782,1080,1726,668,314,379,39,247,160,191,0,43,213
E02004036,9919,573,616,795,1247,2303,997,470,837,114,861,366,347,0,27,366
E02004037,7670,305,419,675,1052,2640,626,330,540,75,457,228,190,0,6,127
E02004038,7797,551,860,558,1032,1727,471,610,554,35,566,261,240,0,28,304
E02004039,8044,402,528,638,1073,2342,752,548,634,54,489,178,222,0,8,176
E02004040,9016,374,508,618,1090,2599,843,458,844,73,638,332,305,0,26,308
E02004041,7029,328,459,497,903,1923,683,456,613,67,441,182,224,0,15,238
E02004043,7025,385,429,665,1041,1883,639,422,447,80,391,222,199,0,8,214
E02004044,7717,511,354,921,959,2914,573,198,243,42,356,144,246,0,18,238
E02006827,7643,472,578,539,789,1559,556,448,777,73,893,303,305,0,18,333
E02004045,9092,466,633,771,1291,2579,779,388,718,78,570,263,301,0,12,243
E02004046,6221,393,374,591,943,1408,531,296,517,60,469,239,218,0,21,161
E02004047,5651,357,485,401,685,1136,394,366,625,40,619,166,159,12,19,187
E02004048,6687,352,547,443,807,1590,503,346,643,49,695,202,244,0,20,246
E02004049,7781,623,477,763,1123,1968,745,332,537,74,480,277,185,0,12,185
E02004050,7045,493,384,608,673,1625,630,292,669,73,631,309,337,2,23,296
E02004051,9016,509,641,667,1031,2023,868,452,923,89,696,341,378,0,24,374
E02004052,7868,464,526,684,1032,2014,706,440,702,85,545,212,207,0,18,233
E02004053,7877,463,540,492,892,2053,655,410,766,57,720,212,266,0,25,326
E02004054,8628,426,623,627,1265,2216,765,492,744,80,597,241,254,0,19,279
E02004055,7127,500,651,617,903,1507,538,422,648,72,588,247,183,0,20,231
E02004056,7802,414,552,516,742,1871,605,316,923,75,976,280,278,3,12,239
E02004057,7675,372,772,363,899,1932,449,492,858,67,715,263,241,0,10,242
E02004058,7814,568,784,646,862,1617,527,360,736,74,940,317,171,0,17,195
E02004059,7261,523,535,766,976,1810,668,362,476,39,539,216,146,0,12,193
E02004060,7632,457,432,717,991,1936,643,330,618,53,666,240,300,0,11,238
E02004061,7186,558,783,664,774,1636,571,432,471,52,550,278,160,0,13,244
E02004062,7992,522,771,626,1090,2062,710,364,494,52,631,258,176,0,21,215
E02004063,7973,625,609,862,1058,2061,671,336,560,52,463,251,171,0,22,232
E02004064,8748,455,1344,364,836,1617,498,778,733,52,899,292,297,4,10,569
E02004065,8437,549,444,1123,1409,2524,764,300,414,44,347,207,125,0,36,151
E02004066,11731,599,946,941,1625,3078,940,694,897,80,862,339,321,3,41,365
E02004067,6410,415,688,428,718,1229,449,294,650,64,765,249,239,0,14,208
E02004068,7566,537,458,771,1137,2276,603,318,415,60,328,167,179,0,25,292
E02004069,6762,551,432,1010,1138,1847,495,290,225,46,239,163,104,4,23,195
E02004070,6385,588,354,751,997,1570,619,220,314,36,246,200,241,0,24,225
E02004071,5118,367,275,538,736,1364,511,178,327,17,380,159,119,0,20,127
E02004072,8558,504,547,893,1533,2252,732,404,501,79,445,209,167,0,21,271
E02004073,9050,670,763,812,1268,2106,726,468,652,63,573,284,252,2,36,375
E02004074,5813,411,402,557,769,1515,520,290,403,55,347,197,151,0,17,179
E02004075,7447,379,457,791,1267,2236,673,258,321,63,323,199,225,2,28,225
E02004076,6582,448,392,536,752,1958,488,354,565,30,569,186,132,0,13,159
E02004077,7835,527,470,918,1186,2510,645,280,318,30,320,175,206,0,28,222
E02004078,7148,443,629,422,782,1307,556,298,846,71,1001,265,284,2,22,220
E02004080,9395,544,972,624,941,1928,748,642,949,135,878,302,295,0,27,410
E02004081,5716,373,319,627,907,1654,514,234,297,63,290,183,118,0,13,124
E02004082,6304,362,277,685,963,1847,767,238,375,60,230,185,133,0,33,149
E02004083,7760,349,563,564,845,1940,665,496,818,96,692,239,230,0,13,250
E02004084,6216,508,333,565,705,1400,545,252,669,66,610,245,177,0,21,120
E02004085,8688,523,577,815,1081,2132,760,430,695,75,722,307,267,5,21,278
E02004086,7335,495,409,794,1045,1921,673,342,454,87,453,230,184,0,31,217
E02004087,7818,424,640,548,826,1928,572,458,715,83,764,271,266,0,13,310
E02004088,7614,358,457,670,1182,2241,791,334,441,57,451,196,209,0,16,211
E02004089,6705,378,927,281,599,1220,339,522,628,84,842,259,246,4,13,363
E02004090,6140,379,451,612,817,1519,491,358,471,66,452,186,141,0,13,184
E02004091,8889,409,691,759,1209,2179,761,574,648,96,677,298,252,0,6,330
E02004092,9556,564,656,836,1104,2419,726,492,810,72,899,355,297,6,17,303
E02006828,6797,225,402,337,955,2207,645,388,605,70,438,197,193,6,14,115
E02004093,6408,305,505,332,788,1681,496,400,565,60,623,229,187,5,7,225
E02004094,7325,404,485,401,667,1707,660,226,901,95,944,329,289,12,12,193
E02004095,9866,565,932,559,1143,2436,693,694,969,72,821,345,246,0,15,376
E02004096,9491,416,395,860,1456,3191,1168,294,516,65,430,211,189,0,26,274
E02004097,7678,318,601,534,1186,2166,734,496,532,43,388,222,165,2,20,271
E02004098,7317,521,530,531,941,1738,683,296,620,60,628,348,184,2,9,226
E02004100,7610,437,504,683,1043,2235,703,360,507,55,433,173,217,7,21,232
E02004102,8540,758,1045,710,936,1739,524,510,565,37,552,218,177,222,12,535
E02004103,7072,358,467,454,660,1795,519,286,804,32,837,280,239,34,31,276
E02004104,7074,319,394,609,949,2283,623,350,440,38,418,188,213,8,27,215
E02006872,12511,782,743,1240,1876,3311,1107,534,908,102,748,388,293,10,54,415
E02004105,9445,411,532,570,1311,2571,1285,388,780,79,706,328,240,0,17,227
E02004106,6986,451,381,1034,1056,1867,770,272,300,59,268,200,159,0,40,129
E02004108,7538,604,559,726,862,1877,660,306,617,32,556,301,214,0,12,212
E02004109,6742,404,304,978,1092,2000,727,228,310,35,235,154,120,0,19,136
E02004110,7464,393,323,891,1094,2361,827,242,401,60,358,209,158,0,12,135
E02004111,5477,390,340,549,747,1270,653,234,402,32,247,160,196,0,18,239
E02004112,6525,496,311,926,1066,1791,722,212,232,35,228,152,143,0,36,175
E02004113,9191,581,722,615,1013,1927,742,470,1007,77,968,365,363,0,34,307
E02004114,7283,451,357,1009,1205,1866,749,244,333,68,288,221,242,0,52,198
E02004115,9020,494,685,731,1287,2197,864,568,699,68,555,263,323,0,30,256
E02004116,7887,556,729,567,1013,1670,706,402,766,88,688,271,228,2,19,182
E02004117,7312,452,431,727,1107,1845,671,332,585,59,409,241,209,6,16,222
E02006804,8153,537,588,682,852,1996,758,396,788,96,681,294,229,0,23,233
E02004118,6815,325,438,580,990,2204,579,324,480,42,305,161,155,6,19,207
E02004119,10860,358,688,721,1271,4105,673,632,803,46,805,166,307,3,20,262
E02004120,7252,252,429,479,985,1967,859,332,492,44,518,205,427,2,18,243
E02004121,6666,326,394,593,1044,2190,558,334,388,34,267,90,206,0,14,228
E02004122,6544,436,469,695,1031,1944,576,258,334,59,266,92,160,0,2,222
E02004123,6383,421,473,600,860,2005,492,328,320,29,352,170,127,0,7,199
E02004124,7614,397,345,663,935,2008,707,304,649,77,776,279,247,3,13,211
E02004125,8988,406,616,591,1155,2374,807,466,849,79,750,312,278,0,12,293
E02004126,6900,428,509,465,947,1852,731,350,491,41,429,211,202,2,11,231
E02004128,10255,537,612,914,1580,2720,814,558,787,128,589,327,303,0,31,355
E02006919,8529,277,746,373,985,2347,585,636,934,88,824,183,264,6,14,267
E02006920,7805,227,558,309,893,2392,526,540,829,86,745,200,256,0,6,238
E02005334,5640,247,236,427,633,1826,554,238,382,34,348,161,376,0,9,169
E02005335,6891,440,343,804,845,2171,613,248,376,32,350,155,286,0,26,202
E02005336,7106,222,495,331,714,2105,545,546,634,68,551,208,379,2,2,304
E02005337,9744,554,513,804,984,2485,1059,300,621,73,734,326,711,11,27,542
E02005338,9853,572,692,702,1141,2718,905,508,759,94,745,293,402,4,29,289
E02005339,8448,358,531,657,1069,2688,709,428,620,23,665,191,267,0,20,222
E02005340,8844,590,616,942,1113,2252,734,358,600,76,625,277,373,0,15,273
E02005341,6913,275,456,389,703,2461,516,296,589,75,588,188,206,0,7,164
E02005342,6725,332,350,695,901,1899,622,240,485,65,475,226,233,0,28,174
E02005343,6647,367,383,712,956,2054,614,252,405,24,350,174,181,0,25,150
E02005344,7461,380,416,766,1112,2171,746,332,469,47,445,165,203,4,9,196
E02006820,9643,621,524,1060,1304,2408,1072,348,619,61,544,276,445,0,28,333
E02005345,6061,252,454,415,873,1558,629,340,355,30,354,222,226,20,3,330
E02005346,11278,509,1578,345,793,2603,565,728,699,33,886,412,879,268,15,965
E02005347,9882,550,784,495,687,1251,382,316,381,32,433,192,387,3014,23,955
E02005348,5829,383,439,512,846,1552,589,268,239,25,277,124,220,86,8,261
E02005349,6986,365,454,642,892,1849,673,362,502,55,547,208,186,6,23,222
E02005350,6519,329,607,514,938,1638,609,322,517,61,464,170,141,7,14,188
E02005351,10662,1175,1245,1357,1377,2424,469,146,354,29,379,198,285,849,9,366
E02005352,6156,290,280,594,898,2253,510,286,292,39,225,116,176,0,40,157
E02005353,9433,439,704,534,856,2233,716,458,823,58,919,302,427,399,25,540
E02005354,9088,571,392,1090,1172,3241,835,212,319,46,297,182,270,121,15,325
E02005355,6534,338,426,565,855,2008,519,320,472,39,403,207,196,10,20,156
E02005356,6493,413,532,618,862,1960,521,352,356,50,352,181,134,2,2,158
E02005357,7257,300,543,458,848,2004,710,454,637,45,570,227,195,11,17,238
E02005358,10175,469,702,847,1181,3132,808,604,715,90,811,263,315,10,12,216
E02005359,5884,322,267,625,791,1740,693,190,349,36,306,180,206,0,6,173
E02005360,6342,414,346,799,1025,1974,560,216,280,38,244,133,141,5,18,149
E02005361,6561,360,536,394,658,1770,534,368,485,45,538,211,425,0,8,229
E02005362,6243,369,332,476,780,1640,682,280,534,78,447,249,180,5,12,179
E02005363,7221,432,263,907,851,2123,743,240,328,67,431,209,331,6,5,285
E02005364,5300,299,235,370,504,1684,533,158,394,38,461,180,268,6,14,156
E02005365,9668,497,625,783,1005,2359,1154,376,701,55,621,357,674,10,35,416
E02005366,6528,417,401,589,775,1619,619,330,564,56,491,196,267,0,11,193
E02005368,6201,287,390,642,916,2136,483,252,268,43,236,135,221,4,19,169
E02005369,9799,616,569,1010,1260,3135,819,418,424,52,581,213,397,0,24,281
E02005370,8940,297,409,478,1162,3328,822,384,763,75,552,207,287,0,8,168
E02005371,10045,429,527,794,1472,3554,878,436,566,54,514,226,327,2,13,253
E02005372,9416,411,430,879,1517,3129,944,394,467,63,345,168,333,0,13,323
E02005373,9720,594,574,1141,1475,3234,791,354,545,30,365,171,176,12,10,248
E02005374,6532,639,666,482,629,1441,416,402,565,44,497,273,159,32,27,260
E02005375,8396,402,556,668,992,2966,483,476,603,46,495,199,219,0,17,274
E02005376,9353,573,509,854,1206,2912,733,442,595,101,592,276,220,0,16,324
E02006816,6980,410,268,856,848,2203,736,202,309,35,295,150,395,0,24,249
E02005377,8286,564,488,797,1155,2348,683,450,479,69,527,191,290,5,17,223
E02005378,5199,247,282,494,712,1542,554,240,343,9,333,162,139,0,4,138
E02005379,6065,347,322,533,770,1840,584,260,398,56,426,171,208,0,8,142
E02005380,8373,439,496,850,1340,2496,811,348,434,46,447,183,243,0,30,210
E02005381,8009,456,438,872,1300,2142,845,296,464,58,418,224,231,0,24,241
E02005382,10047,503,864,794,1363,2217,863,532,894,70,896,280,398,2,17,354
E02005383,9022,479,737,594,1197,2183,805,540,761,61,838,264,244,2,13,304
E02005384,6419,339,355,673,1017,2017,596,304,292,57,284,159,130,0,21,175
E02005385,5953,314,281,608,998,1712,694,240,347,41,282,156,104,2,6,168
E02005386,8375,473,978,565,831,1678,519,590,864,60,745,228,286,10,34,514
E02005387,9072,293,707,540,1232,2356,686,600,873,107,763,239,376,0,11,289
E02005388,5690,353,495,460,653,1487,489,396,402,43,423,147,169,0,6,167
E02005389,5706,494,398,692,716,1352,479,230,376,23,399,187,205,0,17,138
E02005390,8862,482,479,853,1421,2697,843,374,462,51,458,230,265,2,17,228
E02005391,9616,541,532,956,1422,3198,730,416,525,57,482,215,250,0,22,270
E02005392,8906,491,547,879,1183,2698,691,534,589,57,580,232,175,9,6,235
E02005393,6996,356,444,613,1113,1966,606,394,433,29,409,186,178,0,16,253
E02005394,9383,533,687,608,1044,2117,776,514,1000,71,925,300,403,4,10,391
E02005395,8869,536,665,745,1161,2248,710,426,668,65,638,297,349,2,8,351
E02005396,6606,331,426,656,1192,1931,509,278,300,41,281,138,236,0,19,268
E02005397,8283,402,641,651,1195,2410,720,460,458,52,493,243,267,0,21,270
E02005398,6095,347,390,540,840,1524,580,310,392,29,326,170,168,267,17,195
E02005399,6363,346,512,423,829,1919,486,336,391,19,498,165,222,0,13,204
E02005400,5637,330,355,496,932,1321,665,264,386,63,288,162,174,0,25,176
E02005401,5712,277,316,533,831,1819,584,230,318,41,245,106,239,0,21,152
E02005402,6167,409,305,576,808,2052,546,198,358,53,327,144,210,0,15,166
E02005403,6867,437,409,637,851,1795,733,398,471,55,439,217,243,0,19,163
E02005404,7559,398,444,570,954,2281,698,348,591,55,570,191,226,0,21,212
E02005405,6907,414,386,616,828,1511,675,232,680,74,636,231,334,2,25,263
E02005406,7393,333,703,346,706,1918,556,442,831,80,646,204,279,4,12,333
E02005407,8676,323,486,522,1158,2828,723,480,706,56,588,207,350,4,12,233
E02005408,7461,366,448,591,989,2249,638,338,496,62,542,184,297,0,23,238
E02005409,10348,499,635,791,1390,3127,890,542,743,104,688,292,296,5,23,323
E02005412,8178,640,370,895,759,2338,811,210,341,49,408,298,604,9,24,422
E02005414,7774,611,530,606,724,1762,657,318,728,82,688,312,403,0,24,329
E02005415,7490,450,616,651,665,1528,626,436,821,70,673,276,357,3,23,295
E02005416,8802,416,388,927,1211,2333,1169,358,593,81,390,281,372,2,19,262
E02006818,8255,500,302,941,797,2477,1065,212,451,55,309,316,515,3,22,290
E02006911,15671,903,730,1261,1549,5207,1500,214,453,87,605,308,2093,5,28,728
E02005417,7296,491,334,966,1170,1709,693,248,469,50,340,183,335,0,19,289
E02005418,10021,602,750,474,778,1815,512,338,958,72,1046,301,1367,0,33,975
E02005419,8131,399,944,418,760,1477,360,510,542,52,658,174,754,2,12,1069
E02005420,8229,640,571,710,828,1589,524,402,745,50,826,248,623,9,34,430
E02005422,6085,311,306,676,994,1462,545,292,417,37,358,107,352,0,33,195
E02005423,9541,643,499,989,1421,2129,767,412,806,59,701,237,512,0,23,343
E02006864,8003,480,357,900,1270,2191,696,294,519,52,414,187,308,0,29,306
E02006865,7331,421,298,859,1134,1795,594,308,509,53,356,176,417,0,27,384
E02005424,9904,606,517,1179,1817,2553,1014,346,508,37,518,227,244,0,41,297
E02005425,6338,335,263,788,1080,1664,513,286,369,49,317,156,237,0,23,258
E02005426,9633,605,659,888,1294,2417,612,416,888,65,898,303,271,0,33,284
E02005427,6786,574,828,575,871,1311,385,444,558,49,561,195,170,0,12,253
E02005428,8082,699,529,1260,1276,1244,578,350,629,74,501,212,382,0,43,305
E02005429,6515,712,436,1450,1244,792,314,226,315,61,306,177,252,0,47,183
E02005430,6867,440,387,932,1301,1587,552,324,408,24,321,132,198,0,42,219
E02005431,8384,588,459,1055,1384,1866,685,324,600,53,515,234,302,7,41,271
E02005432,7515,436,426,1003,1497,1726,623,352,400,53,277,169,268,0,27,258
E02005433,7066,700,502,1221,1382,937,376,350,308,48,419,176,258,4,61,324
E02005434,7073,588,578,963,937,1606,416,394,544,31,490,136,151,0,42,197
E02005435,7279,575,504,949,1134,1318,471,324,535,38,573,209,328,0,66,255
E02005436,7676,618,494,1006,1124,1606,542,338,527,56,506,249,306,0,26,278
E02005437,5861,468,823,382,588,1016,255,358,515,29,508,137,371,0,33,378
E02005438,6439,592,505,725,800,1366,395,304,535,40,536,179,244,0,60,158
E02005439,11241,794,701,1532,1748,3203,668,378,605,38,728,188,325,2,33,298
E02005440,5363,339,253,606,818,1172,461,186,395,16,381,170,293,0,28,245
E02005441,8379,493,375,1020,1502,2078,759,326,476,57,375,194,406,0,25,293
E02005442,5736,409,692,358,536,1025,336,244,546,38,862,275,185,15,6,209
E02005443,6811,460,725,519,809,1438,392,524,626,42,581,206,191,0,12,286
E02005444,11954,888,1362,928,1444,2453,540,958,596,22,643,294,328,639,34,825
E02005445,11600,543,1223,422,966,2184,550,722,995,94,1329,390,822,172,29,1159
E02005446,8473,817,1359,652,904,1145,153,570,254,12,271,124,162,1264,7,779
E02005447,6759,344,1057,212,466,867,216,556,535,15,526,206,388,539,2,830
E02005448,7192,324,628,345,676,1525,421,404,860,66,1094,235,335,0,6,273
E02005449,7918,588,830,725,959,1740,478,480,539,50,497,235,278,86,10,423
E02005450,8486,446,624,819,1347,2134,747,538,617,82,538,192,193,0,12,197
E02005451,7639,422,904,367,621,1430,431,394,928,87,1016,296,343,23,11,366
E02005452,10973,683,642,917,1627,2962,1036,410,776,71,772,335,397,8,28,309
E02005453,10568,607,519,1341,1723,3082,950,448,567,44,501,222,288,0,27,249
E02005455,12280,562,720,1060,1978,3972,816,792,714,47,655,243,351,2,26,342
E02005456,9781,750,607,949,1335,3106,691,396,566,51,579,233,259,0,33,226
E02005457,8344,544,413,854,1377,2228,623,400,578,54,575,222,221,0,45,210
E02005458,6527,377,353,774,1150,1921,457,248,285,25,388,136,197,2,24,190
E02005459,8005,503,463,844,1340,2148,591,302,484,42,512,207,276,0,24,269
E02005460,6247,284,355,534,1064,2417,364,222,251,18,286,97,151,0,7,197
E02005461,6261,431,345,978,1108,1546,399,218,350,21,337,132,205,0,20,171
E02005462,9064,639,856,645,1003,2214,601,500,766,92,762,289,312,0,33,352
E02005463,8607,332,459,750,1186,2852,629,432,533,43,618,115,331,0,19,308
E02005464,8198,520,447,1045,1402,2187,621,324,454,45,442,190,245,23,33,220
E02006866,6473,387,384,680,834,1689,505,382,433,36,491,170,225,0,14,243
E02006867,7411,542,383,1034,1070,1917,717,250,397,44,380,175,222,0,30,250
E02005465,8440,469,384,983,1377,1992,805,350,488,71,420,244,410,2,34,411
E02005466,6507,351,267,780,1134,1613,544,314,427,55,312,187,278,0,27,218
E02005467,7110,619,369,964,900,1492,417,356,558,46,549,192,339,0,22,287
E02005468,7492,407,271,911,1189,1942,630,332,547,49,365,160,361,0,22,306
E02005469,7416,381,326,720,1166,1935,657,348,489,62,450,149,290,0,37,406
E02005470,10379,698,678,970,1096,2434,561,594,730,77,662,262,630,7,33,947
E02005471,9080,638,496,877,1000,1742,576,394,688,72,725,251,717,5,34,865
E02005472,9828,765,515,1251,1391,1982,714,504,792,87,621,225,499,0,43,439
E02005473,9263,478,472,787,1225,2279,675,506,765,88,588,200,625,0,26,549
E02005474,6546,361,266,761,1182,1514,599,330,404,39,308,160,329,0,18,275
E02005475,6209,294,293,564,916,1899,461,278,549,45,352,127,231,0,23,177
E02005476,7239,381,315,780,1182,2315,538,334,389,34,390,164,232,2,13,170
E02005477,8844,571,339,1288,1464,2588,695,324,410,39,439,181,263,3,12,228
E02005478,9908,794,592,876,1343,2280,776,326,809,88,860,349,406,2,34,373
E02005479,8277,499,633,712,1150,2565,641,460,493,40,378,166,248,2,12,278
E02005480,7332,246,420,344,630,1687,524,276,940,90,1245,245,377,0,15,293
E02005481,10963,555,1211,663,1173,2398,560,750,910,85,1164,286,531,0,26,651
E02005482,9774,421,509,834,1604,3041,729,550,656,50,564,227,262,0,29,298
E02005483,7829,361,402,783,1171,2403,664,340,509,31,488,162,262,0,29,224
E02005484,6952,367,416,686,1264,1855,450,360,468,44,446,161,208,2,18,207
E02005485,6055,389,299,661,896,1750,533,224,363,46,343,135,165,0,19,232
E02005486,8401,522,538,715,1015,2332,556,442,708,37,638,194,362,2,21,319
E02005487,9199,392,389,886,1512,3287,748,356,459,57,418,172,257,3,37,226
E02005488,6263,375,383,587,971,1729,655,234,356,33,410,156,156,4,20,194
E02005489,7051,308,420,520,1158,1988,666,366,501,22,536,192,157,0,8,209
E02005490,9132,612,668,741,1073,2100,712,538,714,58,876,302,301,0,23,414
E02005491,10569,811,988,1062,1530,2667,744,660,544,56,669,214,215,3,29,377
E02005492,9425,554,545,944,1582,2525,875,412,584,57,497,275,258,0,52,265
E02005493,9304,513,508,892,1570,2625,752,434,585,81,553,219,330,0,12,230
E02005494,9452,647,701,1064,1388,2363,730,476,550,24,633,252,332,2,23,267
E02005495,9645,665,1110,573,1023,1914,686,584,956,87,987,278,352,2,30,398
E02005496,6456,296,368,574,1142,1803,551,330,389,39,395,116,229,0,27,197
E02005497,7031,418,561,400,747,1386,479,244,973,55,1026,254,267,0,15,206
E02005498,7152,472,321,1056,1308,1823,598,352,315,52,291,138,221,0,34,171
E02005499,8068,444,350,791,1191,2791,657,272,402,37,559,189,177,0,19,189
E02005500,6795,323,416,724,1074,2043,532,308,415,62,406,134,141,2,18,197
E02005501,7358,496,333,1035,1211,2277,565,216,304,42,296,155,200,0,44,184
E02005502,8564,562,456,1032,1544,2279,744,320,427,48,427,230,195,0,60,240
E02005612,6676,354,352,422,846,1733,560,282,608,60,590,230,329,4,22,284
E02005613,8833,467,632,547,785,1966,784,418,829,66,977,373,447,0,20,522
E02005614,6706,331,536,463,797,1717,439,448,506,100,552,203,267,0,20,327
E02005615,8507,547,547,744,810,1677,881,346,691,80,865,437,405,0,40,437
E02005616,5299,254,412,306,394,1156,384,190,478,69,662,267,304,0,28,395
E02005617,9738,401,835,454,694,1866,752,372,1091,88,1402,434,650,4,41,654
E02006862,6112,217,372,372,784,1475,623,294,502,89,522,229,357,0,29,247
E02006863,9384,75,479,156,862,3254,387,706,998,80,887,143,750,0,7,600
E02005619,5844,288,297,563,896,2005,405,266,257,30,255,131,212,0,10,229
E02005620,7980,356,413,544,1179,2829,765,298,457,77,475,154,191,0,9,233
E02005621,7958,611,505,977,1381,2271,569,248,333,37,389,176,189,3,20,249
E02005622,8785,386,396,807,1343,3040,740,450,411,37,353,168,381,0,31,242
E02005623,8025,536,432,871,1207,2379,754,290,366,51,412,176,274,10,19,248
E02005624,9242,212,607,498,1204,2966,637,524,792,66,837,204,309,0,7,379
E02005625,9122,570,636,738,1136,2289,644,486,702,59,774,291,347,8,17,425
E02005626,6662,209,582,245,737,1657,407,360,771,70,857,232,299,0,2,234
E02005627,6711,363,485,611,1004,1809,516,378,426,40,390,224,182,6,33,244
E02005628,7514,383,482,678,1096,2292,636,370,462,41,440,174,236,0,7,217
E02005629,5703,304,293,576,972,1731,378,240,332,25,321,157,170,2,23,179
E02005630,9917,689,702,1088,1566,3196,684,370,392,40,492,177,243,0,35,243
E02005631,10006,419,537,733,1391,3528,674,540,589,73,593,247,309,0,27,346
E02005632,6042,274,318,550,1042,1835,516,292,351,42,291,136,202,0,9,184
E02005633,8641,418,518,648,1224,2331,829,480,811,55,599,221,224,0,19,264
E02005634,8535,360,669,580,1065,2256,608,508,786,87,755,218,328,0,27,288
E02005635,8649,418,471,564,1164,2740,640,486,789,59,557,188,297,0,8,268
E02005636,11136,519,658,835,1461,2989,856,560,1058,100,945,336,373,0,21,425
E02005637,8302,575,952,576,830,1578,441,632,884,46,806,257,310,3,10,402
E02005638,9834,366,431,901,1431,3450,779,472,626,70,418,224,374,0,3,289
E02005639,5276,287,306,512,992,1542,496,262,237,43,233,111,134,0,17,104
E02005640,10697,462,696,837,1463,3105,727,610,1020,75,771,248,351,2,12,318
E02005641,7694,425,616,591,1021,1977,694,370,603,75,675,245,190,0,12,200
E02005642,8266,341,466,575,1063,2679,731,368,599,45,562,207,315,0,23,292
E02005643,8047,381,686,362,664,1760,470,386,917,97,1255,351,385,0,19,314
E02005644,8251,282,1059,240,651,1777,358,650,737,37,958,255,450,4,12,781
E02005645,10992,861,1248,844,1146,3049,616,698,607,44,727,232,370,0,37,513
E02005646,6423,346,332,658,996,1935,613,176,389,49,348,180,245,0,10,146
E02005647,7032,447,662,488,782,1767,498,364,618,47,603,229,236,4,20,267
E02005648,7215,323,305,827,1015,2496,664,250,402,23,403,150,211,2,11,133
E02005649,13582,602,760,873,1829,4510,1042,698,1097,68,969,304,400,4,24,402
E02005650,6852,484,558,650,1000,1679,568,216,374,62,425,178,201,197,9,251
E02005651,6277,433,332,778,898,1595,646,276,347,58,291,185,130,11,24,273
E02005652,5965,419,376,663,821,1343,559,222,396,35,433,193,211,52,8,234
E02005653,8119,194,737,212,632,1925,558,268,804,75,1313,281,628,20,6,466
E02005654,8223,202,641,213,756,1907,456,366,888,50,1505,246,615,13,0,365
E02005655,5811,461,365,646,794,1404,610,190,342,36,315,180,274,2,14,178
E02005656,5901,196,456,174,472,1290,387,150,541,46,1042,228,615,0,7,297
E02005657,6093,406,531,532,780,1310,569,368,468,25,395,181,193,68,15,252
E02005658,6286,265,526,222,358,1254,332,272,634,50,916,279,363,388,6,421
E02005659,5063,485,313,523,577,1261,453,152,312,33,344,155,257,0,21,177
E02005660,5660,246,460,255,653,1308,349,226,551,41,828,164,350,0,2,227
E02005661,6481,266,488,248,406,1773,369,204,541,51,1015,299,498,5,12,306
E02005662,6732,368,566,478,590,1816,488,324,456,67,449,218,384,100,10,418
E02005663,5448,213,398,386,844,1504,483,366,366,16,351,139,192,3,7,180
E02005664,6007,403,692,344,606,1048,279,394,484,40,447,156,373,170,10,561
E02005665,7365,234,501,439,989,2025,655,344,492,43,626,263,446,10,5,293
E02005666,8173,355,742,256,470,1807,362,310,821,73,1445,338,732,9,22,431
E02005667,6029,400,584,506,664,1262,500,274,487,31,558,204,275,5,10,269
E02005668,6108,418,263,777,751,1511,594,260,407,49,356,205,259,0,20,238
E02005669,5693,263,236,612,838,1845,548,138,288,40,243,144,272,3,11,212
E02005670,8177,377,1674,189,513,1142,157,652,609,19,917,179,515,294,11,929
E02005671,7285,270,740,251,581,1580,310,590,523,38,526,187,529,219,22,919
E02005672,7327,212,1041,88,416,1225,136,604,365,11,693,188,634,386,2,1326
E02005673,7166,433,852,383,683,1454,355,596,429,41,628,160,449,28,25,650
E02005674,7051,430,1300,412,664,1168,267,556,292,15,489,168,346,122,17,805
E02005675,5733,199,445,194,517,1476,283,304,544,38,975,219,330,6,4,199
E02005676,5913,255,390,249,585,1526,402,272,617,67,642,230,336,13,27,302
E02005677,8053,310,771,439,841,1834,449,676,626,44,782,215,375,27,21,643
E02005678,9717,313,710,514,1200,3218,597,660,722,57,808,156,429,8,9,316
E02005679,8828,199,633,353,1083,3138,667,658,626,41,685,171,289,2,2,281
E02005680,8533,176,324,364,780,4046,488,290,608,49,693,142,373,2,4,194
E02005681,8128,434,295,834,1200,2570,695,318,437,68,491,242,262,18,19,245
E02005682,6358,319,302,696,1062,1987,487,262,266,47,360,151,207,0,18,194
E02005683,13255,518,732,942,1778,4618,1002,652,880,94,775,240,539,3,30,452
E02005684,7984,326,471,677,1333,2592,764,412,345,53,330,177,248,0,16,240
E02005685,8066,422,542,532,1114,2641,666,420,497,59,504,200,235,0,10,224
E02005686,7461,425,328,732,1172,2599,686,256,319,32,299,158,205,0,33,217
E02005687,5920,236,321,463,901,2042,565,242,300,34,261,131,200,0,5,219
E02005688,8671,326,405,694,1250,2948,801,360,483,78,461,219,347,0,14,285
E02005689,7641,260,355,431,993,3219,589,354,355,61,468,127,210,0,6,213
E02005690,5377,335,485,382,610,1398,422,330,403,37,388,137,175,6,15,254
E02005691,6328,346,371,569,1009,2006,504,316,365,46,293,163,143,0,27,170
E02005692,6572,401,530,601,1015,1597,566,344,451,32,469,188,175,0,23,180
E02005693,8272,291,523,548,818,2170,546,284,783,56,1072,229,541,6,28,377
E02005694,7647,275,418,509,1163,2555,726,284,454,32,455,180,307,0,11,278
E02005695,7321,336,856,286,624,1507,450,490,561,27,694,228,581,0,21,660
E02005696,5818,315,499,297,503,1205,332,184,627,63,1013,231,350,0,12,187
E02005697,6047,529,845,437,582,1185,405,298,286,37,538,229,283,0,10,383
E02005698,5743,281,401,406,666,1398,465,192,457,45,685,216,293,0,21,217
E02005699,8239,352,594,470,762,2390,545,348,827,40,1021,206,387,2,26,269
E02005700,8865,533,529,889,1375,2441,690,442,497,74,600,222,273,0,30,270
E02005701,10832,608,703,960,1728,2917,905,512,787,67,760,289,236,0,20,340
E02005819,6146,327,432,587,821,1464,505,296,469,64,546,200,208,0,15,212
E02005820,5728,319,361,606,870,1411,542,256,447,39,307,223,135,0,22,190
E02005821,6388,385,507,425,779,1468,476,344,656,47,663,201,237,0,4,196
E02005822,9531,393,773,477,943,2250,638,498,1103,88,1099,337,435,0,10,487
E02005823,7518,574,674,511,637,1488,519,272,779,97,1042,347,323,0,30,225
E02005824,9727,416,612,802,1344,2659,928,496,846,77,711,254,250,0,26,306
E02005825,8012,353,472,655,1067,2088,685,358,773,56,761,251,250,0,12,231
E02005826,6072,399,483,334,584,1337,507,268,727,56,742,247,203,0,17,168
E02005827,8303,407,488,639,1031,2371,774,464,658,77,530,243,323,0,10,288
E02005828,7109,426,418,641,1127,1506,711,380,586,76,522,218,230,0,16,252
E02005829,6753,341,399,593,939,1765,718,290,550,52,481,190,228,0,17,190
E02005830,6111,348,377,569,839,1608,673,304,391,51,439,177,183,0,5,147
E02005831,8570,412,637,668,1152,2225,625,556,699,72,779,236,279,0,15,215
E02005832,8924,506,933,483,873,1937,584,580,967,68,994,321,328,0,17,333
E02005833,7427,344,345,651,1069,2089,868,268,562,58,555,244,208,0,18,148
E02005834,7178,404,538,558,766,1385,651,312,736,76,935,285,252,4,21,255
E02005835,10180,629,603,905,1325,2496,872,460,899,59,861,311,454,2,29,275
E02005836,8933,473,448,1044,1538,2452,843,394,518,34,384,208,270,0,21,306
E02005837,7809,577,588,947,1385,2185,601,286,353,19,284,146,232,0,27,179
E02005838,8095,534,403,786,1214,1836,904,286,613,52,655,298,251,0,16,247
E02005839,6162,531,416,615,851,1394,492,264,505,37,463,219,182,0,37,156
E02005840,9050,320,448,497,1141,3056,786,398,901,76,659,213,308,0,5,242
E02005842,8622,461,733,760,1048,2047,710,408,603,63,804,338,308,0,37,302
E02005843,6403,263,491,303,811,1855,463,356,589,56,571,137,272,0,11,225
E02005844,7566,477,683,576,980,1786,571,392,609,51,700,266,219,0,15,241
E02005846,6491,378,715,246,564,1213,336,340,732,94,917,227,370,0,11,348
E02005847,6634,345,548,615,877,1611,554,338,554,50,418,182,250,0,30,262
E02005848,6799,394,343,685,1031,1773,682,238,430,50,439,168,336,0,10,220
E02005849,9055,543,550,906,1496,2422,846,376,554,49,484,258,275,0,18,278
E02006903,11064,860,781,1030,1567,2552,978,466,906,86,764,350,398,0,27,299
E02005850,6892,403,405,667,1045,1517,794,346,600,74,369,215,221,0,16,220
E02005851,5927,388,494,416,618,1249,501,298,647,67,533,262,187,3,23,241
E02005852,7930,471,392,916,1228,2082,853,390,499,67,341,204,234,0,43,210
E02005853,8976,508,591,763,1153,2410,927,476,610,64,613,289,301,5,30,236
E02005856,7270,479,323,904,1098,2216,768,234,243,36,268,190,253,11,11,236
E02005857,6238,303,436,444,666,1315,579,308,697,85,685,236,250,8,25,201
E02005858,7450,371,484,466,824,1972,504,416,386,40,484,179,323,369,21,611
E02005859,9003,499,643,705,929,2436,856,472,713,81,776,272,251,3,19,348
E02005860,8339,694,805,494,796,1601,425,614,402,26,384,151,239,656,31,1021
E02005861,5516,254,566,352,620,1126,445,412,433,38,392,137,158,93,25,465
E02005862,7823,473,528,735,989,2002,683,314,526,80,729,291,210,7,11,245
E02005863,7369,519,416,813,1041,2159,660,340,342,42,380,203,202,6,6,240
E02005864,8238,365,448,659,987,2969,729,408,479,56,446,159,245,0,13,275
E02006906,12516,538,670,1020,1734,3716,1235,612,828,102,689,329,582,0,20,441
E02005865,7929,479,376,998,1302,2256,723,280,388,60,322,190,305,5,27,218
E02005866,8948,514,583,877,1211,2284,938,410,577,67,654,303,256,0,16,258
E02005868,6451,411,392,667,831,1657,564,286,436,76,596,173,214,0,9,139
E02005869,5837,361,406,377,467,1258,475,248,621,78,784,274,288,2,9,189
E02005870,6593,407,658,446,562,1370,487,350,606,91,787,294,282,0,16,237
E02005871,7132,391,527,679,1051,1900,730,316,411,77,470,229,186,2,7,156
E02005872,5777,412,337,747,829,1673,469,246,300,31,242,130,196,0,17,148
E02005873,10034,612,605,1102,1294,3234,896,426,464,38,460,259,272,0,24,348
E02005874,8384,514,647,634,1076,2174,797,476,612,54,517,274,258,3,29,319
E02005875,7209,368,409,601,809,1761,737,300,683,93,672,285,237,5,10,239
E02005876,9055,494,568,791,985,2323,794,440,771,67,784,294,412,2,22,308
E02005877,7365,364,610,517,789,1653,658,412,695,65,664,224,329,18,8,359
E02005878,9548,681,919,584,1020,2292,749,522,625,110,900,369,342,13,27,395
E02005879,7398,281,914,328,662,1452,409,592,726,61,1011,251,320,10,11,370
E02006835,5883,223,506,418,858,1334,539,278,444,31,557,196,284,0,18,197
E02005880,6237,373,260,540,686,1462,755,232,723,40,485,227,262,0,10,182
E02005881,5762,379,336,434,734,1412,586,226,597,34,433,183,215,0,12,181
E02005882,7891,426,378,849,1179,2206,937,306,475,90,446,198,189,0,24,188
E02005883,7718,500,562,517,767,1598,610,408,854,90,857,267,351,0,10,327
E02005884,6124,261,487,489,867,1467,640,300,462,46,511,173,209,0,13,199
E02005885,8282,584,528,643,1007,1721,812,376,689,97,747,314,473,0,51,240
E02005886,10348,509,501,872,1348,2875,1055,436,856,107,852,282,330,0,21,304
E02005887,9110,495,1082,533,791,1689,481,520,906,74,1023,326,481,2,15,692
E02005888,8171,499,1010,314,686,1552,433,486,986,84,1075,260,386,0,28,372
E02005889,10174,629,639,716,1188,2426,897,482,873,139,903,419,457,0,24,382
E02005890,6703,285,349,593,1059,1850,742,264,556,61,377,158,235,0,14,160
E02005891,6323,344,809,417,593,1164,354,300,735,61,761,210,355,0,10,210
E02005892,11623,614,668,1163,1727,3295,968,716,749,91,566,242,359,0,15,450
E02005893,10023,586,732,773,1273,2333,933,414,932,115,898,311,410,0,21,292
E02005894,9853,553,571,861,1309,2618,818,436,895,59,787,310,357,3,23,253
E02005895,7986,435,333,901,1447,2239,718,330,494,74,323,169,286,0,26,211
E02005896,7342,495,381,876,1274,2033,612,286,362,24,310,163,287,0,32,207
E02005897,8926,501,441,956,1244,2581,787,316,726,57,544,226,281,5,18,243
E02005898,10772,570,755,718,1360,2800,935,488,1018,98,1019,395,327,0,13,276
E02005899,10647,612,1303,501,1085,2126,629,762,885,93,1073,354,397,27,24,776
E02005900,7297,616,440,967,1059,2236,494,182,310,25,428,159,125,65,27,164
E02005901,8872,457,740,605,1087,2438,610,490,723,51,765,228,280,9,14,375
E02005902,8181,618,596,683,945,1689,749,332,661,77,854,309,369,7,22,270
E02005903,9757,643,578,952,1324,2574,799,426,748,77,737,310,251,2,24,312
E02005904,8283,366,501,777,1379,2555,511,462,480,37,470,209,274,7,17,238
E02005905,6878,502,449,853,1103,2159,565,186,291,48,235,145,168,3,10,161
E02005906,7035,506,464,870,1182,2158,472,266,383,18,302,115,137,4,27,131
E02005907,9131,476,603,810,1168,2878,697,464,645,48,746,213,166,0,15,202
E02005908,8878,649,481,1035,1241,2614,719,346,524,52,441,261,242,0,44,229
E02005909,8192,310,552,422,766,3180,500,464,452,55,336,169,235,222,16,513
E02005910,8991,493,1027,247,717,2446,296,596,333,29,432,150,251,945,8,1021
E02005911,8573,323,612,482,1002,3301,592,492,393,23,543,178,326,29,4,273
E02005912,8846,534,537,611,1029,3223,709,324,350,36,437,215,434,101,13,293
E02005913,6828,453,318,707,731,2609,556,180,295,12,302,156,270,2,11,226
E02005914,7203,339,453,489,887,1952,706,326,576,47,706,222,244,4,22,230
E02005915,5705,280,315,547,979,1790,519,222,268,49,261,124,143,0,18,190
E02005916,7216,434,535,656,940,2126,482,428,405,50,540,161,175,12,10,262
E02005917,5741,343,180,965,874,1906,544,174,196,30,138,97,153,0,9,132
E02005918,5096,368,290,712,648,1336,494,146,288,57,327,144,150,0,13,123
E02005919,6379,439,383,675,893,1849,481,238,348,25,425,213,129,83,10,188
E02005920,7315,415,297,837,1077,2340,673,282,349,32,334,170,205,30,22,252
E02002905,6043,390,288,776,1046,1498,510,260,301,20,369,149,198,0,25,213
E02002906,5775,448,371,523,639,1322,464,234,601,51,500,187,204,7,15,209
E02002907,5916,420,541,549,671,1250,451,300,420,36,438,191,292,0,20,337
E02002908,8557,546,407,1105,1365,2183,788,360,447,43,372,180,372,0,39,350
E02002909,10349,707,638,1137,1561,2554,1029,418,527,67,567,277,421,2,28,416
E02002910,7875,562,491,937,1127,1958,576,358,495,42,363,269,292,0,71,334
E02002911,9323,546,484,1036,1310,2923,820,318,453,43,448,210,334,5,52,341
E02002912,7144,335,329,711,1035,2190,655,230,350,91,404,185,299,4,22,304
E02002913,5600,404,315,803,905,1414,479,174,249,27,203,143,161,0,36,287
E02002914,8929,592,727,685,1039,2022,789,528,647,42,637,275,382,2,28,534
E02002915,6715,517,403,800,810,1658,617,232,343,54,375,170,317,42,34,343
E02002916,9663,657,1204,498,762,2013,559,586,709,80,835,351,446,84,20,859
E02002917,6900,439,584,531,655,1725,475,376,525,37,536,220,311,8,15,463
E02002918,5963,422,226,706,750,1917,604,128,214,31,334,182,216,9,23,201
E02002919,9312,528,631,504,922,2370,723,396,814,69,833,347,612,2,13,548
E02002920,6524,325,404,572,814,1861,502,374,480,42,393,172,243,0,29,313
E02002921,7757,321,537,301,634,1653,551,256,914,89,1152,434,485,0,23,407
E02002922,6247,380,329,636,1028,1899,555,224,234,53,249,169,208,0,10,273
E02002923,9636,841,620,1111,1241,2575,645,446,575,67,579,269,226,13,48,380
E02002924,6073,385,323,659,845,1658,599,214,358,59,266,177,273,0,47,210
E02002925,10952,526,599,1001,1467,3221,878,510,722,73,627,224,486,0,48,570
E02002926,10582,861,835,1120,1300,2583,761,530,686,96,700,317,323,0,36,434
E02002927,11642,667,613,1490,1952,3267,936,510,475,43,434,247,468,0,53,487
E02006008,7498,479,514,651,992,1849,737,390,397,53,530,300,274,7,33,292
E02006009,7124,578,406,848,966,2264,565,220,249,32,318,203,214,0,30,231
E02006010,11150,659,654,963,1729,2846,1147,620,757,61,615,305,336,4,34,420
E02006011,5941,449,444,661,773,1629,560,294,302,33,312,169,155,0,16,144
E02006012,6138,462,548,605,903,1468,529,356,363,22,312,210,155,0,13,192
E02006013,7743,409,383,909,1263,2197,749,312,376,55,260,174,367,0,41,248
E02006014,9211,521,490,1013,1485,2399,844,370,587,76,494,242,344,0,34,312
E02006015,9871,641,777,806,1114,2508,795,556,909,55,708,352,297,0,26,327
E02006016,7503,389,315,741,1237,2129,797,260,416,59,281,235,347,0,39,258
E02006017,7463,522,475,739,1041,2024,636,270,533,45,437,239,216,0,35,251
E02006018,11773,740,868,1082,1478,2949,832,554,1079,94,902,390,420,4,35,346
E02006019,5870,513,416,647,701,1489,407,270,447,20,386,174,194,9,19,178
E02006020,7108,381,431,626,992,2277,640,240,469,61,335,142,280,9,17,208
E02006021,7942,377,322,744,1169,2739,756,258,426,19,306,212,347,2,31,234
E02006022,5973,342,287,603,887,1979,490,218,269,22,265,182,201,0,23,205
E02006023,9722,663,584,909,1393,2519,971,392,716,61,490,311,345,16,20,332
E02006024,9575,590,665,643,963,2442,891,532,805,73,879,372,364,2,28,326
E02006025,9168,683,1013,849,979,2101,606,458,686,56,658,285,319,23,24,428
E02006026,6992,359,358,710,970,2230,624,318,396,38,303,206,230,6,17,227
E02006027,5308,254,246,671,792,1371,603,190,326,35,189,150,207,2,22,250
E02006028,9174,469,493,923,1199,2736,843,364,585,69,458,258,439,2,38,298
E02006029,8240,419,456,597,733,1894,699,268,1031,52,974,301,436,3,21,356
E02006030,7142,329,396,461,769,1853,688,374,703,57,643,316,269,0,14,270
E02006031,7381,439,964,366,716,1408,390,674,725,46,681,210,239,2,24,497
E02006032,9022,498,590,547,851,2185,830,344,987,53,1025,344,416,0,27,325
E02006033,8036,763,1224,692,868,1739,391,614,391,32,355,198,182,6,9,572
E02006034,8520,576,742,772,1030,2497,640,350,571,57,526,229,183,66,35,246
E02006035,5710,457,348,828,728,1418,611,174,291,29,260,194,143,4,37,188
E02006036,6107,490,705,497,619,1331,491,388,394,20,496,233,139,0,18,286
E02006037,10093,698,724,936,1249,2933,841,338,576,60,741,318,278,6,23,372
E02006038,7612,464,403,828,1082,2089,796,314,421,76,354,229,263,0,40,253
E02006039,7839,511,395,849,1105,2227,691,302,449,44,402,210,271,0,44,339
E02006040,7506,457,452,878,1126,2277,618,266,345,58,304,186,281,0,13,245
E02006041,5872,373,388,548,844,1513,504,272,385,37,308,143,244,0,17,296
E02006042,5878,531,320,1003,887,1309,468,230,300,29,274,157,158,4,27,181
E02006043,6876,371,420,769,981,1700,575,366,438,51,365,198,294,0,55,293
E02006044,6242,421,403,842,1082,1583,512,264,367,29,172,153,174,0,29,211
E02006045,10939,966,977,1330,1326,2461,732,600,775,42,769,342,237,0,71,311
E02006046,8867,488,440,1059,1277,2296,814,332,544,55,435,249,474,5,54,345
E02002951,7714,410,475,488,1104,2080,838,300,687,47,621,228,247,0,9,180
E02002952,6829,379,510,421,729,1526,539,322,728,62,893,210,339,4,14,153
E02002953,7350,474,433,498,840,1621,736,258,789,96,869,249,262,8,22,195
E02002954,8258,492,646,700,878,1700,720,346,837,79,874,367,356,6,31,226
E02002955,7046,330,770,280,501,1724,399,350,547,39,900,231,693,12,10,260
E02002956,9277,472,724,501,947,2027,728,342,1122,128,1075,357,560,0,38,256
E02002957,9750,611,582,1042,1310,2411,1065,502,738,70,656,300,217,0,23,223
E02002958,7977,551,630,618,818,1784,678,346,854,61,832,291,244,5,33,232
E02002959,8436,439,1067,349,653,2046,412,504,728,66,1002,291,494,10,23,352
E02002960,5900,304,360,386,702,1584,768,204,458,59,533,206,215,0,6,115
E02002961,6480,343,769,317,495,1672,443,300,440,34,710,203,448,12,18,276
E02002962,6958,448,548,461,575,1278,611,218,855,79,939,348,391,0,17,190
E02002963,7294,481,1046,329,611,1417,486,416,636,45,821,282,347,14,11,352
E02002964,8520,654,583,787,1113,1729,895,322,672,117,766,337,308,2,14,221
E02002965,7126,316,887,254,410,2031,265,208,248,36,669,209,537,400,16,640
E02002966,9079,525,1491,414,654,1171,270,458,387,20,385,181,483,1665,34,941
E02002967,9747,542,960,441,729,1628,662,326,1338,109,1788,453,471,7,10,283
E02002968,9030,426,967,481,965,2179,638,516,643,57,645,316,427,215,24,531
E02002969,8653,429,1228,425,741,1615,463,560,801,46,905,284,285,250,30,591
E02002970,8123,484,1035,427,765,1461,484,514,884,43,1013,349,343,15,10,296
E02002971,5252,176,456,264,766,1105,597,212,484,44,591,180,221,6,8,142
E02002972,6265,404,627,336,652,1249,461,296,647,33,724,274,350,3,6,203
E02002973,8045,396,783,388,736,1974,652,400,649,102,787,343,361,123,28,323
E02002974,5622,371,314,704,846,1201,547,234,404,42,387,226,205,0,19,122
E02002975,7658,272,441,519,1091,2200,840,426,745,68,503,155,252,0,7,139
E02002976,6008,315,305,440,646,1510,561,204,673,47,611,226,242,8,17,203
E02002977,5884,638,552,636,706,997,520,218,425,43,484,181,270,0,29,185
E02002978,6381,368,616,344,554,1368,508,246,719,68,766,261,319,10,30,204
E02002979,5622,224,449,242,404,1644,350,130,347,55,526,205,802,10,19,215
E02002980,6082,458,319,737,856,1430,653,238,381,45,465,163,166,5,23,143
E02002981,8260,355,516,437,765,2355,627,294,846,76,898,225,592,6,19,249
E02002982,7048,385,929,294,538,1581,468,256,707,74,945,269,323,16,10,253
E02002983,5580,230,259,464,804,1786,721,184,322,45,328,138,168,4,14,113
E02002984,5754,258,331,482,1048,1674,774,264,276,52,218,127,145,0,4,101
E02002928,6003,311,276,451,685,1824,508,198,336,31,377,192,232,274,14,294
E02002929,6230,407,344,692,1006,1779,546,158,271,35,213,141,222,107,23,286
E02002930,5533,392,370,528,690,1239,424,262,325,55,317,182,173,299,13,264
E02002931,6370,256,232,530,870,2355,523,188,389,13,405,118,294,7,11,179
E02002932,8620,361,600,411,745,2076,556,480,1153,68,939,391,469,17,14,340
E02002933,8207,416,460,686,944,2399,886,366,504,41,590,306,325,4,11,269
E02002934,6007,235,351,298,712,1848,572,240,356,46,462,205,433,0,16,233
E02002935,6679,342,312,567,835,1591,603,262,537,64,524,249,434,10,23,326
E02002936,8616,317,404,324,622,2393,516,412,936,80,968,284,776,0,15,569
E02002937,10133,467,599,805,1513,3173,953,524,538,62,445,238,368,4,37,407
E02002938,6726,339,463,397,667,1788,488,266,459,72,581,188,638,9,21,350
E02002939,6419,435,571,617,787,1493,455,320,392,59,512,243,250,12,24,249
E02002940,6084,367,475,422,638,1391,454,430,515,42,550,235,244,7,22,292
E02002941,9545,504,649,680,1074,2327,755,554,959,102,747,295,392,5,24,478
E02002942,6325,152,230,358,848,2629,612,208,287,44,325,109,269,3,4,247
E02002943,9519,208,522,306,1050,3129,672,576,989,68,787,183,448,13,12,556
E02002944,7790,379,589,362,708,1618,567,364,879,57,1100,282,481,10,20,374
E02002945,9381,305,519,358,968,2266,877,332,941,77,1067,301,700,3,13,654
E02002946,7900,371,596,450,922,1920,674,524,787,79,684,257,297,0,8,331
E02002947,6923,151,459,290,798,1538,538,224,863,55,974,230,450,4,8,341
E02002948,6898,182,308,227,487,1460,429,204,1021,56,1423,260,531,13,4,293
E02002949,5329,405,466,327,706,1107,432,268,478,35,380,236,227,0,20,242
E02002950,5404,280,318,418,600,940,390,226,656,44,710,220,339,4,9,250
E02006118,7404,331,330,771,1173,2018,794,290,580,63,343,191,295,0,31,194
E02006119,8269,472,668,447,843,2110,638,358,943,60,693,316,385,0,25,311
E02006120,8887,467,473,640,1030,2103,874,456,932,76,796,345,397,0,32,266
E02006121,5548,257,311,308,770,1493,583,278,520,44,447,186,169,0,4,178
E02006122,6495,305,514,468,782,1624,589,420,523,102,476,208,234,0,16,234
E02006123,6744,237,401,368,810,2302,628,364,554,59,384,130,294,0,9,204
E02006124,7286,435,425,420,698,1646,686,302,930,98,779,281,349,0,15,222
E02006125,7331,402,621,522,812,1528,725,406,709,54,706,296,268,0,10,272
E02006126,8319,371,510,568,1040,2622,868,410,580,65,485,207,316,0,0,277
E02006127,7628,99,426,194,832,3057,776,520,744,36,460,146,199,0,2,137
E02006128,8399,555,556,1025,1119,2030,894,380,590,58,397,278,207,0,27,283
E02006129,7673,513,788,509,649,1586,656,424,822,70,781,252,319,0,15,289
E02006130,7479,347,410,595,943,2023,863,296,609,66,561,258,306,0,17,185
E02006131,7837,406,467,741,1185,2351,754,358,466,41,371,183,211,0,21,282
E02006132,6198,343,332,452,688,1754,613,320,502,45,504,216,219,0,19,191
E02006133,6891,467,559,457,747,2201,469,366,544,71,398,160,219,0,23,210
E02006134,9164,597,464,1102,1333,2682,868,372,405,72,491,213,247,0,32,286
E02006135,7849,452,398,772,1066,2580,847,282,444,37,431,177,181,3,20,159
E02006136,8648,620,547,1068,1510,2624,767,242,258,34,288,203,252,0,29,206
E02006137,8751,528,649,605,823,2157,635,408,771,93,1020,305,447,5,9,296
E02006138,6202,230,556,210,476,1722,387,310,562,30,683,269,473,0,4,290
E02006139,7061,351,711,289,613,1897,385,306,407,41,655,255,704,4,6,437
E02006140,8466,420,565,650,995,2240,644,364,796,94,827,278,309,0,20,264
E02006141,10330,413,1257,351,719,2436,462,610,776,61,981,314,1068,4,4,874
E02006142,5385,258,285,435,789,1756,553,230,357,28,258,111,159,0,12,154
E02006143,7231,314,507,495,945,2221,556,452,458,57,473,162,302,0,10,279
E02006144,7977,543,822,514,831,1606,664,348,711,60,864,354,313,2,17,328
E02006145,5593,367,254,594,884,1762,443,190,253,41,302,140,183,0,12,168
E02006146,7134,355,360,695,1015,1829,743,354,535,51,371,197,356,0,29,244
E02006147,7626,338,289,695,1085,2666,652,308,463,31,355,229,302,0,32,181
E02006148,7245,276,273,888,1190,2172,818,266,419,50,204,163,249,0,30,247
E02006149,10486,814,832,756,916,2497,659,562,907,90,1051,399,449,0,37,517
E02006150,11610,551,684,1269,1823,3291,1338,502,517,61,507,334,317,0,26,390
E02006151,8792,535,483,696,1158,2329,825,428,752,95,576,291,367,0,15,242
E02006152,10123,521,642,908,1174,3174,776,602,696,65,601,286,307,2,19,350
E02006153,7050,296,290,765,1077,2278,705,284,377,52,337,137,226,0,20,206
E02006154,9886,539,420,1293,1517,2515,1232,348,673,88,377,307,282,0,21,274
E02006155,5767,306,333,352,516,1419,589,264,714,56,560,240,261,0,7,150
E02006156,7792,398,293,1058,1120,2356,827,210,333,33,297,177,344,2,27,317
E02006157,7143,472,441,717,981,1742,667,270,492,109,432,230,331,0,27,232
E02006158,8486,370,449,758,1264,2463,1029,368,697,38,410,196,208,13,9,214
E02006159,5754,339,413,398,636,1355,600,262,471,63,567,227,238,3,18,164
E02006160,8356,515,614,657,1059,1862,832,334,832,67,675,327,301,29,26,226
E02006161,7032,259,317,596,1016,2155,851,302,449,63,338,189,274,47,21,155
E02006162,8437,540,563,701,1143,2102,910,366,629,70,560,284,299,25,22,223
E02006163,8032,453,530,563,791,2159,770,258,779,88,785,308,285,22,23,218
E02006164,7421,379,665,414,720,1317,575,312,1014,90,939,320,383,35,18,240
E02006165,7384,499,795,454,742,1557,623,494,851,50,622,204,186,39,21,247
E02006166,7193,405,503,612,1014,2049,727,334,475,40,425,215,191,11,20,172
E02006167,8722,581,864,555,733,1615,641,374,1056,74,1031,305,353,234,32,274
E02006168,8446,650,1343,545,669,1313,543,512,499,46,589,258,211,792,13,463
E02006169,8077,965,1075,996,1186,1695,430,184,454,40,397,134,216,99,15,191
E02006170,5145,328,357,535,778,1385,420,200,318,47,249,137,202,11,15,163
E02006171,8914,691,643,901,986,2294,882,282,672,49,631,303,234,102,31,213
E02006172,9524,640,539,1192,1291,2853,1184,252,357,58,469,211,186,60,36,196
E02006173,6948,352,279,752,1176,2143,719,236,278,21,250,195,299,4,23,221
E02006174,10349,527,493,1059,1549,2980,1172,332,593,71,536,288,429,0,12,308
E02006175,6616,272,353,415,719,1712,736,352,714,73,517,166,302,0,15,270
E02006176,7342,512,332,902,1104,2066,768,274,336,30,381,163,199,0,28,247
E02006177,9837,453,432,988,1282,2722,1382,376,629,74,520,268,406,0,24,281
E02006178,7866,452,330,667,971,2009,1087,272,525,60,594,256,346,0,15,282
E02006179,7356,525,516,872,1054,2066,694,288,408,35,296,183,227,0,21,171
E02006180,6700,351,343,579,711,1782,883,254,532,40,423,177,297,0,15,313
E02006181,5745,489,373,559,627,1279,541,222,444,45,530,226,203,0,2,205
E02006182,6750,427,299,870,856,2126,823,226,278,45,224,176,247,0,13,140
E02006183,7502,333,459,653,1043,2248,916,294,369,72,440,240,256,0,8,171
E02006184,5430,249,410,278,636,1665,612,238,410,38,385,161,157,0,5,186
E02006185,7196,586,404,776,752,1711,834,254,492,57,534,287,273,0,27,209
E02006186,12217,692,573,1486,1658,3666,1548,386,581,100,363,319,380,0,49,416
E02006187,7225,482,379,939,1067,1942,716,256,357,63,329,206,227,0,36,226
E02006188,5931,378,310,803,833,1602,632,222,304,33,237,153,223,0,23,178
E02006189,7170,500,397,889,1139,1872,666,290,441,36,336,202,214,2,21,165
E02006190,10334,750,1027,851,1128,2755,670,600,719,41,786,286,372,9,33,307
E02006191,8005,362,395,762,1307,2766,757,312,341,50,311,164,257,0,12,209
E02006192,8110,506,547,857,1378,2232,819,274,401,46,353,200,257,0,24,216
E02006193,6471,362,344,817,883,1839,648,256,367,26,314,187,180,15,13,220
E02006194,7659,439,514,574,812,1848,577,346,812,55,886,230,252,36,13,265
E02006195,8315,453,423,906,1514,2383,801,362,432,43,374,175,265,0,14,170
E02006196,7187,504,945,375,651,1685,325,306,410,36,538,258,252,560,12,330
E02006197,8235,570,1441,295,753,1322,311,838,588,49,566,176,274,453,13,586
E02006198,8477,529,610,918,1230,2639,778,366,308,44,359,203,185,78,18,212
E02006199,8209,404,491,848,1248,2593,713,412,375,28,319,234,220,12,20,292
E02006200,7983,469,727,455,732,1618,537,334,837,79,1170,352,325,7,9,332
E02006201,12199,679,395,1622,1702,4125,1258,268,560,74,618,277,327,2,36,256
E02006202,8670,473,443,938,1458,2513,837,312,481,65,377,192,263,25,29,264
E02006203,7914,421,750,515,866,1921,562,324,746,49,787,267,373,13,6,314
E02006204,7318,454,499,626,1008,1579,714,286,719,92,555,267,308,0,28,183
E02006205,7038,417,347,862,1299,1835,908,272,290,48,196,172,205,0,13,174
E02006206,8358,420,611,434,758,2229,692,354,893,87,1001,324,358,0,8,189
E02006207,6305,424,333,895,1075,1440,740,196,384,57,218,179,208,0,21,135
E02006208,8157,518,1124,493,823,1666,470,544,794,57,847,263,222,0,32,304
E02006209,10869,655,662,1125,1563,3340,1038,434,711,59,460,234,300,2,31,255
E02006210,5486,331,381,513,921,1372,598,218,294,31,173,170,239,0,32,213
E02006211,6472,426,236,944,868,1835,712,168,333,33,286,203,212,0,19,197
E02006212,7875,533,366,947,1213,1981,895,286,463,66,371,258,284,0,15,197
E02006213,6555,452,489,617,917,1757,606,286,385,36,398,202,177,0,15,218
E02006214,6119,434,439,600,772,1417,642,254,476,49,452,212,165,0,8,199
E02006215,7844,478,418,846,1194,1988,1018,278,420,51,433,233,250,0,22,215
E02006216,8710,373,447,819,1317,2759,1083,352,492,62,372,225,259,0,21,129
E02006217,8817,547,383,1012,1270,2202,963,270,541,59,610,307,355,0,19,279
E02006218,7851,798,840,627,721,1479,448,502,591,40,779,288,290,2,18,428
E02006219,7887,253,488,374,970,2288,832,294,631,73,733,262,395,0,12,282
E02006220,7398,468,397,691,887,1750,751,306,660,56,577,258,300,0,18,279
E02006221,6087,180,478,280,718,1989,509,448,399,51,405,153,216,2,6,253
E02006222,6859,291,430,389,715,1715,710,286,660,76,732,249,345,0,5,256
E02006223,7170,240,506,196,572,1667,545,172,984,82,1249,266,455,0,3,233
E02006224,7692,153,423,252,1060,2425,841,410,672,54,567,206,347,0,2,280
E02006225,7375,308,349,574,1068,2298,867,326,450,44,332,219,319,0,22,199
E02006226,9677,279,589,462,1068,2668,950,586,1019,77,931,293,386,0,6,363
E02006468,10486,472,469,900,1418,3152,1132,418,668,102,717,320,356,0,10,352
E02006469,8708,420,461,637,997,2205,990,374,822,66,708,279,364,5,29,351
E02006470,11003,676,836,874,1314,2442,1001,612,1066,95,874,409,447,0,29,328
E02006471,6925,314,322,664,1078,1785,889,276,405,62,315,228,306,0,16,265
E02006472,8940,437,599,668,1153,2202,906,362,779,95,720,250,437,0,24,308
E02006473,9925,640,721,835,1147,2496,1129,536,686,94,577,331,380,0,20,333
E02006474,6027,279,355,504,872,1574,605,280,491,72,284,164,299,0,22,226
E02006475,7256,498,375,762,951,2133,860,220,357,23,410,228,292,0,17,130
E02006476,7321,366,554,405,751,1587,581,326,901,45,1000,236,281,5,10,273
E02006477,6943,322,270,720,948,2229,850,194,292,37,336,175,306,2,28,234
E02006478,8233,169,464,383,1012,2699,830,354,835,49,652,234,317,0,19,216
E02006479,8718,477,1145,347,717,2087,561,512,712,34,777,259,508,5,37,540
E02006480,7452,380,584,388,796,1678,676,334,810,71,873,265,328,0,22,247
E02006481,6878,295,519,487,735,1737,578,284,711,59,792,220,226,0,15,220
E02006482,6736,299,455,386,906,1898,667,382,501,53,476,173,271,2,8,259
E02006483,7787,481,618,401,665,1848,620,286,658,53,1011,312,505,0,5,324
E02006484,7676,431,639,480,846,2055,566,358,599,58,876,198,252,0,42,276
E02006485,6877,304,257,824,1130,2074,932,194,246,52,235,142,250,0,28,209
E02006486,7041,360,480,517,881,1895,815,264,600,45,534,181,258,0,13,198
E02006487,6666,516,536,599,691,1333,600,230,588,57,724,261,244,0,11,276
E02006488,6146,497,332,1040,901,1383,716,152,270,39,255,145,215,0,24,177
E02006489,8043,307,644,387,755,2083,695,402,645,66,813,293,481,0,20,452
E02006490,7473,426,389,569,863,1882,770,324,677,77,639,208,333,5,10,301
E02006806,8006,490,561,634,874,1942,808,346,594,43,699,248,432,8,3,324
E02006492,11104,543,732,939,1619,3585,873,558,586,48,462,196,500,4,27,432
E02006493,9047,195,683,371,1081,2591,659,540,830,88,875,309,391,3,12,419
E02006494,6754,471,792,369,535,1389,339,340,552,52,742,250,366,2,10,545
E02006495,7685,395,401,842,1075,2195,728,284,500,59,436,219,265,2,35,249
E02006496,6937,246,783,222,550,1484,359,494,616,61,741,195,426,10,13,737
E02006497,7760,345,795,313,663,1705,422,550,737,39,893,200,419,3,14,662
E02006498,11324,344,648,582,1362,4031,765,520,968,56,966,244,497,0,21,320
E02006499,5915,315,311,514,746,1962,521,280,397,23,318,150,184,8,24,162
E02006500,5865,568,550,664,780,1430,397,250,263,19,392,152,174,2,12,212
E02006501,9024,624,541,957,1148,2612,772,338,512,67,567,221,327,0,35,303
E02006502,10801,802,626,1401,1429,2904,887,418,567,57,718,292,347,0,41,312
E02006503,7859,534,316,1073,1201,2423,617,340,275,28,358,179,237,6,40,232
E02006504,5679,260,219,729,917,1649,616,224,209,20,221,109,247,0,33,226
E02006505,6656,619,368,958,946,1784,517,272,313,32,288,183,134,7,29,206
E02006506,5879,345,367,609,715,1611,587,238,326,39,475,217,172,7,16,155
E02006507,9058,481,569,745,1133,2881,828,358,543,56,695,217,270,0,26,256
E02006508,9442,469,470,980,1354,3048,884,406,452,37,474,241,301,3,24,299
E02006509,6083,494,452,576,714,1462,492,306,370,43,544,206,215,0,7,202
E02006510,6182,374,340,780,1000,1879,535,222,236,27,228,136,190,0,33,202
E02006511,9164,586,479,1042,1378,2785,854,350,353,40,446,233,249,17,17,335
E02006512,10901,725,1081,835,1291,2361,817,670,672,39,777,352,362,17,19,883
E02006513,7487,460,464,798,874,2417,515,336,388,20,442,170,230,6,17,350
E02006514,9057,878,795,927,1143,2113,653,432,438,29,450,261,242,81,57,558
E02006515,9223,513,489,931,1237,2934,828,350,470,64,499,233,313,0,44,318
E02006516,9019,484,553,816,1398,2796,684,398,449,47,436,244,300,8,48,358
E02006517,7358,403,396,762,1068,2363,567,324,328,52,404,146,244,3,18,280
E02006518,9297,739,601,1107,1385,2469,717,404,451,65,463,272,270,8,34,312
E02006519,7565,597,622,840,994,2283,548,400,235,38,349,167,152,61,29,250
E02006520,8388,471,578,782,1096,2796,683,390,386,31,503,182,213,43,21,213
E02006521,7463,583,415,985,885,2350,686,184,279,40,382,210,217,13,34,200
E02006522,5464,267,339,558,918,1740,483,226,192,18,218,124,165,14,14,188
E02006523,11628,881,930,1481,1609,3260,1078,392,453,61,445,250,411,42,28,307
E02006524,5624,287,532,343,529,1272,446,212,416,67,715,246,268,52,10,229
E02006525,12862,871,1423,972,1274,3131,727,900,522,36,511,258,400,877,24,936
E02006526,8318,451,640,643,1025,2105,850,380,549,21,624,313,352,8,16,341
E02006527,9166,520,1152,700,904,2251,465,682,351,9,501,223,289,410,21,688
E02006528,11142,499,1238,428,984,1968,515,758,558,49,763,275,773,1359,15,960
E02006529,11304,605,1312,505,1251,2897,707,950,776,68,965,349,401,22,26,470
E02006530,10492,606,865,773,1165,3443,655,534,493,31,640,249,546,22,22,448
E02006531,9931,398,922,224,550,1551,579,520,568,55,966,324,784,1554,20,916
E02006532,8729,321,518,733,1149,3028,758,428,379,41,525,220,338,0,26,265
E02006533,9572,469,525,646,948,2795,946,460,517,38,816,312,649,30,19,402
E02001827,6045,438,293,666,662,1820,606,154,293,53,415,189,264,0,22,170
E02001828,6920,629,488,928,740,1922,580,264,324,32,390,178,218,0,14,213
E02001829,8735,438,332,910,980,3385,723,284,423,43,521,179,283,4,16,214
E02001830,9437,579,530,1221,1255,3047,932,308,229,38,332,178,401,4,24,359
E02001831,10326,686,779,642,836,2613,854,362,863,113,1218,464,607,7,13,269
E02001832,8168,400,554,775,911,2758,807,316,421,38,472,236,256,0,25,199
E02001833,5808,292,241,514,606,1771,801,154,312,43,382,192,306,2,25,167
E02001834,6139,306,400,322,342,1326,472,240,726,65,943,374,389,2,38,194
E02001835,8176,559,693,538,790,2397,709,462,491,66,434,221,311,8,16,481
E02001836,9180,505,436,805,1001,2890,1147,298,487,67,480,275,439,6,28,316
E02001837,10585,490,764,339,579,2192,743,262,1123,115,1957,609,892,5,34,481
E02001838,7673,371,419,631,941,2523,1017,246,381,19,341,232,329,7,17,199
E02001839,6442,510,465,378,536,1509,580,290,501,61,716,308,322,7,16,243
E02001840,8771,593,707,314,500,1788,516,278,876,96,1576,453,650,20,36,368
E02001841,5993,310,238,717,871,1861,766,198,228,36,197,116,254,2,11,188
E02001842,7663,387,365,509,669,2060,878,220,517,59,824,345,470,20,19,321
E02001843,6455,394,404,460,574,1481,667,278,572,68,641,263,352,14,21,266
E02001844,9716,795,993,719,960,2361,833,538,542,67,593,336,448,27,22,482
E02001845,6274,285,394,304,528,1698,525,286,607,38,797,263,300,4,27,218
E02001846,7829,487,724,308,491,1566,590,278,683,110,1199,375,543,3,43,429
E02001847,5521,373,307,500,720,1295,652,222,356,48,396,212,247,0,17,176
E02001848,6372,309,472,279,400,1391,436,190,462,28,1271,360,516,4,12,242
E02001849,6882,420,930,198,382,1273,346,372,539,58,1127,298,429,24,24,462
E02001850,8173,403,413,425,535,2384,714,170,374,42,777,325,933,215,40,423
E02001851,8576,543,748,522,761,2034,635,390,661,82,873,397,528,10,18,374
E02001852,6544,409,500,286,430,1395,554,220,466,65,839,300,538,61,21,460
E02001854,7777,468,613,410,624,1820,733,246,589,61,971,327,472,24,40,379
E02001855,9971,643,885,603,553,1572,701,278,985,136,1997,582,683,0,38,315
E02001856,8512,298,882,234,524,2023,478,330,492,35,1019,374,910,132,8,773
E02001857,12902,570,1699,343,743,2639,681,468,879,49,1713,521,1368,180,24,1025
E02001858,8453,392,1036,295,375,1938,530,212,226,31,846,340,1434,110,24,664
E02001859,10115,356,509,317,373,3363,535,72,112,19,860,288,2002,474,20,815
E02001860,8337,276,464,200,240,2277,600,74,275,27,1123,455,1382,50,13,881
E02001861,10161,264,683,163,211,3009,519,42,217,32,1334,410,2039,290,10,938
E02001862,9904,275,586,201,265,2677,712,70,261,20,1481,511,1843,38,44,920
E02001863,7839,234,408,128,200,2804,321,56,160,19,869,358,1770,28,13,471
E02001864,5531,257,548,148,234,1228,277,84,344,51,1349,270,518,4,15,204
E02001865,10932,232,578,233,248,3036,648,72,234,24,1377,533,2545,99,16,1057
E02001866,8671,227,591,140,178,2836,368,60,166,9,867,370,2142,80,4,633
E02001867,6901,248,358,91,137,2349,320,34,150,4,948,330,1560,40,12,320
E02001868,8617,325,240,442,452,3153,738,80,310,57,614,285,1511,6,17,387
E02001869,6060,266,651,108,152,1493,185,54,346,43,1421,361,654,19,20,287
E02001870,11560,384,504,353,485,4414,699,94,470,47,1182,393,1963,18,24,530
E02001871,7721,599,855,466,514,1212,504,278,705,102,1329,383,507,0,24,243
E02001872,7161,512,586,300,454,1176,449,260,955,69,1251,397,468,10,32,242
E02001873,10534,332,943,188,368,2522,454,192,418,23,1898,538,1507,103,14,1034
E02001874,9352,271,470,129,267,3688,415,52,302,14,1089,334,1765,45,12,499
E02001875,8168,212,1026,85,267,2092,262,320,249,0,1532,359,1017,125,4,618
E02001876,11909,1144,2047,971,1087,2491,128,232,305,9,1303,263,639,897,9,384
E02001877,10655,221,416,110,286,4441,532,40,211,36,1141,367,2276,36,11,531
E02001878,8955,159,570,103,195,3110,303,76,319,12,1170,368,1938,66,7,559
E02001879,10376,395,851,293,421,2854,428,120,352,36,1268,426,1827,282,8,815
E02001880,9434,313,598,255,447,2062,580,210,945,77,2288,444,847,2,27,339
E02001881,9334,272,517,202,296,3482,447,78,362,37,1272,354,1458,37,19,501
E02001882,8152,471,723,390,446,2128,615,162,467,57,906,310,1037,11,36,393
E02001883,8129,513,847,394,524,1310,575,348,846,65,1447,439,507,3,31,280
E02001884,9239,156,266,129,267,4336,303,60,193,26,1189,243,1643,34,2,392
E02001886,8808,235,923,222,450,2113,542,268,309,25,690,235,1283,236,19,1258
E02001888,6247,345,418,231,357,1501,516,128,569,50,902,369,580,11,19,251
E02001889,8346,190,294,184,238,3485,443,34,172,21,950,290,1622,34,10,379
E02001890,9806,538,1645,433,741,1907,410,582,237,47,545,151,805,514,31,1220
E02001892,10193,379,636,218,404,3529,616,126,530,39,1479,522,1241,13,28,433
E02001893,8097,500,542,472,558,2179,786,200,381,73,710,388,888,0,21,399
E02001895,7790,568,573,432,564,1485,541,234,660,67,1213,432,619,0,24,378
E02001896,9287,163,363,105,211,3703,491,42,141,9,820,281,2279,30,11,638
E02001897,7596,325,841,125,235,2263,293,90,174,29,1121,373,1104,83,24,516
E02001898,6488,437,326,546,586,1785,734,210,400,83,464,233,464,0,14,206
E02001899,7866,500,564,612,764,2380,703,316,225,27,334,218,620,22,14,567
E02001900,6801,461,819,370,486,1610,206,216,159,15,527,228,614,493,23,574
E02001901,7902,505,952,376,760,2026,367,726,317,34,391,186,175,103,14,970
E02001902,6101,328,407,357,504,1645,635,216,426,44,643,220,391,0,22,263
E02001903,7600,126,299,94,148,2847,352,16,97,10,870,309,1855,29,3,545
E02001904,6939,333,546,228,420,2037,334,186,434,38,894,268,716,12,12,481
E02001905,9716,960,1414,1016,1258,2259,322,332,156,28,204,121,535,482,12,617
E02001906,9315,450,514,696,906,2474,882,318,586,59,1117,402,479,7,28,397
E02001907,9622,553,704,761,922,2289,969,372,740,81,856,457,443,2,33,440
E02001908,8908,133,227,94,188,3520,401,20,105,15,842,313,2382,60,8,600
E02001909,7986,161,439,107,203,3006,383,80,161,22,764,229,1725,84,20,602
E02001910,7117,197,587,122,188,2354,305,124,172,33,872,249,1445,62,7,400
E02001911,7935,387,710,328,398,1676,430,248,602,53,1654,405,591,31,18,404
E02001913,7186,537,894,308,458,1222,306,344,229,34,571,258,372,918,18,717
E02001914,6790,196,433,228,354,2076,387,274,151,20,441,140,1344,81,7,658
E02001915,11507,605,1269,417,887,2871,759,530,741,82,1031,448,1041,31,39,756
E02001916,8612,337,564,300,494,2548,572,152,422,60,1343,390,935,20,20,455
E02001918,8956,532,1564,270,628,1862,333,566,311,16,553,206,986,57,28,1044
E02001919,6689,279,918,215,359,1458,383,352,147,9,283,181,1315,49,40,701
E02001920,7587,427,702,363,573,1476,593,250,641,51,1258,359,611,9,9,265
E02001921,7833,414,631,438,628,1729,542,298,619,51,1177,329,464,62,22,429
E02001922,12650,389,541,340,368,712,164,134,139,13,321,152,284,7754,16,1323
E02001923,10457,434,508,374,422,3480,970,154,279,22,858,426,1869,26,26,609
E02001924,6456,373,339,269,385,1913,708,154,349,44,590,295,729,5,23,280
E02001925,6684,475,544,453,577,1608,514,224,292,12,464,203,283,457,20,558
E02001926,7214,400,646,402,580,1444,391,348,310,25,490,184,407,694,10,883
E02001927,7702,440,653,389,513,1645,576,258,658,85,1355,361,369,15,24,361
E02001928,6858,381,646,323,613,1335,650,270,603,76,1015,356,387,6,9,188
E02001929,9649,403,699,302,490,2536,614,254,753,127,1614,576,860,17,28,376
E02001930,7858,337,662,252,554,2154,583,504,513,42,587,270,611,30,18,741
E02001931,7886,462,479,506,640,2317,847,226,279,52,579,270,772,3,25,429
E02001932,6795,432,622,383,485,1339,455,216,628,68,1147,332,401,37,22,228
E02001933,7625,390,655,306,590,1928,557,378,486,36,912,349,584,10,10,434
E02001934,6811,264,232,387,479,2222,746,142,188,23,435,255,1009,0,22,407
E02001935,7839,522,414,723,655,2005,761,204,540,50,937,367,360,27,19,255
E02001936,6473,359,366,487,565,2081,593,160,303,39,545,245,407,2,16,305
E02001937,7923,446,700,344,430,1791,534,262,542,68,1057,391,786,29,38,505
E02001938,7726,399,746,299,651,2048,474,524,497,68,688,264,342,63,16,647
E02001939,5812,479,765,473,537,1254,482,216,223,41,622,244,181,19,21,255
E02001941,6202,353,486,332,402,1218,452,178,451,58,1068,420,480,10,24,270
E02001942,6767,434,673,346,574,1718,467,340,435,45,873,199,305,8,11,339
E02001943,6394,345,412,290,470,1515,490,298,587,61,861,325,376,5,13,346
E02001944,8126,379,712,414,669,2145,584,388,674,68,933,346,447,19,13,335
E02001945,7784,326,589,245,483,1708,521,266,702,76,1493,455,595,6,10,309
E02001946,7688,457,500,581,823,2296,739,310,414,64,670,251,262,7,20,294
E02001947,6165,490,778,318,288,992,367,160,554,64,1096,395,403,4,26,230
E02001948,7433,395,520,471,615,1853,772,340,557,108,769,342,334,4,34,319
E02001949,5819,303,573,286,456,1040,384,288,649,59,1008,240,294,2,17,220
E02001950,8406,484,598,602,824,1920,875,432,719,70,757,344,388,36,12,345
E02001951,8217,405,867,265,647,1322,583,320,926,112,1381,445,599,16,27,302
E02001952,8895,582,1022,350,519,1609,505,346,898,73,1698,420,514,32,21,306
E02001953,7131,443,481,574,828,1727,733,224,404,46,686,322,399,6,4,254
E02001954,7812,476,780,308,561,1260,534,280,747,74,1469,432,533,55,25,278
E02001955,6381,338,603,308,454,1388,363,300,652,73,981,322,359,10,21,209
E02001956,6406,333,492,299,589,1540,524,346,601,73,766,249,368,2,10,214
E02001957,7912,394,501,576,736,2002,828,388,666,76,848,290,325,3,13,266
E02006807,7903,390,359,480,724,2649,881,282,468,29,564,251,539,5,9,273
E02006809,10032,337,318,437,431,2905,1397,88,198,20,576,344,2078,8,26,869
E02006895,7273,444,1471,293,547,1070,86,530,212,0,913,193,360,299,11,844
E02006896,5268,170,1530,40,266,519,59,678,120,6,286,109,183,430,12,860
E02006897,6376,312,1621,184,368,893,83,354,200,20,911,199,341,190,0,700
E02006898,6184,187,1424,71,421,658,101,770,188,13,689,191,287,281,9,894
E02006899,5547,92,1872,51,427,286,22,950,88,12,99,19,40,528,0,1061
E02006900,14713,296,645,194,344,5887,779,92,251,39,1713,529,3070,38,19,817
E02006901,14402,274,599,275,535,5996,769,136,390,35,1357,391,2479,117,18,1031
E02001958,7452,384,766,390,598,1696,523,352,486,60,1058,210,519,0,27,383
E02001959,6201,339,271,500,520,1649,770,176,377,33,611,229,405,16,16,289
E02001961,7498,435,746,338,474,1575,518,204,646,74,1230,375,530,26,17,310
E02001962,6034,214,353,219,319,1511,431,154,479,50,1043,266,617,7,13,358
E02001963,5926,396,320,421,575,1666,676,176,396,25,524,192,294,6,12,247
E02001964,8092,424,669,370,424,1507,453,188,769,84,1873,381,645,34,8,263
E02001965,8019,419,478,586,838,2076,849,296,528,55,791,312,461,10,16,304
E02001966,6922,180,389,148,228,2402,380,116,258,12,842,215,1181,53,3,515
E02001967,6281,442,358,754,756,1665,618,224,361,29,425,169,252,30,12,186
E02001968,7147,272,379,280,484,2179,603,238,463,50,904,231,554,42,18,450
E02001969,6377,373,535,301,371,1370,455,244,599,72,952,272,377,46,20,390
E02001970,5482,445,426,663,493,1221,447,188,326,47,450,217,300,23,14,222
E02001971,5834,381,306,392,514,1676,571,160,408,55,652,235,234,12,10,228
E02001972,10054,317,853,185,431,3178,499,132,447,30,1438,356,1121,232,15,820
E02001973,8132,371,776,272,514,1816,579,294,550,47,1108,331,705,183,43,543
E02001974,9472,543,553,677,871,2805,899,388,591,69,815,346,384,55,16,460
E02001975,7860,334,348,461,599,2198,811,230,571,73,953,306,517,81,19,359
E02001976,7132,458,659,445,717,1812,636,220,464,39,675,246,358,38,10,355
E02001977,9014,399,1432,233,533,1484,350,478,552,39,1026,304,508,711,10,955
E02001978,6503,236,470,302,542,1745,601,206,420,63,620,222,526,135,19,396
E02001979,5726,408,318,685,597,1615,470,226,323,50,433,199,207,14,16,165
E02001980,5996,327,352,836,784,1658,703,172,306,42,318,166,176,6,31,119
E02001981,11753,457,1406,313,567,2915,382,246,439,45,1470,329,1212,1050,4,918
E02001982,7062,322,537,652,756,1842,576,436,534,48,604,255,228,33,13,226
E02001983,7546,382,700,456,688,1873,550,362,545,48,582,295,365,204,34,462
E02001984,8967,392,629,485,763,2230,693,290,665,67,836,310,652,258,24,673
E02001985,8453,422,995,360,448,1079,264,288,365,15,753,257,374,1695,8,1130
E02001986,7597,502,951,488,592,1348,530,348,541,46,1202,340,346,38,13,312
E02001987,5785,199,726,134,378,605,183,498,205,36,413,209,204,1224,6,765
E02001988,8786,708,1798,514,794,1182,184,476,237,49,542,163,288,1281,10,560
E02001989,5653,261,347,321,517,1329,594,244,477,45,576,219,229,196,11,287
E02001990,9256,419,437,824,1060,2609,1159,284,608,50,627,296,500,10,17,356
E02001991,8515,510,764,700,1005,2095,695,416,322,46,414,182,355,400,15,596
E02001992,9573,453,639,451,729,2092,685,300,766,59,1771,429,662,52,22,463
E02001993,7240,398,506,346,595,1617,601,170,492,39,1001,293,497,311,19,355
E02001994,8159,526,532,530,790,2171,739,256,377,31,725,341,507,131,18,485
E02001995,6515,496,776,387,581,1146,431,412,398,32,675,219,244,172,19,527
E02001996,6819,409,1090,275,389,1172,359,218,493,55,1310,278,434,13,43,281
E02001997,8526,581,378,1033,815,2670,1033,174,252,30,352,224,522,38,30,394
E02001998,5973,381,234,558,602,2048,606,112,271,15,408,174,327,38,15,184
E02001999,9398,985,917,1176,1308,2315,558,140,176,6,211,176,484,534,21,391
E02006805,8230,363,506,311,545,1960,610,258,621,70,1432,366,706,14,20,448
E02002000,7782,410,483,547,720,1861,788,298,858,63,817,321,412,0,18,186
E02002001,5951,405,367,469,483,1626,624,224,426,36,489,238,321,0,34,209
E02002002,7084,470,250,1123,973,2005,985,170,262,18,227,208,199,0,29,165
E02002003,9101,612,472,902,917,2487,1185,310,718,38,600,289,343,0,25,203
E02002004,7518,380,394,539,663,1869,742,248,777,78,868,361,338,0,28,233
E02002005,8090,336,350,488,614,1803,790,260,997,117,1185,342,483,6,29,290
E02002006,6400,367,538,452,662,1429,605,346,673,35,529,260,291,2,16,195
E02002007,8731,620,398,1229,975,2115,1066,290,577,41,560,332,277,0,31,220
E02002008,8329,216,405,407,897,3202,871,428,505,38,468,184,444,0,3,261
E02002009,6710,283,431,278,440,1935,524,182,473,32,968,322,522,4,18,298
E02002010,7186,529,938,407,523,1669,456,328,440,35,621,250,631,0,15,344
E02002011,5864,345,295,633,787,1720,640,222,311,41,366,214,142,0,5,143
E02002012,7790,583,584,516,602,2010,620,250,717,87,769,290,419,7,20,316
E02002013,6697,470,274,973,805,2018,856,190,284,32,275,192,150,0,9,169
E02002014,6929,313,451,352,530,1732,599,220,497,47,767,279,758,4,13,367
E02002015,6024,308,275,589,712,1486,784,228,453,57,412,195,314,0,10,201
E02002016,7826,403,476,424,598,1731,732,322,905,76,1060,305,503,0,17,274
E02002017,8279,442,824,552,748,1910,726,446,760,38,712,292,499,0,0,330
E02002018,9036,536,310,1212,1112,2724,1079,244,466,70,421,293,315,0,30,224
E02002019,7857,371,458,500,598,1919,839,312,800,60,883,327,478,0,22,290
E02002020,9451,492,598,1074,1194,2590,1131,454,584,51,509,252,292,0,16,214
E02002021,7315,360,1045,297,567,1433,415,530,717,37,771,276,461,0,28,378
E02002022,8324,403,571,428,852,2119,621,390,979,94,814,334,430,2,16,271
E02002023,5339,250,244,552,712,1407,603,238,439,32,360,203,159,0,9,131
E02002024,8536,437,431,683,849,2300,880,344,847,47,678,345,357,0,34,304
E02002025,7961,438,601,492,755,2178,728,366,587,77,624,310,479,0,33,293
E02002026,7087,267,334,508,908,2017,1024,286,462,60,460,201,380,0,9,171
E02002027,5659,125,349,248,808,2042,761,286,323,29,249,94,204,0,4,137
E02002028,5846,473,339,709,691,1477,538,238,392,43,364,232,148,2,12,188
E02002029,5876,401,288,695,620,1703,695,174,307,46,310,198,247,0,21,171
E02002030,6274,342,483,442,614,1467,604,362,529,56,602,257,287,2,12,215
E02002031,6005,216,466,294,682,1830,608,276,357,56,420,160,439,0,8,193
E02002032,9940,477,655,614,928,2535,812,492,1005,83,979,319,660,0,13,368
E02002033,7455,460,464,669,873,2141,747,334,463,28,487,279,270,0,20,220
E02002034,8113,561,849,524,776,2055,557,468,649,55,649,299,282,0,31,358
E02002035,6145,411,276,643,712,1913,917,158,272,24,215,179,296,0,13,116
E02002036,6575,379,623,357,509,1509,557,274,613,50,635,240,552,0,19,258
E02002037,5874,357,361,527,695,1613,643,188,408,49,365,228,194,0,8,238
E02002038,9410,620,850,782,1006,2221,914,382,631,52,832,392,350,0,18,360
E02002039,6327,480,482,670,768,1781,534,312,314,36,276,228,302,0,17,127
E02002040,5967,418,233,788,858,1818,665,190,242,46,227,134,182,9,20,137
E02002041,6202,388,202,981,755,1657,754,162,322,54,297,208,245,0,21,156
E02002042,8060,521,314,958,1032,2551,941,252,396,41,378,263,247,3,11,152
E02002043,8480,435,422,364,700,2139,859,272,826,114,935,337,708,0,25,344
E02002044,7498,320,411,310,516,2119,633,200,741,49,865,259,716,2,8,349
E02002045,7754,456,467,548,702,1860,762,286,801,71,740,305,495,0,30,231
E02002046,5626,227,218,206,396,1301,606,102,789,67,824,252,403,0,16,219
E02002047,6465,476,520,592,602,1353,589,286,462,87,564,264,401,0,15,254
E02002048,6420,435,313,726,618,1783,747,182,229,34,280,233,541,5,12,282
E02002049,5932,195,380,352,620,1566,647,246,489,73,623,242,297,0,11,191
E02002051,5517,247,245,274,418,1298,505,104,732,57,815,272,337,0,16,197
E02002052,10650,519,664,552,770,2431,955,304,1134,156,1291,432,930,3,34,475
E02002053,5975,357,404,489,471,1547,641,158,322,64,534,279,464,5,14,226
E02002054,5583,330,284,518,460,1356,628,136,346,50,564,287,356,0,13,255
E02002055,9053,422,514,526,684,2188,905,280,694,74,798,465,901,2,27,573
E02002056,8624,427,688,426,687,1853,773,346,983,73,1049,338,614,0,32,335
E02002057,8996,572,719,441,701,2444,778,322,678,72,763,262,862,0,29,353
E02002058,11677,418,1041,376,957,3197,925,470,964,56,1062,516,1023,2,33,637
E02002059,10533,666,899,530,740,2329,967,240,666,100,1037,381,1222,12,24,720
E02002060,6273,301,439,342,372,1553,580,108,557,62,551,262,825,6,31,284
E02002061,5802,335,310,250,300,1485,454,114,245,53,471,229,1014,11,5,526
E02002062,7166,470,747,353,383,1494,494,162,371,33,723,303,1083,2,12,536
E02002063,9172,325,728,368,694,2464,667,400,714,48,963,299,1000,2,9,491
E02002064,11970,481,716,712,1036,3253,1174,378,1237,141,1299,432,660,15,29,407
E02002065,12146,375,524,353,471,3600,825,138,373,50,1206,492,2581,23,17,1118
E02002066,7211,346,519,294,446,1879,512,208,394,42,868,352,852,17,26,456
E02002067,5508,316,227,572,562,1361,650,136,524,36,486,177,264,0,15,182
E02002068,11983,384,834,190,416,3449,524,202,497,31,1866,483,2084,71,31,921
E02002069,6567,408,646,560,511,1364,500,258,537,59,728,300,473,0,16,207
E02002070,9140,554,774,333,363,2334,591,196,422,35,965,363,1460,29,23,698
E02002071,6507,318,370,432,620,1534,584,202,674,66,801,260,423,0,15,208
E02002072,8346,476,637,484,762,2158,761,312,537,52,729,336,704,0,16,382
E02002073,7550,445,383,328,504,1920,720,144,505,93,957,392,754,4,42,359
E02002074,8026,451,394,480,614,2041,770,186,695,64,853,421,655,0,44,358
E02002075,8539,568,600,517,835,2016,691,380,879,80,846,285,499,2,44,297
E02002076,10306,486,969,420,902,2511,727,718,761,61,904,342,573,29,20,883
E02002077,10182,596,853,566,944,2637,768,520,944,85,911,346,597,8,32,375
E02002078,6205,356,271,592,618,1721,630,152,300,34,458,270,489,2,28,284
E02002079,7985,614,490,561,697,1820,708,254,598,54,806,392,644,5,36,306
E02002080,6664,417,453,456,674,1642,615,278,625,60,635,268,311,0,5,225
E02006810,10032,535,699,827,1011,2398,1157,298,747,41,767,373,662,0,25,492
E02002081,5379,374,368,488,672,1106,833,172,277,66,370,224,249,0,16,164
E02002082,5909,246,547,250,402,1116,471,132,639,79,1168,263,387,16,7,186
E02002083,5838,376,166,584,742,1455,1013,154,454,23,276,191,213,0,26,165
E02002084,6183,306,531,337,487,1117,546,166,599,50,1161,361,334,0,17,171
E02002085,6252,303,468,414,400,1116,631,144,686,91,1144,292,337,8,8,210
E02002086,5443,359,650,265,395,899,430,170,517,54,1025,260,231,0,11,177
E02002087,6034,378,613,356,358,1142,523,140,614,52,1073,333,254,0,10,188
E02002088,9327,391,1040,506,652,1552,746,278,1093,91,1852,396,424,0,10,296
E02002089,7733,389,480,660,796,1882,913,322,558,80,690,248,354,2,17,342
E02002090,5807,311,264,398,552,1851,730,206,335,40,398,269,252,0,14,187
E02002091,7277,596,397,792,672,1936,735,258,404,55,512,248,339,0,33,300
E02002092,7141,553,515,571,565,2069,721,268,408,59,582,264,289,0,17,260
E02002093,6557,473,630,560,610,1797,548,254,306,23,508,232,334,0,13,269
E02002094,5962,418,277,597,631,2147,681,146,163,6,233,146,250,2,31,234
E02002095,8537,453,635,657,1027,2506,893,286,407,47,566,267,469,2,18,304
E02002096,10008,743,543,1095,1017,3214,921,330,317,44,499,316,547,3,29,390
E02002097,6555,408,470,697,927,1829,638,274,262,41,309,155,266,0,18,261
E02002098,9418,603,542,886,757,3242,918,224,425,36,628,321,507,16,25,288
E02002099,6561,506,280,863,843,2339,662,90,118,22,194,124,289,0,5,226
E02002101,5843,457,496,600,590,1361,635,216,286,25,425,233,272,0,42,205
E02002102,8592,531,531,773,783,2672,863,294,386,69,558,354,460,0,18,300
E02002103,6025,482,245,690,664,1674,809,204,231,43,294,217,231,0,33,208
E02002104,6166,241,285,452,776,2416,760,150,241,14,286,177,232,0,2,134
E02002105,7815,383,300,830,1042,2897,664,246,353,25,338,151,361,0,35,190
E02002106,9275,690,454,1207,1193,3121,997,208,258,20,396,211,257,2,14,247
E02002107,5783,177,355,420,764,1987,705,242,159,21,267,147,299,0,11,229
E02002108,9797,553,338,1020,1141,4134,912,252,252,48,444,211,285,3,23,181
E02002109,9357,282,758,548,1144,3366,810,528,430,46,534,216,350,0,21,324
E02006808,6100,297,308,396,524,2057,643,248,389,22,447,194,335,0,15,225
E02002110,6753,275,393,420,756,1928,635,316,627,75,522,231,303,2,8,262
E02002111,5923,416,353,523,619,1163,647,236,609,51,502,242,410,0,12,140
E02002112,5435,289,238,518,644,1567,632,172,386,59,378,176,229,0,2,145
E02002113,6468,352,419,511,685,1474,660,300,623,61,603,216,354,0,10,200
E02002114,6033,441,338,801,701,1445,605,236,427,64,364,197,241,2,31,140
E02002115,6564,473,421,638,654,1321,649,206,596,95,634,274,368,0,25,210
E02002116,6739,425,338,775,927,1857,731,196,389,45,314,210,286,0,16,230
E02002117,6051,338,578,464,728,1540,494,266,464,21,479,224,258,0,20,177
E02002118,7195,508,409,520,586,1491,744,236,783,103,848,342,422,0,15,188
E02002119,5990,307,291,617,614,1483,677,220,445,51,429,248,349,0,23,236
E02002120,6266,199,276,357,795,1866,816,218,444,56,471,174,374,0,15,205
E02002121,6211,361,403,348,504,1368,535,226,820,67,735,259,378,0,19,188
E02002122,5518,217,276,199,387,1204,511,194,844,69,711,213,459,4,4,226
E02002123,6431,382,387,556,606,1425,665,304,709,59,493,257,326,0,36,226
E02002124,6893,637,524,747,641,1516,517,298,575,44,626,263,293,0,33,179
E02002125,5918,379,422,444,650,1332,569,284,535,71,446,282,306,0,22,176
E02002126,6342,342,510,280,436,1178,531,182,890,88,1029,304,282,6,21,263
E02002127,8331,324,619,289,511,2160,514,228,1033,68,1016,296,864,11,27,371
E02002128,5547,315,371,553,617,1246,694,204,381,67,444,231,234,0,9,181
E02002129,5902,319,323,562,694,1412,787,202,467,42,331,247,318,3,26,169
E02002130,6594,331,341,323,521,1681,559,258,753,79,679,264,568,0,13,224
E02002131,7847,474,275,983,883,2408,959,236,377,65,342,274,347,0,28,196
E02002132,6371,380,309,406,566,1306,632,176,862,84,774,336,298,6,16,220
E02002133,6645,372,941,471,607,1428,447,296,301,47,478,218,625,10,16,388
E02002134,8221,334,626,376,594,1825,703,338,888,92,1134,411,578,0,16,306
E02002135,7081,294,491,195,385,2143,472,244,426,42,790,269,885,2,14,429
E02002136,7562,300,646,279,654,1901,635,360,705,52,773,332,585,0,30,310
E02002137,6285,466,259,910,670,1907,805,206,214,28,233,181,232,0,18,156
E02002138,6303,307,355,441,467,1887,528,168,305,23,400,120,970,8,15,309
E02002139,9498,466,1432,348,538,2254,530,448,361,30,828,277,1347,28,6,605
E02002140,8021,367,528,284,488,2289,717,186,407,30,942,310,970,19,14,470
E02002141,6690,301,293,832,686,2064,751,190,342,51,315,212,372,0,11,270
E02002142,6793,239,476,227,417,1894,484,190,608,43,682,258,962,0,0,313
E02002143,10027,274,510,286,433,3431,599,184,437,45,865,296,1946,72,9,640
E02002144,6703,348,205,806,718,1957,841,82,188,16,139,134,899,0,10,360
E02002145,6799,312,527,298,503,1694,579,236,812,54,859,293,359,4,21,248
E02002146,6505,279,315,301,397,1966,574,160,551,43,529,218,835,10,4,323
E02002147,7858,426,415,397,605,1728,691,290,1017,76,963,333,563,7,24,323
E02002148,11010,710,466,1280,1060,3165,1204,354,651,107,703,380,528,0,20,382
E02002149,10027,626,654,769,1056,2051,1203,382,786,110,1044,481,508,0,22,335
E02002150,5715,300,332,315,471,1440,619,194,460,34,712,220,412,0,14,192
E02002151,5826,274,633,162,556,1230,464,242,490,55,928,272,361,0,7,152
E02002152,6232,275,330,318,360,1286,509,142,637,91,1192,260,560,0,11,261
E02002153,7502,550,551,800,654,1537,735,290,689,71,668,416,330,6,14,191
E02002154,5580,300,442,279,406,1368,455,206,538,49,666,223,367,2,26,253
E02002155,5829,189,293,184,298,1128,451,108,855,50,1181,320,506,0,16,250
E02002156,8365,546,471,614,725,2300,949,238,660,76,646,376,486,0,19,259
E02002157,7742,420,488,700,740,2180,762,276,521,53,565,300,432,2,19,284
E02002158,7659,569,634,779,725,1561,750,256,655,61,654,356,361,0,30,268
E02002159,6023,194,376,160,316,1449,398,146,613,52,1054,260,642,6,7,350
E02002160,7048,355,422,488,667,1912,734,224,447,42,607,232,629,0,11,278
E02002161,6288,212,541,151,333,1609,402,164,392,41,902,270,735,62,4,470
E02002162,7556,716,408,1037,783,1752,661,260,329,70,451,260,460,0,40,329
E02002163,11250,507,1568,355,653,2264,567,322,832,109,1783,519,1014,17,23,717
E02002164,6843,381,847,304,356,1497,296,132,231,18,607,221,731,470,17,735
E02002165,7729,325,1464,258,494,1381,408,478,262,39,617,245,687,199,29,843
E02002166,9056,499,872,496,644,1804,729,292,818,130,1272,504,564,13,22,397
E02002167,6548,529,467,692,704,1593,653,290,334,50,413,287,267,8,36,225
E02002168,10321,640,1711,416,610,1939,479,426,501,22,1121,439,1057,95,11,854
E02002169,8647,599,552,880,924,2327,981,266,425,34,428,233,526,7,42,423
E02002170,6253,323,347,370,500,1386,665,166,618,62,658,307,561,2,11,277
E02002171,7367,433,525,454,594,1430,777,214,665,69,854,383,622,2,22,323
E02002174,7578,425,492,482,697,2019,889,240,360,45,462,359,630,16,31,431
E02002175,7031,429,554,342,494,1448,605,226,608,72,968,354,615,5,29,282
E02002176,7692,521,604,551,715,1845,798,260,587,52,773,295,419,3,25,244
E02002177,9032,420,972,345,547,1799,692,280,683,70,1401,418,855,3,37,510
E02002178,8114,353,354,553,561,2173,1114,134,233,29,369,218,1255,10,30,728
E02002179,6401,395,349,542,716,1903,618,242,351,34,384,171,473,0,23,200
E02002180,6392,394,407,621,569,1490,676,154,408,43,679,234,476,0,23,218
E02002181,7079,402,560,422,592,1580,598,248,708,82,947,315,376,0,22,227
E02002182,6645,351,369,417,523,1896,684,176,409,53,654,236,561,3,9,304
E02006894,12100,554,897,533,659,2863,893,174,698,47,1510,562,1470,80,25,1135
E02006696,6270,410,262,756,662,2486,483,108,241,19,347,161,180,0,13,142
E02006697,7266,470,451,810,1012,2158,726,294,307,44,241,169,250,0,18,316
E02006698,6491,349,296,746,758,1801,772,226,452,81,423,184,218,0,17,168
E02006699,5939,420,266,777,681,1605,687,242,304,37,369,213,188,0,17,133
E02006700,5739,360,269,802,794,1648,709,182,218,14,192,144,214,0,18,175
E02006701,6033,330,248,710,862,2120,627,160,267,42,218,107,161,0,16,165
E02006702,5808,330,340,468,666,1510,535,254,482,67,541,213,192,0,8,202
E02006703,7174,340,343,753,1023,2570,659,262,282,62,307,195,175,0,5,198
E02006704,6564,445,337,714,934,1875,611,272,311,44,330,155,258,0,15,263
E02006705,6696,392,454,490,782,1852,600,346,460,71,461,245,258,5,20,260
E02006706,6804,741,682,682,870,1531,552,334,319,34,466,217,177,0,3,196
E02006707,6867,258,243,637,857,2804,520,242,339,34,354,157,204,0,13,205
E02006708,8102,406,609,425,679,2123,594,470,876,54,967,330,262,0,20,287
E02006709,7884,486,643,789,1245,2302,795,348,278,55,326,181,217,0,12,207
E02006710,7867,544,433,955,1199,1986,654,334,442,57,395,235,263,0,64,306
E02006711,7847,503,365,901,1241,2307,667,318,369,39,324,238,277,2,30,266
E02006712,6929,359,288,894,1100,1939,633,264,387,42,283,186,248,0,37,269
E02006713,6155,550,544,673,638,1329,478,324,412,38,447,199,204,0,26,293
E02006714,5262,411,270,711,811,1409,432,194,247,30,231,154,145,0,19,198
E02006715,8223,450,622,726,1058,2340,645,356,578,46,592,237,247,0,21,305
E02006716,6425,419,483,445,561,1475,429,200,813,49,820,211,297,0,18,205
E02006717,5691,393,239,783,991,1433,525,214,272,24,237,143,206,3,19,209
E02006718,6131,633,460,871,815,1405,426,190,319,35,425,151,176,0,37,188
E02006719,7273,679,801,967,1201,1655,485,334,240,21,277,150,159,0,37,267
E02006720,6828,526,481,804,1014,1766,557,318,276,34,345,171,220,0,39,277
E02006721,5705,259,263,495,1043,1483,649,300,371,13,274,167,179,0,16,193
E02006722,5489,186,531,161,563,1258,419,350,536,52,646,191,309,0,10,277
E02006723,8282,340,703,354,888,2205,447,470,736,50,1059,251,471,0,13,295
E02006724,6878,291,578,193,456,1685,339,364,554,43,733,222,789,4,9,618
E02006725,5662,193,486,229,767,1275,534,256,495,53,619,214,325,0,2,214
E02006726,6411,246,499,361,643,1600,590,360,505,69,431,211,511,0,14,371
E02006727,6083,263,291,544,816,1605,724,278,388,33,413,145,315,0,2,266
E02006728,7060,439,456,603,960,2256,676,348,303,56,326,159,235,0,19,224
E02006729,7282,249,368,418,1036,2007,797,274,561,53,634,204,410,0,7,264
E02006730,6188,201,378,236,516,1560,491,258,640,57,855,244,368,0,2,382
E02006731,5829,356,468,443,635,1360,574,316,445,30,623,194,183,3,12,187
E02006732,7293,323,420,605,937,2280,749,370,455,47,422,192,280,0,4,209
E02006733,6052,301,396,495,813,1853,514,324,343,41,379,148,171,0,4,270
E02006734,8175,530,486,811,1113,2494,745,454,434,52,333,173,193,4,33,320
E02006735,5205,319,588,327,391,810,339,180,654,72,798,256,253,6,8,204
E02006736,6734,170,574,230,856,2439,417,548,507,37,462,119,163,0,0,212
E02006737,7803,433,655,486,898,1901,612,530,532,77,610,325,296,9,5,434
E02006738,8966,368,687,387,787,1812,626,358,999,103,1393,358,583,17,27,461
E02006739,5912,532,426,750,726,1320,472,188,264,28,225,88,157,505,20,211
E02006740,6979,466,1331,278,694,1182,257,760,343,18,435,203,221,132,9,650
E02006741,5639,97,296,222,698,2292,384,306,361,32,433,116,180,2,4,216
E02006742,8420,574,602,538,696,1713,508,396,613,57,908,247,365,710,16,477
E02006743,6560,293,407,330,617,1842,510,242,572,64,692,228,390,28,4,341
E02006744,7015,387,1104,315,567,1628,294,512,377,12,480,139,538,65,14,583
E02006745,7890,458,404,756,1040,2110,825,274,468,47,515,251,302,78,32,330
E02006746,7619,410,644,629,985,1953,504,496,437,22,536,240,310,15,14,424
E02006747,5851,233,435,382,738,2134,355,374,381,36,382,113,134,0,8,146
E02006748,6662,369,312,761,989,1808,609,338,393,38,313,194,290,0,34,214
E02006749,5384,269,302,277,609,1327,448,256,587,58,598,176,266,0,4,207
E02006750,5430,520,492,633,661,1126,426,296,341,48,380,197,184,0,6,120
E02006751,5927,449,365,566,696,1513,573,214,392,36,492,245,204,0,8,174
E02006752,6763,292,302,691,1003,2376,736,252,241,30,309,141,211,0,7,172
E02006753,6301,343,257,665,953,1993,636,244,331,47,286,139,152,2,20,233
E02006754,5475,220,233,602,898,1833,509,252,251,12,192,128,158,0,32,155
E02006755,5374,267,201,750,924,1618,577,180,177,30,111,131,218,5,16,169
E02006756,5366,202,242,440,714,1935,455,252,329,25,275,122,141,0,14,220
E02006757,6840,427,294,966,1102,1864,634,234,268,45,335,165,210,0,17,279
E02006758,5628,322,315,570,872,1631,484,204,358,27,339,154,188,0,14,150
E02006759,7065,650,500,880,908,1474,621,312,539,53,369,230,215,2,36,276
E02006760,7923,436,337,882,1213,2127,753,338,457,76,435,223,278,0,25,343
E02006761,5833,447,669,303,509,1208,303,428,393,42,545,168,294,4,5,515
E02006762,5713,320,322,619,755,1690,428,262,338,43,284,136,200,4,14,298
E02006763,6467,334,293,587,826,1904,591,304,455,54,354,149,306,0,20,290
E02006764,5415,247,332,298,586,1498,422,278,465,35,419,215,258,0,17,345
E02006765,5872,527,317,893,898,1394,480,250,296,43,248,178,140,0,22,186
E02006766,7506,434,309,980,1304,2369,540,268,302,27,295,218,215,0,12,233
E02006767,8848,670,521,1120,1256,2246,820,350,428,64,426,291,309,0,40,307
E02006768,6790,392,378,713,973,1694,748,252,524,68,422,215,198,0,20,193
E02006769,7171,387,506,621,873,1930,723,370,505,69,405,210,253,0,17,302
E02006770,7166,412,791,295,573,1437,446,450,693,57,935,212,475,2,14,374
E02006771,6576,448,429,758,1040,1584,602,248,357,42,374,209,233,0,25,227
E02006772,6445,516,407,705,811,1483,657,252,489,49,385,200,196,0,24,271
E02006773,8301,593,709,797,1063,1616,706,418,581,76,771,310,335,0,31,295
E02006774,7482,403,645,515,781,1603,526,528,686,39,786,293,291,6,32,348
E02006775,5164,285,362,256,396,963,429,164,677,71,701,177,397,0,18,268
E02006776,6579,253,482,482,988,1695,701,308,514,49,588,159,174,0,15,171
E02006777,7161,497,478,920,1188,1548,715,272,386,57,355,201,241,0,31,272
E02006778,6879,466,343,791,863,1866,614,250,432,59,516,205,228,0,6,240
E02006779,7622,471,690,669,999,2028,661,410,516,51,502,211,169,0,32,213
E02006780,5791,410,372,711,755,1168,572,208,427,61,462,232,171,0,23,219
E02003616,5675,268,235,538,934,1886,530,180,196,23,364,126,225,6,25,139
E02003617,8947,527,471,934,1212,2934,837,328,388,30,491,200,289,6,30,270
E02003618,8768,492,502,794,1018,2949,748,246,537,66,669,219,278,0,2,248
E02003619,10034,462,480,885,1483,3033,757,460,599,60,784,204,435,0,17,375
E02003620,8153,511,493,877,989,2262,838,222,383,64,602,265,351,0,16,280
E02003621,8072,497,294,972,1084,2314,1009,184,302,65,468,273,301,24,35,250
E02003622,9090,502,592,610,688,2374,682,282,670,88,1362,415,431,89,18,287
E02003623,8144,395,365,788,1100,2855,702,336,432,51,476,143,295,0,16,190
E02003624,6008,548,979,570,692,1522,275,286,223,15,223,117,211,104,8,235
E02003625,8248,755,1266,418,726,1754,284,484,281,33,503,238,354,412,30,710
E02003626,5395,233,411,305,539,1634,402,276,340,26,543,174,216,107,19,170
E02003627,9069,515,1279,273,759,2077,357,642,402,15,638,276,668,301,15,852
E02003628,8552,248,403,237,411,2718,525,192,341,21,821,240,1541,58,10,786
E02003629,9468,497,793,388,648,2419,553,438,586,74,1312,421,711,14,17,597
E02003630,9681,311,762,302,512,2434,634,304,634,49,1092,394,1242,71,30,910
E02003631,5475,203,412,303,581,1379,495,196,333,36,604,211,467,4,4,247
E02003632,6061,278,463,331,608,1573,549,244,438,57,604,238,419,0,6,253
E02003633,7794,343,415,466,686,2279,898,220,588,62,807,268,423,8,15,316
E02003634,9499,369,487,541,1191,2856,713,496,738,58,851,249,620,0,20,310
E02003635,5346,281,259,470,612,1791,540,152,299,36,387,152,200,0,15,152
E02003599,5601,231,312,270,730,1827,432,274,545,29,432,148,200,0,2,169
E02003600,6056,309,439,412,808,1675,554,356,477,59,409,144,201,0,5,208
E02003601,7199,359,427,545,1069,2244,707,378,422,47,356,200,230,0,16,199
E02003602,5946,311,275,609,949,1782,534,238,283,44,304,152,242,0,26,197
E02003603,9611,478,865,561,1107,2690,740,576,848,40,719,273,293,0,17,404
E02003604,6940,303,331,524,780,2277,660,264,504,57,556,228,245,5,22,184
E02003605,8312,459,468,676,1102,2571,650,306,416,56,320,166,485,226,12,399
E02003606,7583,388,315,697,1045,2511,703,308,449,62,334,193,293,14,29,242
E02003607,8487,449,488,532,1050,2714,760,422,534,72,580,233,279,38,9,327
E02003608,10928,505,706,748,1510,3298,948,580,776,108,761,314,289,2,32,351
E02003609,10017,489,634,631,1217,3508,724,524,731,55,656,226,350,3,16,253
E02003610,7175,426,406,634,796,2566,552,264,421,42,401,191,231,12,8,225
E02003611,8480,382,496,631,1215,3055,829,344,416,38,446,159,264,0,10,195
E02003612,9632,380,565,614,1280,3217,755,592,729,72,577,212,306,2,24,307
E02003613,5861,272,380,412,634,1940,496,260,413,64,452,185,160,6,3,184
E02003614,7373,238,493,403,979,2360,845,394,459,62,458,218,192,3,2,267
E02003615,8788,377,327,767,1287,2974,956,306,479,80,414,202,301,52,12,254
E02003636,7312,315,415,575,775,2373,678,344,573,63,560,194,301,0,12,134
E02003637,9389,513,456,794,1310,2950,920,414,459,97,560,265,328,0,19,304
E02003638,7501,291,350,670,1068,2265,892,260,434,61,562,184,227,0,13,224
E02003639,8645,622,855,443,867,1970,601,494,688,106,924,319,331,4,14,407
E02003640,6010,304,474,480,850,1617,610,370,352,38,368,174,137,0,18,218
E02003641,5474,184,355,358,764,1957,588,234,278,24,274,163,131,0,2,162
E02003642,8796,287,545,265,707,2343,677,316,857,67,1392,372,620,3,3,342
E02003643,9839,270,605,504,1128,3215,695,666,1001,44,781,242,294,0,12,382
E02003644,8487,377,619,431,905,2144,745,396,658,84,1057,273,451,4,16,327
E02003645,6746,336,304,614,700,2096,770,216,435,33,413,186,366,0,20,257
E02003646,8865,455,485,519,909,2295,885,312,826,106,940,360,398,0,46,329
E02003647,8574,493,927,547,827,2214,585,456,612,74,884,252,271,6,14,412
E02003648,5193,328,352,293,435,1198,410,156,549,55,767,188,245,7,9,201
E02003649,6875,301,398,650,742,2063,843,236,403,46,446,209,266,0,11,261
E02003650,6760,397,350,762,1104,1724,676,304,282,55,346,213,266,2,34,245
E02003651,5926,392,330,578,822,1548,650,280,318,30,336,214,197,0,20,211
E02003258,8486,351,573,645,1081,2597,958,370,452,30,391,212,487,2,15,322
E02003259,6431,230,378,519,547,1758,706,212,485,32,709,235,339,18,21,242
E02003260,8392,263,701,228,480,2045,461,200,641,59,1495,388,1029,26,4,372
E02003261,6039,393,387,619,592,1634,570,152,287,31,434,222,457,0,14,247
E02003262,9812,488,712,538,811,2555,687,306,532,65,1257,432,971,10,24,424
E02003263,11760,490,691,760,838,3625,1039,330,624,80,1069,377,1185,40,33,579
E02003264,9326,308,302,610,830,3360,950,228,413,25,583,247,1035,7,26,402
E02003265,8233,441,512,632,868,2197,883,342,601,66,623,321,368,31,9,339
E02003266,9268,452,660,356,538,2619,588,250,583,70,1310,480,935,4,20,403
E02003267,13253,267,368,268,490,5199,834,112,326,43,798,278,3083,139,21,1027
E02003268,10907,282,541,402,570,3968,690,202,412,55,949,342,1653,34,4,803
E02003269,9985,484,729,670,830,2809,826,388,605,79,703,297,681,187,34,663
E02003270,8000,451,463,673,635,2218,693,202,341,66,518,307,802,12,16,603
E02003271,9775,297,713,356,1156,3028,896,514,675,74,804,283,518,16,8,437
E02003272,10490,142,281,142,280,3714,680,72,133,26,638,231,3091,81,3,976
E02003273,10286,354,542,387,781,2788,931,300,658,95,1081,506,1019,50,27,767
E02003274,10849,195,599,137,345,3687,335,120,302,21,769,186,2635,306,11,1201
E02003275,11733,606,1882,282,722,1718,281,746,651,27,937,276,972,850,28,1755
E02003276,8445,184,434,146,358,2938,343,118,237,20,616,151,1660,228,12,1000
E02003277,10190,458,612,299,569,2722,667,264,605,88,1277,476,1130,228,31,764
E02003278,11541,391,1392,271,729,2115,490,710,719,46,947,258,872,1009,28,1564
E02003237,6216,333,337,620,968,1872,658,196,337,47,370,112,211,0,8,147
E02003238,5927,222,480,214,588,1727,513,304,503,53,639,214,225,4,13,228
E02003239,7898,354,441,722,1242,2188,809,346,537,69,402,195,360,0,17,216
E02003240,6629,314,425,545,1054,2509,375,288,310,21,316,113,188,0,9,162
E02003241,6138,326,357,491,825,1769,561,300,429,51,509,102,227,4,23,164
E02003242,7925,591,526,885,995,1745,687,338,555,66,554,244,359,0,11,369
E02003243,9741,463,912,358,703,1952,519,384,1090,62,1548,413,853,0,9,475
E02003244,8826,640,594,570,615,2022,575,308,686,82,958,366,802,0,22,586
E02003245,7658,256,586,212,480,1824,406,240,728,53,1193,328,786,0,7,559
E02003246,9097,283,621,310,526,2555,338,278,535,66,710,278,1614,5,10,968
E02003247,7862,360,671,392,812,1725,530,270,651,80,1065,273,570,3,8,452
E02003248,10337,380,482,368,653,3359,460,242,371,34,562,253,2131,23,17,1002
E02003249,10563,519,880,508,914,2494,492,520,745,51,1184,345,1106,7,25,773
E02003250,10022,471,939,257,523,2347,281,460,393,35,593,228,1876,44,19,1556
E02003251,7118,405,321,947,1075,2034,688,226,205,32,266,162,546,0,18,193
E02003252,10250,393,949,379,855,2853,446,528,607,41,806,283,993,8,7,1102
E02003253,8392,423,944,468,826,1737,458,546,759,43,737,260,405,0,11,775
E02003254,8646,417,525,836,1336,2446,888,494,453,49,374,223,280,7,8,310
E02003255,8807,521,521,784,990,2256,820,444,711,108,652,295,378,0,8,319
E02003257,8626,365,790,268,684,1904,514,356,818,52,1246,316,751,10,6,546
E02006877,7901,334,539,476,903,2291,445,432,651,37,826,169,369,0,15,414
E02006878,9052,115,672,132,654,3186,299,622,923,51,1173,141,553,7,2,522
E02003279,9364,649,444,1090,1068,2558,1034,302,557,97,526,360,332,0,43,304
E02003280,9726,683,598,830,1096,2290,935,398,810,94,746,385,425,0,70,366
E02003281,9219,817,548,1185,1087,2318,808,364,555,80,521,372,230,0,34,300
E02003282,9971,650,701,871,1035,2725,828,382,698,77,673,348,506,0,43,434
E02003283,10475,631,610,802,948,2804,915,412,941,84,796,404,548,8,60,512
E02003284,11213,556,843,580,927,2869,840,520,1123,98,1144,493,603,9,37,571
E02003285,10847,370,987,283,663,2981,685,740,1005,97,1111,416,769,0,27,713
E02003286,9154,588,496,868,1076,3318,718,454,452,66,392,206,251,2,25,242
E02003287,9710,648,537,1043,1011,2593,700,310,718,92,953,326,407,0,50,322
E02003288,11004,659,1382,373,695,2229,460,604,1038,73,1361,473,740,32,47,838
E02003289,10083,603,1146,479,851,2811,562,796,866,56,697,249,369,0,35,563
E02003290,10045,690,1287,705,991,2449,491,710,527,47,416,225,576,17,48,866
E02003291,11159,566,893,603,1131,2683,851,606,1030,87,1268,462,556,0,43,380
E02003292,11130,584,1542,281,767,2066,517,766,1195,99,1368,387,628,55,27,848
E02003293,11063,809,1641,597,890,1776,345,864,781,41,795,328,638,83,34,1441
E02003294,9215,713,426,1173,1059,2631,776,316,497,47,388,271,445,0,44,429
E02003295,10280,496,481,814,1016,3072,948,280,829,99,962,425,524,0,35,299
E02003296,7040,311,220,638,956,2062,1061,220,420,94,344,173,270,27,16,228
E02003297,7213,469,289,625,713,1787,890,164,587,86,648,313,331,78,14,219
E02003298,7060,411,297,594,826,1878,861,218,625,57,510,280,269,0,25,209
E02003299,6115,220,270,572,788,2002,624,294,388,45,270,145,266,0,10,221
E02003300,7658,319,477,493,869,1982,926,410,665,65,529,277,379,16,22,229
E02003301,9486,472,634,463,849,2675,750,384,822,112,800,354,641,4,22,504
E02003302,9974,407,983,305,706,2781,695,368,1060,116,1110,316,613,0,22,492
E02003303,7736,435,507,428,668,2094,727,284,710,102,614,297,525,2,16,327
E02003304,9314,647,300,659,863,2782,1076,194,725,133,628,276,629,0,23,379
E02003305,5770,343,220,550,674,1588,754,130,450,34,327,177,291,0,28,204
E02003307,9865,612,526,774,836,2332,1020,238,983,132,995,403,575,0,13,426
E02003308,6364,150,387,269,693,1855,687,306,544,48,556,213,407,2,11,236
E02003309,7425,424,398,470,811,2276,854,272,543,70,359,193,349,7,17,382
E02003310,11654,227,1188,192,942,2886,594,802,1254,62,1424,326,860,12,12,873
E02003311,8435,317,699,318,724,2399,499,500,667,75,608,221,663,2,10,733
E02003312,8086,164,942,148,576,2064,272,546,788,51,1039,239,581,2,4,670
E02003313,13055,472,845,397,891,3197,1167,408,1541,180,1824,503,921,8,33,668
E02006859,7384,29,468,75,645,3175,261,568,662,17,485,76,552,2,0,369
E02006926,8071,95,461,154,658,3449,564,428,719,48,399,121,651,0,2,322
E02003719,9142,393,1006,424,726,1958,559,560,626,61,811,323,511,121,31,1032
E02003720,9070,477,942,526,746,1928,541,446,579,50,529,307,491,263,28,1217
E02003721,9405,454,960,499,889,2031,459,608,621,66,653,285,590,141,39,1110
E02003722,8629,431,1018,515,919,2253,429,604,296,32,220,117,320,261,19,1195
E02003723,9785,1344,1526,1355,1555,2218,194,284,175,16,90,119,165,236,6,502
E02003724,9907,385,903,343,847,2070,510,546,874,54,842,319,611,203,3,1397
E02003725,15017,2058,2310,1994,2386,3386,238,504,290,12,208,141,256,383,21,830
E02003726,8333,441,1101,309,803,1700,195,684,420,18,292,107,209,583,4,1467
E02003727,9252,323,871,225,749,1749,325,842,505,38,303,153,415,782,26,1946
E02003728,9386,572,881,478,723,2290,510,534,495,32,374,171,505,543,16,1262
E02003729,8780,498,575,564,886,2482,656,326,469,62,584,282,562,50,12,772
E02003730,8034,557,1041,575,873,2038,294,454,333,31,355,178,359,184,16,746
E02003731,9127,587,819,835,941,2833,583,246,365,27,310,197,525,132,17,710
E02003732,8738,481,516,630,1082,2416,671,522,843,76,578,181,369,0,22,351
E02003733,8376,375,404,670,1290,2551,694,448,615,71,405,207,311,2,19,314
E02003734,11773,614,741,957,1371,3930,728,704,777,106,642,247,459,2,19,476
E02003735,8483,508,700,686,1186,2688,455,576,443,53,364,167,300,0,23,334
E02003736,9900,464,471,852,1498,3318,809,446,648,73,439,202,342,0,23,315
E02003737,11699,501,702,690,1452,3480,1074,772,1018,111,590,255,527,0,23,504
E02003738,6146,290,347,522,832,2043,560,280,380,42,268,128,210,0,17,227
E02003739,6309,367,366,546,774,2174,496,266,421,31,308,114,225,0,24,197
E02003740,6039,327,315,616,796,1857,520,254,400,33,239,149,248,0,17,268
E02006825,6355,356,363,572,956,2027,539,322,311,42,263,132,209,0,48,215
E02003742,6305,415,324,814,1070,1253,500,302,446,52,369,130,275,0,17,338
E02003743,10173,522,658,717,1007,2109,625,414,1029,136,929,343,933,0,22,729
E02003744,12668,951,980,975,1331,2717,955,572,984,115,943,362,761,0,36,986
E02003745,9690,519,515,948,1482,2346,800,518,693,76,635,218,480,0,40,420
E02003746,7835,507,494,840,968,1954,543,316,680,70,566,176,334,0,30,357
E02003747,11197,727,729,1064,1572,2707,1023,430,778,79,954,311,431,0,37,355
E02003748,7430,622,528,838,934,1430,533,352,582,63,678,237,345,2,21,265
E02003749,5998,259,329,446,984,1632,482,320,467,66,398,128,260,0,11,216
E02003750,7033,592,432,842,942,1673,537,300,462,53,443,164,261,0,37,295
E02003751,6480,368,288,618,1074,1807,508,344,389,51,373,125,275,0,17,243
E02003752,10453,611,751,889,1347,2773,710,566,801,68,828,264,443,0,42,360
E02003753,11041,409,619,720,1448,3455,998,580,793,93,764,284,433,2,17,426
E02003754,5758,230,320,481,931,1783,518,218,371,37,358,149,169,3,20,170
E02003755,8479,459,526,654,1036,2349,801,442,627,78,491,265,367,0,27,357
E02003756,6536,311,362,534,896,2021,629,288,407,50,400,177,198,0,18,245
E02003757,6354,283,311,533,949,1999,582,250,411,49,353,160,210,0,14,250
E02003758,9375,354,560,649,1401,3066,730,502,673,41,536,188,310,2,25,338
E02003759,6126,251,250,511,959,2149,654,250,300,36,224,102,244,0,6,190
E02003760,8377,291,475,302,542,2046,547,262,939,70,972,303,822,8,12,786
E02003761,5957,289,338,580,842,1640,504,226,367,46,334,134,330,0,9,318
E02003762,8571,520,486,906,1280,2884,605,322,449,44,344,237,237,0,34,223
E02003763,9869,313,684,653,1301,2882,812,576,715,78,686,276,365,0,10,518
E02003764,9398,272,907,349,995,3051,498,730,797,28,647,198,416,0,11,499
E02003765,6515,527,510,588,720,1660,414,410,362,26,357,163,291,0,40,447
E02003766,6711,369,537,430,740,2182,490,406,474,32,325,151,224,0,16,335
E02003767,6528,274,295,591,1069,2501,518,270,255,12,263,120,204,0,6,150
E02003768,9278,503,490,1073,1431,2820,828,444,437,49,412,159,263,0,34,335
E02003769,7433,574,562,903,1193,2240,487,268,322,59,313,126,175,20,11,180
E02003770,7934,269,419,615,1222,2473,627,512,672,42,486,166,229,2,11,189
E02003771,6272,460,514,528,671,1708,391,342,509,35,374,204,233,0,25,278
E02003772,6815,294,424,648,1052,2195,650,332,340,39,307,116,147,0,12,259
E02003773,10477,393,777,593,1195,2826,666,700,1052,97,861,356,412,8,27,514
E02003774,5704,296,437,454,722,1370,470,282,475,38,466,183,216,0,7,288
E02003775,6877,301,329,496,942,2531,533,320,433,80,291,142,193,8,14,264
E02003776,6543,374,350,532,835,2248,520,286,399,60,331,131,188,0,15,274
E02003777,6647,242,390,463,952,2257,527,376,418,22,348,143,236,0,23,250
E02003778,6014,338,447,511,871,2129,422,284,305,53,210,108,145,9,12,170
E02003779,5048,223,319,363,775,1482,481,298,298,32,229,112,202,0,21,213
E02003780,10600,562,607,713,1149,3302,711,518,667,110,651,215,441,30,17,907
E02003781,6361,240,458,434,788,2092,433,406,368,39,272,160,265,2,14,390
E02003783,7065,553,425,792,854,2294,438,316,345,32,231,116,199,43,13,414
E02003784,8643,320,415,724,1160,3292,693,322,459,48,441,169,327,2,29,242
E02003785,8695,444,612,692,1078,2938,588,468,395,50,410,204,389,2,17,408
E02003786,6104,441,365,703,791,1973,450,254,284,12,279,153,139,4,16,240
E02003787,7229,396,314,698,1182,2171,577,322,440,53,338,198,261,0,22,257
E02003788,6359,343,257,682,854,2265,519,238,291,34,233,152,212,3,30,246
E02003789,7145,413,364,609,935,1929,808,344,445,53,367,287,228,7,22,334
E02003790,9528,501,418,874,1360,3233,750,444,582,50,408,259,321,7,24,297
E02003791,7816,391,422,642,1078,2754,668,336,474,45,308,195,202,4,18,279
E02003792,9367,547,495,867,1321,3102,804,344,469,65,420,236,342,3,20,332
E02003793,7492,333,373,594,1070,2636,651,286,485,30,398,192,220,0,8,216
E02006873,7185,93,434,124,660,3398,148,428,634,18,571,69,317,2,2,287
E02006874,8037,268,467,513,1149,3189,517,386,449,42,325,175,316,0,21,220
E02004424,7133,270,270,660,908,2828,884,220,272,41,279,180,147,0,21,153
E02004425,7347,454,548,523,933,2432,643,338,353,37,473,250,139,0,29,195
E02004426,7815,480,446,702,814,2724,776,356,387,45,403,244,185,2,22,229
E02004427,7562,637,384,890,904,2416,767,276,293,24,319,251,174,2,22,203
E02004428,6176,458,446,661,669,1665,551,286,386,55,407,200,152,0,22,218
E02004429,7513,507,312,873,972,2042,996,256,385,66,286,245,313,0,11,249
E02004430,8062,335,409,584,990,2971,823,350,488,54,431,178,221,0,8,220
E02004431,9071,370,743,400,948,2917,703,600,774,51,661,269,374,0,12,249
E02004432,6892,305,311,630,769,1898,759,210,343,49,270,163,876,0,12,297
E02004433,8611,411,810,515,927,2265,609,480,681,37,855,293,350,2,17,359
E02004434,8385,339,746,342,888,2103,837,430,697,72,874,297,411,0,13,336
E02004435,8036,459,526,528,728,1953,734,276,802,44,860,336,453,0,23,314
E02004436,7700,356,655,280,632,1537,597,194,910,71,1196,401,445,0,15,411
E02004437,7863,565,753,498,896,1675,755,326,575,55,763,287,362,0,21,332
E02004438,8621,595,839,581,703,2025,628,316,712,57,961,341,435,4,35,389
E02004439,8779,300,684,300,570,1970,526,304,985,83,1772,307,528,0,19,431
E02004440,7880,460,568,580,674,1958,639,264,619,70,824,381,467,0,28,348
E02004441,7455,456,613,420,765,1546,741,234,649,62,837,369,407,0,16,340
E02004442,8187,400,680,330,532,1745,507,284,955,90,1469,367,475,0,14,339
E02004443,8171,441,533,739,797,2109,775,252,564,57,672,273,436,4,35,484
E02004444,9064,249,634,514,1150,3094,882,492,628,49,512,243,294,2,24,297
E02004445,8174,387,807,449,811,1666,679,416,759,87,970,337,400,0,14,392
E02004446,6878,287,291,602,1082,2212,668,266,384,25,367,177,260,2,18,237
E02004447,5839,305,290,670,1030,1664,485,276,282,45,281,130,171,0,17,193
E02004448,6349,373,373,626,928,1678,578,284,420,46,453,140,206,0,9,235
E02004449,8483,558,823,560,986,2054,512,482,814,50,824,285,267,0,23,245
E02004450,6030,337,313,627,957,1723,656,240,291,65,292,133,195,0,10,191
E02004451,8664,520,481,825,1211,2850,625,326,538,72,521,207,222,0,17,249
E02004452,9291,426,503,687,1199,2996,990,424,645,79,514,221,313,0,7,287
E02004453,7091,388,517,428,666,1625,559,282,789,79,875,321,260,0,23,279
E02004454,8921,568,1049,545,957,1953,566,626,736,40,675,236,205,2,26,737
E02004455,7634,229,298,572,1020,2936,769,234,421,66,496,177,228,4,17,167
E02004456,8913,412,769,511,907,2321,662,462,810,69,882,345,366,7,12,378
E02004457,10331,428,543,606,1180,3148,841,474,977,77,1008,333,332,9,15,360
E02004458,9519,306,412,612,1042,3859,804,358,621,47,712,180,255,10,16,285
E02004459,10349,658,587,846,1366,3540,890,438,495,58,586,286,259,0,24,316
E02004460,8855,454,554,628,1146,2367,817,368,679,58,752,343,330,5,10,344
E02004461,5820,192,351,214,562,1564,457,230,711,38,719,228,257,0,7,290
E02004462,10135,712,1071,672,1086,2468,705,676,769,57,770,320,289,3,22,515
E02004463,7982,420,406,739,1085,2380,798,340,499,45,447,240,237,0,21,325
E02004464,9765,479,318,1038,1202,3269,1188,268,507,80,466,238,430,0,23,259
E02004465,5966,432,354,733,653,1858,619,206,249,40,300,198,122,0,18,184
E02004466,8084,523,426,695,620,2472,911,260,549,84,695,292,248,2,20,287
E02004467,7574,440,513,497,711,2085,757,306,498,56,762,286,316,0,25,322
E02004468,10452,567,414,1268,1125,4223,1119,234,329,43,293,253,221,2,26,335
E02004469,6862,366,296,608,778,2294,681,258,315,56,299,200,346,0,34,331
E02004470,10667,680,1498,429,969,2759,578,966,665,43,812,266,290,6,17,689
E02004471,8045,532,644,563,743,2350,716,334,492,99,633,281,330,0,29,299
E02004472,6186,332,371,551,733,1987,734,278,302,57,238,212,201,0,7,183
E02004473,7674,367,307,786,872,2088,1003,282,566,59,518,279,279,0,23,245
E02004474,7129,513,359,872,867,1858,818,266,420,47,378,245,241,5,8,232
E02004475,6533,341,230,706,834,2017,831,170,388,51,292,178,280,0,19,196
E02004476,8002,400,250,895,1061,2403,987,240,523,68,384,230,287,6,21,247
E02004477,5949,444,231,930,884,1537,601,168,212,41,296,198,157,0,14,236
E02004478,6605,555,426,572,678,1702,655,272,375,32,514,222,265,10,38,289
E02004479,7949,495,390,792,1014,2243,968,334,491,49,433,221,242,0,17,260
E02004480,7112,264,310,425,848,2016,989,216,564,92,502,240,384,0,23,239
E02004481,6735,689,419,996,878,1305,613,262,396,44,382,213,307,0,30,201
E02004482,8394,393,376,414,710,1996,986,202,782,120,1176,434,507,0,8,290
E02004483,8166,504,502,814,1072,1786,1181,284,505,137,379,267,389,0,22,324
E02004484,7763,526,496,715,953,1758,817,326,522,81,522,270,436,2,47,292
E02004485,7006,328,309,591,991,2350,657,284,471,30,364,198,209,0,16,208
E02004486,8197,426,472,836,1151,2680,733,328,332,68,323,230,213,32,31,342
E02004487,7077,417,407,538,841,1914,717,258,462,59,681,262,254,18,25,224
E02004488,8254,380,569,621,1057,2620,919,330,474,62,508,270,176,6,8,254
E02004489,9209,307,507,644,1082,3387,781,392,651,37,659,192,287,0,14,269
E02004490,7716,510,642,383,516,1768,493,274,692,73,1233,367,332,9,12,412
E02004491,7370,294,424,638,836,2581,733,356,337,51,416,198,221,4,14,267
E02004492,9290,328,841,360,950,3102,672,684,731,71,646,249,259,9,11,377
E02004493,10127,435,850,534,964,2789,637,698,757,55,709,364,461,68,26,780
E02004494,9565,651,1698,454,904,1642,350,1208,557,25,429,179,204,196,24,1044
E02004495,8186,608,447,1122,1041,2154,892,290,405,44,398,254,212,16,43,260
E02004496,7403,336,391,651,739,2743,643,352,466,48,311,201,221,4,17,280
E02004497,7848,500,423,983,1043,2439,770,296,392,47,303,188,180,4,23,257
E02004498,9720,519,787,714,940,2688,658,498,651,75,1006,374,325,0,29,456
E02004499,6927,257,322,538,760,2338,856,252,434,83,430,261,169,4,11,212
E02004500,9147,400,406,964,1268,3008,967,250,473,34,505,252,293,5,18,304
E02004501,7243,385,385,726,910,2129,853,234,425,49,493,206,220,0,14,214
E02004502,6551,417,363,779,909,2056,693,240,256,24,262,123,208,0,30,191
E02004503,8087,336,452,516,1086,2561,960,320,513,34,516,243,291,12,6,241
E02004504,8366,284,626,305,984,2897,1054,388,515,76,608,264,127,0,5,233
E02004505,5021,333,243,627,697,1364,601,156,200,41,180,158,202,0,18,201
E02004506,6798,331,300,678,972,2265,661,278,344,44,270,152,232,6,12,253
E02004507,9987,266,1012,322,1012,3385,459,648,863,50,1086,215,330,9,17,313
E02004508,6551,322,277,632,944,2147,611,234,419,53,325,187,193,0,21,186
E02004509,10565,334,928,467,1155,3363,520,876,719,37,792,219,407,43,7,698
E02004512,9996,626,1550,513,943,1703,470,832,598,67,844,269,435,163,19,964
E02004513,10991,568,1100,517,803,1925,481,380,711,52,1378,428,384,1653,6,605
E02004514,5549,351,346,633,595,1704,420,182,325,26,376,196,187,2,18,188
E02004515,7161,315,389,624,1104,2404,744,306,356,48,300,187,177,0,28,179
E02004516,10682,656,1576,536,1020,2093,299,782,921,44,1095,288,303,328,13,728
E02004517,8283,507,575,751,967,2406,736,356,587,71,590,236,214,3,28,256
E02004518,6208,265,501,355,663,2163,355,276,443,35,464,137,172,23,20,336
E02004519,7396,527,290,941,907,2191,778,216,363,58,463,186,213,14,22,227
E02004520,8360,287,463,263,737,3471,505,274,537,26,865,262,368,17,12,273
E02004521,8814,486,860,488,956,2118,607,486,774,77,857,314,271,102,25,393
E02004522,10025,869,1045,1114,1456,2404,581,384,442,62,491,187,200,391,14,385
E02004523,9014,422,682,471,971,2321,747,456,794,75,994,325,338,11,26,381
E02004524,8247,343,324,826,1318,2757,818,284,439,58,363,253,228,0,30,206
E02004525,7583,523,399,857,1091,1927,883,274,410,44,459,260,168,0,34,254
E02004526,7183,658,361,1103,1106,1716,640,212,340,36,345,205,210,3,29,219
E02006922,13681,741,889,1305,1709,3423,1319,548,905,145,1126,362,433,175,34,567
E02004527,8629,484,598,702,1046,2451,910,484,576,61,516,223,286,0,26,266
E02004528,8037,442,320,853,1065,2248,1025,232,458,78,339,230,411,0,26,310
E02004529,6615,291,285,613,869,1977,752,208,376,62,317,170,383,0,14,298
E02004530,6251,407,312,614,690,1710,682,224,453,57,494,193,199,4,26,186
E02004531,6238,448,344,495,755,1684,625,262,423,54,481,246,213,0,18,190
E02004532,6192,420,484,558,770,1726,498,412,309,44,347,231,158,3,13,219
E02004533,7156,485,562,455,709,1741,795,214,570,88,640,336,338,2,17,204
E02004534,8758,386,757,458,814,2369,689,424,792,85,899,359,363,4,19,340
E02004535,5235,453,626,417,621,1144,371,274,315,56,297,157,227,0,18,259
E02004536,6075,409,370,558,720,1922,642,218,294,45,316,203,190,0,24,164
E02004537,8550,594,822,374,564,2103,704,360,688,57,942,439,304,138,38,423
E02004538,8971,403,497,706,820,2949,970,360,545,64,553,223,344,71,14,452
E02004539,7612,416,522,478,606,2136,708,286,591,86,720,339,279,84,32,329
E02004540,5973,311,378,397,591,1959,574,256,319,39,426,212,219,0,27,265
E02004541,11380,713,943,835,1153,3500,969,512,635,77,776,367,433,2,26,439
E02004542,6367,270,288,560,646,1963,928,152,155,43,327,154,524,3,19,335
E02004543,6620,289,389,448,496,1772,704,130,376,35,665,252,703,8,9,344
E02004544,6968,469,458,503,803,1821,590,378,470,31,604,228,229,0,18,366
E02004545,7184,444,522,440,594,1654,485,254,623,56,934,360,378,6,18,416
E02004546,7423,510,645,479,511,1716,590,302,582,95,809,318,388,18,11,449
E02004547,7957,373,706,472,662,1866,632,376,746,59,827,298,371,2,17,550
E02004548,8895,187,627,342,970,3442,443,494,890,46,767,191,272,4,12,208
E02004549,7694,467,565,594,630,1897,655,256,683,74,904,359,288,0,10,312
E02004550,7662,506,679,521,613,1828,602,284,627,48,809,288,347,53,18,439
E02004551,7206,506,560,494,699,1684,573,290,603,63,860,305,260,0,21,288
E02004552,6455,319,528,403,851,1750,743,226,392,59,470,191,304,0,10,209
E02004553,7270,303,490,465,613,1633,622,258,778,79,994,313,296,0,34,392
E02004554,7230,290,613,373,727,1768,676,300,592,57,810,261,404,2,7,350
E02004555,6042,337,343,562,1003,1788,522,284,322,69,247,121,249,0,17,178
E02004556,7160,345,262,897,1137,2329,716,242,317,48,246,190,169,0,38,224
E02004557,8175,384,581,509,1025,2521,731,436,659,73,504,268,200,0,24,260
E02004558,6428,672,563,612,674,1384,436,312,463,30,510,246,189,3,23,311
E02004559,7792,400,359,724,974,2548,805,270,493,50,510,230,190,0,21,218
E02004560,8332,405,491,732,1149,2357,762,350,608,93,428,239,369,3,8,338
E02004561,10029,440,391,921,1517,3165,1144,338,531,80,394,249,392,0,24,443
E02004562,7671,588,585,846,1086,1949,704,342,537,35,399,182,164,3,24,227
E02004563,6527,455,250,886,950,1561,815,256,258,25,273,183,300,0,31,284
E02004564,7969,419,262,774,1014,2534,921,240,538,97,331,274,278,0,10,277
E02004565,14876,810,519,1680,1756,4848,1862,434,811,112,558,436,508,0,27,515
E02004566,5725,361,371,340,581,1309,440,248,612,48,689,187,306,0,21,212
E02004567,8151,448,301,978,1072,2758,950,230,370,41,275,186,265,0,13,264
E02004568,8543,344,461,459,959,2979,724,498,630,102,476,225,329,5,18,334
E02004569,7300,455,511,594,819,1888,655,402,573,71,459,214,280,0,31,348
E02004570,8683,678,338,862,956,2618,968,306,482,60,431,259,311,2,45,367
E02004571,7899,426,237,903,993,2397,1058,196,449,84,308,261,277,0,28,282
E02004572,7614,379,323,515,977,2322,827,288,534,84,491,225,338,0,28,283
E02004573,6072,482,763,376,576,1127,401,282,570,29,706,221,254,4,6,275
E02004574,7312,509,430,644,806,1779,625,266,670,58,821,249,241,0,22,192
E02004575,11138,726,776,1062,1564,2843,1079,526,669,59,678,262,459,2,43,390
E02004576,8831,556,398,1061,1317,2268,928,282,566,85,623,244,241,0,27,235
E02004577,5203,271,248,542,752,1530,556,170,265,36,240,148,219,0,16,210
E02004578,7149,900,513,1097,1019,1218,365,226,394,39,530,195,315,0,78,260
E02004579,6890,488,396,846,1038,1694,633,242,311,50,390,203,319,0,44,236
E02004580,11696,1364,540,2246,1624,2269,919,310,508,89,707,284,411,0,86,339
E02004581,7410,465,349,944,1170,2067,684,260,364,45,341,235,222,0,41,223
E02004582,6689,704,336,1111,993,1099,556,202,327,85,559,239,238,0,42,198
E02004583,8299,655,603,911,999,1998,648,316,520,81,665,240,360,0,22,281
E02004584,6441,816,278,1442,1083,945,507,186,223,38,336,158,142,0,72,215
E02004585,7652,572,431,900,860,1697,710,212,649,51,706,273,329,0,29,233
E02004586,8145,749,627,1010,844,1652,515,270,568,63,955,221,314,0,44,313
E02004587,7744,557,520,694,690,1521,539,242,763,59,1287,290,350,0,33,199
E02004588,6475,722,956,480,456,1014,299,266,484,52,709,230,451,2,38,316
E02004589,7402,589,479,786,726,1562,595,220,525,82,834,287,343,0,64,310
E02004590,7500,872,793,1078,1076,976,532,282,446,42,544,283,236,0,66,274
E02004591,6847,330,329,603,890,2586,534,224,414,61,243,179,229,8,16,201
E02004592,12102,862,802,854,1326,3500,943,604,881,53,831,423,395,0,26,602
E02004593,8132,348,294,770,1172,3052,698,266,420,68,313,178,277,0,19,257
E02004594,7819,406,339,690,1062,2906,605,276,419,43,388,186,241,0,19,239
E02004595,11911,458,567,914,1644,4003,1197,626,717,91,540,269,391,0,13,481
E02004596,7662,257,376,541,909,2307,630,408,703,69,472,177,377,0,10,426
E02004597,7267,417,542,495,781,2420,548,354,506,32,512,180,212,0,32,236
E02004598,10349,491,421,921,1347,3646,785,374,671,57,453,195,576,0,25,387
E02004599,7354,344,256,618,836,2705,680,268,397,33,288,168,343,6,24,388
E02004843,7181,252,231,654,726,2211,954,216,539,61,490,249,332,5,12,249
E02004844,7187,275,389,420,542,2218,695,280,586,62,687,277,422,0,32,302
E02004845,7240,545,745,560,686,1734,520,396,634,81,524,261,199,0,14,341
E02004846,6238,316,223,673,703,2326,825,142,257,52,178,111,215,0,13,204
E02004847,9763,397,779,531,849,2602,842,496,870,69,1260,361,379,0,14,314
E02004848,7192,270,267,492,648,2226,856,172,535,50,753,279,390,4,8,242
E02004849,6836,225,222,536,642,2451,949,176,381,58,314,194,390,4,17,277
E02004850,7446,434,438,534,660,2073,779,270,619,71,665,286,367,3,7,240
E02004851,5800,267,387,372,556,1540,652,162,540,77,426,251,314,0,10,246
E02004852,7646,447,465,616,606,2148,820,292,564,60,619,299,324,0,21,365
E02004853,6336,415,323,490,476,1812,696,216,404,63,610,313,284,0,39,195
E02004854,7337,454,366,678,640,1945,761,256,450,100,623,274,406,0,27,357
E02004855,7407,373,715,272,496,1646,579,316,557,63,1089,319,529,6,28,419
E02004856,5413,263,388,388,670,1774,490,344,248,18,323,175,147,0,11,174
E02004857,5663,347,477,407,726,1894,435,258,323,20,311,157,154,0,12,142
E02004858,5078,268,328,339,509,1695,431,218,334,40,356,165,198,22,11,164
E02004859,5195,241,299,541,701,1986,442,206,222,36,181,105,86,2,16,131
E02004860,5765,104,679,158,686,1608,463,382,386,41,595,176,226,2,4,255
E02004861,5484,425,310,705,695,1874,410,214,199,18,205,100,140,0,13,176
E02004862,7574,294,647,271,875,1719,739,332,635,76,902,241,414,0,16,413
E02004863,7764,438,633,407,559,1710,571,320,748,74,983,314,561,9,13,424
E02004864,6282,393,567,547,789,2158,374,416,278,30,252,134,118,0,14,212
E02004865,5332,338,526,349,513,1511,348,306,385,26,440,136,215,0,9,230
E02004866,6577,387,405,434,636,1774,580,284,564,91,604,290,308,6,15,199
E02004867,6083,296,311,448,660,2341,459,188,361,51,410,169,210,0,10,169
E02004868,5848,379,407,445,527,1528,553,268,397,43,554,202,253,4,21,267
E02004869,5650,250,363,374,664,2128,396,292,287,20,394,154,157,0,8,163
E02004870,9390,560,870,566,820,2332,691,582,760,61,864,289,422,2,24,547
E02004871,5068,289,293,374,410,1462,613,216,361,50,372,191,261,0,8,168
E02004872,6961,346,298,739,777,1960,751,224,415,59,518,235,326,2,13,298
E02004873,10069,483,904,661,1115,2900,740,800,628,81,615,291,319,2,10,520
E02004874,6183,217,382,339,657,1810,579,234,426,56,605,288,279,14,27,270
E02004875,9255,423,481,477,669,2919,732,334,801,46,942,329,531,11,15,545
E02004876,8999,582,620,908,1106,3080,761,350,411,38,373,185,319,0,33,233
E02004877,5214,318,272,432,582,1713,511,196,299,33,345,128,184,0,14,187
E02004878,6715,338,323,576,802,2333,678,244,387,47,365,179,228,0,15,200
E02004879,7720,322,387,750,1016,2743,673,286,438,60,355,162,279,0,8,241
E02004880,9178,355,460,640,1115,3858,692,332,461,50,440,174,299,4,13,285
E02004881,5698,376,529,497,623,1810,381,366,257,21,231,135,148,0,7,317
E02004882,8000,336,461,584,780,2683,671,286,437,48,562,211,272,2,20,647
E02004883,5741,298,358,448,722,2024,540,228,346,61,230,120,151,0,17,198
E02004884,9829,542,815,433,901,2956,753,626,757,72,809,321,275,4,30,535
E02004885,8804,271,407,459,895,3962,756,314,427,55,440,171,352,0,7,288
E02004886,5633,302,302,495,795,1842,502,194,372,29,307,144,143,0,23,183
E02004887,7129,331,385,597,992,2419,606,310,422,49,312,178,221,0,27,280
E02004888,8458,490,609,806,1022,2580,743,410,474,54,486,181,245,0,24,334
E02004889,10528,576,848,769,993,3134,868,544,881,95,678,305,401,4,27,405
E02004890,8271,360,813,542,954,2584,709,610,498,65,414,197,207,9,15,294
E02004891,7456,471,573,632,874,2445,471,458,483,40,310,173,194,3,10,319
E02004892,5564,314,525,341,547,1532,401,248,456,33,657,185,120,3,15,187
E02004893,5453,161,358,180,488,2258,316,322,484,18,401,140,107,0,4,216
E02004894,8310,426,905,514,896,2384,554,626,529,33,624,182,171,0,15,451
E02004895,9200,519,664,708,1152,3071,772,468,600,66,450,238,211,0,10,271
E02004896,7875,615,382,954,780,2055,807,240,307,66,410,217,341,204,30,467
E02004897,6663,396,259,477,623,2347,730,222,315,51,409,208,246,110,5,265
E02004898,7344,468,475,579,677,1815,665,254,387,73,655,358,370,146,4,418
E02004899,5506,216,355,292,662,1954,423,170,351,44,424,134,252,4,7,218
E02004900,8163,343,385,845,817,3358,686,170,203,43,345,159,418,4,20,367
E02004901,8439,504,723,369,541,2192,740,210,672,59,947,444,548,0,28,462
E02004902,7928,389,537,348,588,2428,661,254,400,59,881,339,543,10,18,473
E02004903,6727,315,506,377,563,2066,627,226,423,44,564,261,317,19,6,413
E02004904,5906,219,618,191,479,1646,467,232,520,82,618,257,236,6,6,329
E02004905,6762,273,382,481,727,2480,591,162,199,37,371,149,585,9,13,303
E02004906,9682,408,640,368,828,3025,810,356,587,90,854,406,629,13,12,656
E02004907,9263,586,636,596,806,3099,872,300,515,65,684,292,431,0,25,356
E02004908,9773,637,516,1123,999,3383,888,264,365,56,441,265,445,3,28,360
E02004909,5119,283,390,297,551,1505,458,320,398,22,335,140,165,0,31,224
E02004910,10662,489,579,860,1534,3429,1012,556,615,38,504,335,268,0,28,415
E02004911,6538,508,479,650,606,1555,503,298,602,66,585,247,209,0,12,218
E02004912,10280,667,856,706,1022,3403,799,542,746,56,680,234,296,0,12,261
E02004913,14741,524,820,934,1936,5279,979,872,852,83,885,292,621,0,39,625
E02004914,7373,411,615,433,742,2011,588,392,523,35,622,235,381,0,9,376
E02004915,5411,298,462,330,496,1437,390,266,520,38,531,185,228,0,19,211
E02004916,7337,464,336,764,872,2250,670,180,435,34,514,215,309,16,25,253
E02004917,6590,368,375,595,745,1769,621,158,402,71,651,238,364,4,4,225
E02004918,8097,321,948,340,744,2312,504,718,550,22,541,207,368,2,13,507
E02004919,7288,340,537,460,864,2198,605,326,413,70,535,288,297,0,10,345
E02004920,10654,722,919,863,1185,3021,720,476,659,47,822,347,364,0,29,480
E02004921,7562,441,553,648,834,2673,524,382,405,48,433,156,191,0,19,255
E02004922,9455,567,480,829,1287,2852,810,418,652,71,591,250,357,0,17,274
E02004923,10007,606,671,882,1242,3220,906,450,575,42,504,286,285,5,22,311
E02004924,7239,349,302,528,740,3513,538,180,230,17,378,136,161,0,2,165
E02004925,7691,366,445,520,736,3310,553,240,400,22,474,198,223,0,4,200
E02004926,7743,518,434,659,809,3496,472,278,233,19,227,138,216,6,34,204
E02004927,6410,366,270,642,706,2268,493,234,415,34,438,193,152,0,14,185
E02004928,6775,303,266,712,800,2906,613,168,315,29,198,131,174,0,12,148
E02004929,6226,324,359,640,742,2236,469,220,288,44,360,160,141,0,14,229
E02004930,6826,351,487,383,719,2440,613,320,365,48,356,221,228,0,13,282
E02004931,6497,326,367,566,618,2441,611,204,298,28,330,232,187,0,0,289
E02004932,7703,320,471,352,658,3029,542,322,443,68,605,240,313,0,2,338
E02004933,6907,223,243,488,734,3227,610,250,281,11,209,116,263,2,9,241
E02004934,7158,245,643,297,698,2495,316,656,301,28,348,154,353,12,9,603
E02004935,7602,388,1056,264,830,2141,229,1006,297,20,335,116,161,10,6,743
E02004936,6178,176,318,287,551,2619,447,320,320,16,295,149,364,0,2,314
E02004937,6404,403,345,713,907,2296,548,268,241,22,167,127,125,0,5,237
E02004938,5962,210,391,333,525,2370,507,240,332,56,457,121,151,8,9,252
E02004939,6614,381,427,496,525,1947,542,310,389,56,404,290,340,5,13,489
E02004940,7357,360,622,259,643,2306,434,452,418,42,501,300,531,0,14,475
E02004941,9507,368,724,411,821,3120,730,404,655,92,775,335,594,8,18,452
E02004942,6130,339,390,545,621,2062,552,264,335,43,365,179,197,6,30,202
E02004943,7735,420,353,886,902,2702,710,212,310,30,341,217,346,0,22,284
E02004944,6746,216,444,232,622,2032,403,238,606,48,806,197,516,4,5,377
E02004945,11794,495,804,774,1270,3398,966,588,948,73,1035,321,428,35,22,637
E02004946,6329,245,621,366,612,1736,544,244,462,38,746,207,289,3,3,213
E02004947,6326,215,518,385,779,2026,697,372,361,28,379,149,196,0,9,212
E02004948,5795,345,531,383,671,1391,488,294,391,47,568,234,153,2,2,295
E02004949,8000,602,841,542,700,1736,639,396,668,56,747,285,352,11,21,404
E02004950,6779,296,388,477,639,1985,558,212,595,58,711,263,343,0,10,244
E02004951,7015,451,663,388,457,1707,478,210,548,74,970,306,347,13,13,390
E02004952,6658,314,522,354,650,2056,563,244,567,49,623,224,250,0,13,229
E02004953,6210,327,351,334,512,1660,519,206,631,63,757,269,337,0,5,239
E02004954,6395,365,452,358,630,1634,499,264,575,33,643,269,319,11,4,339
E02004955,5910,332,345,399,612,1589,654,236,430,55,585,252,196,0,12,213
E02004956,8815,540,662,642,894,2730,777,420,589,66,543,252,319,0,16,365
E02004957,8732,362,708,396,774,2853,694,456,593,71,739,287,469,2,6,322
E02004958,7197,394,312,619,841,2526,684,222,426,45,350,221,235,0,23,299
E02004959,5808,401,355,543,645,1947,573,204,141,39,201,89,386,2,10,272
E02004960,5567,282,244,549,585,2387,498,154,202,3,215,111,156,0,11,170
E02004961,9241,476,446,672,970,3358,978,288,473,47,547,232,339,0,22,393
E02004962,8521,461,640,646,844,2974,663,412,479,43,483,250,248,7,22,349
E02004963,7029,309,399,383,579,2198,695,212,492,58,717,291,388,2,12,294
E02004964,5602,275,359,320,532,1541,467,316,443,41,494,235,273,0,11,295
E02004965,6532,469,355,667,601,1717,704,198,252,48,445,342,423,0,34,277
E02004966,6967,303,259,755,831,2271,988,116,108,3,158,157,639,3,8,368
E02004967,7306,378,760,220,440,1943,547,262,682,39,977,289,434,2,29,304
E02004968,7083,393,613,380,612,1987,568,296,491,49,672,334,364,5,28,291
E02004969,7195,299,437,465,615,2318,716,272,442,36,659,226,431,7,13,259
E02004970,7832,429,552,439,567,2056,713,294,664,70,932,327,402,0,23,364
E02004971,7484,307,487,287,479,2402,636,316,439,72,736,274,620,10,19,400
E02004972,6100,263,412,358,570,2058,744,242,229,53,255,168,374,0,19,355
E02004973,7444,181,839,136,594,1989,427,572,512,29,723,240,459,32,8,703
E02004974,7606,444,653,517,829,2224,573,456,344,39,414,164,394,4,7,544
E02004975,7778,276,407,579,691,2911,731,258,239,34,420,170,642,21,20,379
E02004976,8143,366,1417,164,714,1667,270,672,498,44,519,216,560,25,6,1005
E02004977,8258,185,655,177,499,2616,399,322,476,52,500,186,1205,35,11,940
E02004978,8626,305,887,266,558,2625,534,336,435,43,1018,326,670,0,26,597
E02004979,6752,367,522,348,566,2215,592,286,311,50,521,244,342,5,19,364
E02004980,5995,283,265,704,820,2190,497,188,238,32,214,133,204,2,12,213
E02004981,7189,350,421,588,727,2365,520,312,458,44,477,166,322,42,22,375
E02004982,5923,329,254,581,603,2004,473,188,407,35,444,210,165,0,32,198
E02004983,5964,343,453,460,606,1727,451,280,456,53,481,211,224,0,12,207
E02004984,6314,330,756,320,734,1903,527,404,361,57,391,157,135,4,9,226
E02004985,6806,606,449,688,684,2340,485,276,376,26,329,208,129,0,20,190
E02004986,7431,300,614,240,514,2070,431,280,877,78,1066,272,346,9,8,326
E02004987,6740,297,461,425,617,2252,497,250,560,70,571,217,261,0,22,240
E02004988,7441,393,514,387,629,2285,475,358,717,50,653,249,344,25,20,342
E02004989,12612,881,1227,901,1213,2729,614,458,598,78,745,247,560,1285,19,1057
E02004990,6371,372,463,427,611,1422,414,290,367,70,472,142,310,253,5,753
E02004991,7324,343,695,317,464,1337,302,270,444,64,638,211,399,1051,12,777
E02004992,8119,341,397,332,406,1341,453,170,403,59,582,193,473,1937,14,1018
E02004993,5251,403,436,430,486,1147,437,216,331,33,342,179,203,234,15,359
E02004994,5874,332,242,702,626,2022,651,162,228,29,246,156,210,46,20,202
E02004995,5181,285,195,718,650,1753,588,108,145,19,183,125,193,9,9,201
E02005503,7111,482,370,839,1177,1923,660,356,379,55,304,146,202,0,30,188
E02005504,8735,536,379,1096,1526,2127,810,316,603,40,440,211,320,0,37,294
E02005505,7184,499,371,748,912,2014,511,316,473,32,549,209,262,6,42,240
E02005506,6849,411,298,800,1024,1941,574,346,450,18,311,178,211,3,14,270
E02005507,11425,788,822,1166,1407,2655,674,726,987,94,929,333,425,0,19,400
E02005508,6640,385,357,700,1120,1834,558,282,361,89,250,166,279,0,11,248
E02005509,7258,713,404,1105,977,1359,540,248,485,65,520,226,242,0,30,344
E02005510,6641,493,298,952,1194,1589,525,298,418,22,313,139,180,0,26,194
E02005511,7202,614,415,1098,918,1529,514,308,481,65,445,163,273,4,34,341
E02005512,8810,463,579,793,1403,2398,716,380,678,37,423,143,429,0,10,358
E02005513,9009,609,582,895,1065,2245,601,512,729,45,638,244,351,0,36,457
E02005514,6554,390,377,720,1148,1665,538,320,432,44,322,150,182,0,28,238
E02005515,6223,305,299,549,861,2009,504,278,401,65,346,133,237,0,12,224
E02005516,6510,340,343,718,1014,1719,501,286,406,44,335,203,283,0,38,280
E02005517,5910,224,360,240,452,1344,337,186,694,47,820,210,542,0,5,449
E02005518,10635,427,632,762,1316,2983,781,700,753,86,588,232,635,0,31,709
E02005519,7795,389,363,534,762,1754,598,276,757,78,966,257,570,0,10,481
E02005520,7378,626,458,973,1180,1669,683,296,432,47,420,183,185,0,21,205
E02005521,8519,472,457,749,1283,2354,671,404,584,70,586,221,282,0,24,362
E02005522,5302,355,288,532,845,1404,368,250,358,46,258,170,202,0,25,201
E02005523,7737,290,386,603,1155,2482,664,370,555,84,436,187,272,0,25,228
E02005524,5442,332,325,611,823,1560,567,244,314,34,217,142,111,0,20,142
E02005525,10142,459,621,934,1394,3399,806,480,579,32,711,181,249,0,15,282
E02005526,5489,300,323,575,717,1743,392,272,337,19,387,141,127,0,19,137
E02005527,8229,411,359,1063,1253,2446,685,330,537,40,496,160,176,0,22,251
E02005528,8458,503,468,900,1210,2204,837,452,628,66,537,217,160,2,24,250
E02005529,5807,529,290,921,801,1274,703,236,282,44,266,189,82,0,9,181
E02005530,5150,372,272,659,705,1283,489,200,349,55,188,140,142,0,37,259
E02005531,5483,312,358,557,743,1337,518,272,413,50,388,167,160,0,12,196
E02005532,6858,590,342,1085,1059,1435,786,310,349,33,230,187,190,2,27,233
E02005533,8237,516,389,927,1359,2376,667,344,474,70,402,207,251,0,15,240
E02005534,7296,713,385,876,976,1981,644,316,426,52,354,189,126,0,25,233
E02005535,7260,306,557,492,894,2382,412,446,482,36,580,195,193,0,22,263
E02005536,5790,384,300,681,979,1449,502,298,310,37,296,140,169,0,22,223
E02005537,6069,432,317,667,885,1560,496,294,406,29,377,174,172,0,28,232
E02005538,9118,671,438,1173,1470,2052,911,372,559,71,498,225,299,3,35,341
E02005539,7544,443,337,811,1227,1808,804,322,505,78,427,165,296,0,23,298
E02005540,9076,764,502,1258,1282,1802,871,346,592,86,605,309,329,0,35,295
E02005541,6078,460,335,560,576,1267,529,212,572,66,560,270,336,0,12,323
E02005542,6866,424,792,388,536,1171,375,366,781,55,812,250,418,0,17,481
E02005543,8681,522,955,338,588,1338,310,452,1146,56,1225,300,643,0,19,789
E02005544,7134,300,560,273,557,1500,425,384,1068,79,926,251,408,0,10,393
E02005545,6448,382,324,819,872,1706,658,228,476,77,401,141,200,0,18,146
E02005546,7888,581,633,596,760,1312,587,394,956,89,1075,319,239,2,22,323
E02005547,9003,582,637,766,946,2097,703,338,855,64,909,257,365,2,39,443
E02005548,7256,589,347,622,714,1600,644,218,771,105,738,299,309,4,25,271
E02005549,5479,273,314,487,996,1230,562,240,445,53,257,141,247,4,18,212
E02005550,6706,488,356,801,921,1643,595,286,533,60,407,182,185,0,18,231
E02005551,5420,646,407,1078,807,786,305,212,242,22,286,155,154,0,42,278
E02005552,7072,613,429,1113,1267,1277,559,306,437,65,307,203,162,0,41,293
E02005553,8782,927,543,1551,1555,1555,586,322,455,44,445,212,267,4,60,256
E02005554,6896,596,394,1172,1142,1387,464,322,443,21,356,182,145,0,51,221
E02005555,6908,335,241,890,1070,2118,611,238,404,61,381,147,208,5,23,176
E02005556,7681,381,391,714,1008,2040,742,368,664,97,504,204,251,0,24,293
E02005557,6072,304,372,247,390,1097,357,252,899,69,779,237,516,2,34,517
E02005558,6869,354,299,799,1065,1689,650,324,466,45,373,155,313,0,18,319
E02005559,7022,396,500,524,692,1697,574,344,627,57,477,229,495,10,23,377
E02005560,8506,335,550,453,763,2146,575,504,981,70,832,203,613,0,22,459
E02005561,9832,652,1105,574,762,1654,556,704,1081,109,706,308,573,12,68,968
E02005562,7008,448,354,796,1148,1755,610,326,493,74,318,189,175,0,41,281
E02005563,7448,364,307,756,1068,1813,804,320,561,55,381,198,445,0,20,356
E02005564,10270,584,483,1261,1729,3288,838,320,492,83,381,187,319,0,44,261
E02005565,7024,356,343,688,982,1839,665,342,535,67,410,165,366,0,26,240
E02005566,9527,532,414,1018,1494,2371,757,424,741,78,469,227,528,0,49,425
E02005567,9994,945,633,1623,1172,2110,556,476,751,51,618,213,310,0,64,472
E02005568,7189,396,329,844,1212,1876,638,328,377,69,289,243,255,0,43,290
E02005569,7931,365,395,708,1308,2448,544,362,540,47,396,204,324,2,27,261
E02005570,7367,845,453,1263,1137,1390,372,280,435,36,386,222,223,0,70,255
E02005571,5952,615,425,947,965,1079,481,210,326,35,324,141,166,0,32,206
E02005572,7683,817,752,1108,1020,1181,519,378,547,68,406,193,262,0,54,378
E02005573,5704,774,374,1172,868,976,301,236,296,22,232,142,97,0,67,147
E02005574,6757,504,352,1086,1200,1350,523,262,344,78,242,182,253,0,52,329
E02005575,6981,542,382,921,1181,1601,590,310,426,56,353,153,195,0,49,222
E02005576,6647,554,385,1023,1099,1327,476,280,392,59,336,130,281,0,52,253
E02005577,5948,344,357,728,904,1476,492,266,430,54,344,145,150,0,28,230
E02005578,5728,393,377,622,856,1332,475,312,432,38,291,173,207,0,33,187
E02005579,12634,999,847,1584,1606,2903,965,492,947,92,950,345,394,0,55,455
E02005580,7617,669,520,971,983,1616,545,314,614,42,512,235,214,0,42,340
E02005581,7704,476,483,827,1357,1780,576,534,536,74,367,208,207,0,33,246
E02005582,6502,476,459,788,1022,1385,516,284,450,42,380,174,238,0,33,255
E02005583,8275,734,418,1440,1528,1539,614,342,416,77,293,240,237,0,43,354
E02005584,10596,483,1210,581,1017,2313,691,704,1011,70,1054,345,434,32,20,631
E02005585,10655,525,1122,496,806,1946,552,642,1321,72,1463,340,407,107,22,834
E02005586,9934,398,1495,359,1029,1628,392,1172,863,40,884,280,292,118,14,970
E02005587,9855,755,797,1013,957,1890,696,452,948,96,1066,416,335,25,23,386
E02005588,11683,464,842,523,1052,2720,723,590,1109,87,1284,421,455,769,27,617
E02005589,11504,458,976,521,1005,2272,566,540,1219,104,1389,324,539,680,32,879
E02005590,9641,1007,2275,473,811,788,203,1052,536,22,697,251,189,247,43,1047
E02005592,9297,325,1073,322,794,1757,308,840,574,45,533,155,169,1366,8,1028
E02005593,10279,1114,1032,1167,1111,2037,486,168,607,33,752,252,208,862,24,426
E02005594,10404,885,1661,512,984,1636,354,872,462,61,650,261,209,787,26,1044
E02005595,8781,730,511,1185,1111,2279,649,314,425,64,372,268,208,260,33,372
E02005596,9326,748,926,594,856,1650,520,550,960,91,1141,362,328,17,32,551
E02006907,5136,405,1375,214,482,514,70,758,225,16,203,87,71,83,10,623
E02006908,5421,350,1001,248,578,760,161,604,436,42,458,139,145,35,12,452
E02005597,12463,648,783,1301,1647,3048,984,914,1021,97,818,338,319,2,35,508
E02005598,7769,359,468,958,1110,2279,607,406,532,40,373,153,201,15,29,239
E02005599,5691,434,329,628,846,1647,415,258,344,14,365,169,106,0,16,120
E02005600,6216,462,410,735,1011,1979,395,228,289,31,240,123,134,0,24,155
E02005601,5714,555,483,662,734,1334,407,356,331,27,391,185,93,0,20,136
E02005602,10355,635,502,1315,1511,3107,893,424,571,42,574,231,227,3,39,281
E02005603,8691,390,483,688,1048,2951,618,416,648,69,672,205,219,0,25,259
E02005604,8200,548,425,971,1197,2369,659,330,540,33,489,161,202,0,16,260
E02005605,10178,468,476,1058,1622,3083,834,510,653,61,562,205,277,0,29,340
E02005606,5597,295,245,581,897,1663,593,260,303,44,233,137,186,0,32,128
E02005607,10957,492,533,972,1686,3398,933,520,801,92,626,253,267,0,48,336
E02005608,7337,455,343,834,1200,1955,657,322,519,70,342,143,212,0,30,255
E02005609,6841,512,500,869,969,1464,548,378,532,54,409,191,169,0,36,210
E02005610,7981,382,402,844,1402,2098,654,452,532,52,285,202,304,0,28,344
E02005611,10022,853,734,1107,1221,2403,684,550,638,61,680,314,305,3,32,437
E02006227,6065,511,384,766,1054,1463,491,256,335,19,290,202,109,0,25,160
E02006228,5758,310,349,550,876,1595,494,244,388,27,367,149,188,0,31,190
E02006229,5667,451,378,668,850,1374,521,276,378,32,290,176,112,0,14,147
E02006230,10444,678,559,1042,1472,3372,845,310,597,62,682,259,265,0,26,275
E02006231,8350,360,711,609,1185,2436,671,528,554,41,493,224,262,0,10,266
E02006232,5674,311,265,690,928,1476,589,242,326,22,310,134,175,0,23,183
E02006233,11170,970,1062,965,1195,2446,709,634,967,63,958,417,304,0,53,427
E02006234,8908,410,505,687,1061,2667,710,410,814,69,730,263,235,0,20,327
E02006235,7937,491,406,963,1340,2410,620,286,364,34,312,188,225,0,43,255
E02006236,10041,576,405,1280,1576,3297,876,348,450,40,498,249,198,0,25,223
E02006237,7726,568,550,905,1155,2205,580,284,416,70,421,177,161,2,27,205
E02006238,9636,630,641,1017,1319,2140,658,488,812,89,644,291,444,0,37,426
E02006239,6558,462,576,693,1107,2022,357,192,269,37,316,136,213,0,13,165
E02006240,8680,272,534,550,1236,3480,585,360,371,54,365,210,362,9,14,278
E02006241,8688,488,638,650,1172,2351,663,352,506,74,816,246,341,0,37,354
E02006242,7611,258,608,492,1156,2605,397,570,437,30,473,147,183,7,15,233
E02006243,8996,509,808,509,977,1969,561,706,780,46,767,260,404,3,32,665
E02006826,9579,611,837,758,1018,1853,614,694,606,101,686,329,373,13,41,1045
E02006245,8039,503,350,788,750,1982,814,218,806,93,753,310,394,0,28,250
E02006246,7463,465,279,748,1002,2200,847,270,491,47,378,223,221,0,24,268
E02006247,8879,345,759,440,916,2234,648,566,921,108,979,280,309,7,25,342
E02006248,8324,451,438,620,828,2857,646,282,664,59,660,250,371,3,26,169
E02006249,7876,583,689,659,939,2480,461,390,374,44,478,132,270,2,14,361
E02006250,9938,460,1453,296,756,2114,415,758,899,61,926,286,626,7,11,870
E02006251,9700,521,1687,350,868,2132,328,816,671,49,812,219,361,71,14,801
E02006252,9134,550,814,508,822,2565,553,546,971,43,810,226,294,6,28,398
E02006253,7055,516,326,952,936,2092,681,192,269,63,353,196,216,0,15,248
E02006254,8826,403,1060,369,735,1829,476,608,919,64,990,305,502,2,12,552
E02006255,7799,292,864,323,892,1765,492,658,633,45,606,234,322,25,14,634
E02006256,8632,441,1161,365,817,1789,472,636,726,59,943,239,382,0,16,586
E02006257,6660,522,455,735,773,1376,672,250,548,85,452,271,247,0,19,255
E02006258,8991,339,626,365,811,2269,639,502,924,103,1035,379,558,0,26,415
E02006259,7276,379,659,527,903,1518,640,286,754,82,767,261,239,2,20,239
E02006260,8792,439,543,479,833,2169,692,348,937,104,1050,395,454,0,27,322
E02006261,7689,459,406,859,1291,2197,608,296,444,29,386,209,267,0,10,228
E02006262,8659,445,438,899,1359,2575,721,432,536,34,464,221,269,0,29,237
E02006263,7278,417,311,903,1186,2026,576,358,470,45,378,157,228,0,27,196
E02006264,8156,378,376,808,1170,2666,705,370,495,44,402,192,271,0,18,261
E02006265,6956,411,354,762,1144,1999,641,268,435,51,384,167,125,0,31,184
E02006266,9129,560,380,1010,1524,2639,817,350,553,36,478,221,270,0,23,268
E02006267,8381,429,344,753,1315,2842,760,304,505,27,369,173,277,0,29,254
E02006268,6278,580,372,646,684,1497,497,172,505,36,677,202,240,0,10,160
E02006269,6946,347,401,634,1098,2291,527,314,389,50,368,138,155,0,13,221
E02006270,11366,415,885,634,1330,3457,775,796,1105,87,877,239,347,4,17,398
E02006271,8492,646,623,902,1460,2609,607,340,386,52,335,208,164,0,12,148
E02006272,7401,449,400,837,1151,1952,706,354,451,42,398,190,278,0,18,175
E02006273,6330,406,274,761,1003,1679,521,238,419,46,320,169,256,0,22,216
E02006274,7197,449,379,657,1115,2474,490,228,424,29,366,160,211,0,15,200
E02006275,7201,402,396,536,593,1709,544,252,642,104,954,322,318,0,34,395
E02006276,6562,396,261,890,1052,1841,650,250,266,49,305,164,189,0,27,222
E02006277,7968,167,527,297,889,3170,523,596,471,23,576,160,199,2,12,356
E02006278,8428,675,1092,650,916,1540,379,750,498,52,574,228,265,4,19,786
E02006279,9053,616,524,961,1200,2235,718,360,652,46,656,272,262,3,24,524
E02006280,9308,530,421,1142,1514,2764,753,306,509,54,404,248,275,0,36,352
E02006281,8463,774,688,1063,1121,1867,661,368,501,55,420,216,250,0,39,440
E02006282,6204,432,298,844,1040,1690,512,256,264,45,248,153,149,0,38,235
E02006283,7253,562,518,944,1238,2050,529,236,314,33,217,141,177,0,26,268
E02006284,7796,358,458,637,878,2299,590,320,667,68,635,209,334,2,27,314
E02006285,7974,232,408,383,811,2754,496,432,747,62,749,153,382,4,12,349
E02006286,11271,472,613,609,1185,2859,870,536,1169,84,995,371,681,0,15,812
E02006287,5943,465,365,855,1101,1252,450,278,277,27,233,152,220,0,29,239
E02006288,8865,615,511,1018,1410,2656,748,306,401,52,474,208,230,0,52,184
E02006289,8273,595,519,1101,1225,2021,634,308,579,52,477,226,233,0,40,263
E02006290,8136,845,664,1088,1062,1679,527,456,575,46,505,214,141,0,35,299
E02006291,7039,546,458,814,1020,1944,597,254,443,47,383,165,179,0,35,154
E02006292,6543,350,261,761,1035,2085,679,248,302,43,240,150,174,0,30,185
E02006293,10705,627,737,1048,1704,3326,655,504,591,60,555,193,332,0,26,347
E02006294,8096,879,600,1097,943,1921,468,322,433,42,650,227,238,0,44,232
E02006295,9295,599,453,1149,1143,2961,713,400,532,58,532,221,251,4,38,241
E02006296,12773,548,732,1065,1679,4771,839,502,825,73,715,220,386,0,42,376
E02006297,8018,355,330,968,1168,2937,757,296,337,45,243,117,255,0,35,175
E02006298,8865,440,573,749,1391,2489,844,428,596,55,547,229,276,3,23,222
E02006299,8344,738,352,1580,1408,1966,703,222,343,59,358,212,197,0,41,165
E02006300,7507,609,702,508,752,1591,514,336,688,67,901,294,295,9,13,228
E02006301,5896,565,625,497,641,1277,387,288,341,41,481,150,276,5,21,301
E02006302,6968,547,431,1030,1214,1613,639,246,387,35,214,209,195,0,24,184
E02006303,7649,447,530,595,728,1817,541,276,780,79,894,317,368,0,21,256
E02006304,7468,614,318,1152,1100,1731,683,266,472,41,446,203,229,0,24,189
E02006305,9224,472,1019,348,766,1838,529,438,1195,82,1258,334,464,6,19,456
E02006306,7217,559,458,818,896,1587,615,302,621,48,551,189,230,0,47,296
E02006307,7382,530,289,1101,1291,1909,683,264,473,49,230,140,210,0,26,187
E02006308,7198,623,1096,430,670,1210,345,386,666,78,737,273,306,2,19,357
E02006309,6800,624,387,819,791,1366,484,248,543,101,627,223,354,0,33,200
E02006310,8079,360,436,646,972,2357,589,480,849,71,726,144,252,0,2,195
E02006311,8219,773,591,1102,1009,1630,517,400,720,56,662,277,186,2,32,262
E02006312,8762,485,364,1032,1220,2437,760,354,589,93,563,215,373,0,23,254
E02006313,10139,722,555,1366,1435,2270,783,492,702,93,681,295,367,0,54,324
E02006314,7369,567,481,744,1044,1877,502,346,576,49,473,171,299,10,17,213
E02006315,5904,648,381,939,929,1076,405,224,364,35,338,163,177,0,26,199
E02006316,6876,704,449,1051,941,1310,588,336,524,39,370,202,192,0,30,140
E02000166,7924,442,869,353,531,1757,442,462,316,90,764,373,518,37,64,906
E02000167,7944,497,913,437,807,2385,343,602,261,40,231,155,487,9,51,726
E02000168,8172,318,1010,242,502,1741,429,644,422,39,630,293,536,53,32,1281
E02000169,7637,464,768,547,779,2377,343,306,251,19,297,169,554,29,26,708
E02000170,8338,278,1041,230,721,1802,373,620,216,39,419,187,670,66,24,1652
E02000171,7818,378,946,201,491,1861,312,598,365,61,536,281,521,81,39,1147
E02000172,10147,483,1169,223,463,1833,399,418,482,58,1442,542,862,337,22,1414
E02000173,7675,385,1106,312,750,1904,182,598,214,18,234,193,576,91,18,1094
E02000174,8714,397,1045,136,420,1310,301,702,472,40,920,370,701,160,35,1705
E02000175,8848,311,1415,142,752,1522,240,858,265,12,605,300,378,87,23,1938
E02000176,6373,415,1137,190,742,1463,167,608,173,17,174,128,398,30,19,712
E02000177,8948,472,962,197,513,1691,365,524,279,43,1175,524,693,157,67,1286
E02000178,8857,403,1441,122,558,1178,296,870,250,42,1003,322,562,146,42,1622
E02000179,6329,331,828,178,436,1606,179,420,224,33,708,206,417,34,22,707
E02000180,8202,398,1087,238,514,1365,267,588,362,44,769,272,600,334,16,1348
E02000181,7708,320,1027,151,761,1603,237,818,234,22,381,236,349,70,13,1486
E02000182,6697,347,733,267,603,1716,244,332,200,19,463,238,492,121,33,889
E02000183,7913,511,1269,248,622,1712,311,632,325,44,499,234,460,81,31,934
E02000184,8882,286,1061,176,359,1545,373,486,236,51,962,408,849,675,20,1395
E02000185,8290,572,1252,123,495,1749,309,462,228,33,1004,369,531,79,42,1042
E02000186,6687,301,1051,183,457,960,214,574,179,22,444,245,378,369,17,1293
E02000187,8155,379,879,150,278,1872,414,248,269,64,1061,402,758,592,21,768
E02000188,8322,417,902,194,334,1723,341,266,221,41,907,384,643,996,20,933
E02000189,5944,307,817,163,349,1022,203,242,132,24,905,196,423,427,17,717
E02000190,7530,744,1650,425,639,1088,191,334,130,17,597,200,297,478,21,719
E02000191,7497,667,1560,514,746,896,139,386,61,3,266,114,277,882,10,976
E02000192,7157,347,1214,148,461,1218,191,516,243,30,697,323,497,279,15,978
E02000193,7630,562,1835,268,618,738,197,476,116,19,279,205,529,603,9,1176
E02000001,7375,566,1983,311,1063,949,191,702,211,18,211,136,164,65,43,762
E02000345,8838,197,535,127,444,4511,316,192,176,15,487,178,898,18,30,714
E02000346,6092,270,704,96,220,1049,236,114,215,28,1126,476,571,120,26,841
E02000347,7956,244,624,138,422,3495,265,328,247,15,558,247,546,28,38,761
E02000348,8120,218,670,102,292,3386,296,206,175,18,979,293,763,8,30,684
E02000350,9502,186,956,84,447,2422,309,708,410,25,645,276,1060,23,15,1936
E02000351,8523,212,1190,109,518,1365,251,904,272,17,611,243,464,139,32,2196
E02000352,6883,305,695,116,286,1830,231,486,365,35,822,282,408,12,12,998
E02000353,7786,196,778,104,410,1672,300,674,466,42,476,266,571,57,14,1760
E02000354,9502,357,1249,118,330,1690,354,556,483,37,1426,413,910,33,16,1530
E02000355,8485,204,915,122,384,1502,395,454,439,41,753,369,965,44,26,1872
E02000356,7346,187,860,89,465,1531,254,660,477,32,614,262,422,33,22,1438
E02000357,6339,328,581,98,152,1307,285,92,333,50,1434,284,875,19,7,494
E02000358,11058,334,1296,118,488,1652,425,866,495,32,1339,531,805,91,23,2563
E02000359,6581,177,507,102,226,1251,328,264,377,23,902,348,711,45,18,1302
E02000360,11292,370,1319,96,384,2021,403,512,502,48,1931,575,1227,38,23,1843
E02000361,7640,211,1122,89,243,1082,272,586,307,18,1007,290,504,54,10,1845
E02000362,6363,274,717,113,281,1073,188,314,299,30,1095,287,551,54,13,1074
E02000363,10845,358,1173,150,346,2066,382,296,641,64,2265,618,1211,31,29,1215
E02000364,8867,292,1101,149,473,1418,306,726,461,48,1031,353,529,70,25,1885
E02000365,12764,472,1607,207,699,1707,456,1204,466,46,1122,512,726,140,25,3375
E02000366,8514,392,1133,163,399,1570,393,434,485,42,1220,444,735,11,24,1069
E02000367,9741,207,1158,109,467,1522,301,898,483,32,1380,341,644,67,11,2121
E02000368,9614,381,1095,92,390,1609,377,442,443,48,1565,532,902,57,22,1659
E02000369,11594,353,1491,144,426,1930,457,746,469,47,1675,567,931,129,18,2211
E02000370,8301,285,1182,59,411,1216,300,554,339,46,1282,401,602,214,21,1389
E02000371,12369,410,2199,235,695,1414,274,1036,341,57,1266,393,561,308,18,3162
E02006918,7611,169,934,70,282,1543,226,374,373,13,1567,276,880,36,9,859
E02006921,7744,241,780,99,323,2774,243,172,236,42,1152,330,641,6,17,688
E02000372,9175,379,1132,211,468,1781,497,286,286,82,1472,563,655,73,27,1263
E02000373,6658,193,452,56,208,1392,331,76,253,51,1490,455,828,21,27,825
E02000374,6731,258,491,157,305,1417,353,254,243,30,817,355,554,87,14,1396
E02000375,7028,269,1104,106,390,1113,259,394,209,12,811,311,419,76,21,1534
E02000376,6915,205,1041,64,419,922,196,562,276,16,653,283,452,85,22,1719
E02000377,8169,364,1179,133,523,1441,234,592,309,45,811,314,583,102,21,1518
E02000378,6534,256,1159,86,528,987,132,724,180,42,488,214,340,47,13,1338
E02000379,7581,352,883,182,562,1945,303,492,233,22,713,240,340,59,20,1235
E02000380,5863,264,686,114,432,1479,190,442,180,24,410,168,280,276,15,903
E02000381,7768,289,1120,137,647,1834,305,676,226,20,564,229,507,71,12,1131
E02000382,6167,250,860,164,484,1446,204,446,179,19,531,211,371,80,17,905
E02000383,9432,425,1496,206,714,1386,290,710,160,3,601,364,456,525,20,2076
E02000384,7320,354,1015,178,472,1125,230,448,223,10,853,365,398,198,34,1417
E02000385,6162,188,1130,76,570,731,97,618,113,15,220,151,180,295,5,1773
E02000386,8136,264,1086,109,459,1368,314,466,200,50,1064,452,603,201,13,1487
E02000387,6272,239,990,103,328,982,217,262,150,41,585,294,363,357,23,1338
E02000388,8202,455,1071,134,606,1158,302,686,232,31,543,265,457,262,31,1969
E02000389,8255,382,756,233,601,1896,342,414,256,22,372,243,455,371,28,1884
E02000390,6448,260,744,95,489,1251,240,424,166,24,505,227,361,247,16,1399
E02000391,7729,384,935,188,567,2066,300,376,128,22,422,241,464,73,27,1536
E02000392,9578,305,1086,174,652,2238,278,662,283,35,787,307,535,98,23,2115
E02000393,6031,209,631,149,519,1499,213,468,126,9,205,146,244,101,11,1501
E02000394,7755,328,1150,189,599,1451,227,500,150,23,949,298,462,99,16,1314
E02000395,5951,360,647,210,504,1481,306,402,111,12,196,138,281,64,19,1220
E02000396,6633,219,608,156,412,1751,305,296,228,53,609,260,533,71,24,1108
E02000397,7815,297,902,135,513,1427,317,406,390,49,902,331,598,69,18,1461
E02000398,7123,230,713,140,298,1530,271,86,308,22,1555,453,869,17,3,628
E02000400,7668,282,630,190,406,1932,415,336,434,61,1036,395,489,61,25,976
E02000401,6734,220,326,107,254,1609,395,108,334,65,1407,481,938,27,14,449
E02000402,6697,199,465,104,242,1360,455,130,333,38,1588,416,777,15,22,553
E02000403,7199,196,715,151,495,1228,418,436,246,7,748,251,655,88,18,1547
E02000404,7315,214,488,172,320,1369,417,202,258,32,1120,366,987,65,4,1301
E02000405,6548,155,491,175,543,2293,414,442,443,25,359,176,346,20,25,641
E02000406,7025,203,527,110,282,1203,415,212,248,46,1221,407,718,107,5,1321
E02000407,7312,256,738,106,340,1347,309,218,368,14,1221,333,1146,168,15,733
E02000408,7612,238,529,129,285,1569,400,134,298,24,1516,341,920,13,22,1194
E02000409,6527,220,624,123,247,1270,373,146,299,23,1185,350,761,49,9,848
E02000410,6693,239,738,163,555,1957,364,508,379,21,359,146,390,19,21,834
E02000411,7452,202,592,127,292,1409,335,188,258,25,1312,360,816,27,10,1499
E02000412,6914,238,874,152,356,1087,290,282,254,49,943,343,697,134,15,1200
E02000413,7500,299,620,268,500,2689,412,300,442,37,598,306,393,6,30,600
E02000414,7171,182,545,113,273,1333,379,206,357,19,953,328,1217,47,17,1202
E02000415,6845,235,635,158,362,1200,457,380,241,28,600,224,761,109,9,1446
E02000416,7490,290,1017,117,541,1330,363,704,415,33,1026,352,422,10,24,846
E02000417,6676,249,723,240,556,1791,364,476,366,35,391,150,306,12,6,1011
E02000418,5509,245,374,198,490,1693,442,340,342,36,301,167,272,5,6,598
E02000419,8108,185,873,133,509,1337,363,504,387,31,696,328,535,164,17,2046
E02000420,7432,279,829,107,323,1253,308,292,387,32,988,320,970,59,11,1274
E02000421,7148,259,821,106,326,1306,279,204,293,38,1246,322,676,84,8,1180
E02000422,7825,229,701,128,282,1514,370,238,388,23,1099,374,967,46,22,1444
E02000423,6813,195,534,164,332,1023,347,344,264,7,520,249,662,147,12,2013
E02000424,7198,258,820,130,494,1646,271,690,472,32,707,249,395,13,11,1010
E02000425,7256,143,373,121,247,3306,361,110,213,43,514,236,852,27,9,701
E02000426,6731,326,637,352,616,1829,360,474,188,16,394,236,399,12,14,878
E02000427,6854,142,788,121,453,1081,195,526,321,37,516,195,556,132,28,1763
E02000428,7022,224,706,121,233,1423,354,234,303,28,1089,330,702,33,20,1222
E02000429,6852,318,923,195,719,1907,274,736,341,19,268,138,274,44,6,690
E02000430,7417,223,1074,87,567,1529,206,974,425,33,381,195,299,13,17,1394
E02000431,6685,277,933,264,640,1447,182,808,247,7,302,121,230,32,8,1187
E02000432,6454,148,841,82,438,1045,241,700,311,6,538,240,411,24,8,1421
E02006794,7306,273,755,115,283,1516,270,134,351,23,1661,370,791,10,14,740
E02000554,9182,354,1358,100,430,1549,367,578,415,34,1553,488,639,62,38,1217
E02000555,9408,361,1010,176,532,1755,480,576,428,64,1220,487,591,148,10,1570
E02000556,10008,316,1385,133,567,1475,357,928,454,34,1187,449,608,143,22,1950
E02000557,8124,462,1218,179,501,1205,323,646,304,38,997,402,475,132,37,1205
E02000558,8870,318,1237,121,393,1734,314,366,318,34,1665,438,726,92,8,1106
E02000559,8778,196,1018,120,654,1629,326,990,338,21,738,288,476,103,19,1862
E02000560,7076,233,1021,147,441,876,249,676,219,28,565,248,352,254,29,1738
E02000561,7746,293,997,174,536,1558,302,690,427,48,546,240,413,251,29,1242
E02000562,7934,347,1069,172,514,1588,276,726,341,27,885,359,481,36,22,1091
E02000563,8486,429,1161,237,503,1249,292,556,345,51,1195,329,466,239,11,1423
E02000564,10488,314,1548,144,704,1272,262,1044,308,52,1157,374,472,242,10,2585
E02000565,8187,362,1103,156,438,1390,240,630,338,38,1248,306,658,31,19,1230
E02000566,8164,276,1004,140,670,1608,388,816,331,40,604,285,507,72,20,1403
E02000567,10358,410,1455,168,734,1467,379,1056,327,40,1344,431,596,66,13,1872
E02000568,9625,624,1507,386,588,1334,248,468,332,45,1387,455,574,429,20,1228
E02000569,10022,459,1397,263,643,1538,459,798,350,44,1481,482,505,60,45,1498
E02000570,8615,249,1255,208,888,1490,347,1056,317,33,631,211,416,122,4,1388
E02000571,8031,349,1116,204,514,1193,278,600,308,61,1184,458,423,65,20,1258
E02000572,8571,495,976,234,412,1453,402,352,208,55,1284,467,791,289,22,1131
E02000573,8674,390,1344,215,929,1315,311,920,202,22,681,313,346,93,19,1574
E02000574,8501,432,1472,318,756,1119,328,782,246,48,646,326,423,234,14,1357
E02000575,11889,635,2638,466,1232,1498,314,1042,321,43,991,344,416,324,20,1605
E02000576,9388,528,1543,322,626,1351,310,548,388,45,1246,384,468,347,32,1250
E02000577,7199,314,901,168,338,1446,494,314,221,19,1181,448,563,17,22,753
E02000578,5798,308,671,128,246,1267,303,166,238,48,1024,372,488,13,16,510
E02000579,8616,450,1256,197,511,1734,450,526,341,40,973,405,568,35,28,1102
E02000580,8655,451,1791,103,609,1154,330,726,219,56,1014,517,589,23,21,1052
E02000581,7298,501,935,185,335,1473,512,204,246,78,1112,496,597,23,22,579
E02000582,7659,483,1669,252,820,1576,181,668,190,30,295,171,401,37,40,846
E02000583,7303,351,1130,228,678,1767,353,570,194,38,366,265,592,44,4,723
E02000584,8178,475,1347,365,1009,2138,307,540,177,24,215,196,530,63,15,777
E02000585,8384,336,1255,276,826,2005,299,470,193,39,559,273,719,84,32,1018
E02000586,7769,352,1401,246,858,2087,251,510,125,9,179,136,552,171,19,873
E02000587,7523,362,1098,295,903,1998,370,416,125,29,258,188,499,107,29,846
E02000588,8159,455,1825,324,1064,1587,286,548,127,3,207,176,509,133,10,905
E02000589,8444,389,2024,201,807,1783,191,570,109,9,290,160,296,533,27,1055
E02000590,7015,513,1612,265,675,1224,355,312,135,20,445,345,398,88,35,593
E02000591,6769,341,1487,118,620,1112,197,624,104,20,468,245,309,192,15,917
E02000592,6761,321,1491,187,793,1658,164,580,112,19,127,135,349,167,25,633
E02000593,7624,391,1580,166,740,1513,163,658,157,34,386,201,307,206,32,1090
E02000594,7252,606,1357,388,896,1513,366,442,122,15,235,241,399,38,6,628
E02000595,7331,562,1396,342,796,1631,326,406,151,21,253,195,412,61,31,748
E02000596,7782,429,1465,344,826,1735,222,504,178,28,287,232,388,110,23,1011
E02000597,7130,424,1127,158,454,1425,325,286,263,41,663,531,462,41,39,891
E02000619,8054,437,1184,143,407,1159,305,430,310,38,1232,410,603,133,22,1241
E02000620,9370,336,1360,172,504,1308,224,762,301,33,1399,398,592,123,16,1842
E02000621,10429,341,1911,139,765,1216,284,874,294,37,1056,350,551,210,26,2375
E02000622,8094,244,951,108,422,1104,270,596,212,42,903,326,594,116,6,2200
E02000623,7990,270,858,160,382,1364,309,420,347,46,1225,457,705,73,14,1360
E02000624,7976,249,1005,98,334,1028,239,434,384,44,1263,438,655,75,9,1721
E02000625,8361,199,888,78,282,1306,282,356,368,35,1634,409,792,58,10,1664
E02000626,8301,216,1056,76,249,1285,218,266,478,46,1757,509,904,56,16,1169
E02000627,9571,260,1037,159,447,1191,271,608,307,44,1188,444,784,76,28,2727
E02000628,9731,330,1083,83,307,1530,363,400,418,26,1818,521,991,45,12,1804
E02000629,9033,229,1072,99,501,1332,240,872,314,16,749,225,490,29,24,2841
E02000630,7266,250,928,94,484,1153,219,758,227,24,554,281,411,38,6,1839
E02000631,8832,287,909,184,534,1823,346,592,446,32,848,322,763,145,23,1578
E02000632,9516,197,1063,90,484,792,222,978,256,25,660,290,331,58,8,4062
E02000633,8642,312,1220,86,358,1030,232,578,332,22,1325,382,764,55,15,1931
E02000634,6846,237,881,113,329,800,191,446,227,15,871,345,439,48,15,1889
E02000635,9157,196,1253,89,513,1330,232,820,466,36,1280,406,663,49,2,1822
E02000636,7639,172,629,105,571,1918,313,700,246,15,384,153,423,26,4,1980
E02000637,8687,245,1170,152,492,1241,217,814,407,32,775,223,436,75,15,2393
E02000638,9898,379,1201,189,441,1539,286,556,413,43,1318,411,813,68,16,2225
E02000639,8119,232,950,79,307,1337,276,324,382,54,1585,424,889,50,14,1216
E02000640,9123,294,793,182,666,1961,371,680,386,19,786,278,459,36,15,2197
E02000641,8779,249,899,113,320,1388,272,236,406,32,2086,509,1061,20,12,1176
E02000642,9628,377,1032,218,578,2120,437,668,575,40,1241,444,702,18,9,1169
E02000643,8369,299,940,118,458,1568,312,610,371,28,1026,259,676,34,30,1640
E02000644,8620,239,964,169,483,1764,340,510,548,48,1025,306,786,27,8,1403
E02000645,9020,278,1007,153,595,2172,327,666,485,25,1079,322,822,33,11,1045
E02000646,9121,349,963,215,611,1591,379,724,353,25,599,306,893,86,23,2004
E02000647,8483,343,830,241,491,2055,453,456,556,72,902,357,725,14,15,973
E02000648,7791,329,830,177,363,1430,254,284,565,54,1801,400,810,4,6,484
E02000649,11181,352,1544,133,785,1951,301,890,584,36,1267,290,1166,63,14,1805
E02000650,7424,210,880,148,470,1401,303,488,363,59,1362,426,576,7,33,698
E02000651,8591,266,916,221,495,1839,419,456,496,50,914,325,886,20,27,1261
E02000652,7363,250,344,267,331,1706,545,116,292,42,963,397,1047,33,19,1011
E02006801,8081,408,1515,274,706,961,335,520,236,36,559,329,373,441,13,1375
E02000653,8544,194,1031,79,411,1456,282,362,360,34,1547,299,812,149,10,1518
E02000654,8059,241,918,90,292,1433,253,260,332,33,1785,443,858,100,30,991
E02000655,8208,232,1081,134,488,1375,241,436,366,42,1260,322,925,209,10,1087
E02000657,9078,368,1248,236,470,1286,275,582,368,37,1069,339,608,334,15,1843
E02000658,8314,249,971,147,429,1418,359,524,494,32,894,348,691,261,31,1466
E02000659,7697,295,812,170,555,1856,259,608,295,39,1071,332,581,65,8,751
E02000660,8078,224,1152,124,636,1287,219,786,433,31,722,300,652,92,19,1401
E02000661,6342,378,970,259,653,1471,171,576,268,31,387,165,243,28,15,727
E02000662,8100,188,811,65,379,1414,339,510,717,20,1186,379,707,119,7,1259
E02000663,7194,204,694,109,465,1225,365,378,336,41,728,235,541,96,32,1745
E02000664,9928,451,1369,184,580,1585,292,570,504,52,1394,382,808,69,19,1669
E02000665,7916,340,939,183,523,1898,390,560,430,37,685,303,539,37,31,1021
E02000666,7321,218,674,163,395,1846,357,336,386,28,817,311,708,191,16,875
E02000667,6534,173,509,174,467,1729,395,348,401,23,493,320,611,31,11,849
E02000668,6657,272,628,246,496,1763,458,360,438,39,588,257,485,29,26,572
E02000669,7518,208,984,135,581,1422,292,500,406,20,847,266,762,34,9,1052
E02000670,6539,231,761,119,289,1487,300,218,379,47,1005,328,711,23,14,627
E02000671,8403,305,944,223,575,1911,405,504,523,58,840,389,638,23,4,1061
E02000672,8377,287,1134,184,450,1552,430,298,882,39,1055,320,754,45,15,932
E02000673,8007,226,942,247,651,1872,403,616,499,47,922,269,509,21,15,768
E02000674,8015,243,627,274,476,1948,607,204,462,59,1000,369,985,17,30,714
E02000675,8204,352,724,325,689,2019,741,308,354,60,882,359,743,2,15,631
E02000676,7713,249,773,147,565,1779,415,448,534,40,795,325,744,15,36,848
E02000677,7199,246,613,273,399,1760,573,194,338,52,620,322,1185,17,11,596
E02000678,6087,284,503,180,252,1503,336,142,377,47,1189,311,643,2,13,305
E02000679,7905,309,946,216,459,1563,502,340,455,38,1222,371,619,20,14,831
E02000680,6847,316,812,239,459,1389,284,372,401,29,1097,255,489,10,18,677
E02000681,8094,403,685,206,390,1778,599,188,464,64,1321,521,884,8,28,555
E02000682,8162,334,520,282,365,2014,731,140,546,42,1299,452,942,17,31,447
E02000683,6444,382,604,218,304,1322,452,256,406,78,1095,338,619,7,15,348
E02000685,7679,412,833,217,453,1544,465,400,482,46,1196,461,539,5,32,594
E02000686,6681,272,755,103,235,1482,326,168,350,44,1492,358,634,6,26,430
E02000687,7926,399,932,229,539,1573,445,392,537,33,984,304,587,21,20,931
E02006783,7208,331,515,216,358,1664,388,150,586,69,1474,430,685,2,25,315
E02006784,7359,495,705,288,394,1702,462,156,483,54,1133,454,554,15,26,438
E02006798,7548,250,1061,82,342,1212,266,320,320,57,1188,394,870,125,15,1046
E02000714,8133,183,518,88,290,2021,404,124,359,48,902,325,1351,113,13,1394
E02000715,7381,190,372,124,182,2232,383,60,142,32,881,263,1451,154,2,913
E02000716,7354,163,498,75,253,1879,343,92,194,23,756,307,1509,206,17,1039
E02000717,8101,161,334,92,272,2205,421,72,149,23,774,290,1840,240,8,1220
E02000718,6844,203,386,102,180,2137,284,68,253,27,1005,287,1330,79,16,487
E02000719,8216,251,693,101,331,1557,292,238,253,35,885,334,1343,369,18,1516
E02000720,7483,137,375,130,262,1824,565,98,221,7,494,240,1711,206,11,1202
E02000721,9665,203,553,165,281,2392,459,68,147,39,634,266,2449,314,26,1669
E02000722,8226,171,691,122,368,1512,297,274,285,22,818,277,1155,245,12,1977
E02000723,10600,152,253,167,221,2867,913,50,122,29,522,304,2765,285,14,1936
E02000724,9415,131,303,155,225,2652,696,44,115,16,596,258,2493,301,16,1414
E02000725,8876,304,1031,76,502,1447,279,456,212,52,752,312,901,289,16,2247
E02000726,8892,170,1017,99,463,1551,283,512,178,41,818,268,965,312,12,2203
E02000727,8305,121,293,98,198,2154,525,46,169,19,464,214,1978,174,7,1845
E02000728,8227,109,244,122,248,2271,588,60,131,25,529,165,2242,187,8,1298
E02000729,7080,145,401,93,239,1585,435,130,176,19,525,237,1603,127,9,1356
E02000730,8992,159,317,151,203,2259,613,56,72,0,462,282,2309,247,9,1853
E02000731,10073,204,346,122,248,2629,596,84,226,24,535,260,2334,336,6,2123
E02000732,7566,189,408,107,159,2182,382,62,254,22,770,327,1554,136,5,1009
E02000733,9754,234,777,130,386,2189,500,250,385,33,1286,435,1441,165,30,1513
E02000734,7642,222,613,87,246,1704,316,156,354,14,974,343,1346,162,22,1083
E02000735,7582,261,365,125,249,1793,332,68,229,12,618,272,1657,170,26,1405
E02000736,8571,192,361,134,238,2565,484,66,226,34,1074,338,1923,119,4,813
E02000737,9434,292,458,172,396,2821,469,112,338,40,1041,355,1824,97,25,994
E02000738,8467,180,364,120,324,2550,608,114,277,33,644,207,1768,185,14,1079
E02000739,6894,187,399,80,210,1590,374,126,193,22,846,270,1252,145,15,1185
E02000740,6779,157,667,54,270,1398,331,150,294,39,1043,346,927,175,16,912
E02000741,8261,204,496,123,319,2286,517,168,267,50,1002,257,1476,158,12,926
E02000742,8005,198,365,122,292,2278,357,72,419,39,979,283,1711,88,20,782
E02000743,7866,333,632,142,265,1651,410,128,296,25,1272,373,1232,103,20,984
E02000744,8029,274,612,140,286,1746,315,124,412,50,1223,292,1325,81,17,1132
E02000745,8141,151,562,89,319,1928,520,168,330,67,1152,370,1531,58,4,892
E02000746,7382,255,746,120,436,1670,341,208,245,37,1012,336,1153,92,3,728
E02000747,10646,301,1167,138,787,1742,396,634,391,58,1252,442,1289,200,24,1825
E02000748,6240,181,539,155,395,1511,306,194,299,18,753,214,1102,42,0,531
E02000749,8183,283,613,128,326,1686,381,156,383,88,1563,447,1257,63,6,803
E02000750,10679,197,1148,87,779,2095,310,568,524,52,1425,321,1038,129,9,1997
E02000807,8313,158,964,73,927,1358,331,758,322,32,552,216,365,189,8,2060
E02000808,9102,507,1530,278,954,1064,258,862,213,66,646,274,373,225,11,1841
E02000809,11711,203,2089,147,1281,1358,161,1780,465,17,598,215,291,284,13,2809
E02000810,9144,336,1198,142,510,1219,324,590,493,55,1361,319,701,222,29,1645
E02000812,10290,417,1412,216,658,1448,204,718,363,24,1142,366,797,614,23,1888
E02000813,8591,320,1004,162,542,1185,299,432,442,57,1282,327,836,191,35,1477
E02000814,8652,198,1077,103,893,1162,284,842,323,42,739,236,332,212,11,2198
E02000815,6497,264,832,190,408,1071,132,488,171,24,499,168,476,268,3,1503
E02000816,9043,285,1122,206,484,1452,410,506,479,45,1269,444,818,195,30,1298
E02000817,6494,379,736,187,257,1025,288,186,360,53,1072,324,560,93,12,962
E02000818,7534,332,819,165,383,994,262,376,327,48,922,305,689,386,20,1506
E02000819,8315,292,956,106,356,1524,291,340,423,54,1114,325,936,344,23,1231
E02000820,8503,364,1157,124,406,1044,276,606,381,23,1060,412,704,206,23,1717
E02000821,8386,203,699,139,279,1486,339,178,587,57,1315,457,1252,175,14,1206
E02000822,8111,241,854,110,311,1393,286,252,512,30,1329,382,950,105,8,1348
E02000823,7733,285,747,105,361,1111,243,314,308,51,1060,361,911,181,22,1673
E02000824,9568,288,788,99,277,1804,366,184,591,56,1792,558,1412,127,26,1200
E02000825,9649,202,777,89,339,1733,326,252,616,69,1943,473,1567,55,12,1196
E02000826,8888,322,949,112,408,1441,289,400,553,50,1285,414,1114,175,20,1356
E02000827,10359,342,1296,127,447,1603,323,382,611,44,1623,483,1237,125,18,1698
E02000828,8383,214,773,79,299,1424,375,236,436,49,1350,453,1303,143,34,1215
E02000829,10389,409,1238,149,493,1572,427,524,538,76,1366,470,1058,177,20,1872
E02000830,8870,273,1032,190,596,1607,247,738,536,34,729,319,700,174,27,1668
E02000831,9378,311,1013,159,573,1645,351,652,717,31,988,335,865,84,11,1643
E02000832,9960,442,1063,182,463,1869,454,422,578,82,1513,520,1099,65,14,1194
E02000833,7755,289,736,184,434,1520,218,394,464,46,1253,401,793,56,10,957
E02000834,9199,326,1189,169,785,1857,279,984,530,39,607,297,550,63,10,1514
E02000835,7236,238,600,174,444,1697,366,468,589,59,886,289,591,31,13,791
E02000836,8240,246,657,176,646,2268,467,752,616,36,505,276,526,52,17,1000
E02000837,9085,322,420,415,683,3538,561,418,504,29,420,207,714,25,23,806
E02000838,9180,304,872,220,674,2119,484,720,666,30,822,402,702,40,15,1110
E02000839,8036,408,710,376,665,1898,396,472,419,18,970,339,622,12,19,712
E02006802,7689,495,1119,361,631,1078,269,424,291,51,641,323,541,166,9,1290
E02000864,8297,380,831,176,398,1699,315,414,309,48,1078,392,797,154,31,1275
E02000865,7051,231,785,104,256,1822,227,288,253,38,634,253,751,96,17,1296
E02000866,9662,321,893,180,530,1907,431,648,415,51,837,300,667,306,20,2156
E02000867,9761,227,1216,104,646,1693,229,1024,236,27,1031,280,659,318,9,2062
E02000868,6632,198,739,109,331,1348,172,570,165,19,386,225,602,154,11,1603
E02000869,5705,228,727,95,315,1166,151,396,175,10,456,232,410,70,19,1255
E02000870,6477,229,634,111,197,1527,259,380,199,40,623,233,608,124,8,1305
E02000871,8591,172,800,80,372,2623,261,310,248,40,1015,290,1226,197,18,939
E02000872,7501,163,895,62,302,1476,193,476,189,6,596,283,722,136,8,1994
E02000873,8713,450,940,319,553,2179,209,328,170,25,554,255,853,698,6,1174
E02000874,7129,212,757,111,262,2022,280,240,109,26,600,227,1002,194,15,1072
E02000875,9440,178,926,88,340,2983,261,346,242,11,981,393,1141,219,4,1327
E02000876,7037,163,911,67,343,1657,213,436,83,15,453,158,864,210,13,1451
E02000877,9803,215,685,87,297,3121,256,264,286,34,935,345,1199,392,11,1676
E02000878,10286,359,1442,219,635,2103,376,684,116,6,377,275,1213,262,4,2215
E02000879,7634,354,764,169,347,2100,263,306,170,23,543,269,801,334,18,1173
E02000880,5776,203,577,84,224,1569,169,206,116,12,337,191,793,199,9,1087
E02000881,6909,172,551,46,234,2203,298,212,267,51,940,259,938,65,18,655
E02000882,8604,229,674,84,320,2955,287,312,265,24,800,315,1388,88,9,854
E02000883,7950,265,699,131,277,2333,331,180,279,44,1088,389,997,110,19,808
E02000884,9086,120,1179,49,495,1543,202,680,111,11,444,184,1115,382,9,2562
E02000885,6895,240,628,82,278,1932,258,222,127,12,778,311,973,94,10,950
E02000886,7326,162,980,78,606,1719,227,580,196,23,485,210,695,95,12,1258
E02000887,8660,224,754,111,345,2406,299,266,349,43,1181,305,1089,80,26,1182
E02000888,8215,140,1002,65,587,2324,224,610,185,22,586,171,903,199,5,1192
E02000889,6616,164,976,83,465,1536,185,436,192,7,337,218,571,101,8,1337
E02000890,5795,182,1237,114,750,906,136,790,142,10,164,110,222,50,9,973
E02000891,12678,126,1904,70,1272,2472,308,1140,358,38,1121,321,899,231,15,2403
E02000893,6783,225,780,98,542,1688,297,342,228,19,676,224,493,119,15,1037
E02000894,10137,118,1428,66,1226,1936,338,858,337,22,645,243,809,221,2,1888
E02006853,7064,122,1242,58,688,1396,149,596,222,13,728,158,593,88,0,1011
E02006854,5883,39,1198,36,918,1163,95,672,97,3,352,66,296,108,2,838
E02000923,7474,387,1117,249,749,1365,269,658,160,17,418,208,315,78,11,1473
E02000924,11131,372,1798,162,626,1301,364,800,365,62,1364,575,893,160,5,2284
E02000925,7848,316,932,147,359,1417,228,440,281,35,1259,363,607,137,8,1319
E02000926,8936,280,1350,190,838,1295,247,880,294,29,617,308,430,105,25,2048
E02000927,6790,288,850,148,498,963,291,592,242,43,637,333,282,27,26,1570
E02000928,8458,329,736,226,844,2517,385,788,284,27,286,245,285,44,22,1440
E02000929,7277,341,851,119,286,1132,259,330,302,27,1293,497,578,29,11,1222
E02000930,9676,225,1118,131,729,1573,253,1102,318,18,471,242,307,31,16,3142
E02000931,8474,174,796,116,754,2452,212,810,236,16,179,151,381,54,22,2121
E02000932,10296,280,1254,186,1066,2068,350,1362,244,24,261,153,287,51,10,2700
E02000933,8781,447,829,338,840,2369,511,716,154,25,333,249,423,56,12,1479
E02000934,9105,225,1262,141,839,1405,246,1192,199,32,534,322,355,36,14,2303
E02000935,6850,512,711,350,382,1319,192,164,325,10,1083,261,417,246,8,870
E02000936,8330,529,1054,253,811,1369,250,896,207,15,346,205,296,10,21,2068
E02000937,7724,191,688,110,682,2667,214,634,286,36,285,193,531,2,13,1192
E02000938,9546,580,961,374,675,1977,357,404,369,41,1147,413,626,148,46,1428
E02000939,7968,241,515,255,721,3170,375,414,274,3,310,134,526,24,25,981
E02000940,7835,276,892,116,592,1503,242,768,298,35,893,272,512,23,18,1395
E02000941,9941,277,959,236,910,3101,378,1008,283,34,421,246,596,43,27,1422
E02000942,9665,287,704,300,912,3275,560,620,301,23,330,257,517,41,33,1505
E02000943,8402,237,964,137,702,2065,291,888,162,10,280,244,393,25,14,1990
E02000944,7206,290,712,154,480,1663,291,358,283,31,939,338,506,41,9,1111
E02000945,7620,475,663,285,445,1430,309,182,296,24,893,301,516,539,13,1249
E02000946,8795,447,919,368,858,1885,307,772,311,44,569,272,498,20,20,1505
E02000947,8675,256,918,158,912,2483,358,842,404,34,336,199,346,7,30,1392
E02000948,9877,306,1139,141,755,1736,311,1396,252,13,502,213,430,17,31,2635
E02000949,9805,360,1035,248,860,2845,388,960,327,14,290,196,472,12,22,1776
E02000950,7578,295,742,193,669,1950,324,506,295,16,516,259,385,30,18,1380
E02000951,6650,240,833,111,539,1259,279,670,162,20,365,182,400,37,4,1549
E02000952,6257,173,718,88,400,1511,268,564,145,31,349,203,470,8,13,1316
E02000953,7084,242,1040,175,711,1746,258,658,216,16,369,169,308,66,13,1097
E02000954,6429,147,389,144,340,1513,437,294,273,20,426,294,683,63,7,1399
E02000955,6714,253,402,152,274,1432,388,296,282,38,754,321,756,236,30,1100
E02000956,7705,241,708,114,432,1278,276,436,264,27,885,282,631,580,22,1529
E02000957,10589,330,902,208,718,2241,438,746,340,27,849,337,940,215,32,2266
E02000958,8271,378,552,215,467,2403,572,232,456,38,725,313,887,26,22,985
E02000959,7233,277,765,112,418,1650,332,404,385,40,896,272,770,21,20,871
E02000960,6620,464,831,370,726,1778,330,210,75,27,326,206,503,56,18,700
E02000961,9442,452,1013,302,732,2812,464,482,185,31,922,321,589,68,22,1047
E02000962,8624,796,1438,352,766,1917,295,384,141,40,610,287,485,124,23,966
E02000963,10363,407,998,175,414,2442,625,370,357,69,1659,799,999,51,33,965
E02000964,12549,513,1745,148,642,2505,530,858,337,61,1733,637,912,82,31,1815
E02000965,8627,245,1192,112,712,1854,239,780,200,27,773,322,380,59,24,1708
E02000966,9708,405,1561,244,1149,2432,327,834,236,19,485,273,454,31,14,1244
E02000967,7289,356,1312,283,883,1203,201,530,116,6,225,192,337,359,30,1256
E02000968,14358,736,1481,285,559,3519,863,340,339,36,2367,858,1397,162,32,1384
E02000969,9329,389,1040,173,387,2427,457,244,265,44,1538,535,662,30,33,1105
E02000970,8983,502,1887,357,1217,1410,254,662,188,23,231,174,375,190,33,1480
E02000971,8408,443,1812,278,837,1344,212,658,95,24,426,222,381,267,26,1383
E02000972,8333,598,2191,267,843,931,202,754,105,19,294,224,239,313,23,1330
E02000973,10090,470,2126,247,993,1811,348,932,201,47,588,314,442,70,21,1480
E02000974,8794,465,1895,311,773,1700,347,406,139,37,617,253,498,175,10,1168
E02000975,8757,391,2044,195,979,1416,202,950,142,14,352,161,233,168,18,1492
E02000976,9946,474,1976,203,898,1549,325,776,191,12,563,214,406,300,16,2043
E02000977,7490,606,1868,368,826,809,226,568,79,16,197,184,266,249,16,1212
E02000978,9270,710,1604,677,1279,1918,377,354,102,10,286,165,582,93,19,1094
E02000979,8081,614,1563,366,1120,1536,334,468,111,14,456,226,224,90,18,941
E02000980,8684,594,1553,225,791,1651,352,562,217,28,753,412,305,58,40,1143
E02000981,8991,461,1918,199,993,1325,277,930,171,41,378,249,299,105,22,1623
E02000982,8226,562,1449,213,619,1592,346,452,234,35,911,337,477,66,24,909
E02000983,8434,654,1590,307,627,1564,349,562,141,34,731,360,382,110,41,982
E02000002,6775,420,415,394,310,1564,449,134,482,58,1285,326,552,8,27,351
E02000003,10045,470,575,454,622,2723,990,226,432,55,1195,418,1079,19,28,759
E02000004,6182,372,335,415,507,1732,686,176,364,22,645,253,414,0,10,251
E02000005,8562,371,437,306,542,2224,656,188,643,93,1302,334,1001,2,6,457
E02000007,8791,456,658,292,437,1988,535,206,752,68,1736,361,840,13,20,429
E02000008,11569,616,784,395,633,2920,726,280,895,87,1875,537,1272,5,48,496
E02000009,8395,332,575,181,471,1924,553,196,593,78,1413,401,995,65,25,593
E02000010,8615,361,540,248,482,2200,545,174,686,87,1519,395,904,13,29,432
E02000011,6187,232,384,348,416,1679,591,188,294,43,752,212,710,11,12,315
E02000012,9888,408,389,383,505,3204,1013,128,288,54,687,301,1844,43,21,620
E02000013,8402,354,507,255,437,2139,609,184,705,43,1374,340,982,11,21,441
E02000014,9402,387,575,354,566,2261,717,178,828,63,1492,416,1074,7,17,467
E02000015,7563,363,785,200,424,1681,398,192,546,41,1539,285,717,8,26,358
E02000016,7676,104,704,35,497,2136,184,276,315,39,1138,193,1024,204,2,825
E02000017,8498,201,405,210,388,2243,618,132,231,28,596,250,1747,125,22,1302
E02000018,8890,352,536,235,447,2303,537,184,709,50,1609,343,980,23,8,574
E02000019,8276,263,477,254,480,2302,576,184,626,45,1354,306,943,8,15,443
E02000020,9276,426,557,248,432,2529,526,130,458,62,1399,454,1154,71,18,812
E02000021,7904,299,527,257,437,1986,610,204,547,77,1308,316,867,11,9,449
E02000022,8777,189,769,88,416,2439,196,188,512,13,2047,258,1045,54,6,557
E02000023,6482,142,589,116,244,1606,264,132,456,34,1360,229,905,7,0,398
E02006799,9756,459,540,298,508,2704,696,164,746,90,1596,375,846,13,32,689
E02000024,10156,601,700,625,931,3419,901,436,457,64,555,289,486,10,43,639
E02000025,7956,496,863,385,671,2314,600,426,304,63,661,371,329,13,23,437
E02000026,6313,306,396,439,509,2178,759,186,232,41,330,182,385,23,2,345
E02000027,9598,470,584,465,657,2754,770,238,501,98,1309,542,746,4,24,436
E02000028,6166,263,394,393,549,1837,644,248,263,17,494,242,339,18,17,448
E02000029,8517,365,693,362,640,2556,687,374,498,53,855,355,537,22,27,493
E02000030,9130,468,370,753,739,3073,1069,166,245,61,610,356,702,5,24,489
E02000031,7294,404,416,532,618,2507,668,196,236,13,343,263,453,20,49,576
E02000032,7857,299,248,482,584,2907,1122,104,215,30,389,235,655,38,23,526
E02000033,8537,348,628,365,597,2462,765,274,418,46,887,435,679,10,18,605
E02000034,8508,398,586,405,711,2497,806,272,346,21,839,294,570,2,37,724
E02000035,7965,475,751,432,720,2357,638,376,245,34,435,268,425,13,11,785
E02000036,10743,396,594,532,746,3706,954,186,251,60,1054,437,1001,9,53,764
E02000037,9741,363,326,562,722,3594,1284,94,175,26,860,339,825,2,19,550
E02000038,10514,385,861,383,787,2883,964,350,463,38,938,460,807,33,17,1145
E02000039,6675,233,358,383,518,2541,609,166,141,44,403,158,602,10,17,492
E02000040,7197,401,335,370,498,2321,464,192,235,42,784,272,546,2,5,730
E02000041,8811,381,408,423,601,2743,893,94,142,32,777,338,1031,36,33,879
E02000042,10639,535,1019,439,842,2794,709,532,370,35,609,358,968,57,34,1338
E02000043,7696,247,290,396,564,3123,798,204,183,27,288,224,613,27,14,698
E02000044,8071,229,390,204,436,2189,654,170,326,64,1181,398,1049,32,40,709
E02000045,10237,319,979,212,552,2626,670,398,653,59,1367,489,676,23,25,1189
E02000046,7063,253,600,276,546,1890,472,390,191,17,368,192,473,32,21,1342
E02000047,11373,441,674,247,633,2910,778,220,432,51,1579,582,1644,33,31,1118
E02000048,9817,408,646,514,722,3462,799,354,233,43,604,291,915,47,34,745
E02000049,8503,189,629,146,308,2152,438,138,460,60,1753,413,1189,19,13,596
E02000050,10064,401,668,338,642,2736,715,396,409,44,946,458,1072,37,24,1178
E02000051,8647,521,634,623,663,2342,692,296,179,12,456,225,808,68,42,1086
E02000052,9698,505,830,288,732,2581,524,704,427,36,650,368,393,33,17,1610
E02000053,8697,311,893,293,665,2204,496,316,200,17,625,319,1013,126,19,1200
E02000054,7206,221,613,258,460,2040,556,196,170,21,397,249,798,159,19,1049
E02000055,11130,512,785,511,739,3029,626,342,171,30,590,358,1081,377,28,1951
E02000056,9212,410,491,666,814,3373,751,222,170,25,398,174,871,12,20,815
E02000057,7484,233,305,303,451,3129,490,144,95,26,304,203,574,110,38,1079
E02000058,10220,568,650,570,806,3753,638,320,187,28,465,230,575,66,27,1337
E02000059,10459,344,886,297,609,2568,827,242,288,42,895,469,1454,155,14,1369
E02000060,10920,478,511,421,591,4840,613,180,144,10,396,215,817,73,36,1595
E02000061,8013,321,699,435,615,2203,509,368,142,17,327,207,648,103,20,1399
E02000062,6340,225,501,121,261,1469,399,162,231,34,856,298,791,39,14,939
E02000063,6971,216,504,217,347,1986,502,204,198,30,669,252,799,32,22,993
E02000064,6248,289,584,246,362,1560,277,228,144,24,643,246,534,62,23,1026
E02000065,7666,130,581,130,394,2248,452,206,559,36,1151,224,1119,49,4,383
E02000066,9641,337,927,249,562,2079,678,190,639,66,1677,476,1137,31,16,577
E02000067,8750,409,772,262,536,2021,556,364,755,82,1360,308,756,17,29,523
E02000068,7388,286,707,168,502,1768,446,306,664,92,1193,263,574,28,21,370
E02000069,6194,348,418,442,490,1405,569,218,407,54,734,274,472,5,26,332
E02000070,7875,462,376,659,750,2258,896,260,451,61,541,266,503,5,21,366
E02000071,7300,295,353,424,592,2019,806,194,536,102,818,347,558,7,22,227
E02000072,11734,427,1019,357,673,2769,629,374,1079,72,2503,454,847,28,31,472
E02000073,10724,498,317,884,984,3566,1280,224,728,82,626,364,704,8,32,427
E02000074,7655,463,614,396,540,1681,712,272,673,74,1085,387,464,3,22,269
E02000075,7948,473,285,787,839,2459,1026,202,381,66,377,345,332,0,44,332
E02000077,7823,364,305,485,636,2489,979,202,502,63,555,284,597,9,19,334
E02000078,7665,336,362,604,860,2246,952,250,540,59,515,269,376,0,12,284
E02000079,7865,539,516,622,698,2177,744,320,458,55,538,329,451,10,28,380
E02000080,9430,495,440,704,792,2720,1135,276,568,70,726,412,581,8,50,453
E02000081,7513,550,401,597,671,2144,875,220,474,62,619,290,316,4,34,256
E02000082,8876,410,335,604,818,2757,1110,240,583,70,551,346,641,12,29,370
E02000083,9771,524,714,501,756,2754,782,434,813,81,1035,375,523,4,26,449
E02000084,10641,567,489,853,1047,3164,1415,360,650,105,619,369,561,0,17,425
E02000085,7893,409,372,528,616,2348,959,260,606,63,748,275,414,24,25,246
E02000086,7328,295,296,543,655,2381,1104,200,558,61,454,265,274,28,25,189
E02000087,7579,489,385,831,748,2281,853,258,437,55,374,252,236,6,17,357
E02000088,7737,355,294,744,686,2501,962,252,462,90,411,289,309,47,32,303
E02000089,7783,405,262,695,779,2700,965,208,423,54,387,236,377,39,28,225
E02000090,8726,782,837,641,805,1986,698,516,505,59,548,287,317,210,28,507
E02000091,9682,864,763,818,884,2600,861,330,367,54,648,399,479,126,28,461
E02000092,6426,363,517,409,463,1452,481,218,527,53,885,303,421,14,33,287
E02006785,6384,364,352,490,536,1559,704,198,436,56,603,285,460,0,32,309
E02000093,10883,292,408,423,467,2827,1555,110,188,34,687,403,2044,15,28,1402
E02000094,8746,244,346,281,351,2438,999,104,183,24,735,322,1594,18,31,1076
E02000095,9921,292,387,429,453,2499,1289,74,121,38,555,350,1917,73,34,1410
E02000096,7598,334,197,444,518,2086,1116,40,79,32,254,279,1195,78,29,917
E02000097,8958,307,328,336,408,2727,977,134,198,41,541,371,1477,33,22,1058
E02000098,7944,305,351,301,431,2109,761,66,119,47,543,337,1402,56,32,1084
E02000099,8707,220,357,231,475,2427,729,112,188,38,755,288,1581,65,43,1198
E02000100,8388,306,672,522,582,2058,1138,82,145,37,286,297,1244,87,15,917
E02000101,9332,356,653,286,452,2447,743,168,291,40,1071,379,1349,50,29,1018
E02000102,7787,228,400,192,232,2142,657,104,238,23,970,350,1379,7,20,845
E02000103,8723,262,503,288,335,2383,730,140,259,23,1077,427,1244,33,46,973
E02000104,6767,293,275,264,356,1423,737,62,148,13,488,249,1354,63,41,1001
E02000105,9202,245,475,210,394,2429,766,136,219,30,620,333,1890,56,24,1375
E02000106,10217,236,673,227,369,2384,807,122,356,28,1165,392,1724,97,22,1615
E02000107,10692,238,1066,187,493,2107,509,560,349,49,929,327,1182,160,38,2498
E02000108,6584,228,285,205,273,1650,576,70,146,26,453,252,1289,34,23,1074
E02000109,9864,294,547,316,556,2473,926,172,277,48,705,358,1502,81,33,1576
E02000110,8087,227,595,176,418,1646,617,356,235,45,666,291,822,85,28,1880
E02000111,9782,213,388,239,367,2306,805,90,171,54,492,388,2440,58,28,1743
E02000112,9432,197,432,264,383,2020,1006,62,164,16,536,364,1962,73,37,1916
E02000113,9655,253,623,112,214,2387,608,94,295,49,2128,662,1422,5,13,790
E02000114,9010,245,865,98,470,1777,424,502,284,24,774,328,919,134,36,2130
E02000115,8340,421,1227,137,502,1427,240,688,293,23,572,280,462,98,29,1941
E02000116,8153,241,741,83,289,1713,333,222,229,27,1202,317,1168,59,39,1490
E02000117,12013,371,1189,183,373,2631,577,176,581,36,2386,724,1535,15,30,1206
E02000118,9425,176,404,211,319,2209,917,98,206,27,666,396,2438,34,26,1298
E02000119,7248,263,587,71,187,1860,316,100,224,25,1403,538,1088,9,10,567
E02000120,9214,304,1341,154,654,1483,307,894,342,32,701,342,587,86,39,1948
E02000121,8933,171,313,226,330,1925,960,84,121,25,402,316,2439,54,32,1535
E02000122,8079,317,576,253,385,2057,611,252,303,31,565,350,887,34,51,1407
E02000123,14719,386,1709,200,518,2912,557,460,631,76,2472,673,1828,84,28,2185
E02000124,10222,278,1160,179,628,2148,413,660,368,34,917,401,731,65,20,2220
E02000125,10815,282,1068,266,544,2236,719,450,520,24,910,515,1175,56,41,2009
E02000126,7775,299,1118,93,263,1714,269,282,273,33,1307,455,781,29,20,839
E02000127,8483,482,772,441,589,1820,528,328,621,100,1423,439,480,7,11,442
E02000128,7294,416,484,450,712,2218,678,310,449,71,585,268,312,8,8,325
E02000130,7914,321,901,308,677,1952,552,454,522,60,818,302,428,16,38,565
E02000131,8954,277,1907,122,680,1542,244,842,520,22,1290,300,447,9,17,735
E02000132,8567,690,1605,382,922,1463,381,914,328,28,717,226,257,10,34,610
E02000133,9606,568,603,1052,1042,3209,914,446,363,34,378,209,434,6,21,327
E02000134,10773,703,1419,395,1015,2712,525,828,598,61,919,331,455,13,27,772
E02000135,9734,380,1497,134,534,1658,383,406,682,77,2035,500,772,20,27,629
E02000136,5728,422,392,564,537,1592,610,152,285,25,517,172,234,0,24,202
E02000137,7826,532,922,605,787,2118,580,494,352,21,447,257,264,2,29,416
E02000138,7936,713,1022,777,897,1876,496,604,298,47,304,228,187,0,28,459
E02000139,7284,307,781,252,725,2175,438,472,388,37,568,306,329,3,6,497
E02000140,8041,427,680,386,432,1976,510,236,641,90,1461,362,539,0,22,279
E02000141,6940,308,831,190,598,1704,446,324,547,66,773,267,423,7,22,434
E02000142,8285,416,572,507,818,2896,673,374,458,34,500,289,339,5,16,388
E02000144,8681,414,875,488,787,2671,675,506,455,57,584,312,282,2,32,541
E02000145,8086,377,698,376,566,1786,532,278,676,72,1595,323,495,0,24,288
E02000146,8324,514,707,412,684,2625,647,392,541,44,621,277,378,0,17,465
E02000147,7969,450,425,761,843,3082,902,158,283,37,328,171,231,0,23,275
E02000148,6585,382,278,638,724,2273,664,170,322,25,346,194,302,18,27,222
E02000149,7708,408,567,449,726,1839,696,292,587,63,1064,310,440,0,16,251
E02000150,8351,419,355,577,661,3110,961,160,470,57,583,330,401,0,20,247
E02000151,7574,393,229,852,950,2694,825,194,299,27,325,184,308,0,27,267
E02000152,6572,376,363,335,458,1732,533,176,480,49,993,387,333,0,32,325
E02000153,7755,362,209,586,698,3034,987,148,414,43,435,275,303,0,30,231
E02000154,7959,452,481,654,788,2445,869,300,337,35,516,262,400,8,38,374
E02000155,6905,518,450,782,714,1624,777,264,376,60,494,291,282,6,22,245
E02000156,12094,784,453,1126,1104,4285,1496,218,559,60,663,402,450,9,48,437
E02000157,7964,571,313,954,870,2721,825,176,368,25,443,219,225,0,32,222
E02000158,7364,402,318,780,690,2021,785,176,393,37,861,274,371,0,19,237
E02000159,6812,387,275,760,760,2103,739,220,374,37,384,179,346,3,17,228
E02000160,7856,429,316,608,830,2853,950,200,455,67,407,191,260,0,20,270
E02000161,8410,454,416,754,868,3157,893,220,383,52,406,283,246,0,32,246
E02000162,6693,520,415,689,647,2003,565,192,314,26,563,218,254,0,51,236
E02000163,7650,417,311,746,908,2378,833,218,372,38,387,249,420,2,27,344
E02000165,7045,232,318,392,798,2144,856,272,586,89,485,251,300,0,4,318
E02006782,7648,402,501,482,710,1995,742,202,382,44,897,358,537,6,20,370
E02006787,7594,362,460,373,679,2660,722,284,501,76,559,272,314,3,17,312
E02006789,6428,390,300,652,900,1646,747,178,392,53,413,164,343,0,34,216
E02000194,8696,421,1304,208,626,1724,363,656,455,49,1310,363,493,11,14,699
E02000195,9152,334,565,466,616,2490,911,244,391,73,727,361,1097,16,28,833
E02000196,7403,224,406,281,333,1741,813,82,273,51,802,406,1087,33,25,846
E02000197,9094,358,588,330,392,2242,732,232,411,53,1208,450,1095,35,25,943
E02000198,8070,296,906,161,331,1663,475,170,493,70,1649,342,876,23,12,603
E02000199,8430,215,637,179,435,2012,591,144,502,54,1477,416,1029,20,16,703
E02000200,8294,315,1277,224,556,1551,455,378,437,30,1322,339,703,16,10,681
E02000201,8281,328,1221,156,428,1483,335,264,414,61,1780,322,764,21,46,658
E02000202,8548,286,488,271,357,2048,837,114,297,67,995,392,1384,71,17,924
E02000203,7539,286,796,185,349,1483,533,190,348,78,1231,316,934,34,18,758
E02000204,9407,276,482,273,395,2243,1032,90,279,51,1220,390,1729,26,23,898
E02000206,9539,334,1124,184,448,1917,462,312,560,50,2003,434,909,77,15,710
E02000207,8999,289,871,202,394,2095,503,208,658,105,1847,421,759,9,10,628
E02000208,9790,293,952,165,463,2270,343,230,448,38,1906,386,1211,105,14,966
E02000209,8414,182,488,204,320,2529,629,128,387,55,1334,355,1174,32,7,590
E02000210,8310,238,749,214,672,2248,577,344,514,45,1073,364,638,7,15,612
E02000211,8000,485,421,636,772,2170,877,226,438,80,594,351,519,0,31,400
E02000212,8523,193,515,164,312,2276,446,118,376,48,1317,366,1475,61,14,842
E02000213,9551,312,1246,155,539,1908,354,334,495,9,1680,393,1049,86,15,976
E02000214,6236,248,277,375,527,1854,777,174,286,53,439,242,489,0,22,473
E02000215,10518,560,1575,226,890,2074,411,688,504,28,1079,277,741,44,49,1372
E02000216,6738,519,677,399,733,1977,445,232,198,18,350,199,459,10,40,482
E02000217,9688,310,1138,164,726,2189,464,558,544,69,1489,373,614,25,13,1012
E02000218,6640,225,218,320,452,1902,723,102,375,31,1153,267,566,6,15,285
E02000219,7686,471,298,725,785,2244,1154,172,281,54,332,193,544,2,27,404
E02000220,9881,544,1739,236,872,1687,247,730,408,43,1166,281,602,36,30,1260
E02000221,9820,412,815,308,602,2420,624,318,504,67,1756,410,826,2,29,727
E02000222,7891,287,951,373,787,1969,448,634,391,30,626,227,471,8,8,681
E02000223,8371,239,287,229,260,1697,490,92,1044,65,2391,494,781,17,19,266
E02000224,7684,317,789,225,653,2037,550,472,487,40,712,222,504,32,14,630
E02000225,7535,267,299,335,500,1780,840,118,561,78,1285,471,619,7,25,350
E02000226,7539,383,263,733,845,2262,1022,138,292,56,322,235,614,0,22,352
E02000227,11411,575,995,648,994,2810,953,480,852,133,1198,501,687,0,33,552
E02000228,7609,388,288,806,896,2627,909,192,251,28,228,160,469,0,25,342
E02000229,6374,337,327,253,359,1314,456,118,679,96,1315,351,495,0,9,265
E02000230,10045,518,749,586,1040,2868,868,462,395,50,738,276,717,0,32,746
E02000231,7685,258,242,602,710,2775,1045,118,228,24,255,161,722,0,22,523
E02000232,6207,320,190,553,583,1894,703,122,344,59,421,231,461,0,6,320
E02000233,6135,238,432,395,587,1873,392,256,374,89,612,197,347,0,7,336
E02000234,8023,348,516,440,746,2260,783,294,471,57,715,266,644,6,22,455
E02000235,6968,260,357,451,807,2409,669,216,382,42,550,237,293,0,17,278
E02000236,7659,313,280,489,769,2594,892,206,468,40,568,266,403,0,11,360
E02000237,7475,526,311,730,802,2324,797,190,395,59,519,257,247,4,47,267
E02006788,7520,259,504,150,392,1705,484,194,520,62,1633,493,711,4,9,400
E02000238,9500,278,500,273,495,2789,852,122,298,55,803,385,1452,5,23,1170
E02000239,9000,253,301,376,470,2285,1092,118,185,48,459,334,1575,26,27,1451
E02000240,10265,362,617,314,554,2581,750,176,487,87,1653,488,1312,8,13,863
E02000241,6639,201,349,266,426,1721,582,104,277,68,597,225,962,18,28,815
E02000242,6763,144,269,202,318,1945,785,54,123,11,408,242,1224,18,23,997
E02000243,8509,321,527,308,462,2171,684,164,362,48,680,456,1333,9,26,958
E02000244,7172,230,463,226,554,1915,633,182,222,18,519,245,1000,18,17,930
E02000245,8156,351,725,134,414,2152,511,156,383,39,1383,346,937,8,13,604
E02000246,8748,328,488,242,342,2534,722,96,412,38,1337,438,1096,16,10,649
E02000247,10308,402,763,305,557,3001,673,202,412,49,1405,404,1242,16,15,862
E02000248,7334,260,628,276,550,1921,482,284,149,19,526,273,735,29,14,1188
E02000249,7721,316,446,318,370,2107,623,128,208,33,575,332,1205,30,15,1015
E02000250,6487,319,443,358,594,2428,461,220,235,18,308,184,315,12,15,577
E02000251,7944,174,267,266,326,2215,1036,66,165,29,560,342,1538,15,7,938
E02000252,9706,281,932,199,451,1938,467,314,244,45,1206,445,838,119,9,2218
E02000253,9632,572,669,291,433,2682,579,158,380,71,1321,585,1041,23,18,809
E02000254,8949,220,222,222,268,2514,1226,34,103,39,430,352,2047,22,9,1241
E02000255,9465,351,731,361,677,2952,655,376,302,47,988,350,699,42,13,921
E02000256,8861,337,1035,312,786,2350,450,582,262,17,422,250,531,64,38,1425
E02000257,13509,699,1567,419,1267,3284,584,1054,292,30,617,323,870,60,44,2399
E02000258,6730,222,587,188,390,1915,445,228,175,29,585,223,541,162,21,1019
E02000259,6276,162,364,224,386,2025,576,170,310,29,472,235,604,7,11,701
E02000260,8710,270,281,227,265,2168,1016,36,86,27,449,373,2103,46,21,1342
E02000261,10766,361,958,204,566,2366,622,360,336,39,1183,503,1113,167,32,1956
E02000262,8925,381,1128,166,570,1917,361,474,296,42,846,273,797,71,20,1583
E02000263,11637,271,314,264,254,2677,1139,42,115,19,625,394,3537,87,19,1880
E02000264,8103,296,757,288,678,2060,426,388,178,23,392,221,609,86,32,1669
E02000265,11119,470,1331,225,847,2612,536,618,420,20,1026,334,825,62,44,1749
E02000266,12331,382,791,322,482,3380,992,116,318,39,1651,623,2004,24,18,1189
E02000267,6926,248,691,148,470,1874,287,356,428,36,561,273,580,33,8,933
E02000268,9358,434,860,300,840,2400,560,602,278,37,631,369,556,64,27,1400
E02000269,8078,295,691,227,685,2559,485,578,359,28,319,188,392,67,33,1172
E02000270,8043,362,872,140,370,1951,346,322,249,36,1194,404,724,68,37,968
E02000271,6763,269,634,215,659,2255,370,408,236,26,284,149,276,79,31,872
E02000272,6748,276,401,299,549,2078,655,276,357,33,320,212,426,44,11,811
E02000274,12733,200,371,223,355,3403,1191,46,165,45,1095,463,2891,105,10,2170
E02000275,7102,235,335,207,295,1706,806,44,150,21,407,220,1610,25,5,1036
E02000276,6722,320,551,220,532,1982,304,490,346,29,290,184,352,55,35,1032
E02006791,6711,275,873,116,624,1611,298,592,249,14,439,190,288,101,6,1035
E02000277,7081,257,416,332,422,1946,868,158,343,45,1002,353,612,0,19,308
E02000278,8837,385,522,335,401,2253,696,132,436,58,1913,453,753,6,28,466
E02000279,11292,247,938,242,706,2753,663,332,670,71,2348,549,1181,7,13,572
E02000280,8515,444,570,456,710,2546,715,328,444,73,869,385,511,8,14,442
E02000281,8835,346,759,328,554,2440,614,274,569,71,1331,425,633,21,22,448
E02000282,9115,261,747,222,406,2445,553,172,389,55,2033,344,970,15,6,497
E02000283,8424,206,328,357,413,2398,881,136,533,70,1478,416,763,0,15,430
E02000284,8200,460,681,377,735,2267,679,416,500,47,774,287,370,3,14,590
E02000285,6597,300,259,479,557,2505,857,136,266,40,384,243,317,0,18,236
E02000286,8158,619,1010,689,887,1945,611,520,326,36,414,265,284,14,28,510
E02000287,6823,487,316,629,623,2135,794,142,179,42,328,184,465,55,10,434
E02000288,10490,388,645,293,523,2907,868,212,505,60,1695,412,1192,24,32,734
E02000289,6569,317,198,596,494,2281,880,92,278,33,367,233,417,30,18,335
E02000290,7242,215,677,162,276,1937,424,96,307,38,1604,279,805,12,2,408
E02000291,8924,556,982,405,699,2127,539,442,476,30,1121,352,523,20,8,644
E02000292,9518,373,525,416,562,2764,977,230,488,48,1200,447,856,12,25,595
E02000293,6307,344,301,592,578,2104,756,156,233,19,330,178,349,5,34,328
E02000294,8879,338,430,367,467,2559,923,92,361,53,1233,375,1062,20,27,572
E02000295,8374,414,576,461,623,2522,858,302,355,17,811,314,493,29,33,566
E02000296,9535,513,762,533,677,2221,738,420,337,40,913,387,614,277,26,1077
E02000297,9298,450,417,626,718,2784,1487,234,327,65,541,392,670,6,22,559
E02000298,7976,335,448,559,701,2792,973,314,284,35,347,223,350,12,22,581
E02000299,9312,346,678,288,366,2468,807,150,399,55,1688,466,988,16,9,588
E02000300,8157,233,628,255,375,2240,801,112,357,50,1303,360,870,12,9,552
E02000301,10070,346,865,228,416,2603,690,162,388,68,2205,494,983,5,13,604
E02000302,8326,383,468,406,564,2321,922,202,301,40,810,347,878,22,12,650
E02000303,8390,302,657,205,341,2276,567,94,364,76,1627,403,918,15,18,527
E02000304,8089,344,364,500,704,2755,1026,212,244,29,358,248,532,34,30,709
E02000305,8633,372,729,304,702,2384,730,450,379,29,498,299,616,108,27,1006
E02000306,9149,366,809,154,316,2270,494,130,457,42,2068,494,906,15,4,624
E02000307,9873,282,385,406,448,3059,1226,132,342,72,1247,493,1116,7,22,636
E02000308,7736,238,540,321,453,1742,705,242,254,44,767,401,768,88,27,1146
E02000309,10489,273,726,205,441,2728,661,158,437,45,2084,553,1219,14,20,925
E02000311,9872,295,614,346,596,2527,1048,232,293,39,1174,475,1108,63,19,1043
E02000312,10473,380,945,330,705,2237,863,516,495,61,760,415,714,117,23,1912
E02006793,8908,225,803,191,374,2216,516,126,364,38,1810,461,1100,13,13,658
E02000313,6566,158,743,94,342,1586,290,112,516,47,1129,238,719,4,0,588
E02000314,13164,340,1096,281,735,3734,347,354,916,62,2250,257,1660,61,2,1069
E02000315,9080,343,735,276,386,2086,537,164,752,55,1656,420,1131,16,15,508
E02000316,10750,287,1751,88,714,1976,295,790,578,31,1389,283,1001,195,12,1360
E02000317,8370,236,803,133,353,1890,431,204,542,55,1553,387,1094,76,11,602
E02000318,9842,278,604,200,444,1996,586,152,428,30,1138,332,2197,156,13,1288
E02000319,10971,234,951,141,601,2156,573,316,613,45,1310,329,1906,92,11,1693
E02000320,6624,210,516,200,374,1604,517,186,485,42,961,240,851,22,3,413
E02000321,7200,219,814,154,342,1477,361,196,469,30,1122,344,950,52,13,657
E02000323,10674,288,1038,130,410,2261,425,234,723,47,1689,439,1589,139,25,1237
E02000324,7315,344,588,228,414,1512,438,206,466,59,1060,292,879,79,35,715
E02000326,7070,258,642,182,569,1704,301,406,423,56,815,252,623,75,2,762
E02000327,6825,205,674,147,373,1956,267,168,309,19,1141,222,890,30,10,414
E02000328,6606,394,877,308,610,1692,294,508,337,45,359,160,328,56,15,623
E02000329,6180,281,382,258,392,1513,675,146,356,65,638,287,616,45,13,513
E02000331,7831,319,764,289,485,1591,540,358,479,55,998,293,739,129,18,774
E02000332,7253,283,622,329,584,1759,600,280,489,58,692,275,693,26,14,549
E02000333,6269,353,900,361,639,1530,270,622,268,17,296,143,247,39,6,578
E02000334,6469,275,518,267,489,1566,597,190,374,57,669,272,590,40,34,531
E02000335,6549,342,358,417,618,2043,674,238,478,83,392,250,286,29,31,310
E02000337,7906,328,451,298,526,1863,719,262,622,82,883,492,834,19,16,511
E02000339,5970,403,434,378,477,1858,669,182,336,23,294,235,310,16,14,341
E02000340,6088,477,591,498,524,1335,552,298,310,48,329,228,365,30,34,469
E02000341,7683,301,556,272,518,1663,633,190,593,73,1253,392,780,6,21,432
E02000342,6453,497,664,442,602,1326,412,234,415,36,698,257,393,93,24,360
E02000343,6675,402,478,381,487,1502,696,146,384,76,698,316,649,0,17,443
E02000344,6387,363,336,456,610,1816,708,190,458,88,339,245,421,53,10,294
E02006786,6894,242,503,170,342,1597,547,172,525,55,951,304,973,49,21,443
E02006927,8315,465,613,435,588,1992,671,308,467,80,858,366,917,27,15,513
E02006928,7341,308,1146,232,640,1237,125,552,317,9,965,218,417,152,9,1014
E02006929,7490,274,893,172,608,1358,254,600,381,28,880,288,548,171,10,1025
E02006930,6561,232,714,120,576,1423,299,584,292,27,329,214,364,224,24,1139
E02006931,9186,445,1097,302,946,1934,267,838,453,28,806,266,524,91,31,1158
E02000433,7686,683,450,933,787,1979,722,144,161,27,358,236,619,14,49,524
E02000434,8588,415,386,562,692,2480,997,130,166,16,562,278,1050,14,47,793
E02000435,7426,364,347,550,614,2149,751,94,177,47,587,292,819,10,36,589
E02000436,5782,282,149,582,564,1935,786,72,77,24,189,151,556,5,7,403
E02000437,8377,478,315,499,621,2460,1050,122,213,48,670,327,907,16,28,623
E02000438,7910,466,379,477,567,2439,730,176,263,57,728,286,761,5,29,547
E02000439,8206,263,315,288,386,2210,942,96,152,26,597,361,1369,19,21,1161
E02000440,9569,252,230,516,684,3435,1260,98,121,48,562,275,1273,17,20,778
E02000441,6714,420,406,512,620,1862,629,184,176,34,599,302,525,0,2,443
E02000442,8706,155,164,258,352,2530,1070,50,119,36,615,279,1819,35,23,1201
E02000443,9470,337,445,263,441,2809,784,172,310,51,997,427,1357,20,33,1024
E02000444,8499,254,240,310,452,2675,1108,60,162,18,539,308,1498,44,14,817
E02000445,10250,335,528,295,579,2719,878,218,247,36,1181,411,1482,65,21,1255
E02000447,7058,229,237,389,503,2347,972,80,226,24,454,207,760,2,33,595
E02000448,6641,419,370,607,651,2335,599,226,152,22,306,186,386,14,29,339
E02000449,8137,254,194,275,313,2146,1129,62,113,33,621,331,1536,45,13,1072
E02000451,6550,282,210,432,491,2198,947,130,138,13,260,207,679,16,27,520
E02000452,8218,210,599,182,608,2131,565,342,286,22,503,259,984,89,19,1419
E02000453,7620,230,468,261,568,2328,669,264,219,19,472,227,877,54,9,955
E02000454,7082,298,169,526,618,2970,851,88,117,19,308,223,558,4,7,326
E02000455,8135,370,655,317,781,2083,616,308,161,37,553,283,750,156,27,1038
E02000456,7059,219,359,278,520,2101,664,192,290,27,476,247,892,29,35,730
E02000457,6314,206,205,435,505,2177,857,68,125,26,272,206,778,16,4,434
E02000459,8235,347,558,255,575,2418,572,172,304,49,850,327,1027,20,24,737
E02000460,6518,184,286,160,304,2168,545,90,215,26,770,359,898,8,12,493
E02000461,6947,429,712,428,814,2036,405,344,192,16,253,190,488,23,4,613
E02000462,6632,235,259,280,345,2037,715,96,163,23,423,211,1188,12,10,635
E02000463,8429,264,278,217,427,2805,927,124,241,59,804,395,1243,9,22,614
E02006795,8124,244,212,319,483,2835,998,84,169,36,372,281,1313,27,14,737
E02006882,14174,327,303,636,840,3982,2088,96,164,33,661,547,2639,66,22,1770
E02000464,6451,436,447,408,512,1536,539,178,543,83,772,306,430,5,36,220
E02000465,7930,420,664,316,508,1955,723,276,683,97,1033,371,546,5,24,309
E02000466,8287,397,489,543,677,2030,908,252,633,53,1081,373,495,9,10,337
E02000467,9643,557,1014,325,547,2170,658,292,943,90,1543,474,642,3,27,358
E02000468,7782,439,419,570,677,1958,942,258,597,76,739,374,448,8,23,254
E02000469,6443,375,512,384,518,1454,518,194,468,55,858,330,459,2,14,302
E02000470,7887,522,601,692,954,1931,786,420,479,46,492,259,335,2,29,339
E02000471,7457,443,228,877,861,2186,1129,130,335,77,364,272,321,0,19,215
E02000472,8989,482,419,649,795,2687,1167,288,620,69,570,371,471,5,23,373
E02000473,9588,536,486,746,822,2909,1117,366,593,100,636,389,490,20,29,349
E02000474,8343,492,602,515,727,2135,721,348,576,78,928,396,407,0,14,404
E02000475,9196,496,736,753,1011,2462,981,426,489,67,619,276,369,5,30,476
E02000476,8414,530,1197,393,684,1748,527,578,466,49,907,305,441,25,45,519
E02000477,9360,454,462,772,1006,2884,1172,320,496,95,451,375,420,0,29,424
E02000478,5885,296,185,750,614,1651,976,98,118,19,185,135,552,0,20,286
E02000479,8134,433,858,329,672,1956,717,458,608,37,810,338,362,0,18,538
E02000480,9795,399,698,515,737,2604,968,362,706,55,1083,400,702,46,15,505
E02000481,7793,654,367,882,720,2295,924,164,368,58,522,312,323,0,28,176
E02000482,6396,439,215,786,616,2290,885,132,200,42,203,144,217,2,37,188
E02000483,7614,717,535,616,724,2014,843,310,460,32,537,278,238,0,35,275
E02000484,8199,386,410,526,778,2644,1091,244,443,93,484,291,423,5,30,351
E02000485,7986,518,493,648,714,2360,878,328,397,66,619,308,269,20,38,330
E02000486,7366,431,443,657,723,1859,1057,276,414,62,514,314,312,2,19,283
E02000487,7843,437,191,885,939,2879,1202,142,246,51,231,171,234,0,34,201
E02000488,7431,412,289,672,834,2266,1116,218,341,43,391,287,281,2,25,254
E02000489,7884,483,372,536,656,1989,993,222,459,76,772,382,502,0,31,411
E02000490,7828,546,313,704,656,1849,1040,186,552,67,855,389,390,0,21,260
E02000491,8826,458,686,600,672,1959,896,204,742,43,1145,404,615,0,24,378
E02000492,6272,401,264,681,587,1545,971,146,354,71,461,237,323,0,28,203
E02000493,6210,267,422,276,456,1520,660,208,456,62,898,251,421,15,8,290
E02000494,7479,415,534,772,838,2288,805,192,162,33,302,249,466,6,12,405
E02000495,9473,667,817,610,959,2661,722,384,335,36,633,348,615,18,29,639
E02000496,7399,436,552,455,723,1863,621,374,529,66,604,294,486,0,26,370
E02000497,8529,500,478,584,780,2709,729,294,439,79,656,317,516,10,18,420
E02000498,6020,375,416,448,618,1746,624,256,312,43,497,206,247,0,15,217
E02000499,7765,442,265,685,694,2590,983,218,272,38,362,281,520,0,18,397
E02000500,7714,423,356,698,834,2419,877,362,287,48,267,223,402,5,27,486
E02000501,8247,410,379,480,692,2657,931,324,498,33,552,297,543,0,26,425
E02000502,7613,390,507,440,744,2346,650,382,382,62,595,256,400,6,26,427
E02000503,8986,398,457,511,969,2966,879,324,572,64,561,293,513,6,9,464
E02000504,7382,444,265,730,724,2655,812,200,273,63,299,194,381,0,16,326
E02000506,7541,354,268,633,677,2455,1182,146,194,65,169,206,656,68,20,448
E02000507,7943,262,251,290,538,2673,888,154,490,69,714,352,713,23,13,513
E02000508,9184,818,1134,668,1108,2178,429,428,330,38,443,241,351,368,20,630
E02000509,9823,785,1087,636,1004,2007,505,398,414,27,616,215,548,913,23,645
E02000510,8634,395,387,488,654,2451,891,250,321,52,702,271,735,274,16,747
E02000511,9426,324,328,489,479,3013,1084,166,415,72,810,381,1102,108,35,620
E02000512,8001,311,462,300,448,2068,654,178,434,96,1094,384,687,237,25,623
E02000513,8980,274,540,203,444,2447,553,174,581,71,1516,401,1056,34,11,675
E02000514,9820,239,303,303,503,3002,986,104,369,46,804,308,1802,63,6,982
E02000515,10439,396,1002,356,902,2226,722,468,708,34,1120,309,772,610,17,797
E02000516,8269,155,381,161,465,2335,779,172,364,40,1036,320,1341,46,9,665
E02000517,8626,290,381,227,457,2544,712,148,438,58,1174,329,1210,58,18,582
E02000518,8606,371,361,280,500,2150,756,262,592,53,1133,419,810,145,10,764
E02000519,8658,345,369,217,416,2489,724,112,312,78,1009,334,1400,49,18,786
E02000520,11251,325,541,278,512,3088,968,184,333,47,1414,384,1813,97,20,1247
E02000521,9912,259,492,222,519,2903,741,224,503,72,1389,430,1329,69,11,749
E02000522,8653,354,489,378,618,2108,617,304,575,48,1229,320,794,94,14,711
E02000523,9636,226,315,254,434,2802,783,110,254,49,990,409,1942,47,8,1013
E02000524,6663,326,544,316,584,1438,490,234,325,40,580,199,627,55,15,890
E02000525,8826,245,511,254,548,2362,593,208,398,77,1055,263,1229,49,14,1020
E02006796,8438,384,496,400,704,2479,722,346,467,61,831,353,648,0,4,543
E02000526,8378,335,817,253,825,2469,422,600,244,36,349,206,492,70,27,1233
E02000528,10614,466,1301,234,806,2038,576,610,495,36,1512,585,759,32,28,1136
E02000529,8448,226,380,182,384,2462,885,112,228,19,790,309,1463,47,10,951
E02000530,6837,205,354,134,262,2017,563,52,224,43,935,361,1027,28,15,617
E02000531,10337,599,1343,439,989,2260,626,628,457,46,756,385,621,63,17,1108
E02000532,9160,427,979,308,880,2686,555,480,402,39,646,301,560,38,30,829
E02000533,8406,440,954,265,826,2437,347,506,377,42,537,285,374,56,12,948
E02000534,8044,228,473,345,585,2283,820,242,250,18,431,197,1015,33,14,1110
E02000535,9291,248,271,300,350,2450,1209,76,109,44,547,322,1877,65,27,1396
E02000536,9269,238,366,248,416,2617,1087,100,157,45,674,363,1609,65,20,1264
E02000537,8620,222,341,347,507,2218,880,100,155,26,344,252,1528,143,24,1533
E02000538,8680,182,284,194,342,2292,912,64,136,22,710,387,1779,42,21,1313
E02000539,10752,373,934,256,864,2882,656,568,613,81,1179,403,869,49,16,1009
E02000540,9246,455,618,281,645,2520,619,292,323,65,585,308,1008,111,22,1394
E02000541,8875,262,353,265,383,1892,785,104,212,53,701,411,1895,105,3,1451
E02000542,9396,303,499,227,505,2407,744,148,258,45,682,350,1617,114,12,1485
E02000543,11713,230,725,244,922,3376,702,300,287,51,854,364,1614,181,8,1855
E02000544,8199,270,314,353,456,2358,963,166,251,60,461,319,1204,45,14,965
E02000545,8181,270,738,220,554,2055,596,458,404,54,924,421,760,61,20,646
E02000546,9750,214,421,216,476,2926,900,108,280,49,852,316,1665,85,9,1233
E02000547,9360,408,528,355,636,2439,742,260,544,91,920,387,1153,12,34,851
E02000548,9103,363,661,301,685,2171,638,374,654,95,1124,373,917,15,19,713
E02000549,11017,453,531,484,726,2912,1114,216,521,85,1030,482,1311,19,20,1113
E02000550,10403,249,650,148,786,3091,678,272,754,99,1470,417,1031,16,23,719
E02000551,8614,338,638,225,472,2186,584,202,546,81,1348,392,1028,27,17,530
E02000552,8266,285,658,281,747,2509,540,382,650,71,780,278,538,24,14,509
E02000553,6605,280,444,330,472,1678,645,198,458,94,717,282,570,13,8,416
E02006792,8393,510,1151,279,825,1759,287,776,234,20,414,252,361,44,25,1456
E02000598,7837,317,396,444,658,3365,690,224,336,30,419,228,310,26,27,367
E02000599,7270,379,316,557,664,2611,696,132,189,13,237,178,569,165,12,552
E02000600,8225,356,671,304,712,2439,359,482,410,18,552,242,434,505,21,720
E02000601,10409,357,901,294,1000,3842,528,616,518,36,636,245,382,315,16,723
E02000602,9390,475,955,243,697,2159,442,586,433,40,751,344,456,751,16,1042
E02000603,7860,236,414,234,510,2448,632,192,350,62,792,327,729,238,25,671
E02000604,8586,384,523,391,731,3015,664,262,270,36,462,243,762,58,28,757
E02000605,7863,392,453,392,706,2842,774,188,251,30,384,219,525,62,27,618
E02000606,10107,498,1509,346,1056,1903,319,1022,288,27,340,192,367,946,37,1257
E02000607,6829,404,613,406,700,2197,320,330,265,43,231,179,255,350,16,520
E02000608,6993,498,1198,281,909,1348,108,908,229,11,287,115,144,209,18,730
E02000609,7437,356,325,543,551,2435,854,142,256,55,483,250,703,7,34,443
E02000610,7629,558,1136,313,777,1600,194,922,297,17,453,104,198,374,6,680
E02000611,7313,337,186,576,680,2668,1084,112,315,41,200,168,496,48,10,392
E02000612,8028,354,392,572,810,2607,1012,208,227,46,375,245,654,2,28,496
E02000613,7841,377,603,388,706,2475,504,470,420,50,498,215,405,123,14,593
E02000614,8404,308,409,341,605,2501,748,206,395,67,776,310,912,114,24,688
E02000615,7471,332,377,478,690,2441,729,230,446,52,466,283,434,22,16,475
E02000616,6031,223,323,329,575,1793,657,298,446,60,470,220,306,2,12,317
E02000617,8537,387,470,427,699,2566,775,284,712,59,941,278,462,5,26,446
E02000689,8258,214,582,219,757,2954,509,482,339,19,411,175,379,19,11,1188
E02000690,5656,370,362,519,663,2015,434,166,120,3,174,124,315,2,22,367
E02000691,7334,258,675,189,733,2293,366,598,206,23,315,144,276,10,16,1232
E02000692,7662,578,947,336,1001,2073,349,642,163,12,175,148,241,33,17,947
E02000693,9173,249,1096,237,939,1824,489,972,269,35,437,241,562,102,6,1715
E02000694,8730,314,909,197,951,2478,237,812,361,30,445,196,354,21,20,1405
E02000695,8287,284,340,265,389,2103,813,178,294,54,472,354,1260,105,13,1363
E02000696,8072,149,797,112,546,1867,392,428,404,63,781,323,931,56,16,1207
E02000697,8217,273,860,158,884,2241,232,948,240,23,257,176,303,53,21,1548
E02000698,7816,405,561,411,809,3116,606,356,200,15,269,209,368,2,23,466
E02000699,7689,282,606,274,880,2365,451,660,322,19,230,211,380,26,13,970
E02000700,8290,228,799,136,578,1818,428,368,438,61,1042,402,802,39,9,1142
E02000701,8416,281,494,215,425,2289,641,180,320,46,976,321,1311,16,14,887
E02000702,7638,283,596,220,414,1887,546,190,429,58,1025,376,967,27,17,603
E02000703,7825,341,353,520,664,2676,741,278,294,25,307,213,555,19,25,814
E02000704,7742,397,825,285,855,1825,508,512,307,40,386,233,428,35,23,1083
E02000705,8124,303,378,304,476,2057,796,178,368,51,842,343,1284,11,10,723
E02000706,8605,337,634,188,380,2219,490,200,459,63,1237,390,1218,25,31,734
E02000707,7486,219,482,230,328,1977,566,114,407,51,1299,372,1008,6,7,420
E02000708,8286,291,319,420,674,2866,769,274,319,34,457,257,761,23,26,796
E02000709,7701,368,305,514,696,2466,949,182,263,24,296,254,658,11,30,685
E02000710,8329,458,622,505,619,2043,627,228,470,39,786,293,927,22,23,667
E02000711,8158,350,543,233,583,2262,467,244,374,52,798,358,899,51,37,907
E02000712,8709,463,497,395,543,2459,674,210,557,58,824,407,878,20,24,700
E02000713,7490,332,303,457,679,2345,882,202,439,56,443,306,580,22,22,422
E02000751,10422,711,637,899,1101,3397,1063,356,360,37,377,272,596,4,63,549
E02000752,6815,401,565,340,402,1718,502,198,397,66,1088,341,455,4,27,311
E02000753,6138,263,439,288,460,1716,485,146,399,61,875,310,431,9,24,232
E02000754,6440,288,460,252,540,1836,593,258,337,44,634,301,479,0,13,405
E02000755,5218,237,401,312,345,1492,554,212,300,53,538,221,300,6,15,232
E02000756,12630,548,854,609,999,3692,1225,378,561,89,1211,496,1240,11,11,706
E02000757,11516,552,1057,490,1176,3700,838,788,499,58,598,329,480,10,10,931
E02000758,5953,277,236,360,422,1752,781,72,177,40,526,248,776,0,15,271
E02000759,12044,427,846,444,908,3947,929,548,543,81,1094,433,1048,17,27,752
E02000760,6957,363,355,416,474,2164,604,124,311,35,646,280,761,19,16,389
E02000762,6290,273,193,401,399,2050,802,32,84,28,248,191,1029,40,12,508
E02000763,6928,256,304,257,423,2325,638,108,225,22,635,265,942,12,8,508
E02000764,11865,927,1295,599,1063,2979,792,848,546,40,536,274,766,14,65,1121
E02000765,6319,240,257,311,395,2076,723,88,80,15,431,226,989,29,8,451
E02000767,7616,313,334,346,500,2675,736,136,175,33,618,222,967,47,15,499
E02000768,5660,247,357,338,462,1833,530,246,235,16,321,195,407,4,18,451
E02000769,14257,441,931,518,848,4620,1260,284,607,80,1603,539,1768,19,20,719
E02000770,7562,235,311,234,330,2606,748,68,155,22,649,188,1356,34,13,613
E02000772,7946,198,445,182,442,2485,640,86,210,9,821,232,1379,106,11,700
E02000773,9198,146,325,223,451,3380,810,120,224,14,826,282,1667,46,16,668
E02000774,7218,155,309,191,275,2097,721,144,162,17,603,177,1437,125,2,803
E02000776,6372,159,328,124,308,2267,618,84,165,13,449,202,1019,20,17,599
E02000777,5883,300,437,266,548,1781,571,194,230,29,411,201,507,2,26,380
E02000779,7751,200,658,126,418,2246,476,194,243,22,732,145,1450,75,17,749
E02000780,14666,291,539,274,658,4717,1073,118,329,43,1529,377,2685,265,13,1755
E02000781,13672,457,390,491,699,4460,1472,94,231,48,1185,447,2533,64,29,1072
E02000782,9289,205,441,137,353,2810,535,82,186,26,1288,252,1595,164,32,1183
E02000783,7255,186,304,119,195,2116,444,42,151,20,1322,263,1308,90,5,690
E02006800,13069,265,740,283,629,3975,1216,160,304,25,1226,346,2461,67,22,1350
E02006924,12780,390,533,499,661,3641,1366,112,243,33,693,404,2590,119,37,1459
E02006925,13241,408,275,716,660,4657,1771,64,261,42,687,362,2320,20,37,961
E02000784,10299,544,792,514,934,3507,656,468,350,34,572,340,571,31,36,950
E02000785,9695,544,967,546,1080,3375,504,696,303,25,270,202,363,17,27,776
E02000786,10919,598,1188,368,1122,3432,514,778,502,40,751,270,330,19,29,978
E02000787,10768,564,1086,326,1058,3299,564,880,491,24,722,355,470,20,36,873
E02000788,8692,459,655,357,887,3197,523,484,414,24,440,259,312,24,27,630
E02000789,6196,429,840,250,690,1918,288,530,219,18,290,132,206,9,16,361
E02000790,6193,198,567,196,656,2457,241,506,344,9,285,125,203,17,14,375
E02000791,6137,435,946,334,836,1594,221,672,154,12,193,83,195,17,18,427
E02000792,6989,368,906,319,905,2309,283,588,282,13,212,114,171,6,18,495
E02000793,8122,418,470,478,738,2634,726,240,438,54,462,305,472,55,17,615
E02000794,6609,309,410,318,692,2308,483,360,341,21,235,125,362,81,15,549
E02000795,6898,464,417,608,660,2657,453,172,266,34,317,181,301,16,24,328
E02000796,10313,462,547,617,721,2982,1129,254,603,72,880,383,870,53,33,707
E02000797,6979,304,916,187,807,2093,251,774,343,12,250,99,181,126,18,618
E02000798,10528,487,724,385,959,3675,694,564,684,57,682,384,449,99,18,667
E02000799,6415,400,654,415,793,2230,383,332,254,22,270,141,201,24,10,286
E02000800,5184,318,355,220,400,1427,466,160,313,62,508,280,306,16,18,335
E02000801,6608,274,670,255,743,2363,359,436,366,16,294,170,187,124,14,337
E02000802,6747,360,594,362,620,2511,466,376,272,23,372,204,199,22,13,353
E02000803,9387,513,846,580,868,2566,891,432,603,63,846,391,362,5,22,399
E02000804,7106,403,766,324,738,2435,367,522,331,12,307,140,197,102,15,447
E02000805,10221,641,1120,484,1028,3602,497,560,485,33,593,218,318,101,34,507
E02000806,9985,554,708,603,1081,3356,779,514,476,71,600,341,380,5,26,491
E02000840,8171,360,583,200,495,2290,483,220,709,134,1331,366,622,2,12,364
E02000841,8721,397,577,272,455,2268,723,222,837,108,1280,420,648,8,22,484
E02000842,7666,347,320,454,638,2385,1042,200,447,53,494,286,562,9,16,413
E02000843,7495,287,859,290,636,2067,521,456,595,50,750,271,384,4,12,313
E02000844,7779,353,537,316,632,2284,611,296,645,61,855,341,501,0,26,321
E02000845,8867,350,503,371,853,3064,662,402,565,74,658,291,552,4,6,512
E02000846,7053,328,364,471,641,2342,735,208,326,46,486,245,494,10,32,325
E02000847,8798,541,467,690,780,2806,986,282,456,74,388,254,546,6,24,498
E02000848,7889,324,287,460,658,2869,903,202,500,57,476,266,499,12,19,357
E02000849,7485,355,595,351,682,2218,586,352,514,89,689,301,367,3,2,381
E02000850,10309,449,583,519,947,3368,1009,370,726,69,726,442,610,2,13,476
E02000851,8330,584,1227,342,748,1842,405,514,441,26,844,300,442,0,28,587
E02000852,7434,275,674,373,754,2334,673,374,448,50,509,245,341,8,18,358
E02000853,7592,341,597,292,630,2314,519,350,614,34,638,322,454,0,31,456
E02000854,7101,352,518,374,706,2301,688,346,441,29,447,223,286,0,23,367
E02000855,7787,410,365,588,662,2840,819,260,347,60,349,222,450,0,26,389
E02000856,8176,413,781,423,753,2417,747,400,415,71,491,251,550,0,33,431
E02000857,7905,640,1327,365,825,1948,283,594,318,24,471,191,266,4,17,632
E02000858,7691,309,737,230,427,1974,449,268,586,38,1424,326,547,0,13,363
E02000859,8165,593,620,639,797,2268,782,300,427,28,599,267,416,2,20,407
E02000860,7598,624,1336,307,765,1594,267,606,392,25,648,204,330,7,13,480
E02000861,7497,266,243,661,885,2728,971,158,225,65,294,173,384,0,23,421
E02000863,6367,244,262,460,630,2038,826,138,287,32,408,192,517,0,13,320
E02006836,8270,384,466,801,955,2930,774,286,224,46,298,153,500,0,19,434
E02000895,7979,683,369,619,525,2046,762,206,436,86,838,374,584,2,37,412
E02000896,8814,618,714,599,747,2421,1025,342,428,49,619,305,427,8,27,485
E02000897,8077,516,615,465,545,1915,736,282,546,68,1048,452,523,5,31,330
E02000898,7750,434,483,446,578,2002,779,208,539,108,887,326,528,4,36,392
E02000899,7920,465,426,494,604,2058,915,156,432,113,751,366,589,15,24,512
E02000900,8088,333,470,337,465,2124,778,196,451,90,1078,458,862,5,11,430
E02000901,9371,383,571,438,713,2993,1052,296,610,115,681,338,700,12,14,455
E02000902,8231,281,607,280,510,2283,686,188,442,58,1065,367,920,2,25,517
E02000903,9043,285,548,186,326,2445,619,194,384,91,1389,566,1195,17,32,766
E02000904,8228,191,535,241,417,2378,644,206,380,54,960,229,1025,8,15,945
E02000905,9589,292,659,217,479,2474,556,304,504,80,963,305,1436,175,10,1135
E02000906,9248,252,782,180,432,2290,462,414,424,54,1080,372,1292,21,18,1175
E02000907,9998,492,1078,254,482,2819,391,314,478,48,1466,371,861,13,42,889
E02000908,10516,322,1185,166,538,2279,427,494,505,40,940,295,1209,90,23,2003
E02000909,8640,307,826,199,567,2359,428,482,570,44,648,305,997,23,21,864
E02000910,10698,309,959,190,600,2570,557,500,446,39,786,309,1600,72,24,1737
E02000911,10872,256,1046,168,552,2601,552,406,572,33,1091,294,1511,108,8,1674
E02000912,9238,284,599,235,405,2477,563,240,514,34,953,394,1429,55,10,1046
E02000913,8706,253,542,223,401,2210,739,218,288,30,644,322,1370,74,38,1354
E02000914,10594,314,899,171,389,2547,621,222,385,49,1198,428,1648,62,22,1639
E02000915,8643,262,895,176,562,1749,497,446,355,43,720,285,827,95,23,1708
E02000916,9485,212,804,160,392,2398,507,282,767,38,1186,316,1382,36,13,992
E02000917,9171,233,735,144,406,2376,356,366,523,41,901,283,1125,79,23,1580
E02000918,9126,258,817,165,445,1956,484,402,543,25,852,301,1008,164,14,1692
E02000919,9221,215,621,186,408,1933,607,342,325,26,546,317,1355,102,9,2229
E02000920,9479,232,782,151,371,1922,515,268,362,35,1170,456,1238,116,22,1839
E02000921,11001,311,868,112,422,2356,626,294,492,60,1593,464,1550,143,16,1694
E02000922,10523,252,759,184,486,2320,531,298,520,21,1029,469,1420,605,24,1605
E02003352,5816,333,359,650,788,2110,350,220,216,9,234,130,192,9,16,200
E02003353,8689,315,629,425,1151,3076,569,626,482,43,507,170,345,2,15,334
E02003354,9867,283,624,441,1195,4064,582,560,565,39,567,225,377,2,18,325
E02003355,6369,327,525,350,546,1715,476,292,476,59,680,294,295,0,6,328
E02003356,7022,387,507,542,876,2376,536,300,366,31,459,158,155,3,17,309
E02003357,8924,495,875,500,768,2167,622,506,665,65,826,302,483,7,21,622
E02003358,9082,450,1011,461,823,2292,612,466,703,43,913,246,523,14,29,496
E02003359,6409,181,745,132,706,1875,437,556,405,67,540,184,264,3,7,307
E02003360,9493,247,439,422,1014,2799,877,480,759,57,934,324,561,7,15,558
E02003361,7410,296,615,381,831,2132,598,388,446,67,590,278,389,11,8,380
E02003362,6581,245,551,267,813,1830,593,296,495,50,601,197,286,3,13,341
E02003363,6692,549,590,653,895,2072,501,242,249,16,289,127,216,0,13,280
E02003364,6653,185,382,290,738,2333,659,350,388,31,488,219,328,0,2,260
E02003365,6670,306,397,539,881,2237,609,282,369,30,361,151,237,2,9,260
E02003366,7528,406,544,469,903,2662,643,322,311,62,432,152,390,0,8,224
E02003491,7726,439,352,527,701,2284,672,260,604,85,759,306,339,36,26,336
E02003492,9491,967,1030,950,1056,1875,479,138,475,57,736,196,386,677,17,452
E02003493,7824,596,415,773,819,2342,605,316,510,71,475,189,280,8,36,389
E02003494,6514,340,339,506,610,2009,559,292,491,56,477,222,264,55,9,285
E02003495,7200,347,387,472,732,1922,610,348,638,55,795,321,259,7,21,286
E02003496,7430,512,420,668,654,1922,583,220,598,50,772,333,369,21,20,288
E02003497,7291,355,301,628,735,2619,662,222,383,23,435,170,397,20,31,310
E02003498,8382,492,777,353,443,1295,374,288,671,78,1227,331,319,954,36,744
E02003499,8022,309,360,297,379,1453,669,158,814,81,1160,326,441,945,8,622
E02003500,8360,220,471,176,568,2734,399,410,936,38,661,183,342,530,23,669
E02003501,8322,435,856,447,788,2373,382,606,575,33,565,191,338,55,25,653
E02003502,7574,453,505,419,696,1944,538,316,632,64,918,294,347,18,28,402
E02003503,8974,536,417,530,716,2615,814,270,678,61,942,330,559,24,31,451
E02003504,8390,389,1128,197,639,1859,249,854,572,42,547,129,275,300,24,1186
E02003505,8984,252,1084,115,456,1110,177,756,538,34,539,115,237,1617,10,1944
E02003506,6760,284,591,174,510,1907,204,500,624,21,809,202,281,36,27,590
E02003507,9793,560,361,818,1022,2409,968,306,773,112,1007,382,535,37,33,470
E02003508,8741,247,654,231,473,1547,307,578,705,58,602,202,266,1618,8,1245
E02003509,8704,615,1626,239,687,1326,183,1118,511,21,642,173,160,81,33,1289
E02003510,8509,583,1207,313,695,1844,231,802,578,21,550,162,253,91,16,1163
E02003511,7986,409,602,323,671,2476,465,378,622,36,661,239,407,12,21,664
E02003512,9079,346,990,167,495,1250,173,744,794,29,633,170,280,1339,16,1653
E02003513,6619,531,704,363,583,1913,263,378,410,26,380,177,229,28,35,599
E02003514,8437,378,2033,104,672,853,60,1578,435,28,402,125,143,272,18,1336
E02003515,9086,409,758,361,446,1672,527,240,1059,76,1657,469,728,112,28,544
E02003516,8366,538,2043,157,767,798,71,1366,329,13,435,143,127,133,17,1429
E02003517,10818,496,1873,249,859,1026,159,1122,409,35,666,164,210,1205,17,2328
E02003518,7572,700,1562,429,769,1096,157,890,365,15,358,107,211,44,38,831
E02003519,8669,371,2214,146,708,664,88,1494,295,10,447,107,148,312,10,1655
E02003520,8645,538,1841,203,567,784,163,826,372,39,728,254,240,563,18,1509
E02003521,8083,905,1543,345,783,906,143,878,423,28,363,152,186,270,28,1130
E02003522,7047,569,1135,358,670,891,246,632,366,50,551,179,265,185,22,928
E02003523,9971,853,698,1127,1236,2463,674,552,544,46,605,289,303,9,53,519
E02003581,7830,575,866,479,837,1862,323,508,639,63,708,269,278,0,31,392
E02003582,8210,597,437,934,1082,2420,560,272,537,41,481,241,281,8,31,288
E02003583,6459,481,432,683,969,1336,370,282,563,41,533,243,273,6,15,232
E02003584,6233,512,1102,346,631,1012,301,462,427,37,642,205,205,2,28,321
E02003585,6662,612,349,1000,1040,1537,487,282,355,34,323,161,253,0,33,196
E02003586,7664,528,532,752,956,1963,539,242,565,44,744,247,264,2,26,260
E02003587,8408,494,681,499,802,2008,461,372,883,67,1043,330,395,0,42,331
E02003588,7463,592,630,725,896,1717,533,328,550,36,584,276,235,7,37,317
E02003589,8494,676,937,627,881,1810,407,402,771,76,916,233,337,11,17,393
E02003590,7450,864,497,1272,1184,1469,482,220,275,34,360,210,245,0,51,287
E02003591,9226,513,478,771,1081,2385,764,366,758,64,844,283,448,2,45,424
E02003592,9482,986,676,1495,1461,1586,609,290,530,60,691,248,386,8,73,383
E02003593,5308,369,269,704,983,1190,397,200,224,41,218,149,269,0,29,266
E02003594,9219,600,714,906,1151,1917,569,366,720,64,908,316,512,9,36,431
E02003595,8085,650,384,1096,1246,1813,735,274,373,54,549,249,288,0,50,324
E02003596,8726,867,839,928,995,1661,547,364,596,60,775,286,379,0,50,379
E02003597,5617,395,268,699,937,1338,407,212,349,53,276,158,272,11,22,220
E02003598,7729,688,713,880,1130,1387,516,326,420,66,627,227,331,0,28,390
E02003314,6310,410,454,521,959,1529,501,274,429,41,409,231,321,5,9,217
E02003315,5556,205,253,314,769,1768,690,194,344,33,370,148,292,0,8,168
E02003316,9692,437,501,664,1224,2830,861,420,811,119,731,236,501,18,11,328
E02003317,5903,318,270,489,659,1729,591,268,450,37,379,163,267,0,8,275
E02003318,5998,245,185,534,748,1940,665,182,365,37,333,212,337,4,15,196
E02003319,7768,348,671,308,667,1788,545,426,901,67,934,277,381,15,17,423
E02003320,8258,393,925,370,926,2391,304,470,552,33,742,158,286,277,8,423
E02003321,6087,328,375,415,517,1454,591,176,575,101,642,309,303,10,15,276
E02003322,6975,324,711,296,532,1527,390,278,540,20,749,200,327,571,4,506
E02003323,7265,241,493,231,591,1950,421,316,775,76,1027,238,504,12,22,368
E02003324,8989,329,596,346,730,2381,760,498,1112,99,1023,327,423,0,13,352
E02003325,7000,314,815,165,435,1409,272,378,711,28,954,258,446,205,27,583
E02003326,7787,322,523,279,585,2254,644,264,755,72,843,340,402,21,24,459
E02003327,7314,488,1033,303,655,1647,251,554,534,46,672,232,201,102,15,581
E02003328,8279,448,1162,269,629,1819,265,452,523,37,682,222,540,339,25,867
E02003329,6656,246,551,194,536,1900,372,312,562,47,702,244,390,60,10,530
E02003330,6755,268,501,310,638,1713,501,366,610,46,746,257,325,59,15,400
E02003331,8789,615,482,652,790,2160,861,262,632,126,851,387,551,8,27,385
E02003332,6002,229,275,365,587,1832,685,168,439,34,486,222,373,0,11,296
E02003333,6704,273,849,187,383,1467,334,338,702,60,847,242,455,28,16,523
E02003334,5961,211,407,213,451,1642,497,212,482,41,527,228,456,124,25,445
E02003335,7135,216,495,180,484,1828,424,322,882,51,1125,258,487,41,10,332
E02003336,5856,415,219,681,755,1486,691,184,341,29,336,209,252,9,28,221
E02003337,7061,506,561,623,775,1863,561,260,539,54,549,276,226,6,9,253
E02003338,7030,456,543,401,732,1728,587,324,611,92,793,284,202,8,4,265
E02003339,6277,351,287,508,652,1752,725,160,492,43,433,251,383,0,17,223
E02003340,7792,462,580,506,726,2009,698,282,736,60,795,259,424,0,4,251
E02003341,5448,264,269,384,768,1772,510,238,424,53,304,132,169,0,21,140
E02003342,6270,402,272,530,762,1883,706,228,329,44,377,220,277,4,22,214
E02003343,5954,285,166,684,901,1906,803,150,213,32,211,124,259,0,20,200
E02003344,7022,271,437,258,726,1892,722,276,793,59,700,263,376,6,4,239
E02003345,5903,167,315,262,788,1782,649,252,525,47,469,190,240,0,10,207
E02003346,6228,352,326,598,750,1710,628,208,378,35,473,214,344,0,8,204
E02003347,6228,118,401,226,626,2030,514,410,695,47,564,135,235,0,5,222
E02003348,8003,383,308,778,1252,2534,980,188,358,67,300,190,376,6,28,255
E02003349,7478,411,400,618,856,2021,852,274,559,72,625,283,248,0,28,231
E02003350,6291,326,284,525,689,1772,678,196,476,62,517,208,276,0,14,268
E02003351,7901,336,444,462,870,2279,872,334,665,58,716,274,320,0,4,267
E02003459,8735,515,539,721,1267,3056,595,402,484,52,411,185,246,2,15,245
E02003460,9234,405,480,793,1493,2748,773,474,606,47,509,168,406,0,18,314
E02003461,7392,358,341,556,1069,2033,832,276,501,46,522,212,302,0,7,337
E02003462,7726,374,558,424,930,2281,770,470,592,64,512,246,176,0,8,321
E02003463,6755,287,345,389,911,1797,754,294,404,50,507,233,394,0,11,379
E02003464,6744,245,404,204,578,1695,493,234,561,70,972,328,533,2,4,421
E02003465,6215,415,403,458,833,1635,536,332,346,58,305,164,365,0,16,349
E02003466,7258,271,541,229,677,1972,453,428,661,36,608,209,587,8,16,562
E02003467,6371,378,429,271,599,1516,448,222,396,40,745,245,558,11,4,509
E02003468,7382,392,569,509,945,1789,624,496,551,47,421,213,278,2,19,527
E02003469,5801,218,381,344,784,1486,611,318,376,48,383,184,289,5,14,360
E02003470,5620,172,447,126,344,1370,320,176,597,40,1135,226,414,2,14,237
E02003471,6565,259,444,197,565,1688,609,272,479,64,643,255,584,0,2,504
E02003472,8596,188,1278,128,740,1450,308,636,447,56,990,235,634,24,2,1480
E02003473,5683,160,484,264,622,1885,581,292,248,49,373,148,310,0,4,263
E02003474,8643,164,540,284,950,2773,558,410,570,54,793,211,584,2,2,748
E02003475,14877,170,1155,254,1436,5258,536,1060,1412,45,1395,239,814,21,4,1078
E02003476,8646,287,640,238,592,1993,414,266,595,44,1318,325,1113,4,6,811
E02003477,11382,363,751,418,1166,4189,644,610,833,41,867,212,636,2,10,640
E02003478,6900,255,423,269,751,2497,436,348,452,28,493,171,387,2,11,377
E02003479,7436,173,511,134,590,2097,425,270,643,29,773,234,696,22,0,839
E02003480,8186,135,830,227,855,2923,351,478,713,43,850,196,253,0,7,325
E02003481,7133,313,780,232,522,1584,321,284,653,46,1022,285,541,0,10,540
E02003482,6229,283,394,450,810,2258,452,304,310,30,353,125,214,0,3,243
E02003483,10902,157,599,137,877,4849,530,526,876,36,1027,174,690,4,11,409
E02003484,7243,231,545,258,814,2360,561,362,528,66,669,199,383,0,6,261
E02003485,8062,363,451,587,851,1990,815,260,560,55,924,324,519,7,13,343
E02003486,8899,152,620,218,842,3549,474,464,690,70,780,202,455,0,9,374
E02003487,7231,390,307,586,810,1780,840,212,492,64,710,253,423,3,39,322
E02003488,7059,472,349,527,731,1752,577,260,465,63,619,283,487,4,24,446
E02003489,6920,339,386,606,855,1724,610,340,497,70,520,201,456,0,16,300
E02003490,6996,188,429,234,532,1631,349,258,798,55,1279,335,607,0,12,289
E02003524,7989,348,452,273,608,1880,657,216,826,102,1250,360,571,5,39,402
E02003525,6239,263,411,244,410,1295,462,200,625,70,1145,279,450,15,27,343
E02003526,6509,507,268,783,837,1890,763,162,277,28,282,161,282,2,17,250
E02003527,5869,338,459,364,718,1397,396,268,441,51,658,185,240,10,14,330
E02003529,7743,425,385,491,703,2415,716,256,571,42,751,235,375,20,25,333
E02003530,7525,420,446,423,831,2155,635,348,591,51,759,229,294,15,28,300
E02003531,7949,362,534,582,936,2276,785,368,562,82,640,228,279,9,24,282
E02003532,7538,334,667,294,672,1926,533,428,607,50,645,211,509,9,32,621
E02003533,5570,334,452,218,450,1157,323,276,608,75,740,236,255,4,16,426
E02003534,8817,315,588,361,776,2531,818,416,729,91,796,236,586,14,26,534
E02003535,9491,289,694,297,709,2433,587,508,951,78,1381,308,564,34,17,641
E02003536,7513,551,645,259,445,1387,383,206,684,61,1432,367,476,93,30,494
E02003537,10468,556,668,657,897,2982,905,482,817,83,1061,322,481,26,27,504
E02003538,10207,451,1015,314,696,2088,440,614,837,84,1184,267,497,710,32,978
E02003539,12367,1059,1938,770,998,2029,346,478,880,56,1411,441,598,637,34,692
E02003540,9119,678,741,801,955,2115,757,332,597,88,807,250,322,129,34,513
E02003541,11628,799,1090,353,534,1889,218,422,775,40,1154,333,723,2240,32,1026
E02003542,9456,376,613,342,556,1774,376,526,440,64,697,199,373,2053,13,1054
E02003543,8951,281,792,201,529,1134,275,592,438,20,354,209,304,2739,13,1070
E02003544,6450,282,598,220,528,1407,307,454,546,42,776,196,256,250,29,559
E02003545,7148,582,1219,318,592,1004,192,758,201,19,282,112,219,769,21,860
E02003546,8525,457,868,576,936,2341,420,508,432,29,755,227,244,148,31,553
E02003547,8644,718,1515,636,995,1144,193,912,281,24,356,137,324,613,25,771
E02003548,6796,308,790,312,562,1552,185,512,332,14,298,111,228,693,17,882
E02006821,6545,341,280,669,796,2274,539,216,353,35,398,143,224,13,31,233
E02003389,7781,362,379,711,921,2462,744,292,448,52,375,217,442,14,6,356
E02003390,7601,316,209,693,931,3347,601,194,374,35,209,159,303,0,14,216
E02003391,8233,520,480,680,910,3011,630,336,350,20,413,246,274,8,15,340
E02003392,8119,348,860,286,798,1959,338,698,605,47,867,289,328,12,20,664
E02003393,7830,406,413,550,910,2417,809,280,495,88,523,239,342,0,21,337
E02003394,7536,318,550,261,631,2042,475,278,553,39,1085,307,546,0,20,431
E02003395,9453,195,978,154,668,2332,300,706,565,23,896,211,1033,29,16,1347
E02003396,9210,329,1011,315,783,2148,535,612,610,39,895,283,634,18,23,975
E02003397,7444,475,358,567,703,2109,697,204,510,62,746,314,333,9,22,335
E02003398,10517,264,1033,124,598,2263,316,618,376,22,702,243,1290,1085,10,1573
E02003399,11836,364,2348,197,1307,2335,183,1344,406,18,759,211,542,101,16,1705
E02003400,8463,209,662,191,515,1841,261,398,272,22,361,124,460,1929,20,1198
E02003401,8306,442,1031,441,835,1839,407,608,471,32,721,240,516,7,6,710
E02003402,9543,425,1235,378,894,1918,278,744,294,22,428,173,716,549,8,1481
E02003403,8548,569,599,634,710,2148,746,276,553,67,870,367,531,6,26,446
E02003404,7888,688,868,682,850,1803,276,176,359,31,770,231,464,226,18,446
E02003405,9931,311,731,248,598,2457,582,440,775,121,1609,407,802,94,37,719
E02003406,7459,317,404,330,662,1863,650,250,526,66,888,297,745,2,22,437
E02003407,9376,396,727,292,500,2655,610,210,744,57,1576,447,730,0,22,410
E02003408,10334,234,648,226,464,3250,901,182,324,46,964,282,1814,5,14,980
E02003409,10357,312,980,350,786,3121,736,478,623,48,1166,363,768,18,19,589
E02003410,11450,267,371,196,416,3729,952,132,345,46,972,398,2423,38,10,1155
E02003411,11017,430,699,337,549,3420,865,188,332,60,1006,419,1831,40,16,825
E02003412,9447,313,772,328,686,2940,885,316,560,45,825,309,873,0,14,581
E02003413,12364,243,702,228,580,3447,842,230,333,25,1071,351,2613,86,16,1597
E02003414,12116,249,1128,202,906,4130,630,520,590,70,1235,282,1407,33,8,726
E02003415,12117,256,1059,220,718,3374,514,282,506,32,1238,299,2106,63,6,1444
E02003416,8079,256,615,324,662,2453,774,286,345,49,565,276,842,7,19,606
E02003417,9386,335,928,247,621,2821,715,346,301,15,487,222,1427,16,13,892
E02003418,9504,379,599,275,607,2907,842,196,498,49,998,354,1222,4,19,555
E02003419,8501,330,614,330,516,2749,521,218,431,53,950,348,857,8,21,555
E02003420,6157,133,689,166,484,1624,401,318,311,42,667,232,598,0,0,492
E02003549,8453,684,932,864,1150,1895,429,304,262,33,298,164,387,458,29,564
E02003550,7878,314,480,452,1014,2233,718,326,504,80,703,292,439,11,9,303
E02003551,6655,748,897,674,806,1264,244,234,400,56,500,152,271,66,12,331
E02003552,6168,445,445,286,672,1496,485,206,466,68,698,237,291,3,17,353
E02003553,7009,190,311,170,420,1307,375,208,345,46,509,230,405,1595,12,886
E02003554,6079,431,491,515,667,1444,459,314,292,27,297,123,367,122,18,512
E02003555,7325,502,538,388,726,1592,648,328,672,71,852,266,326,17,19,380
E02003556,5941,283,372,520,650,1589,470,218,477,30,573,180,283,17,16,263
E02003557,6897,468,574,432,564,1320,259,354,151,28,144,78,266,1446,29,784
E02003558,6612,373,668,333,605,1475,279,322,503,39,763,215,470,46,14,507
E02003559,7813,413,414,510,840,2680,637,282,433,42,376,168,483,49,10,476
E02003560,7165,361,644,302,548,1463,430,240,891,66,1180,313,417,0,24,286
E02003561,7934,311,864,231,451,1045,215,530,383,32,435,187,422,1887,27,914
E02003562,8085,374,930,428,806,2020,522,586,512,46,572,192,371,35,14,677
E02003563,7717,543,792,385,661,1761,427,466,567,55,740,226,355,28,33,678
E02003564,8000,496,626,591,815,2025,577,370,569,52,822,266,383,7,20,381
E02003565,6622,194,735,113,319,556,124,498,143,6,205,92,296,2224,7,1110
E02003566,6035,477,379,538,592,1311,513,202,493,36,604,272,304,14,14,286
E02003567,7665,307,497,316,628,2034,531,328,736,60,951,305,495,6,27,444
E02003568,8509,299,1470,319,743,1660,227,892,364,44,330,132,398,420,10,1201
E02003569,7428,357,1084,183,605,1260,318,748,490,50,608,190,499,102,15,919
E02003570,10222,262,1252,160,452,2623,238,306,309,36,811,216,1429,552,8,1568
E02003571,7164,430,1076,234,336,548,71,484,96,18,156,92,162,2251,18,1192
E02003572,6127,294,374,432,632,1760,575,286,357,56,416,219,364,7,18,337
E02003573,7452,504,582,547,691,1536,548,236,670,66,953,368,400,4,28,319
E02003574,7757,482,581,676,907,1987,706,408,527,86,563,191,311,2,25,305
E02003575,6348,366,638,342,508,1244,378,260,653,65,951,249,366,2,19,307
E02003576,8076,372,770,339,683,2088,627,426,730,95,785,255,430,12,20,444
E02003577,11598,728,2412,608,1158,1869,148,1170,391,13,672,203,419,531,19,1257
E02003578,6296,337,452,387,632,1779,511,382,566,71,401,224,287,4,17,246
E02003579,7822,356,774,465,875,1864,549,500,641,65,648,258,344,29,21,433
E02003580,6030,305,579,231,539,1216,378,202,708,52,1014,302,303,3,25,173
E02003367,6262,262,319,501,995,2282,381,258,315,25,335,122,258,0,19,190
E02003368,5575,298,431,451,833,1633,373,300,333,34,232,156,184,0,23,294
E02003369,6081,340,364,599,851,2187,471,262,198,30,248,139,185,4,5,198
E02003370,6548,274,353,599,935,2243,643,262,254,50,296,160,210,0,20,249
E02003371,5945,270,197,518,712,2079,693,190,348,37,268,147,246,0,15,225
E02003372,7657,311,299,610,896,2324,911,220,433,75,622,226,422,0,18,290
E02003373,8623,370,409,736,1242,3417,566,304,433,43,405,161,290,0,14,233
E02003374,5728,174,411,254,734,1719,577,320,388,40,512,178,199,9,7,206
E02003375,5788,258,425,360,734,1783,452,310,363,12,460,131,214,0,13,273
E02003376,5767,428,478,485,803,1435,474,352,385,31,371,122,192,0,19,192
E02003377,10236,563,700,872,1584,3371,695,442,505,59,478,190,352,2,16,407
E02003378,7725,594,585,669,865,1918,630,424,472,20,496,243,314,6,31,458
E02003379,6827,234,532,330,792,1786,543,436,557,26,598,201,357,0,5,430
E02003380,7851,239,445,382,992,2436,811,404,611,85,452,272,342,0,17,363
E02003381,5955,197,291,394,866,2339,429,230,225,27,334,131,253,3,11,225
E02003382,7585,453,541,402,730,2305,568,322,667,36,737,203,290,4,7,320
E02003383,6918,219,382,306,796,2648,689,334,482,66,388,155,181,0,12,260
E02003384,6385,306,336,483,1045,2146,551,296,320,38,259,146,206,0,16,237
E02003385,7536,447,988,375,811,1885,325,650,452,29,484,197,301,11,11,570
E02003386,7965,419,732,471,857,2258,599,458,556,39,651,245,239,3,7,431
E02003387,9133,467,338,858,1186,3241,904,268,457,48,460,196,256,4,36,414
E02003388,5732,325,326,528,822,1924,386,230,291,38,368,114,160,0,25,195
E02003421,5590,260,247,492,672,1920,524,158,170,24,336,108,404,4,21,250
E02003422,11490,587,670,1147,1595,3745,872,502,517,62,553,293,469,0,37,441
E02003423,6067,260,285,386,508,1888,545,184,422,69,448,244,467,0,4,357
E02003424,8116,443,621,797,1124,2518,670,438,249,32,264,162,350,6,22,420
E02003425,10853,600,1093,494,982,3078,515,746,628,24,675,273,810,5,6,924
E02003426,9586,453,503,721,969,3775,877,378,451,48,446,173,351,7,26,408
E02003427,7540,254,427,422,628,2324,532,290,566,41,522,259,628,0,17,630
E02003428,9022,340,473,586,998,3004,1024,332,551,79,509,339,390,6,9,382
E02003429,7483,346,430,613,1022,2574,596,248,314,64,311,175,373,2,33,382
E02003430,6713,589,915,542,902,1624,427,414,253,39,245,173,249,2,10,329
E02003431,6596,312,552,366,726,1957,654,324,287,33,459,150,401,0,12,363
E02003432,6758,466,794,338,695,1909,281,500,426,33,390,169,210,5,8,534
E02003433,6614,417,326,588,716,2101,549,204,326,31,424,236,327,0,7,362
E02003434,8773,531,729,536,750,2339,613,380,637,56,817,332,445,0,23,585
E02003435,6911,279,499,487,829,2497,459,338,323,34,334,169,282,3,7,371
E02003436,8357,506,398,781,919,2496,972,324,376,51,319,254,472,0,30,459
E02003437,7516,367,612,558,848,2781,556,226,284,40,426,182,282,3,27,324
E02003438,10575,643,746,949,1257,3805,770,294,423,23,573,254,399,0,15,424
E02003439,5421,355,323,672,764,1770,433,218,195,15,218,105,140,0,2,211
E02003440,8833,453,478,737,1201,3363,598,498,388,44,326,196,268,0,14,269
E02003441,7634,381,285,775,897,2628,842,222,309,58,390,221,343,6,20,257
E02003442,7107,200,409,372,756,2995,580,358,375,36,431,181,196,3,7,208
E02003443,5974,462,267,610,482,1743,587,176,351,24,354,219,388,0,11,300
E02003444,8890,403,309,680,776,3150,795,228,298,30,410,233,917,70,16,575
E02003445,8331,377,460,718,1022,2653,951,268,399,42,373,270,394,0,16,388
E02003446,8488,362,400,673,1045,3409,888,232,313,25,291,187,356,6,4,297
E02003447,9438,250,506,480,1012,3640,723,438,585,42,638,232,453,4,13,422
E02003448,6672,252,291,498,898,2418,673,290,270,44,286,148,248,0,13,343
E02003449,7464,176,773,208,826,2976,536,558,396,29,295,164,236,0,9,282
E02003450,10638,321,658,519,1271,3551,835,598,643,58,708,269,540,35,11,621
E02003451,7939,715,778,639,839,1991,522,572,414,19,628,191,206,0,19,406
E02003452,6100,227,284,582,828,2416,502,254,254,12,228,167,156,2,9,179
E02003453,6512,167,229,468,846,2941,771,148,209,33,246,137,153,0,8,156
E02003454,7612,355,489,688,1022,2734,610,346,339,14,310,163,275,0,12,255
E02003455,6715,277,379,440,946,2417,543,324,342,50,308,128,247,0,9,305
E02003456,6824,317,408,477,993,2433,480,240,368,32,419,157,218,0,19,263
E02003457,9764,283,350,774,1420,4257,890,264,395,43,323,168,238,0,26,333
E02003458,8024,387,365,851,1123,3038,721,224,281,38,335,154,275,0,15,217
E02003652,8623,453,542,709,1135,3074,672,292,398,45,419,222,307,58,15,282
E02003653,6469,413,452,480,780,1926,444,278,402,72,465,149,141,129,9,329
E02003654,5531,257,230,439,881,1947,548,216,198,45,210,90,224,0,9,237
E02003655,9456,363,448,651,1377,3549,823,400,451,49,412,225,380,2,19,307
E02003656,5725,381,349,576,806,1638,466,270,311,24,313,193,210,0,19,169
E02003657,6053,282,290,560,934,2114,507,270,247,27,201,121,293,0,11,196
E02003658,7041,364,352,604,1076,2270,633,330,404,41,332,184,199,2,14,236
E02003659,8334,307,436,506,976,3065,595,468,646,64,616,139,225,0,26,265
E02003660,9544,411,478,690,1294,3497,758,440,617,69,469,237,314,0,15,255
E02003661,5750,324,370,531,811,2068,447,228,255,15,195,110,202,0,13,181
E02003662,6266,224,577,243,659,1919,359,368,442,29,544,174,396,0,15,317
E02003663,5478,166,334,155,469,1544,419,238,429,71,707,242,396,2,11,295
E02003664,6187,333,433,245,525,1700,419,312,522,36,649,226,423,0,18,346
E02003665,5896,274,418,442,646,1767,379,280,460,45,410,173,282,0,16,304
E02003666,6723,414,725,258,523,1566,321,496,396,28,482,183,633,0,12,686
E02003667,9398,175,863,202,1078,3016,426,868,836,67,672,214,379,10,4,588
E02003668,8804,461,365,997,985,3226,889,228,388,44,336,222,346,0,41,276
E02003669,6912,269,373,199,417,2159,419,258,505,58,730,318,647,0,27,533
E02003670,8726,324,788,402,962,2592,736,506,617,46,598,262,403,2,26,462
E02003671,5882,151,536,136,582,1730,355,348,442,58,645,211,337,0,7,344
E02003672,9641,452,497,841,1401,3287,914,356,455,59,399,259,310,4,26,381
E02003673,8105,488,394,837,1277,2624,755,258,246,45,327,231,218,0,49,356
E02003674,5259,276,197,538,784,1929,435,202,209,19,185,149,126,0,26,184
E02003675,8334,593,432,706,1036,3144,550,224,415,34,510,222,206,0,34,228
E02003676,8015,376,352,893,1093,3034,775,224,323,46,204,185,223,2,24,261
E02003677,9593,459,484,651,975,3255,790,300,677,64,604,309,497,9,11,508
E02003678,5518,249,329,444,614,1943,466,254,258,60,217,150,318,0,6,210
E02003679,6372,440,540,396,634,1739,391,326,474,61,515,198,241,0,7,410
E02003680,10072,616,403,1079,1211,3740,867,214,513,47,522,242,231,0,26,361
E02003681,10172,675,369,958,970,4045,722,264,408,32,520,259,420,3,23,504
E02003682,7329,364,425,588,958,2783,555,308,313,49,287,185,214,3,21,276
E02003683,6292,336,261,665,665,2420,482,202,266,29,344,165,201,2,26,228
E02003685,7957,443,325,804,918,3112,724,234,348,29,350,188,236,0,24,222
E02003686,7068,408,277,776,834,2698,697,148,215,24,315,154,222,0,14,286
E02003687,5698,323,243,503,573,2219,552,128,257,23,317,169,151,0,26,214
E02006823,8549,455,344,982,1112,3226,906,224,323,44,315,178,202,0,21,217
E02003688,12081,742,634,1175,1237,4554,919,356,522,50,584,257,498,60,29,464
E02003689,8693,452,304,845,911,3351,777,176,243,12,249,124,760,2,15,472
E02003690,6463,532,413,597,689,1511,664,258,372,37,390,237,331,2,28,402
E02003691,6857,404,394,650,728,2371,611,218,273,34,298,149,342,0,18,367
E02003692,8476,504,501,765,945,2343,844,262,387,41,358,254,780,0,28,464
E02003693,6205,337,326,654,900,1891,583,256,234,42,171,152,326,0,18,315
E02003694,7846,431,554,507,753,2400,648,368,509,62,684,299,301,12,17,301
E02003695,10246,530,508,655,913,2966,1213,304,629,77,601,369,879,4,18,580
E02003696,8101,713,456,931,961,2394,668,306,410,55,401,257,235,5,19,290
E02003697,6052,252,229,644,912,2392,465,192,193,17,249,118,216,0,11,162
E02003698,8362,348,235,990,1224,3095,860,206,285,42,289,178,277,15,34,284
E02003699,5554,270,327,438,698,1654,544,260,315,48,363,149,218,0,16,254
E02003701,11169,403,698,703,1115,3792,915,470,609,60,725,296,694,141,18,530
E02003702,8286,354,535,761,1195,2830,664,338,375,45,302,162,343,5,20,357
E02003703,7835,292,658,449,763,2187,562,396,357,17,481,183,613,253,4,620
E02003704,5919,225,302,460,760,2402,555,210,265,30,234,129,162,3,12,170
E02003705,6920,256,419,138,444,2239,476,328,265,24,567,204,744,216,12,588
E02003706,6562,294,483,362,576,1897,416,336,429,41,637,204,367,41,20,459
E02003707,6214,171,582,217,565,1951,416,284,386,32,462,166,458,29,2,493
E02003708,9406,173,647,173,379,2819,396,322,346,26,738,235,1715,272,8,1157
E02003709,5807,208,409,242,416,1555,348,264,438,44,817,247,465,19,8,327
E02003710,10365,470,860,717,1043,3008,715,418,300,18,498,180,948,296,19,875
E02003711,8486,360,1024,294,796,2134,456,722,605,55,770,202,352,68,17,631
E02003712,7825,559,539,624,884,2169,607,302,379,45,517,279,475,0,14,432
E02003713,5965,331,221,693,717,2011,554,170,304,24,317,153,241,2,7,220
E02003714,6627,310,559,386,720,1968,548,364,436,49,543,205,224,5,3,307
E02003715,6710,260,234,635,978,2891,594,142,224,12,203,137,273,0,5,122
E02003716,5531,402,431,586,628,1595,498,314,224,14,296,162,156,2,14,209
E02003717,8799,636,485,892,972,2866,769,368,370,65,458,225,305,2,30,356
E02003718,5526,314,410,373,607,1652,362,304,327,57,356,187,255,0,25,297
E02006824,9623,516,377,944,1142,3589,980,218,441,51,479,247,307,4,8,320
E02004356,7492,359,438,482,670,1791,595,260,656,88,1035,326,460,0,24,308
E02004357,7695,337,427,373,751,1888,659,276,716,125,1103,330,410,0,20,280
E02004358,7779,638,505,953,893,1617,552,294,574,81,778,275,303,5,60,251
E02004359,7938,604,523,973,909,1722,628,236,587,66,699,312,301,8,59,311
E02004361,7984,545,431,933,904,2232,633,222,509,63,624,215,314,9,40,310
E02004362,8723,526,556,511,703,2561,594,350,658,47,793,284,427,102,37,574
E02004363,6728,757,1013,682,701,1296,302,408,210,27,247,157,290,50,51,537
E02004364,8214,946,742,734,794,1949,439,378,496,34,622,198,322,47,51,462
E02004365,7420,437,1208,190,501,1078,164,540,482,35,632,225,420,618,37,853
E02004366,6898,1018,1225,797,665,776,66,570,314,3,306,141,138,176,51,652
E02004367,7070,1102,657,1392,945,1204,344,278,191,22,269,87,140,60,71,308
E02006857,8500,680,592,886,950,2018,573,404,652,63,618,315,292,15,38,404
E02006858,6971,290,734,556,978,1609,334,464,540,21,677,155,196,19,24,374
E02004368,8042,338,511,591,933,2469,681,360,575,58,597,202,387,0,34,306
E02004369,9682,819,468,1382,1447,2232,893,330,590,62,470,271,390,7,38,283
E02004370,7706,395,629,355,723,1748,516,288,769,101,1133,356,371,0,26,296
E02004371,7022,386,550,439,789,1438,465,310,736,59,899,261,360,4,24,302
E02004372,6495,330,631,248,494,1208,346,286,829,43,1179,250,394,10,20,227
E02004373,8548,529,632,565,831,2113,571,402,677,90,918,343,410,6,39,422
E02004374,7746,462,901,431,753,1597,408,452,665,55,968,269,335,9,32,409
E02004375,8552,525,1202,423,824,1590,393,510,701,62,888,281,472,36,24,621
E02004376,6987,477,1602,206,500,968,159,566,655,30,786,144,257,48,27,562
E02004377,10580,720,1041,822,1236,2437,622,544,826,77,854,348,505,2,30,516
E02004378,8894,779,2544,294,666,1017,130,736,571,26,869,237,360,26,18,621
E02004379,7650,382,300,724,1066,2569,605,268,440,31,439,219,243,0,17,347
E02004380,8786,576,449,1029,1137,2794,808,252,363,53,367,199,344,3,31,381
E02004381,9595,681,909,583,967,2443,633,522,737,86,863,308,279,19,27,538
E02004382,6422,485,323,715,826,1614,470,260,492,69,372,254,232,0,24,286
E02004383,7702,531,522,644,740,2392,501,246,580,24,622,225,316,0,21,338
E02004384,7477,529,453,630,838,1966,656,282,499,43,490,236,355,6,62,432
E02004385,7590,589,498,793,859,1663,668,368,529,88,585,252,357,0,40,301
E02004386,6286,424,429,632,732,1373,476,312,425,54,509,207,281,16,43,373
E02004387,5946,284,463,265,539,1428,415,278,638,61,763,194,294,2,17,305
E02004388,6477,458,417,653,737,1345,425,314,540,47,550,263,291,4,45,388
E02004389,9480,859,438,1570,1384,2089,895,366,535,65,384,249,301,2,52,291
E02004390,7853,665,302,1231,1067,1772,589,246,464,52,532,267,291,0,44,331
E02004391,6238,733,707,636,738,1121,342,384,392,37,474,190,128,0,39,317
E02004392,9281,558,521,860,1226,2941,738,336,574,70,527,229,400,0,9,292
E02004393,6129,500,368,842,1021,1338,452,254,377,43,307,181,214,0,17,215
E02004394,7826,471,478,875,1175,2248,614,296,337,66,374,196,384,0,33,279
E02004395,7584,792,612,816,1024,1349,518,364,449,45,548,245,425,0,39,358
E02004396,8663,685,443,1351,1519,1676,805,346,407,49,362,212,449,0,46,313
E02004397,7998,632,466,821,1049,2186,540,288,510,37,638,180,355,0,24,272
E02004398,8736,666,624,589,791,1933,580,270,916,58,1228,321,490,3,25,242
E02004399,7757,960,537,1113,1091,1669,500,252,404,22,497,232,227,0,28,225
E02004400,10232,1005,424,2176,1709,2048,758,298,344,37,279,266,395,0,86,407
E02004401,7672,1063,420,1570,1014,1500,498,266,303,34,312,216,199,0,63,214
E02004402,8710,1259,1395,795,856,1170,288,596,501,38,730,223,315,0,52,492
E02004403,6483,370,387,592,726,1908,559,164,369,52,467,211,274,0,17,387
E02004404,6421,295,291,640,890,2312,539,204,305,21,321,130,244,0,39,190
E02004405,5801,335,208,572,732,1942,560,196,356,22,305,148,191,3,12,219
E02004406,7168,535,393,974,1126,2041,725,208,257,35,302,153,129,0,21,269
E02004407,7795,574,454,840,1048,2445,594,246,378,66,394,189,271,0,30,266
E02004408,7982,423,525,563,893,2460,651,318,576,71,619,290,250,0,19,324
E02004409,5588,329,332,631,919,1677,462,172,247,16,189,160,201,0,22,231
E02004410,7824,405,341,823,1241,2409,723,296,418,42,217,186,369,4,41,309
E02004411,8511,591,493,699,1042,2434,750,388,553,52,618,302,250,0,18,321
E02004412,7772,538,479,724,900,2354,638,328,446,58,553,208,236,0,24,286
E02004413,6831,441,366,688,1032,2007,601,228,367,48,323,192,266,0,35,237
E02004414,5982,277,374,348,704,2099,449,270,328,30,415,191,264,0,12,221
E02004415,6149,266,264,625,795,1777,634,240,425,40,307,131,296,0,20,329
E02004416,6441,404,347,717,893,1766,588,230,396,29,340,171,263,0,16,281
E02004417,5630,506,339,707,723,1472,420,258,311,29,299,127,189,6,30,214
E02004418,5525,368,303,613,649,1504,461,192,416,37,477,126,195,0,8,176
E02004419,5931,428,357,552,608,1448,377,168,565,45,667,217,230,0,27,242
E02004420,10519,836,614,1618,1604,2552,858,462,445,52,506,226,341,0,52,353
E02004421,7655,829,542,1041,1093,1570,499,350,440,49,502,239,210,0,48,243
E02004422,9467,678,474,1193,1393,2617,548,340,511,71,576,250,353,9,66,388
E02004423,7440,746,400,1265,1031,1727,558,288,331,22,355,197,174,0,64,282
E02004675,7417,398,464,581,943,2132,695,284,519,34,524,224,289,0,10,320
E02004676,8007,360,533,758,1142,2487,765,326,358,39,385,195,360,0,20,279
E02004677,7239,296,285,599,1097,2671,578,256,402,41,331,111,236,2,10,324
E02004678,7423,396,445,681,1129,2284,651,308,345,25,366,209,266,0,25,293
E02004679,8424,352,494,639,1259,3041,520,488,486,24,430,174,243,0,16,258
E02004680,6806,126,616,232,924,2629,463,504,443,39,354,110,172,2,6,186
E02004681,11249,345,943,375,1029,2975,561,652,1059,68,1264,376,844,12,6,740
E02004682,7898,249,607,294,997,2542,548,474,518,36,606,205,353,0,9,460
E02004683,6898,359,531,440,608,1839,457,352,502,34,685,255,368,0,8,460
E02004684,9141,322,684,470,972,2717,573,562,837,59,776,287,400,2,15,465
E02004685,6950,323,955,348,762,1616,412,560,398,30,506,150,295,7,12,576
E02004686,7985,364,844,357,869,2024,395,600,470,35,579,206,455,3,12,772
E02004687,7075,231,458,350,690,1824,432,326,696,64,899,245,406,0,16,438
E02004688,7679,514,694,603,715,1720,586,322,571,57,762,332,341,2,37,423
E02004689,5476,323,203,606,1034,1600,608,172,176,14,196,140,230,0,17,157
E02004690,7873,279,497,483,935,2558,655,416,474,47,562,250,336,0,2,379
E02004691,7818,420,381,898,1271,2601,589,330,257,42,295,199,255,0,5,275
E02004692,7285,393,230,942,1270,2255,873,162,307,54,203,139,228,0,13,216
E02004693,7164,303,599,228,746,1991,506,398,605,68,857,235,307,5,10,306
E02004694,6748,385,445,577,967,2132,509,322,390,35,346,160,228,2,13,237
E02004695,8971,80,435,168,996,4194,588,472,636,31,667,128,286,3,3,284
E02004696,6273,375,322,616,990,2006,474,288,302,24,289,133,221,0,12,221
E02004697,5856,304,322,544,912,2052,411,212,290,15,238,122,194,0,23,217
E02004698,5565,520,484,322,478,1328,309,240,390,46,593,240,306,4,2,303
E02004699,10633,594,613,943,1477,3543,782,486,441,70,553,316,272,12,22,509
E02004700,5858,246,412,212,684,2207,301,208,379,45,460,189,283,0,7,225
E02004702,8199,272,557,434,902,2541,729,450,616,63,574,263,405,0,27,366
E02004703,10669,399,384,1187,1663,3656,1003,370,467,38,410,239,358,0,50,445
E02004704,5672,241,302,499,796,1718,507,240,295,26,370,173,210,0,21,274
E02004705,8491,562,488,752,978,2862,745,300,350,57,568,248,246,0,34,301
E02004706,7583,499,454,695,1057,2404,566,294,365,43,396,201,286,0,30,293
E02004707,11539,696,655,1270,1665,3999,862,364,463,45,490,221,376,0,65,368
E02004708,8621,718,665,674,874,2438,566,456,540,34,718,260,225,4,57,392
E02004709,7388,323,296,799,1167,2385,686,316,382,43,396,153,202,0,23,217
E02004710,6387,292,289,528,862,2088,699,232,266,44,381,173,284,0,13,236
E02006829,6551,427,316,901,993,1854,634,238,240,60,238,150,215,0,26,259
E02006838,6596,460,295,905,1127,1952,557,214,208,28,230,119,197,0,16,288
E02004712,8801,510,305,1217,1117,3388,757,176,292,37,368,137,207,7,20,263
E02004713,7845,411,378,624,1140,2351,949,250,341,55,440,238,351,4,15,298
E02004714,7705,518,493,744,1184,2277,610,368,294,42,382,194,262,14,12,311
E02004715,8055,388,611,453,967,2040,818,500,492,68,574,262,389,4,9,480
E02004716,8816,414,464,677,959,2577,899,376,660,106,709,247,354,10,12,352
E02004717,9682,550,612,509,843,2387,720,562,937,75,1048,362,505,2,14,556
E02004718,8883,335,841,268,786,2329,579,680,772,47,822,293,372,14,6,739
E02004719,10081,438,484,840,1307,3584,1019,358,500,67,506,219,382,2,18,357
E02004720,10761,645,858,980,1536,2908,962,604,558,66,585,316,337,2,19,385
E02004721,9233,205,540,335,953,3765,555,618,654,48,771,156,284,0,10,339
E02004722,7221,542,465,605,821,2041,634,338,431,42,567,201,255,0,27,252
E02004723,9419,422,463,964,1319,3094,874,384,467,54,492,245,283,0,21,337
E02004724,7664,320,527,565,965,2145,676,398,599,45,652,189,295,2,22,264
E02004725,5332,396,481,407,651,1304,402,264,368,19,370,172,221,4,20,253
E02004726,5701,309,402,510,778,1556,363,384,297,51,440,108,201,11,8,283
E02004727,9013,231,390,611,1213,3697,659,438,486,17,515,167,256,9,14,310
E02004728,8559,379,489,547,1077,2837,645,466,562,52,605,230,306,6,23,335
E02004729,7401,397,400,596,806,1892,707,324,546,50,737,288,294,2,19,343
E02004730,8740,493,345,1200,1330,2589,940,276,335,59,341,210,298,17,25,282
E02004731,7900,390,425,691,1121,2788,737,322,346,35,329,143,238,14,18,303
E02004732,8168,444,406,933,1093,2689,713,316,341,46,440,183,240,22,24,278
E02004733,7364,345,489,645,1055,2259,643,384,388,41,423,196,249,0,8,239
E02004734,10202,584,774,876,1300,2721,804,576,592,48,697,269,366,4,40,551
E02004735,7518,496,339,1048,1220,2021,726,308,313,68,203,227,271,0,18,260
E02004736,7847,537,366,1010,1163,2100,878,278,397,54,316,199,224,0,30,295
E02004737,7430,526,581,434,663,1711,501,434,765,55,750,305,302,0,21,382
E02004738,7362,558,334,776,966,1741,808,268,454,41,523,272,305,0,35,281
E02004739,6907,560,271,978,1016,1827,694,170,320,39,343,215,226,2,29,217
E02004740,7170,550,313,1049,1045,2129,784,184,284,26,311,164,175,0,20,136
E02004741,7755,455,332,634,920,1863,810,238,516,45,724,383,417,5,9,404
E02004742,7494,467,470,642,974,1686,641,312,557,57,645,276,359,0,25,383
E02004743,7631,365,435,553,1011,2144,760,304,518,72,549,222,345,0,22,331
E02004744,8667,175,581,238,698,2718,358,302,901,68,1642,272,411,4,4,295
E02004745,9024,403,800,351,945,2227,560,576,903,66,995,318,330,0,17,533
E02004746,10860,760,584,1126,1544,3397,771,396,572,47,690,219,334,5,35,380
E02004747,6591,358,574,441,821,1583,478,366,521,38,636,189,232,0,15,339
E02004748,9594,654,1418,421,829,1362,363,772,900,65,1431,274,449,6,33,617
E02004749,7149,586,370,1056,1070,2092,511,182,328,53,337,140,212,0,12,200
E02004750,7857,537,597,737,1077,1968,611,370,492,55,545,219,314,5,20,310
E02004751,8164,383,363,796,1004,2537,861,292,483,58,491,224,331,0,12,329
E02004752,8318,256,356,539,1125,2946,1109,270,442,57,374,173,333,0,8,330
E02004753,10115,392,450,882,1160,3082,1086,338,607,64,476,312,604,0,36,626
E02004754,6054,384,295,596,922,1921,474,236,266,45,249,177,252,0,8,229
E02004755,11608,487,831,541,1149,4690,506,834,773,70,501,208,384,0,11,623
E02004756,8334,332,400,454,1130,3252,723,332,403,42,498,174,289,0,22,283
E02004757,8057,376,241,1037,1011,2953,932,222,325,55,216,171,226,0,10,282
E02004758,7884,369,395,831,1073,2689,652,240,391,36,304,216,272,0,25,391
E02004759,8107,386,432,749,988,2980,684,306,461,47,363,187,249,0,36,239
E02004760,7751,239,372,546,1008,3318,457,340,379,33,404,103,263,0,31,258
E02004761,6641,459,440,665,995,2558,393,210,206,33,235,81,166,0,13,187
E02004764,7850,587,382,1125,1114,1990,786,290,330,70,383,192,312,0,41,248
E02004765,6016,310,426,585,829,1751,630,308,272,45,343,162,138,0,16,201
E02004766,6424,466,392,460,568,1718,469,226,492,37,685,246,329,0,25,311
E02004767,5896,222,328,295,455,1343,424,204,720,63,982,270,331,0,19,240
E02004768,5591,269,362,327,619,1490,497,250,421,63,546,180,281,0,14,272
E02004769,6407,253,383,254,421,1378,437,210,864,109,1090,250,470,7,9,272
E02004770,6910,356,540,425,524,1452,600,236,726,70,932,263,398,8,22,358
E02004771,8968,415,537,492,784,1898,722,316,1139,110,1206,417,428,11,33,460
E02004772,9171,575,497,888,1200,2519,882,354,558,62,536,252,408,0,20,420
E02004774,9492,942,546,1438,1350,2355,663,356,438,47,469,292,242,0,35,319
E02004775,8882,680,653,949,1193,2306,616,408,485,64,550,277,289,2,34,376
E02004776,5977,429,315,892,916,1432,532,210,303,50,243,206,202,0,23,224
E02004777,5384,544,440,797,711,997,358,244,316,30,420,162,120,0,40,205
E02004778,6018,506,461,848,970,1032,470,298,337,37,344,177,204,7,30,297
E02006822,8763,502,413,897,1134,2242,921,326,536,105,495,333,382,0,41,436
E02006830,6711,270,532,471,572,1633,478,298,713,49,928,196,313,0,14,244
E02006831,6224,426,243,779,891,1605,695,202,374,60,348,176,211,0,30,184
E02004779,10876,789,558,1361,1645,3020,944,448,490,68,550,221,300,0,61,421
E02004780,6023,368,361,504,688,1510,610,218,419,70,512,229,230,0,19,285
E02004781,8258,286,606,444,1016,2598,788,410,610,28,660,170,291,3,27,321
E02004782,7650,565,487,663,823,1949,668,322,495,57,569,256,356,0,38,402
E02004783,7039,292,415,592,854,2120,629,348,396,67,554,196,244,0,13,319
E02004784,5764,359,276,788,960,1561,635,186,149,31,140,150,244,0,34,251
E02004785,5544,415,396,690,918,1341,404,228,210,31,191,120,236,0,24,340
E02004786,8817,279,670,506,1228,2806,677,436,582,30,720,203,331,0,13,336
E02004787,7377,615,472,1129,1199,1695,619,274,366,35,394,164,120,0,29,266
E02004788,7195,398,303,772,1096,2333,586,232,302,35,352,172,306,0,18,290
E02004789,10473,717,493,1100,1332,2774,1019,326,611,61,847,349,405,0,54,385
E02004790,7688,631,581,763,797,1996,510,418,438,38,642,275,218,8,38,335
E02004791,5602,263,246,403,629,1429,479,158,564,78,618,233,296,0,9,197
E02004792,8685,501,443,1027,1413,2010,920,314,437,66,572,259,321,0,35,367
E02004793,7433,578,370,1104,1178,1970,560,216,258,23,274,160,362,0,42,338
E02004794,6919,410,320,817,1101,2003,637,196,311,33,288,187,251,0,46,319
E02004795,8426,876,653,1150,1213,1801,567,398,337,63,420,178,244,2,54,470
E02004796,9641,756,342,1712,1450,2336,851,324,428,53,419,233,281,0,46,410
E02004797,7853,579,598,662,834,1968,593,382,584,93,756,248,177,3,29,347
E02004798,6135,466,427,526,590,1366,448,230,553,54,744,171,274,0,37,249
E02004799,7960,1063,594,1254,916,1385,556,278,402,53,490,258,244,6,41,420
E02004800,7457,868,359,1888,1246,1234,486,258,158,18,211,183,147,3,75,323
E02004801,7647,980,402,1713,1173,1616,415,230,217,29,205,151,135,0,48,333
E02004802,6854,303,320,410,554,1859,479,236,594,75,630,301,699,0,16,378
E02004803,7552,230,399,193,443,1896,527,190,645,46,922,302,1118,4,16,621
E02004804,7213,200,366,392,850,2357,774,362,412,46,396,213,424,0,15,406
E02004805,8260,393,475,631,971,2779,748,406,408,44,362,189,366,0,11,477
E02004806,8173,226,440,406,968,2973,733,446,545,34,506,152,350,0,11,383
E02004807,9052,435,636,641,949,2494,702,474,638,72,592,291,498,3,34,593
E02004808,10382,438,864,401,1101,3555,618,542,677,54,650,218,519,11,24,710
E02004809,8816,384,888,343,947,3668,200,404,298,10,413,87,766,7,7,394
E02004810,7539,197,514,275,673,2179,535,444,609,59,695,219,527,0,2,611
E02004811,7449,460,686,392,792,1923,549,448,435,45,375,191,548,13,31,561
E02004812,6474,172,304,349,747,2056,732,288,358,47,356,156,450,9,4,446
E02004813,6043,369,369,313,601,1539,438,250,433,56,613,291,347,29,13,382
E02004814,7043,260,366,500,1168,2424,518,330,395,49,342,148,223,0,22,298
E02004815,7623,178,443,270,600,1896,405,286,941,85,1243,271,469,0,6,530
E02004816,9139,583,765,664,1094,2436,599,468,561,61,654,255,420,0,21,558
E02004817,7762,432,520,551,905,2036,523,472,520,54,604,257,368,2,24,494
E02004818,10164,475,496,895,1418,3285,818,444,624,72,589,221,439,4,21,363
E02004819,7898,458,546,696,1032,2378,555,456,455,41,394,182,292,0,21,392
E02004820,7371,322,367,636,1314,2707,533,298,284,54,239,126,228,0,4,259
E02004821,5238,293,248,583,949,1654,485,216,171,33,155,103,132,0,6,210
E02004822,7898,453,351,874,1288,2415,668,296,399,42,323,174,305,0,21,289
E02004823,8969,465,549,938,1291,2793,822,368,352,62,525,242,265,8,19,270
E02004824,5799,785,462,657,629,1209,390,276,242,15,457,175,199,0,28,275
E02004825,10631,609,496,1197,1573,3191,1035,406,470,60,598,274,366,4,34,318
E02004826,6809,376,364,795,1099,1951,637,168,293,46,247,144,284,0,23,382
E02004827,7713,155,309,358,946,3592,643,336,301,39,392,163,248,0,4,227
E02004828,6341,266,249,586,998,1865,728,264,231,40,300,165,360,0,15,274
E02004829,5644,226,216,451,967,2177,468,222,209,43,203,89,162,0,11,200
E02004830,6331,340,370,591,1013,2136,438,242,311,34,282,121,187,12,4,250
E02004831,8784,668,428,1322,1146,3024,616,208,302,26,296,158,170,10,42,368
E02004832,8630,606,386,1020,1218,2846,663,282,424,33,426,173,237,6,28,282
E02004833,9725,725,662,931,1143,3268,530,334,369,38,448,179,328,289,14,467
E02004834,7446,655,785,519,740,1624,321,416,435,39,602,217,220,338,31,504
E02004835,10086,955,1355,749,1145,2712,264,772,340,21,390,126,179,301,28,749
E02004836,6336,367,412,352,524,1398,312,176,381,30,466,135,222,1047,28,486
E02004837,7594,372,426,698,984,2627,516,336,289,61,306,152,288,159,13,367
E02004838,9053,473,514,876,1286,3221,715,374,423,64,322,179,269,3,5,329
E02004839,8151,412,310,905,1345,2855,728,270,350,47,297,128,224,2,31,247
E02004840,9459,576,538,874,1292,3025,750,432,451,49,508,215,322,0,21,406
E02004841,11131,479,787,835,1457,3543,708,710,679,40,632,263,460,22,36,480
E02004842,8225,472,357,807,1172,2684,747,354,439,43,355,145,369,0,45,236
E02004996,7956,453,460,733,987,2506,531,352,579,39,529,172,304,2,21,288
E02004997,7545,477,335,795,1185,2047,614,298,486,67,351,210,321,0,63,296
E02004998,6680,350,275,655,871,2171,531,244,413,53,425,184,255,0,31,222
E02004999,12536,584,835,800,1282,3692,893,600,946,82,1210,385,614,7,36,570
E02005000,9580,487,820,435,795,2412,600,478,896,63,1158,283,488,10,22,633
E02005001,8890,436,503,700,1150,2645,883,348,574,68,586,254,371,0,27,345
E02005002,8958,415,738,497,895,2134,685,488,767,65,1047,320,517,0,15,375
E02005003,8553,246,441,283,621,2461,643,362,1018,91,1208,258,541,0,21,359
E02005004,12098,257,692,407,1105,4310,693,668,1236,79,1275,249,603,0,19,505
E02005005,7432,329,295,750,1176,2099,723,340,374,33,350,183,457,0,13,310
E02005006,5459,276,233,549,791,1638,474,208,347,39,330,129,252,0,15,178
E02005007,8552,431,441,801,1121,2663,603,448,686,29,495,184,295,0,33,322
E02005008,8110,783,462,1143,1125,1992,614,224,395,29,581,223,221,0,49,269
E02005009,5607,349,244,610,724,1530,584,220,393,47,321,166,192,0,20,207
E02005010,7470,706,1045,442,692,1552,352,380,480,42,889,214,266,6,13,391
E02005011,7353,626,326,1077,1085,1703,630,236,370,53,403,173,361,18,48,244
E02005012,8682,655,446,778,931,2244,700,298,705,63,792,274,467,6,18,305
E02005013,8147,658,450,941,993,1830,636,284,607,48,786,271,354,7,27,255
E02005014,8463,603,368,1321,1273,2223,766,302,358,41,402,193,313,18,54,228
E02005015,8440,390,424,738,1160,2481,687,336,602,32,656,214,379,16,31,294
E02005016,7748,589,441,790,844,2045,551,294,524,57,671,246,347,17,36,296
E02005017,7208,496,774,535,755,1665,378,482,605,22,690,215,244,46,26,275
E02005018,7945,494,376,996,1186,2122,649,268,389,51,538,220,336,20,39,261
E02005019,6020,287,379,477,817,1689,458,254,396,48,480,141,344,8,15,227
E02005020,7129,425,335,667,817,1626,670,234,586,52,581,223,386,91,24,412
E02005021,10478,1226,1126,1536,1698,2478,429,214,253,30,285,142,218,453,24,366
E02005022,8317,318,373,398,528,1269,376,152,373,28,565,170,366,2820,12,569
E02005023,8971,641,885,434,690,1823,238,246,437,57,791,210,373,1423,11,712
E02005025,9015,662,811,716,944,2008,418,358,333,27,440,216,285,1053,25,719
E02005026,7430,314,399,576,1064,2192,510,370,485,53,538,215,312,24,37,341
E02005027,5515,391,280,573,725,1776,404,216,273,23,272,111,242,12,22,195
E02006855,5941,276,482,244,437,1023,298,360,431,32,559,162,218,659,21,739
E02006856,10873,849,1218,605,867,1513,331,726,443,15,745,250,412,1698,16,1185
E02005028,7404,425,689,356,530,1690,351,282,833,47,1137,256,500,2,24,282
E02005029,9352,174,1072,246,956,2660,476,790,864,48,860,261,445,2,16,482
E02005030,9811,366,931,405,735,3030,684,664,764,87,749,319,488,26,15,548
E02005031,7468,326,800,324,592,1739,550,472,729,53,1030,247,308,0,8,290
E02005032,8962,318,1081,317,741,2306,618,618,751,68,767,344,515,10,13,495
E02005033,6553,307,743,260,576,1645,450,418,576,56,670,234,282,6,14,316
E02005034,7666,287,271,600,776,2804,924,218,472,65,379,264,344,0,16,246
E02005035,7999,363,501,525,791,2641,861,264,481,62,563,250,388,2,15,292
E02005036,6307,368,406,274,440,1622,566,254,531,55,834,337,406,0,0,214
E02005037,7012,349,258,870,737,2071,768,194,499,68,487,157,301,6,24,223
E02005038,5793,383,283,545,711,1724,639,182,377,43,298,162,225,0,25,196
E02005039,6792,317,401,487,785,1895,604,314,484,71,601,236,308,7,16,266
E02005040,6246,358,282,873,863,1807,688,184,229,55,222,134,302,0,18,231
E02005041,7011,385,371,634,1005,2062,594,272,492,64,336,202,273,0,34,287
E02005042,8957,734,648,996,1252,2255,594,332,436,76,597,303,339,0,42,353
E02005043,7445,644,582,755,921,1638,580,354,438,75,567,310,279,0,24,278
E02005044,6847,652,903,601,843,1293,349,406,392,56,412,209,390,0,26,315
E02005045,7988,485,450,656,904,2026,743,312,721,105,668,278,299,0,22,319
E02005046,6498,349,361,444,722,1597,517,244,680,46,591,243,416,0,22,266
E02005047,7610,651,474,809,893,1699,652,266,559,81,704,275,271,0,32,244
E02005048,6531,365,318,695,1178,1632,612,230,378,54,306,145,319,0,21,278
E02005049,6929,581,447,1148,1222,1475,587,254,304,37,245,168,213,0,33,215
E02005050,9126,518,504,920,1332,2620,857,322,634,64,497,229,343,0,27,259
E02005051,13316,570,1130,490,1078,2904,897,562,1814,94,1962,522,676,2,20,595
E02005052,7884,736,1086,600,760,1762,357,442,431,67,454,264,453,4,37,431
E02005053,8901,504,994,395,741,2073,553,408,980,102,883,352,421,8,15,472
E02005054,6631,357,378,740,1206,1616,675,314,441,26,229,130,192,0,34,293
E02005055,7803,254,734,242,506,1928,431,390,745,51,1119,261,657,8,9,468
E02005056,10022,651,1512,323,619,1844,462,612,794,56,767,268,1128,12,31,943
E02005057,10609,390,811,509,773,2923,758,458,767,91,1036,308,990,9,27,759
E02005058,7717,356,437,265,577,1962,609,350,723,102,800,346,739,2,38,411
E02005059,9908,531,493,661,931,2904,1049,334,621,70,661,261,729,0,27,636
E02005060,7364,456,381,619,647,2027,684,244,464,71,648,296,486,3,29,309
E02005061,7126,388,393,410,578,1819,695,188,668,42,749,296,610,0,26,264
E02005062,6982,262,214,630,704,2197,900,176,439,50,527,240,380,0,8,255
E02005063,6606,333,218,426,612,2049,798,178,489,88,510,225,471,0,15,194
E02005064,6672,428,243,790,936,1881,678,204,289,45,350,183,364,0,32,249
E02005065,7221,383,457,434,568,1797,557,272,827,67,930,310,411,3,4,201
E02005066,7794,441,245,1031,1037,2420,815,162,394,61,308,244,295,0,34,307
E02005067,5896,205,221,570,832,1846,595,192,301,52,309,162,292,0,12,307
E02005068,7042,219,368,385,971,2266,747,356,489,47,395,181,316,10,15,277
E02005069,8569,371,486,661,1023,2542,811,464,488,37,577,198,327,22,23,539
E02005070,8593,624,362,1207,1122,2681,744,302,380,39,338,259,243,0,29,263
E02005071,10403,622,1385,443,1005,2171,387,838,806,35,954,275,479,44,13,946
E02005072,7623,357,308,672,1072,2750,851,236,329,46,366,162,218,8,18,230
E02005073,10603,443,1382,438,1022,2365,502,976,753,53,838,228,476,144,24,959
E02005074,7979,491,410,853,1025,2534,737,338,469,19,410,172,223,6,24,268
E02005075,9461,371,598,489,891,2954,705,460,714,69,1038,229,384,47,14,498
E02005076,8579,291,639,375,787,2246,570,566,799,75,960,237,480,18,10,526
E02005077,7831,393,331,505,817,2225,727,276,574,80,799,269,501,9,18,307
E02005078,7928,421,343,768,1126,2297,786,330,407,69,395,222,396,5,42,321
E02005079,7870,449,331,898,1122,2551,777,308,357,20,321,193,279,0,23,241
E02005080,11004,642,724,685,827,2360,734,334,1294,92,1875,461,526,2,15,433
E02005081,6599,432,337,869,993,1852,592,244,310,45,294,151,220,6,47,207
E02005082,9543,390,455,733,1313,2778,945,500,656,51,693,260,408,0,24,337
E02005083,6741,410,292,806,910,1951,730,300,361,57,354,188,158,0,19,205
E02005084,6443,364,345,662,906,1815,567,240,309,21,378,194,366,5,10,261
E02005085,6385,284,305,567,883,2118,481,240,369,35,359,212,289,0,16,227
E02005086,5947,291,285,494,806,2049,560,214,290,28,386,137,200,2,21,184
E02005087,6972,347,316,656,822,2073,886,258,400,59,412,271,258,0,19,195
E02005088,8998,584,732,592,762,1989,862,324,859,69,1026,418,446,0,21,314
E02005089,6257,304,329,628,626,1860,787,222,368,59,374,209,270,4,17,200
E02005090,5835,430,240,772,814,1639,681,172,231,46,244,159,238,0,26,143
E02005091,6625,477,481,557,761,1865,691,342,444,58,312,183,193,0,17,244
E02005093,6062,388,278,674,832,1547,741,206,350,51,212,188,328,0,21,246
E02005094,8457,455,540,620,940,2740,686,416,495,69,535,299,309,0,21,332
E02005095,7420,404,263,882,871,2750,623,240,339,53,351,230,210,0,16,188
E02005096,9508,548,713,637,1013,3131,667,504,725,51,623,284,243,8,25,336
E02005097,9395,397,273,873,1069,4458,736,214,390,39,320,139,232,0,34,221
E02005098,9791,791,654,884,1156,3795,645,388,319,24,295,175,276,10,18,361
E02005099,7781,409,463,678,1082,2397,617,374,494,46,457,252,211,0,18,283
E02005100,8907,558,573,661,1115,2442,657,496,719,90,601,301,316,0,25,353
E02005101,6720,331,339,559,941,2445,539,260,349,37,266,157,248,0,27,222
E02006832,6165,242,365,330,772,1870,723,234,432,40,460,235,267,0,19,176
E02005102,6275,436,283,702,1040,1598,598,244,336,45,271,152,274,0,35,261
E02005103,9524,296,431,558,1053,3213,576,442,917,51,826,233,564,0,16,348
E02005104,8348,506,440,604,786,2131,587,302,812,80,890,363,519,4,35,289
E02005105,7745,359,784,248,544,1762,308,390,971,45,1160,362,403,18,18,373
E02005106,9093,466,524,524,826,2851,621,310,682,100,794,322,718,2,22,331
E02005107,12263,782,868,1126,1405,3166,967,538,787,99,872,350,671,4,31,597
E02005109,6562,572,378,1069,1025,1581,489,242,262,32,281,151,234,2,32,212
E02005110,6772,416,328,820,1078,1806,654,204,360,76,236,178,311,0,39,266
E02005111,7260,890,693,867,910,1225,461,290,535,69,551,302,172,6,34,255
E02005112,6946,542,395,924,1022,1357,617,268,479,51,364,222,319,0,52,334
E02005113,6996,535,413,897,969,1486,601,258,476,63,374,185,345,2,28,364
E02005114,6567,413,434,692,842,1350,464,266,636,84,525,210,333,3,31,284
E02006879,6698,557,1696,240,476,689,139,494,517,19,829,173,311,61,17,480
E02006880,6920,724,1368,528,654,907,136,576,442,41,547,159,240,10,15,573
E02005115,5842,261,571,173,367,1020,354,242,722,42,1130,203,376,0,16,365
E02005116,6096,416,458,276,462,1207,447,210,739,70,967,258,354,6,25,201
E02005117,5889,392,288,654,956,1250,581,202,413,58,378,192,299,0,27,199
E02005118,9097,432,543,627,973,2324,750,500,782,112,983,231,493,0,13,334
E02005119,5702,354,323,544,754,1119,490,230,523,51,637,210,235,0,17,215
E02005120,7665,621,656,783,1167,1563,512,298,456,62,665,199,385,0,22,276
E02005121,12384,253,744,450,1300,4050,769,698,1381,115,1353,305,562,2,7,395
E02005122,6958,345,342,626,1008,1957,709,272,494,57,404,178,331,0,16,219
E02005123,10927,387,661,702,1309,3185,826,578,991,112,925,284,544,3,28,392
E02005124,8239,625,810,427,647,1684,561,390,935,89,1068,235,380,2,11,375
E02005125,7541,382,504,489,801,1822,737,332,746,33,682,246,393,0,15,359
E02005126,7723,465,342,905,957,2036,718,246,598,75,549,237,285,0,28,282
E02005127,8719,372,382,887,1165,2836,856,320,517,44,517,176,359,0,24,264
E02005128,8300,431,502,725,1057,2360,639,370,722,36,695,199,300,0,15,249
E02005129,11016,800,910,799,1237,2483,751,582,996,94,1043,369,451,0,29,472
E02005130,8111,444,468,729,1085,2014,689,402,606,86,659,227,391,0,16,295
E02005131,5626,332,312,554,784,1605,433,242,392,26,375,132,252,0,12,175
E02005132,9553,656,1510,406,608,1422,275,568,927,28,1377,246,824,12,25,669
E02005133,8415,764,446,1318,1082,1878,662,274,512,37,379,221,419,13,47,363
E02005134,7174,384,860,244,490,1520,324,350,827,41,1138,250,340,24,13,369
E02005135,7698,427,660,423,693,1827,512,264,755,63,940,240,464,33,40,357
E02005136,7844,492,409,656,898,2019,769,264,600,55,557,229,528,6,52,310
E02005137,7769,412,528,492,612,1657,465,244,951,69,1268,338,415,5,25,288
E02005138,8453,832,927,806,930,1757,449,420,585,48,753,264,346,13,38,285
E02005139,8504,1082,486,1495,1299,1469,606,306,350,40,447,292,248,9,73,302
E02005140,7524,719,455,1014,1085,1710,444,246,373,36,609,223,311,18,62,219
E02005141,6920,624,671,727,916,1653,394,286,334,42,445,217,252,14,42,303
E02005142,7227,622,388,859,901,1582,689,252,466,80,545,249,304,47,30,213
E02005143,8143,483,515,553,853,1842,506,380,765,65,1083,293,380,4,49,372
E02005144,8355,438,637,436,692,1785,562,282,981,69,1265,391,508,6,21,282
E02005145,6738,465,403,668,1042,1637,435,324,521,57,485,152,299,0,26,224
E02005146,7789,394,659,325,721,1796,453,318,793,60,1167,229,392,48,21,413
E02005147,8516,755,1498,368,720,1211,270,564,651,50,1118,243,423,58,38,549
E02005148,7564,615,424,991,1187,1715,633,266,446,53,410,187,343,16,37,241
E02005149,10405,422,607,778,1382,3128,921,534,865,106,694,244,368,0,29,327
E02005150,10211,470,785,619,1013,2531,915,618,1081,109,957,341,369,0,23,380
E02005151,12594,532,550,841,1433,3912,1293,580,949,151,997,439,441,0,36,440
E02005153,8551,489,337,799,1103,2371,757,362,723,78,643,252,349,0,36,252
E02005154,10943,604,430,1079,1347,3887,792,352,635,69,666,291,338,0,38,415
E02005155,10957,206,434,556,1176,5017,600,418,856,49,785,189,340,0,11,320
E02005156,7289,412,374,693,905,2266,676,244,457,78,434,198,218,0,34,300
E02005157,6578,414,311,770,578,1787,671,152,541,46,534,224,264,0,17,269
E02005158,6567,346,247,654,848,2470,566,162,297,32,325,158,254,0,8,200
E02005159,7774,528,231,1003,813,2531,722,174,432,45,513,255,309,0,22,196
E02005160,10525,593,833,726,1060,3156,634,596,813,78,786,256,366,0,18,610
E02005161,8204,342,525,376,882,2760,609,484,575,47,560,235,299,5,27,478
E02006833,10207,577,530,936,1408,2891,926,470,592,64,664,262,412,0,36,439
E02005162,10720,535,454,797,1222,3606,1089,396,676,76,652,300,386,0,27,504
E02005163,8200,320,377,487,797,3109,773,338,556,49,487,184,344,3,20,356
E02005164,7845,482,595,533,798,2272,563,440,629,73,598,274,270,0,15,303
E02005165,7810,441,421,658,962,2568,736,302,457,51,382,214,318,0,15,285
E02005166,7039,325,560,304,516,1859,531,296,782,71,807,317,307,0,16,348
E02005167,7799,391,311,778,956,3112,699,190,371,31,270,171,322,0,17,180
E02005168,7533,372,589,495,755,2841,441,526,379,33,328,129,230,6,18,391
E02005169,8862,494,1711,304,804,1855,217,1074,437,42,442,170,367,32,8,905
E02005170,9453,623,750,719,1021,3099,529,626,541,45,497,242,220,2,22,517
E02005171,6181,371,542,390,514,1589,352,340,551,54,630,250,166,5,17,410
E02005172,8649,414,409,707,1053,3262,699,264,553,75,380,197,290,0,18,328
E02005173,8590,480,687,832,1086,2787,511,532,393,28,330,194,253,2,21,454
E02005174,7605,509,354,703,933,2374,624,268,415,73,566,253,278,0,13,242
E02005175,8763,568,589,845,1005,2775,701,366,543,35,470,219,311,0,16,320
E02005921,5334,286,279,610,970,1553,478,258,205,18,182,111,155,0,18,211
E02005922,8450,219,585,332,1002,2499,574,580,737,52,834,199,427,0,8,402
E02005923,5868,319,326,298,506,1487,335,268,478,44,538,279,593,7,4,386
E02005924,10880,546,1364,387,873,2518,451,938,794,47,970,226,742,11,17,996
E02005925,8470,342,379,400,640,2185,613,210,881,127,1224,374,633,5,24,433
E02005926,7776,508,479,958,958,2076,719,320,451,56,383,256,278,3,25,306
E02005927,5409,249,381,369,657,1743,465,268,310,27,334,140,213,10,25,218
E02005928,7542,373,370,829,1133,2505,694,278,310,34,368,159,211,2,43,233
E02005929,6852,360,347,705,1091,2286,562,240,293,41,317,157,202,2,15,234
E02005930,7634,373,374,684,1138,2588,528,360,367,54,382,188,261,33,16,288
E02005931,9149,321,477,557,1227,3754,633,426,495,30,393,157,288,0,20,371
E02005932,7014,94,477,182,652,2992,437,536,477,46,480,119,262,0,0,260
E02005933,7427,265,421,434,860,2272,688,350,536,60,497,264,317,0,12,451
E02005934,9155,318,401,682,998,2722,1000,360,686,74,606,312,506,0,21,469
E02005935,7258,378,651,271,703,2525,348,584,515,41,474,167,199,0,0,402
E02005936,9276,571,627,988,1405,2788,647,356,547,43,335,250,316,0,22,381
E02005937,6544,416,312,677,781,1647,594,300,315,51,328,242,396,25,16,444
E02005938,5598,274,207,486,516,1584,657,220,304,27,384,203,364,11,14,347
E02005939,6232,371,467,596,720,1599,713,350,365,50,325,166,244,13,26,227
E02005940,5866,415,471,464,621,1763,337,270,255,13,333,158,281,9,20,456
E02005941,7209,632,786,526,768,2063,294,300,224,18,461,149,267,35,23,663
E02005942,6750,519,880,586,866,2082,219,276,170,11,271,91,285,98,7,389
E02005943,6259,377,359,474,515,1757,483,232,243,23,403,177,378,138,19,681
E02005944,7013,335,582,251,479,1565,404,226,486,60,1055,303,605,89,13,560
E02005945,10495,807,1118,848,1026,2723,456,410,326,26,302,192,489,589,49,1134
E02005946,7990,414,584,416,778,2366,482,406,382,24,458,186,475,167,11,841
E02005947,16342,2521,3296,2430,2768,3117,144,398,84,12,237,83,150,435,5,662
E02005948,6820,431,926,300,692,1192,162,514,254,26,301,141,165,655,12,1049
E02005949,7303,515,800,461,560,1281,400,202,252,49,691,184,472,592,8,836
E02005950,11282,426,1195,295,679,1203,323,618,330,24,410,213,479,2904,20,2163
E02005951,5944,294,657,234,468,1337,199,362,224,19,328,172,260,328,12,1050
E02005952,14349,503,1270,545,1047,2947,712,700,709,39,1113,331,1368,478,27,2560
E02005953,5713,186,489,104,394,1200,210,284,292,23,354,161,452,504,25,1035
E02005954,9640,545,678,480,706,2233,667,440,486,35,674,233,943,71,30,1419
E02005955,9863,424,825,452,728,2235,698,462,567,58,1302,341,806,20,21,924
E02005956,6131,252,468,289,307,1236,491,118,515,72,1094,275,542,20,10,442
E02005957,6937,210,610,171,337,1687,330,210,751,67,1479,226,521,7,20,311
E02005958,5675,251,337,326,616,1944,562,310,345,49,327,181,208,0,5,214
E02005959,5556,293,279,535,725,1702,599,234,253,42,218,153,194,11,15,303
E02005960,5886,379,296,548,708,1951,448,256,306,56,297,154,234,2,22,229
E02005961,6640,347,347,688,861,2030,621,370,297,48,284,178,264,4,24,277
E02005962,8294,352,339,739,1218,2684,1012,268,416,64,423,214,230,0,22,313
E02005963,8166,387,502,656,992,2379,777,362,555,80,414,206,434,2,40,380
E02005964,7261,373,314,721,923,2457,662,304,335,55,310,212,250,0,15,330
E02005965,5451,315,264,521,795,1861,383,238,277,23,211,181,166,0,15,201
E02005966,8043,104,580,142,918,3230,349,682,631,52,542,156,235,2,9,411
E02005967,5731,313,326,463,629,1675,568,222,399,48,446,148,167,5,13,309
E02005968,7670,471,482,742,1206,3066,459,208,262,23,197,129,192,0,3,230
E02005969,9141,584,677,772,1014,2893,676,458,487,59,545,243,284,2,28,419
E02005970,5635,152,601,204,484,1499,379,374,455,65,541,185,211,2,3,480
E02005971,5731,375,239,516,528,1666,542,218,397,35,367,181,261,0,3,403
E02005972,7982,412,345,825,1093,2641,706,372,396,52,342,212,262,2,32,290
E02005973,5550,549,460,601,577,1365,379,276,248,29,335,170,178,0,8,375
E02005974,6069,384,471,564,592,2036,318,316,315,9,366,150,192,3,12,341
E02005975,7910,477,355,957,1187,2775,730,218,228,50,305,151,211,0,20,246
E02005976,6130,311,284,679,919,2299,481,186,187,19,198,120,212,0,30,205
E02005977,5736,323,214,741,667,1933,568,166,305,19,263,169,134,0,25,209
E02005978,6670,367,324,693,925,2029,654,282,234,18,287,159,293,9,14,382
E02005979,9140,647,512,967,1065,2672,791,390,442,59,331,246,394,13,21,590
E02005980,11518,830,751,1253,1655,3913,849,348,425,54,411,189,332,4,23,481
E02005981,8985,262,495,586,1214,3391,1047,344,369,58,425,216,273,0,12,293
E02005982,5849,241,395,505,675,2031,474,328,322,20,301,167,163,5,9,213
E02005983,10740,676,1171,727,1144,2761,596,764,665,44,949,240,329,3,23,648
E02005984,6881,293,322,740,1068,2338,628,286,258,41,309,121,218,0,15,244
E02005985,7556,443,481,614,810,1783,724,322,544,54,718,233,326,7,23,474
E02005986,8991,477,679,642,1114,2757,527,494,662,67,573,267,405,4,23,300
E02005987,7640,420,435,676,864,2333,728,342,423,35,432,236,337,0,32,347
E02005988,7178,287,395,674,880,2359,699,280,467,44,398,193,199,0,25,278
E02005991,9803,565,632,855,1091,3023,838,492,721,54,561,274,250,6,16,425
E02005992,9014,522,495,905,1245,2944,657,394,444,28,498,229,276,0,34,343
E02006886,11023,521,616,1001,1651,4057,800,394,466,40,409,222,361,24,48,413
E02005993,6337,471,447,556,770,1682,493,360,393,59,444,170,228,6,24,234
E02005994,6078,345,390,583,919,1978,479,278,285,35,227,137,158,0,13,251
E02005995,5907,375,334,644,905,1901,489,232,307,49,214,133,145,0,13,166
E02005996,8027,568,449,842,1060,2551,561,370,385,31,449,199,219,14,25,304
E02005997,5555,371,322,617,831,1533,526,198,298,23,276,181,191,0,19,169
E02005998,5816,308,283,646,814,1936,611,234,256,25,161,122,166,0,21,233
E02005999,6169,310,295,635,891,1917,565,258,304,77,249,164,262,0,10,232
E02006000,11829,455,780,808,1390,3802,896,690,851,79,774,270,466,0,20,548
E02006001,5613,167,375,298,608,1844,443,338,496,34,426,154,179,0,9,242
E02006002,10080,690,733,823,1037,2497,741,616,630,56,745,291,410,7,37,767
E02006003,5416,304,251,558,638,1576,565,240,332,23,329,187,165,0,11,237
E02006004,5574,394,363,635,985,1535,386,288,275,29,235,126,125,2,3,193
E02006005,9100,147,580,340,1218,3524,495,614,619,54,641,190,273,10,20,375
E02006006,6669,520,622,654,902,2004,537,220,271,42,328,139,182,5,9,234
E02006007,6609,394,335,672,1002,2166,538,256,302,49,261,159,192,2,18,263
E02006317,6008,318,367,466,644,1759,483,250,382,62,388,222,298,2,10,357
E02006318,6337,350,481,471,735,2354,445,342,284,13,156,150,201,2,9,344
E02006319,6743,405,490,353,579,1929,636,300,509,54,532,272,329,4,14,337
E02006320,6511,256,623,252,584,1852,454,406,566,39,585,251,255,0,22,366
E02006321,6307,319,344,381,705,2618,376,328,320,26,245,127,274,6,12,226
E02006322,6343,303,340,362,698,2604,450,300,313,23,296,151,216,21,7,259
E02006323,6790,412,583,484,722,2041,456,470,321,34,371,179,254,8,16,439
E02006324,7430,257,341,472,740,2912,699,272,417,46,478,201,286,0,19,290
E02006325,8944,394,218,633,889,4325,675,218,321,14,328,181,430,14,11,293
E02006326,6530,369,461,501,705,2301,491,310,305,38,294,167,257,3,13,315
E02006327,6352,397,419,587,679,2515,413,248,242,26,254,121,193,4,14,240
E02006328,8947,569,902,492,940,3227,459,588,354,42,482,235,257,4,15,381
E02006329,6743,308,363,515,693,2618,561,238,292,22,368,176,270,2,16,301
E02006330,9290,689,542,818,908,3174,718,298,442,59,503,285,431,5,12,406
E02006331,7168,449,261,610,722,2945,565,222,261,16,331,213,309,0,25,239
E02006332,6502,285,493,424,822,2506,386,256,248,15,292,137,340,0,12,286
E02006333,9489,586,581,785,921,3625,649,294,429,45,566,299,363,0,37,309
E02006334,8441,373,290,790,936,3930,607,212,225,35,266,175,393,5,14,190
E02006335,7834,446,385,704,836,2504,922,260,291,23,343,263,373,7,31,446
E02006336,6797,294,385,336,558,2239,630,214,505,55,637,327,317,0,16,284
E02006337,8741,372,263,821,972,3197,1161,188,418,55,326,272,316,2,30,348
E02006338,6806,342,230,509,717,2267,702,214,408,54,345,255,378,15,33,337
E02006339,8969,282,594,359,797,2977,658,418,636,66,773,291,500,62,15,541
E02006341,9505,511,601,600,791,3054,723,364,486,36,561,358,464,320,13,623
E02006342,7216,684,825,505,683,1859,256,488,311,24,369,188,214,205,45,560
E02006343,8686,494,431,763,1055,3304,680,242,346,24,418,204,349,10,28,338
E02006837,10548,549,482,1059,1149,3857,1129,344,402,38,360,260,400,30,19,470
E02006344,8500,463,454,865,1103,2967,721,270,389,30,346,220,255,0,19,398
E02006345,6672,355,334,586,1036,2609,424,222,272,28,224,107,222,19,22,212
E02006346,9829,587,339,1097,1311,3888,842,240,341,37,371,200,279,14,21,262
E02006347,7180,286,579,560,948,2225,552,478,410,31,384,208,194,19,18,288
E02006348,8529,417,451,792,1046,2587,740,328,419,60,420,237,354,97,24,557
E02006349,8161,343,586,320,872,2654,501,460,480,38,458,193,218,314,29,695
E02006350,6187,263,354,291,521,1515,467,288,409,59,499,215,393,117,15,781
E02006351,8267,421,606,487,795,3116,647,380,321,50,511,204,362,50,15,302
E02006352,6087,238,248,330,512,1779,608,252,317,35,247,165,209,559,6,582
E02006353,6144,335,407,435,767,1644,475,346,404,35,467,214,256,0,9,350
E02006354,8976,476,489,873,923,3707,726,320,261,27,337,190,236,9,14,388
E02006355,7807,542,648,605,739,1648,442,196,426,66,533,231,313,713,13,692
E02006356,10467,490,1487,385,975,2298,344,1160,425,19,441,184,263,465,20,1511
E02006357,6156,287,443,482,934,1926,496,294,264,55,278,186,219,2,14,276
E02006358,8525,759,860,753,1033,2111,434,308,201,13,199,137,225,754,15,723
E02006359,5930,367,441,526,736,1985,378,336,219,17,184,94,154,92,22,379
E02006360,8268,511,483,832,1048,2987,552,366,293,35,317,204,308,5,35,292
E02006361,5498,299,299,535,763,1897,436,206,205,17,198,130,267,13,10,223
E02006362,6654,441,265,750,754,2558,651,134,280,28,281,140,130,0,20,222
E02006363,5887,381,278,593,699,2162,474,196,212,38,204,163,235,0,17,235
E02006364,7035,382,832,304,699,1742,418,444,558,48,616,251,240,5,16,480
E02006365,5909,501,427,662,756,1979,448,216,197,13,206,104,135,0,27,238
E02006366,7996,369,309,945,973,2943,867,206,312,51,283,214,290,2,22,210
E02006367,5779,431,292,791,653,1980,493,136,209,17,280,133,175,0,14,175
E02006368,5596,439,271,684,652,1820,555,164,204,18,258,139,194,0,28,170
E02006369,6489,492,420,799,912,2031,470,298,225,24,241,181,126,5,52,213
E02006370,6152,469,502,465,731,2089,444,334,234,22,261,150,160,6,16,269
E02006371,7001,543,592,549,838,2094,497,328,374,36,362,149,240,3,7,389
E02006372,6417,344,470,457,727,1778,516,298,490,73,581,217,185,0,20,261
E02006373,7561,361,417,638,1014,2548,595,348,424,49,381,203,295,0,15,273
E02006374,6899,401,422,624,952,2077,568,334,351,42,290,198,318,2,18,302
E02006375,6242,280,221,546,734,2310,732,224,257,46,243,165,295,2,12,175
E02006376,9110,831,679,1046,1092,2763,767,286,393,56,432,201,169,0,29,366
E02006377,5804,305,219,616,708,1922,623,152,330,27,229,183,257,0,9,224
E02006378,8823,313,444,650,990,3170,874,318,506,66,457,208,424,3,16,384
E02006379,5830,389,479,276,490,1587,383,268,508,41,624,214,325,0,20,226
E02006380,7123,451,325,787,877,2569,667,240,263,34,231,159,206,0,14,300
E02006381,6891,364,386,696,926,2142,724,274,287,54,226,161,334,3,20,294
E02006382,6528,353,460,258,648,2025,538,280,547,65,544,223,311,0,12,264
E02006383,9433,675,825,939,1159,3207,530,570,395,24,310,185,224,5,31,354
E02006384,10053,544,831,606,888,3248,726,516,596,41,689,326,389,19,22,612
E02006385,9978,288,1062,361,1131,3180,483,1016,598,21,571,205,394,2,29,637
E02006386,7859,426,487,487,861,3214,479,390,403,23,377,152,216,2,10,332
E02006387,6427,340,330,418,652,2247,442,224,465,34,533,237,278,0,6,221
E02006388,8857,381,632,447,967,3004,673,462,549,58,582,252,359,2,13,476
E02006389,6801,377,369,498,808,2000,707,268,475,63,435,190,295,0,14,302
E02006390,7854,357,376,545,909,2328,785,284,545,52,604,334,317,3,5,410
E02006391,5925,197,299,325,747,2001,566,352,401,47,325,187,219,0,2,257
E02006392,8297,577,707,536,850,1921,739,554,582,38,522,267,298,4,13,689
E02006393,6384,386,549,338,502,1484,340,332,208,16,318,132,215,1075,15,474
E02006394,10607,979,1021,953,1143,2667,522,264,324,56,341,176,346,1350,18,447
E02006395,9120,475,670,464,942,2521,859,444,571,69,671,324,398,64,23,625
E02006396,5767,371,465,511,739,1576,514,254,277,56,252,188,205,4,26,329
E02006397,5940,314,322,545,753,2166,441,218,185,11,213,143,274,9,13,333
E02006398,7573,451,672,461,757,2001,556,478,560,64,509,243,333,4,15,469
E02006399,10652,617,827,832,1207,2992,800,494,680,111,721,305,466,19,37,544
E02006400,5672,310,388,520,764,1845,415,216,229,43,269,127,200,32,2,312
E02006401,9208,562,767,652,996,2675,809,424,595,61,581,267,353,13,11,442
E02006402,9587,524,440,829,1123,3076,1008,352,470,76,534,296,349,0,17,493
E02006403,6035,228,676,300,554,1392,509,276,406,60,552,271,411,5,12,383
E02006404,6615,251,375,326,452,1730,619,212,496,82,707,265,584,0,19,497
E02006405,10363,498,565,771,1130,3008,1115,412,630,57,492,299,615,15,44,712
E02006406,7861,335,904,378,884,2237,494,480,381,45,422,196,322,15,31,737
E02006407,8796,524,476,722,811,2637,1046,318,567,64,480,288,384,0,20,459
E02006408,8223,421,613,612,736,2370,730,418,596,31,553,258,385,2,36,462
E02006409,6734,414,366,408,556,1976,666,220,488,73,557,290,328,0,30,362
E02006410,8076,375,503,399,667,2334,748,336,657,80,738,319,415,0,28,477
E02006411,7107,457,383,752,826,2208,768,326,278,60,269,218,225,8,11,318
E02006412,6798,421,343,637,771,2085,718,272,371,40,331,173,277,2,28,329
E02006413,6106,406,367,553,597,1796,569,186,400,55,365,244,294,3,14,257
E02006414,6207,331,345,527,669,1737,692,244,363,56,445,257,242,0,9,290
E02006415,6677,539,463,838,771,1750,599,300,320,43,305,205,178,0,28,338
E02006416,8191,452,404,876,1132,2946,624,344,297,51,275,239,239,0,11,301
E02006417,5592,295,425,352,716,1762,427,282,323,35,274,160,251,0,10,280
E02006418,6791,327,358,655,905,2472,601,316,306,66,221,138,220,0,12,194
E02006419,7927,326,426,481,675,2395,558,328,577,89,675,343,518,0,14,522
E02006420,7411,313,294,765,859,2812,700,254,296,25,215,132,407,0,12,327
E02006421,8658,426,468,702,1032,3390,809,266,370,53,328,174,308,2,22,308
E02006422,6049,224,268,422,746,2346,546,260,297,61,300,146,236,0,2,195
E02006423,10349,522,687,723,1003,2905,846,484,562,94,594,349,773,0,28,779
E02006424,6180,241,208,662,830,2190,693,156,230,32,195,151,296,0,15,281
E02006425,6178,260,324,528,612,1929,584,214,363,54,351,213,460,6,11,269
E02006426,5717,249,274,380,722,1995,652,236,312,33,249,149,196,0,4,266
E02006427,7101,373,419,522,932,2515,623,282,334,57,257,157,310,3,23,294
E02006429,7217,322,651,549,825,1993,632,438,510,60,377,241,278,0,18,323
E02006430,8976,351,583,494,830,3003,665,420,710,47,738,333,356,4,30,412
E02006431,10489,662,783,824,1256,3207,786,506,671,68,537,306,389,6,36,452
E02006432,5501,406,297,514,638,1752,537,166,290,32,274,121,243,0,16,215
E02006433,9417,645,390,933,1124,3453,717,316,387,42,414,221,334,0,38,403
E02006434,6129,303,293,508,654,2134,579,200,403,52,427,208,168,4,21,175
E02006435,5809,314,391,431,777,1817,452,230,351,39,309,162,306,2,15,213
E02006436,5949,340,318,507,677,1813,463,268,429,51,401,170,276,0,25,211
E02006437,8267,544,489,735,1089,2643,673,322,421,79,264,224,375,0,46,363
E02006438,7797,400,415,802,1049,2343,729,362,415,39,262,141,428,0,33,379
E02006790,7447,519,336,652,812,2151,752,296,466,83,456,266,269,0,28,361
E02006439,5851,349,336,554,806,1849,456,228,322,37,320,163,183,6,20,222
E02006440,7126,291,341,582,896,2317,617,292,390,34,479,224,305,76,12,270
E02006441,7617,658,734,588,813,1885,332,492,452,17,336,193,260,376,16,465
E02006442,5927,324,252,689,731,2446,393,156,188,15,196,94,243,4,15,181
E02006443,7271,525,489,516,776,1980,639,332,444,52,533,241,299,0,31,414
E02006444,6737,382,367,572,727,2584,421,220,295,45,342,194,248,65,11,264
E02006445,7233,479,766,619,1063,2201,356,510,278,15,245,161,90,3,21,426
E02006446,6771,487,356,722,896,2520,504,172,297,30,216,148,165,3,10,245
E02006447,6230,336,344,626,725,2383,429,202,297,31,300,163,158,30,8,198
E02006448,7300,333,364,540,934,2806,541,300,382,29,427,133,226,5,20,260
E02006449,6898,474,357,713,765,2378,557,288,313,24,321,200,218,9,27,254
E02006450,6979,391,372,642,1030,2603,491,208,293,28,277,160,269,0,8,207
E02006451,10692,781,694,1247,1353,3278,936,338,466,58,528,281,288,5,41,398
E02006453,8025,667,444,901,1209,2704,563,228,226,33,284,236,232,16,18,264
E02006454,6553,506,305,668,784,2374,445,274,320,30,284,169,159,0,20,215
E02006455,5981,405,530,397,755,2051,394,284,274,29,301,159,176,0,6,220
E02006839,8381,527,493,915,1203,3061,647,278,250,52,252,153,266,3,17,264
E02006456,7724,469,421,510,738,2388,638,410,476,78,591,239,343,0,22,401
E02006457,9124,484,373,1005,1101,3605,816,252,306,33,274,178,273,6,17,401
E02006458,9204,398,414,875,1109,3552,946,288,301,43,310,176,356,0,16,420
E02006459,10574,309,645,216,662,3387,673,340,336,85,627,321,1632,21,11,1309
E02006460,9488,438,798,333,916,2977,858,522,636,108,715,265,518,2,6,396
E02006461,6735,352,458,591,817,2276,530,308,173,35,238,138,372,10,26,411
E02006462,8452,309,533,412,890,2997,637,436,564,77,506,247,410,3,27,404
E02006463,9534,616,1043,429,1049,2910,424,746,377,40,340,210,416,22,25,887
E02006464,6866,367,447,473,791,2026,641,320,434,62,385,204,328,0,10,378
E02006465,6188,309,385,505,811,2153,579,330,169,24,171,105,288,5,14,340
E02006466,8768,403,459,471,827,2914,682,340,634,104,605,323,458,9,44,495
E02006467,6541,251,200,587,773,2635,565,242,243,30,276,130,317,2,19,271
E02006534,8524,568,392,804,875,2192,878,298,642,68,545,341,448,0,35,438
E02006535,6634,433,330,769,947,2015,634,284,312,33,264,171,200,2,24,216
E02006536,7100,470,386,662,1018,1900,684,282,427,51,388,232,291,0,39,270
E02006537,10127,723,737,673,843,2377,693,412,994,120,1103,404,498,3,28,519
E02006538,8526,656,857,666,984,1880,501,612,681,46,644,238,258,0,27,476
E02006539,7089,480,496,770,862,1614,631,324,401,38,539,238,354,4,40,298
E02006540,5665,497,367,648,620,1171,490,272,371,90,458,189,209,0,32,251
E02006541,7517,800,675,813,861,1426,455,418,512,58,553,257,239,7,64,379
E02006542,5741,495,457,680,826,1450,349,284,220,14,311,131,220,0,19,285
E02006543,5546,412,301,657,793,1408,435,212,366,46,275,149,206,0,25,261
E02006544,10073,641,514,1020,1402,2981,913,372,466,56,499,315,471,7,45,371
E02006545,8259,429,575,491,895,1982,592,318,751,85,946,306,461,6,35,387
E02006546,9631,829,479,1205,1147,2571,649,326,565,77,710,300,390,0,47,336
E02006547,5926,398,413,570,874,1581,415,226,408,49,396,108,236,0,23,229
E02006548,9452,689,570,937,1067,2674,694,436,595,54,808,286,292,3,43,304
E02006549,5870,684,298,1326,916,1148,402,204,143,30,145,140,153,8,50,223
E02006550,9414,793,460,1235,1217,2077,929,262,577,75,674,303,381,4,45,382
E02006551,7785,1219,488,1757,1253,1207,469,292,185,31,212,156,149,0,105,262
E02006552,7109,635,1141,426,692,1147,309,488,480,34,627,178,462,4,18,468
E02006553,7298,497,412,693,875,1774,610,342,545,39,517,215,339,19,47,374
E02006554,6680,672,405,966,912,1572,413,228,326,41,475,169,211,0,39,251
E02006555,7476,487,585,479,658,1662,434,394,626,65,719,275,355,138,32,567
E02006556,8249,744,406,1231,1093,2104,726,268,367,51,385,192,301,14,61,306
E02006557,7148,358,503,384,572,1750,505,284,611,54,699,285,541,31,20,551
E02006558,10638,1239,1774,941,1075,1506,381,744,524,55,642,247,424,95,41,950
E02006559,8124,861,283,1825,1328,1596,600,278,265,61,273,198,219,0,75,262
E02006560,9099,934,473,1586,1258,1852,675,354,483,53,510,251,288,4,61,317
E02006561,6740,379,373,630,958,2477,462,204,321,38,343,137,188,6,17,207
E02006562,5855,303,231,704,854,1994,531,200,245,38,221,97,215,0,21,201
E02006563,5621,361,310,672,906,1738,440,190,200,18,217,141,174,8,37,209
E02006564,7238,750,544,872,914,1733,564,356,388,52,453,218,135,0,23,236
E02006565,8077,628,556,959,1219,2287,586,272,336,36,376,251,229,4,29,309
E02006566,7639,605,456,1126,1004,1972,537,230,310,28,394,254,262,96,60,305
E02006567,7446,451,394,844,1066,2234,572,272,342,35,399,209,293,0,33,302
E02006568,10705,911,1074,787,989,2096,554,460,643,71,798,405,382,698,34,803
E02006569,7818,650,572,965,1171,2401,429,276,319,46,280,144,262,4,38,261
E02006570,8374,906,1058,667,959,1451,353,538,466,19,498,245,238,286,34,656
E02006571,7652,596,460,906,1002,2100,644,322,331,35,417,186,257,27,37,332
E02006572,9132,555,641,681,1073,2413,563,416,594,83,727,264,420,143,34,525
E02006573,10760,1029,628,1674,1498,2386,819,370,511,73,499,288,441,8,67,469
E02006574,10737,1101,625,1617,1495,2200,800,372,483,77,698,272,442,2,70,483
E02006575,8255,351,457,389,515,2197,705,200,437,58,667,314,1026,15,25,899
E02006576,7958,319,532,464,922,2533,794,354,489,41,405,234,331,2,5,533
E02006577,7922,561,570,535,713,2044,622,294,574,35,720,262,423,3,10,556
E02006578,9673,488,912,522,784,2364,599,624,525,41,670,344,702,2,21,1075
E02006579,7877,424,529,516,748,2116,620,340,445,61,695,238,469,0,12,664
E02006580,8007,389,542,588,754,2085,770,362,473,50,691,294,483,0,13,513
E02006581,8589,513,818,505,775,1987,524,370,501,37,720,299,587,5,17,931
E02006582,7943,128,448,254,972,3421,470,420,510,41,487,102,311,0,3,376
E02006583,8945,483,716,615,917,2592,777,482,482,49,629,220,414,3,7,559
E02006584,7442,175,638,148,614,1983,661,254,622,72,974,263,545,4,3,486
E02006585,7770,475,374,582,604,2134,653,210,522,48,712,363,576,0,4,513
E02006586,7836,92,431,114,488,2534,599,268,604,58,803,324,868,0,2,651
E02006587,8380,232,838,146,728,1951,576,386,787,62,1132,282,594,2,10,654
E02006588,7481,371,731,481,973,2256,577,378,361,75,397,162,345,0,25,349
E02006589,11206,430,582,828,1528,4494,1036,422,469,52,545,226,322,3,23,246
E02006590,8598,496,642,676,1002,2701,653,418,509,46,571,232,235,8,10,399
E02006591,7986,485,640,587,858,2504,579,452,443,38,529,227,253,4,22,365
E02006592,6342,384,392,597,971,2068,577,184,307,38,248,109,209,0,12,246
E02006593,10460,897,1007,771,987,2906,563,558,595,65,638,332,493,0,44,604
E02006594,6701,354,474,529,936,2079,525,302,356,52,372,205,217,0,14,286
E02006595,8519,515,516,1067,1401,2743,644,296,347,35,242,159,236,0,12,306
E02006596,8692,291,439,464,962,3717,734,410,448,68,464,204,238,2,17,234
E02006597,9379,547,605,796,1175,3119,662,442,528,74,538,251,289,0,29,324
E02006598,5500,242,298,446,828,1890,495,206,272,46,225,120,197,2,7,226
E02006599,6984,470,212,1238,1339,1769,657,184,195,48,234,144,193,0,37,264
E02006600,9278,861,653,1051,1309,2235,623,448,573,67,508,242,299,0,45,364
E02006601,8133,657,465,940,996,2136,696,276,501,41,525,231,359,0,38,272
E02006602,7466,331,365,804,1108,2451,634,312,300,44,369,166,264,0,30,288
E02006603,8576,681,527,1067,1133,2514,728,314,382,60,442,202,263,0,33,230
E02006604,12480,883,1119,791,1231,3303,1053,582,744,77,931,417,503,2,42,802
E02006605,6527,335,405,553,839,2066,618,224,253,36,327,186,334,0,25,326
E02006606,8188,340,508,631,1037,2687,819,402,439,49,439,280,230,2,14,311
E02006607,7548,371,343,836,940,2640,782,250,286,50,312,205,221,4,13,295
E02006608,5770,314,241,554,798,1790,652,176,237,40,253,175,278,0,36,226
E02006609,7178,423,394,682,972,2401,620,254,382,43,258,161,321,0,13,254
E02006610,7087,381,440,577,847,2612,495,308,335,36,263,150,288,0,24,331
E02006611,10153,660,436,1105,1309,3697,921,366,440,41,356,253,213,0,39,317
E02006612,10153,676,1166,545,1185,3003,510,826,458,27,472,235,333,11,26,680
E02006613,7218,397,515,406,684,2334,618,340,500,46,503,278,272,0,14,311
E02006614,10030,498,623,921,1242,3541,759,398,525,53,545,240,270,0,28,387
E02006615,6773,231,371,339,705,2575,543,380,505,29,473,178,221,2,7,214
E02006616,8066,398,375,701,965,2655,814,310,485,41,465,257,236,0,16,348
E02006617,9083,571,749,548,942,2737,664,436,618,67,606,314,328,0,25,478
E02006618,6187,275,248,730,834,2098,711,166,298,13,235,188,165,10,18,198
E02006619,8226,394,500,576,984,2942,596,320,540,46,458,239,314,0,29,288
E02006620,9193,815,421,1137,1065,2819,788,346,474,55,454,255,233,0,48,283
E02006621,7581,595,314,1180,1278,1899,628,270,296,38,247,172,321,4,47,292
E02006622,7711,586,589,816,950,1981,533,272,456,61,534,246,301,0,45,341
E02006623,7887,528,480,612,864,1957,668,330,641,85,784,277,325,6,13,317
E02006624,7152,384,341,636,799,2618,643,234,345,25,348,168,314,2,35,260
E02006625,8015,395,596,364,770,2716,599,384,590,45,591,264,323,0,17,361
E02006626,7409,323,527,407,639,1971,510,330,653,59,872,331,441,0,10,336
E02006627,8495,551,663,866,1000,2189,606,332,529,43,617,347,313,8,31,400
E02006628,9008,511,994,289,670,2369,436,496,798,47,1029,245,447,52,42,583
E02006629,7930,517,774,449,709,2048,510,358,618,65,703,311,453,12,33,370
E02006630,8147,1004,1478,636,814,1447,275,670,424,21,466,177,251,4,44,436
E02006631,9316,811,1894,464,821,1454,213,834,530,31,762,187,351,72,46,846
E02006632,7999,781,762,844,888,2051,509,386,425,35,393,194,274,13,53,391
E02006633,7990,870,391,1335,1067,1945,589,256,351,29,362,206,250,0,64,275
E02002985,5213,340,312,437,563,1365,526,206,354,42,409,195,202,11,20,231
E02002986,5024,531,346,485,478,1245,413,198,399,17,451,156,128,6,19,152
E02002987,5404,414,263,710,658,1689,536,156,193,24,304,139,130,11,23,154
E02002988,5469,347,457,432,575,1671,348,262,311,6,417,169,130,50,23,271
E02002989,5324,448,309,571,496,1468,433,234,291,18,367,124,188,69,33,275
E02002990,5920,233,841,284,592,1302,175,544,374,33,422,131,125,347,9,508
E02002991,10259,842,2086,799,1071,1558,233,886,247,22,434,171,176,696,32,1006
E02002992,5938,488,392,415,565,1891,353,214,256,27,361,121,196,247,13,399
E02002993,5516,330,971,255,525,872,187,504,210,7,275,73,113,582,25,587
E02002994,10199,704,597,1167,1387,3101,786,430,425,61,541,264,296,25,33,382
E02002995,5315,292,521,277,376,994,287,196,516,38,857,245,223,120,13,360
E02002996,10633,1027,1214,1188,1434,2297,326,368,261,22,241,169,221,1250,34,581
E02002997,6469,358,458,401,565,1032,321,266,271,24,223,138,101,1646,19,646
E02002998,5882,301,378,300,398,1153,305,224,280,31,386,138,139,1301,4,544
E02002999,5529,336,339,405,596,1237,517,198,501,33,530,138,210,138,17,334
E02003000,9202,615,423,1186,1346,2756,931,278,411,68,330,227,288,9,33,301
E02003001,5505,304,307,501,693,1739,424,202,256,32,247,142,125,231,16,286
E02003002,5419,414,359,461,471,1433,357,192,348,49,510,184,186,203,24,228
E02003003,5681,271,361,373,558,1435,466,280,303,33,569,215,210,117,8,482
E02003004,6302,287,285,553,851,2152,657,194,349,31,290,139,254,0,18,242
E02003005,6154,306,267,682,872,2057,667,134,206,23,263,136,289,6,21,225
E02003006,8881,449,589,717,1117,2846,678,408,629,59,564,212,301,10,36,266
E02003007,8307,471,441,685,1201,2460,856,342,496,59,470,234,274,41,17,260
E02003008,5620,241,363,355,574,1501,502,296,516,45,640,158,204,2,13,210
E02003009,5875,295,363,501,683,1726,530,270,430,24,431,157,201,6,14,244
E02003010,5854,245,285,361,675,1678,650,314,542,45,503,159,202,5,9,181
E02003011,5122,350,214,620,654,1394,550,162,279,56,366,130,158,0,7,182
E02003172,6227,458,357,608,624,1333,541,202,490,50,608,282,310,7,52,305
E02003173,6608,497,422,772,792,1121,500,314,522,70,666,294,210,15,38,375
E02003174,8096,577,483,883,905,2135,659,318,411,66,526,243,331,83,47,429
E02003175,8982,470,634,558,929,2865,569,418,678,45,678,290,458,7,38,345
E02003176,7019,412,557,385,597,1461,463,234,725,64,969,340,382,60,15,355
E02003177,7977,401,415,531,859,2558,683,314,474,29,483,215,397,143,37,438
E02003178,8342,458,523,599,782,1900,614,374,595,93,717,267,491,365,57,507
E02003179,6469,493,409,584,562,1451,468,234,471,73,711,285,418,16,29,265
E02003180,9481,393,690,300,592,1770,462,436,550,51,620,265,459,2024,32,837
E02003181,8496,389,548,457,825,2366,600,340,476,51,508,218,433,511,18,756
E02003182,6561,319,444,509,809,2068,561,216,317,45,296,225,314,50,26,362
E02003183,7069,343,484,588,734,1540,462,274,256,48,251,169,342,840,41,697
E02003184,7911,273,765,215,528,1338,293,534,534,28,454,163,544,1089,26,1127
E02003185,7524,327,470,451,787,2387,493,282,551,39,611,279,322,7,24,494
E02003186,8799,263,916,184,642,1791,343,500,753,31,900,224,600,437,39,1176
E02003187,9110,432,1080,497,727,1884,393,512,632,58,744,278,538,394,43,898
E02003188,9950,1078,2231,561,877,1114,160,1014,358,24,324,114,273,389,46,1387
E02003189,8372,794,1061,716,904,1587,456,524,410,28,496,217,378,85,49,667
E02003190,9843,613,2574,371,839,1202,178,960,592,21,716,176,367,179,8,1047
E02003191,7995,807,633,1162,1082,1820,528,400,264,30,346,200,240,0,35,448
E02003192,10184,907,1927,902,1042,1275,149,764,314,25,474,175,326,533,26,1345
E02006883,5469,687,1105,442,548,557,83,670,169,13,180,120,158,81,20,636
E02006885,7007,674,1361,795,893,777,176,682,196,12,199,107,116,144,38,837
E02003012,10699,649,1048,697,1095,2076,696,540,937,73,1468,382,505,10,32,491
E02003013,11956,719,855,594,930,2629,804,438,970,164,1729,490,824,34,19,757
E02003014,7755,441,667,356,598,1528,441,248,851,67,1403,351,426,17,13,348
E02003015,5801,352,383,386,530,1472,364,270,278,34,659,212,283,95,15,468
E02003016,7529,256,662,209,533,1482,436,448,415,37,1053,282,357,392,23,944
E02003017,6042,574,470,547,725,1841,362,352,241,21,253,160,153,10,20,313
E02003018,5728,339,358,436,632,1376,497,208,407,68,613,192,308,19,40,235
E02003019,9339,557,703,615,1009,2088,722,554,730,96,935,335,434,0,38,523
E02003020,6233,565,293,694,844,2480,411,152,173,16,149,119,121,13,28,175
E02003021,6771,246,485,234,498,1454,317,462,389,27,479,178,274,530,9,1189
E02003022,5867,374,224,625,684,2384,489,160,198,31,191,105,128,15,45,214
E02003023,5971,446,510,430,638,1337,424,282,266,28,506,195,253,270,27,359
E02003024,8759,761,848,621,777,1778,571,438,441,34,802,251,396,433,25,583
E02003025,6766,396,501,367,473,1315,410,266,344,92,1061,261,589,74,21,596
E02003026,9269,888,882,1331,1433,2709,524,298,260,26,303,152,185,26,21,231
E02003027,11911,439,943,317,955,3521,454,936,794,46,523,215,301,704,28,1735
E02003028,8524,398,774,418,766,3008,319,508,420,6,364,117,194,351,2,879
E02003029,6222,298,421,243,477,1621,394,238,502,42,943,245,494,46,18,240
E02003030,7176,268,881,280,552,1846,340,448,410,18,608,230,479,208,6,602
E02003031,10253,230,1107,204,734,2677,357,866,573,23,429,144,382,841,14,1672
E02003032,7282,373,646,368,646,1691,520,430,481,53,859,245,368,85,32,485
E02003033,8999,238,1018,188,628,1270,161,920,170,18,220,65,256,2311,17,1519
E02003034,12263,309,1961,126,526,1750,151,972,538,32,1964,370,841,273,18,2432
E02003036,8557,301,1715,233,632,1146,101,986,240,12,353,86,182,1309,10,1251
E02003037,8734,317,1328,148,710,1119,142,1050,210,6,197,45,120,1775,20,1547
E02003038,6359,370,575,353,567,1582,488,396,457,51,614,209,273,7,21,396
E02003039,8045,485,824,439,673,1877,535,434,557,50,1004,241,383,7,25,511
E02003040,9125,437,1332,292,784,1614,292,784,717,36,1068,251,414,44,32,1028
E02003041,6194,394,1009,322,664,873,124,710,137,25,157,44,140,612,8,975
E02003043,10938,401,1956,268,754,803,100,1026,181,6,297,112,207,3185,32,1610
E02003044,5798,247,492,435,656,1416,540,416,391,34,436,169,263,4,12,287
E02003045,6890,399,1175,324,728,937,110,754,215,10,241,83,167,831,10,906
E02003046,9214,375,956,363,996,2066,631,772,752,33,833,310,416,7,14,690
E02003047,10037,482,1143,357,833,2181,418,1028,643,48,618,210,279,201,18,1578
E02003048,6516,200,1060,161,603,1157,285,822,473,38,539,181,134,25,4,834
E02003049,7272,440,522,571,795,1771,618,396,598,40,692,253,199,8,22,347
E02003050,8452,564,1313,334,718,1189,355,968,440,46,563,249,270,55,28,1360
E02003051,6664,238,590,188,510,1376,284,626,666,34,715,216,256,31,18,916
E02003052,6502,356,433,401,681,1424,476,562,521,37,419,165,186,54,37,750
E02003053,8066,421,598,486,812,2166,662,402,663,43,498,256,438,13,35,573
E02003054,6453,294,515,382,700,1739,654,376,493,27,435,195,276,0,13,354
E02003055,8300,350,434,338,566,1863,616,268,960,110,1380,358,648,2,17,390
E02003056,7216,326,472,280,540,1545,533,234,757,88,1347,257,415,9,25,388
E02003057,5822,381,323,494,582,1307,649,270,400,40,489,225,294,11,35,322
E02003058,8987,545,672,640,912,1865,886,464,786,100,1086,290,367,21,23,330
E02003059,5638,365,307,472,576,1259,532,208,581,52,687,207,197,0,19,176
E02003060,10802,691,733,1104,1168,2561,1109,372,746,113,958,355,445,4,42,401
E02003061,5754,376,425,331,421,973,432,188,603,66,1112,289,296,2,13,227
E02003062,5836,311,522,401,389,1190,412,158,590,61,931,253,338,3,24,253
E02003063,7040,416,273,798,938,1562,1023,256,429,65,488,290,225,9,10,258
E02003064,6535,354,600,352,404,950,397,208,859,74,1474,320,301,24,25,193
E02006887,6634,401,1583,201,507,756,44,754,153,13,726,109,216,328,32,811
E02006888,6824,263,868,114,242,1430,180,250,294,25,1514,273,632,30,24,685
E02006889,7347,323,798,118,268,1559,140,218,342,33,1776,252,776,21,30,693
E02006890,8568,309,1010,173,393,1959,270,464,577,39,1336,314,636,68,10,1010
E02003892,6253,429,377,681,1016,1536,472,268,402,46,337,156,249,6,19,259
E02003893,6481,344,364,680,1178,1637,557,312,367,12,316,141,235,0,26,312
E02003894,8017,450,522,766,1148,2009,538,374,595,36,590,223,339,7,29,391
E02003895,7965,457,458,684,1078,2179,546,378,592,48,611,241,359,0,29,305
E02003896,5593,426,518,520,652,1211,352,252,414,31,495,219,239,6,13,245
E02003897,5412,218,257,504,946,1762,486,212,320,29,240,118,152,0,8,160
E02003898,6606,376,343,788,1196,1784,577,304,259,21,288,159,227,0,26,258
E02003899,5280,428,333,485,789,1247,517,188,312,36,384,183,153,2,18,205
E02003900,7163,396,498,584,932,1952,691,306,423,50,520,227,279,8,40,257
E02003901,7453,582,464,896,1202,1566,639,304,430,28,375,214,376,0,25,352
E02003902,5411,370,383,444,660,1338,456,224,443,26,483,184,206,0,15,179
E02003903,6423,410,422,663,1055,1582,489,302,440,50,384,170,202,0,22,232
E02003904,5325,435,445,689,867,1022,404,288,324,37,247,103,208,0,25,231
E02003905,6173,275,381,454,818,1784,548,330,418,55,363,145,285,0,15,302
E02003906,5406,362,342,512,682,1184,444,274,365,42,297,168,336,0,42,356
E02003907,7565,589,493,716,920,1927,525,424,538,41,455,188,308,6,37,398
E02003908,7860,538,494,576,792,2191,552,356,609,44,743,252,249,15,22,427
E02003909,9113,561,607,777,1074,2186,651,448,594,58,698,384,341,104,55,575
E02003910,6068,574,654,481,599,1240,346,484,397,29,444,158,170,34,31,427
E02003911,8381,567,390,1120,1178,2339,748,302,379,48,319,178,362,6,19,426
E02003912,7710,646,488,859,1213,2015,581,306,379,27,307,212,310,0,38,329
E02003913,5804,423,313,781,906,1406,464,204,227,24,244,148,229,137,37,261
E02003914,7093,345,631,532,746,1485,461,484,544,54,614,193,276,276,17,435
E02003915,7725,519,557,532,616,1278,423,356,527,82,774,345,330,700,33,653
E02003916,6616,502,707,480,608,952,308,352,265,22,283,145,246,1121,32,593
E02003917,7456,479,405,712,894,1954,631,276,485,56,506,221,341,123,27,346
E02003918,6740,460,373,672,1036,1518,588,318,458,48,392,189,288,3,25,372
E02003919,6804,475,591,454,698,1510,455,346,655,81,682,209,345,0,25,278
E02003920,7214,410,571,600,904,1745,498,428,605,43,492,224,292,2,18,382
E02003921,5821,387,312,521,877,1483,425,300,444,26,312,162,271,0,32,269
E02003922,7721,375,597,537,867,1915,629,406,673,69,603,232,380,12,28,398
E02003923,7204,405,533,532,828,1591,483,334,661,45,765,264,347,20,18,378
E02003924,6866,613,457,678,824,1447,554,258,528,49,520,284,306,12,42,294
E02003925,7067,348,388,522,866,1656,613,250,665,59,700,241,391,0,35,333
E02003926,7764,352,367,594,1164,2273,674,336,452,56,330,214,481,8,28,435
E02003927,9645,868,687,1248,1500,2285,683,366,498,26,296,188,374,167,32,427
E02003928,11682,627,673,1005,1465,3727,778,506,720,49,1023,317,360,4,24,404
E02003929,6585,497,398,754,1004,1509,555,288,401,55,323,182,258,2,28,331
E02003930,8917,736,583,1148,1439,2000,728,320,532,47,409,205,359,0,38,373
E02003931,9934,817,759,1225,1273,2283,617,404,680,27,752,297,353,10,57,380
E02003932,6945,405,367,763,1115,1756,674,262,425,27,232,169,335,2,41,372
E02003933,6881,499,513,812,1128,1544,478,262,452,46,330,194,268,0,35,320
E02003934,6669,357,330,685,1033,1617,556,288,499,28,346,204,369,0,29,328
E02003935,9216,575,763,687,1079,2286,553,520,767,70,763,249,374,9,29,492
E02003936,8257,512,471,991,1457,2061,690,328,491,45,262,169,317,11,35,417
E02003937,5553,521,388,725,787,1321,456,192,345,39,194,133,185,0,32,235
E02003938,6561,484,416,723,845,1609,459,278,458,51,375,185,313,0,30,335
E02003939,6721,590,475,740,786,1673,511,276,403,50,495,199,202,6,45,270
E02003940,6089,359,334,705,959,1488,592,248,304,66,245,181,314,0,12,282
E02003941,7347,352,551,666,838,1726,541,398,670,55,620,204,342,19,23,342
E02003942,7389,500,580,565,739,1626,503,342,774,53,727,232,337,0,18,393
E02003943,7543,627,690,740,866,1606,506,388,470,97,519,299,318,8,39,370
E02003944,9403,682,653,861,1101,2279,730,394,765,69,709,343,381,11,44,381
E02003945,5973,469,436,791,955,1239,425,296,362,32,292,146,228,0,42,260
E02003946,8803,613,594,925,1268,2250,692,366,547,44,521,248,326,2,53,354
E02003947,6447,448,420,591,951,1521,582,306,359,49,425,170,265,0,44,316
E02003948,8265,669,665,773,947,1767,523,340,778,75,782,295,325,0,26,300
E02003949,6668,731,1016,414,644,999,326,396,515,42,700,289,201,0,12,383
E02003950,5375,407,494,474,758,1168,435,288,323,30,367,181,187,0,14,249
E02003951,6112,562,482,831,815,1109,497,292,369,52,491,195,164,0,32,221
E02003952,6671,451,490,687,829,1569,434,396,433,47,387,198,369,0,34,347
E02003953,10551,512,621,874,1346,2775,858,518,892,63,698,262,603,0,39,490
E02003954,6891,515,745,534,742,1380,364,522,445,35,552,154,334,20,12,537
E02003955,9277,529,728,838,1042,2087,730,464,601,63,867,275,395,11,52,595
E02003956,7050,329,388,515,997,1769,640,350,686,57,479,210,321,2,30,277
E02003957,10100,571,645,856,1384,2521,804,462,982,70,691,233,419,6,29,427
E02003958,7827,373,406,600,1012,2096,659,334,725,48,579,251,374,0,39,331
E02003959,6873,429,439,529,789,1633,522,290,720,47,682,231,286,0,25,251
E02003960,5858,526,375,726,913,1294,426,246,341,33,348,157,202,0,36,235
E02003961,9299,491,488,1045,1275,2426,797,404,755,61,646,267,310,6,30,298
E02003962,6344,397,462,557,831,1622,432,300,446,36,479,185,239,11,24,323
E02003963,9287,800,827,901,941,1841,577,402,745,76,842,366,413,7,41,508
E02003964,7712,638,491,1102,1236,1747,587,292,404,27,307,191,358,4,56,272
E02006781,2203,166,202,230,364,496,129,124,125,26,59,26,82,8,23,143
E02003065,8503,609,814,771,1078,2225,562,556,520,44,571,186,219,4,12,332
E02003066,6014,374,287,860,1046,1841,544,238,192,16,238,102,104,0,23,149
E02003067,7526,416,493,544,946,2674,451,366,538,31,512,158,194,0,24,179
E02003068,6180,407,402,710,870,1725,529,252,302,19,337,187,168,13,19,240
E02003069,5409,426,373,814,870,1445,446,240,135,30,224,97,101,0,22,186
E02003070,12108,557,598,1244,1696,4339,851,560,627,70,612,212,341,0,38,363
E02003071,7901,703,724,838,962,1940,538,376,461,37,525,236,215,4,18,324
E02003072,9045,781,542,1172,1234,2399,870,290,472,55,521,262,185,2,25,235
E02003073,6585,326,261,685,949,2269,805,188,232,19,375,138,138,2,12,186
E02003074,7971,404,621,518,1048,2417,734,392,606,63,561,227,160,0,19,201
E02003075,5788,317,190,674,736,2109,489,154,248,13,351,125,194,2,28,158
E02003076,9273,440,518,845,1235,2842,913,340,581,56,548,263,350,0,18,324
E02003077,5975,338,312,694,752,1810,560,222,333,23,245,149,262,13,10,252
E02003078,6877,357,368,640,1084,1914,474,258,384,42,463,132,298,117,18,328
E02003079,9599,400,559,539,1234,3026,898,416,727,46,844,262,334,5,16,293
E02003080,8589,813,486,1035,1043,1851,616,262,628,59,838,311,319,0,51,277
E02003081,9166,676,533,1226,1348,2402,777,352,461,40,496,279,282,2,46,246
E02003082,8583,864,1545,913,1141,1197,435,612,363,9,451,196,311,33,35,478
E02003084,9506,844,1681,720,818,1611,411,438,623,33,875,260,488,64,41,599
E02003085,7534,428,776,340,554,1539,466,226,851,83,1278,330,317,9,26,311
E02003086,6053,580,797,627,711,1341,334,248,290,10,386,132,256,8,18,315
E02003087,9169,636,412,1226,1526,2301,701,394,560,44,544,184,266,0,46,329
E02003088,8361,655,388,1067,1337,2370,723,244,396,33,341,180,249,83,31,264
E02003089,5777,428,342,781,741,1180,394,160,406,90,607,181,250,0,26,191
E02006845,7970,321,623,456,946,2357,371,556,728,42,779,167,342,0,17,265
E02006846,7104,128,606,176,620,2323,215,520,734,38,1095,126,260,5,8,250
E02003122,6729,427,260,937,1159,1897,623,226,227,36,285,157,199,0,47,249
E02003123,8033,483,528,751,911,1771,697,316,745,46,926,369,242,8,15,225
E02003124,7807,412,595,561,771,1843,593,354,913,71,917,324,215,14,7,217
E02003125,5995,308,521,417,728,1221,530,338,596,49,600,236,257,0,15,179
E02003126,7262,460,510,534,1222,1698,877,224,430,41,552,219,261,9,25,200
E02003127,7570,425,440,466,774,1701,583,268,878,61,909,359,444,18,14,230
E02003128,8654,536,747,612,906,1846,606,406,879,68,968,315,295,21,32,417
E02003129,6521,483,283,656,884,2187,506,148,286,32,501,173,202,7,18,155
E02003130,10224,542,739,666,1184,2304,896,416,968,69,1151,440,392,6,31,420
E02003131,7499,433,415,616,954,1852,641,314,620,37,767,301,271,6,21,251
E02003132,7935,483,532,636,964,2067,668,360,587,49,678,257,310,3,23,318
E02003133,7347,380,331,696,932,1962,754,282,520,49,682,231,297,11,25,195
E02003134,6930,357,363,345,647,1508,626,220,720,97,1018,303,360,8,30,328
E02003135,7479,315,574,289,687,1513,401,340,1154,75,1146,280,341,5,32,327
E02003136,7905,558,373,1042,1094,2176,731,252,430,49,481,185,294,0,32,208
E02003137,7794,467,404,728,1102,2551,656,276,399,51,352,161,287,28,27,305
E02003138,7476,337,571,328,794,2238,446,554,471,39,480,216,293,173,37,499
E02003139,6506,122,320,336,954,2257,600,386,477,54,528,156,130,3,18,165
E02003140,7697,445,364,749,1001,2467,748,252,517,38,451,214,190,5,35,221
E02003141,8014,329,1132,325,827,1504,433,664,681,75,709,233,353,45,12,692
E02003142,9084,477,753,502,896,2110,807,510,808,76,878,377,413,36,19,422
E02003143,7791,495,455,586,1040,2312,786,328,457,54,579,210,242,8,19,220
E02003144,9041,373,1070,339,601,928,146,784,244,26,245,93,203,2743,55,1191
E02003145,6976,384,824,432,728,1420,440,476,459,55,466,192,321,198,25,556
E02003146,9018,311,847,327,553,1297,337,682,513,48,536,191,412,1469,16,1479
E02003147,7645,392,1163,202,484,1507,323,390,949,62,1200,300,306,2,21,344
E02003148,9886,853,1930,544,814,945,126,728,410,21,498,217,228,1745,40,787
E02003149,9340,448,1301,265,661,1276,330,762,603,38,767,207,454,1160,31,1037
E02003150,11468,777,2435,470,848,1456,300,1068,734,58,929,301,462,545,45,1040
E02003151,7449,573,273,1182,1177,1958,734,192,306,39,354,185,194,4,64,214
E02003152,9426,577,498,1008,1272,2620,906,296,549,63,566,300,396,2,48,325
E02003153,7883,537,410,754,978,2628,611,324,516,41,467,191,188,2,31,205
E02003194,6241,464,278,833,1059,1784,640,146,200,45,217,164,203,0,17,191
E02003195,5612,194,319,406,712,1545,521,232,405,54,427,215,304,0,26,252
E02003196,10303,723,288,1471,1405,3539,1056,210,302,45,369,208,348,0,34,305
E02003197,6815,294,415,390,904,2021,693,262,419,59,534,223,242,0,17,342
E02003198,7264,279,464,509,747,2032,695,330,559,48,649,190,413,8,12,329
E02003199,9180,578,549,838,1186,2368,746,444,667,66,652,331,346,0,13,396
E02003200,9962,589,528,803,1055,1968,813,416,748,135,1042,448,609,86,33,689
E02003201,10573,664,698,663,984,2525,823,492,883,90,859,382,688,16,31,775
E02003202,6206,451,566,526,726,1323,412,360,333,47,389,209,272,142,22,428
E02003203,7415,378,531,417,815,1814,506,452,552,103,552,250,411,5,18,611
E02003204,8690,614,636,797,962,2113,643,420,498,75,635,270,387,0,41,599
E02003205,8238,507,364,746,968,2461,772,258,452,54,440,290,483,6,34,403
E02003206,9596,508,776,723,1069,2992,497,540,507,27,551,253,449,10,24,670
E02003207,7099,315,456,515,739,1893,500,282,576,57,728,269,455,0,10,304
E02003208,10683,987,1286,844,1134,1907,515,780,674,33,706,307,510,7,47,946
E02003209,6042,378,465,465,807,1340,475,344,364,72,531,233,204,10,14,340
E02003210,9106,890,794,1061,1083,2336,471,474,460,41,495,204,228,2,49,518
E02003211,8620,1120,827,1760,1260,1442,390,390,180,25,250,155,194,40,44,543
E02003090,6918,454,456,862,942,2175,565,200,278,31,385,189,152,9,12,208
E02003091,6573,385,345,640,796,1912,613,208,445,29,450,217,212,2,18,301
E02003092,7915,349,408,686,1118,2844,674,216,392,23,441,141,314,4,16,289
E02003093,6581,406,257,953,995,1934,660,170,257,30,259,145,203,18,19,275
E02003094,8352,351,401,698,1092,2648,735,354,475,59,639,207,302,0,32,359
E02003095,7123,271,383,551,993,2466,794,242,346,65,350,138,303,7,24,190
E02003096,6453,242,549,374,730,1841,483,324,550,61,625,162,240,0,13,259
E02003097,6220,394,360,791,867,1767,556,242,299,35,325,223,160,4,16,181
E02003098,10038,177,1002,205,1083,3993,472,788,614,32,720,129,395,7,6,415
E02003099,6825,414,380,607,787,1739,706,234,486,51,548,229,306,0,29,309
E02003100,10511,553,771,841,1139,2412,986,506,805,66,950,377,503,12,23,567
E02003101,10561,138,925,300,1134,4143,507,782,730,85,859,207,337,16,8,390
E02003102,6520,314,221,779,821,2203,657,214,300,42,426,123,215,0,26,179
E02003103,7216,194,451,279,687,2387,669,356,609,46,703,221,252,0,9,353
E02003104,7654,357,534,476,898,2343,822,350,476,49,610,257,229,4,10,239
E02003105,6298,418,247,834,660,1964,609,158,315,28,439,164,233,3,28,198
E02003106,10507,654,1111,870,1372,3002,539,494,444,22,604,153,315,272,10,645
E02003107,10607,690,778,761,1015,2379,734,462,580,57,785,294,560,471,30,1011
E02003108,9307,486,546,918,1218,2649,809,422,568,55,619,241,353,4,36,383
E02003109,5985,389,196,758,742,2198,582,182,295,9,199,146,136,6,13,134
E02003110,10369,230,602,537,1173,4663,674,586,665,38,652,122,175,2,2,248
E02003111,6294,510,420,582,663,2053,527,262,313,44,264,139,238,6,14,259
E02003112,6381,419,314,536,552,1652,553,230,515,59,683,288,240,5,23,312
E02003113,10167,492,564,1014,1390,3182,1009,346,478,65,571,208,366,6,22,454
E02003114,6988,531,500,708,784,1730,616,316,506,33,503,246,182,15,27,291
E02003115,9159,480,834,767,861,2138,760,592,753,73,849,303,316,13,26,394
E02003116,7557,526,521,639,679,1621,640,312,649,103,845,325,335,0,12,350
E02003117,8582,444,655,648,846,2194,782,466,715,80,745,248,333,16,26,384
E02003118,10199,429,824,505,1155,3046,1039,598,760,71,846,292,315,0,14,305
E02003119,10344,443,577,739,1149,2898,1069,456,739,109,1062,400,322,3,22,356
E02003120,8393,552,419,1002,992,2457,916,298,425,71,468,245,243,0,43,262
E02003121,10170,553,606,1081,1377,2938,1262,458,455,73,481,259,305,0,33,289
E02003212,8259,576,507,785,1207,2269,800,322,510,46,482,220,260,12,14,249
E02003214,6328,378,526,332,482,1187,389,224,949,64,1035,261,288,0,8,205
E02003215,6993,369,485,748,1062,2068,608,324,358,42,373,167,137,0,16,236
E02003216,9095,541,584,887,1137,2462,774,392,593,75,626,287,334,0,32,371
E02003217,6515,423,465,431,683,1607,508,296,626,49,569,239,292,3,8,316
E02003218,6575,359,390,339,575,1643,508,212,752,71,867,192,378,0,15,274
E02003219,6686,267,285,664,1036,2236,607,242,309,48,320,135,210,0,18,309
E02003220,10274,567,753,1062,1258,3141,902,480,665,79,497,183,327,0,21,339
E02003221,6450,363,649,278,626,1486,400,356,583,58,488,210,385,0,40,528
E02003222,6306,113,510,136,748,2347,493,350,446,65,556,87,264,0,11,180
E02003223,9672,396,1004,450,1020,2446,640,722,834,66,615,239,467,5,17,751
E02003224,8742,472,549,950,1192,2393,933,474,513,76,410,286,231,2,16,245
E02003225,5956,150,628,230,758,1843,681,336,388,38,336,156,189,0,2,221
E02003226,8352,299,989,189,459,1752,358,464,382,22,428,129,1655,28,10,1188
E02003227,6339,353,737,282,388,1387,344,216,646,36,969,256,373,2,16,334
E02003228,6590,318,487,491,613,1914,527,286,392,43,403,150,467,7,16,476
E02003229,5661,104,433,116,802,1824,559,318,431,30,510,143,204,2,5,180
E02003230,7273,296,1298,195,661,1396,214,708,442,17,384,182,380,17,19,1064
E02003231,8514,442,591,438,642,1941,576,252,776,95,1234,408,645,0,31,443
E02003232,8145,303,931,404,962,2391,466,668,487,43,473,157,260,9,11,580
E02003233,8859,488,786,471,1006,2147,779,364,741,84,898,253,422,0,13,407
E02003234,8684,404,612,539,1199,2126,858,296,627,109,827,280,385,2,6,414
E02003235,7302,513,603,861,923,2063,460,398,402,18,322,161,234,7,14,323
E02003236,10512,653,563,1125,1369,3231,849,406,618,81,563,341,355,0,34,324
E02006847,9257,42,665,114,1026,3943,360,794,879,26,669,122,322,2,3,290
E02006848,6789,52,734,118,650,2188,181,742,765,25,604,87,241,2,3,397
E02006849,9028,88,592,224,1174,3800,397,598,724,48,616,73,394,0,5,295
E02003154,7178,443,429,712,742,1566,508,230,638,38,837,356,323,8,29,319
E02003155,5822,525,477,515,635,1266,382,270,388,30,570,160,250,0,35,319
E02003156,9525,493,575,695,1145,2661,642,418,755,37,959,275,418,0,38,414
E02003157,6223,374,746,283,617,1127,429,316,538,41,739,236,373,8,27,369
E02003158,5440,567,475,572,542,1015,346,220,335,49,511,200,286,0,31,291
E02003159,5747,290,535,332,562,1302,355,280,455,52,680,207,309,7,26,355
E02003161,6897,555,1415,403,653,839,234,590,456,24,687,163,268,2,19,589
E02003163,7777,906,1106,1156,1215,1068,356,540,219,26,360,163,184,0,80,398
E02003164,8826,728,469,1073,1238,2164,632,312,431,61,521,298,419,8,51,421
E02003165,7133,436,445,732,920,1765,502,286,507,41,540,238,323,0,42,356
E02003166,10477,576,629,778,1146,2569,737,412,854,60,1206,379,610,10,51,460
E02003167,9018,1040,1344,839,951,1402,325,508,514,34,743,239,473,20,51,535
E02003168,6910,565,405,814,924,1742,576,224,335,54,480,223,256,3,35,274
E02003169,6657,626,253,1202,1062,1352,641,182,262,25,302,198,178,0,56,318
E02003170,9331,922,721,1353,1373,1712,680,410,448,57,655,297,270,3,50,380
E02003171,7362,591,409,866,902,1627,544,274,517,51,639,260,284,0,40,358
E02006840,10636,681,683,1084,1308,2743,793,356,759,69,829,321,431,2,39,538
E02006634,8635,475,467,776,1312,2882,716,340,347,36,407,187,331,2,31,326
E02006635,8395,745,712,894,1036,2380,651,384,310,30,546,201,179,0,37,290
E02006636,6860,468,498,661,1015,1851,515,322,396,32,467,171,189,0,24,251
E02006637,10743,504,771,794,1305,3196,691,570,871,60,1030,269,263,0,31,388
E02006638,6262,571,642,734,788,1293,497,284,415,30,457,156,106,0,31,258
E02006639,8494,505,409,969,1485,2395,725,334,457,56,525,176,181,0,16,261
E02006640,7069,355,365,697,1145,2428,490,366,309,51,318,153,173,0,12,207
E02006641,7416,452,495,718,1171,2171,609,250,393,31,527,179,178,0,19,223
E02006642,5768,294,300,510,1036,1772,502,222,242,20,338,135,194,0,9,194
E02006643,15048,856,1175,901,1985,6193,616,550,704,74,1018,219,388,0,23,346
E02006644,6744,338,319,620,1040,2072,572,250,386,43,467,199,195,0,18,225
E02006645,7157,363,465,526,932,2342,527,370,422,28,491,221,186,21,13,250
E02006646,5601,327,257,618,858,1882,421,206,291,20,283,95,153,0,10,180
E02006647,5897,219,209,568,1048,2062,593,214,218,18,173,114,236,6,22,197
E02006648,5855,317,297,549,913,2234,352,196,228,32,268,91,160,2,27,189
E02006649,6864,439,512,513,867,1797,592,328,375,54,582,247,302,0,13,243
E02006650,11290,535,610,1030,1964,4137,864,380,377,65,475,250,257,0,30,316
E02006651,7234,355,352,693,1123,2762,516,260,282,35,259,117,263,0,12,205
E02006652,9541,389,546,583,1057,3525,645,374,696,57,724,238,372,0,9,326
E02006653,9829,415,557,682,1208,3162,918,436,599,51,857,276,331,0,20,317
E02006654,9353,697,938,810,980,2260,519,592,608,72,882,275,258,2,36,424
E02006655,7002,302,283,591,1125,2369,567,300,353,28,347,159,258,0,29,291
E02006656,7077,217,534,267,789,2691,552,402,525,39,491,152,167,0,18,233
E02006657,10126,443,692,616,1202,3294,643,496,830,63,983,211,346,4,18,285
E02006658,7148,435,518,639,1023,1922,513,380,529,36,552,186,205,0,23,187
E02006659,7648,409,416,605,1181,2783,527,284,367,34,483,172,152,0,13,222
E02006660,13012,787,839,1130,1735,3714,1042,524,836,59,1101,423,384,2,19,417
E02006661,9193,501,569,663,1567,4130,433,182,221,26,363,124,235,0,5,174
E02006662,5917,266,283,453,795,1743,646,188,359,67,475,191,184,0,21,246
E02006663,10724,477,624,691,1301,3354,801,452,782,64,941,309,449,2,24,453
E02006664,6526,354,286,782,1142,1918,547,236,296,14,319,150,238,0,21,223
E02006665,6560,521,391,889,1141,1487,502,260,429,17,361,168,174,0,30,190
E02006666,5645,354,300,479,705,1886,409,194,307,6,433,182,148,0,15,227
E02006667,6369,238,360,270,542,1548,525,234,694,59,911,241,343,0,15,389
E02006668,6104,453,315,599,759,1720,566,192,321,44,313,241,222,0,25,334
E02006669,9710,685,580,1154,1466,2496,770,388,482,54,538,326,277,0,49,445
E02006670,6712,415,736,399,703,1494,372,550,485,48,451,156,230,2,20,651
E02006671,6137,536,724,441,657,1309,277,434,329,27,400,162,215,8,12,606
E02006672,6652,392,352,783,825,2002,423,274,377,23,460,155,242,0,20,324
E02006673,5003,617,417,582,548,1111,319,264,202,27,267,156,139,7,25,322
E02006674,5712,415,404,424,618,1714,349,234,350,24,510,151,181,0,14,324
E02006675,7909,398,303,949,1177,2578,673,336,312,26,357,174,315,0,25,286
E02006676,6119,503,414,773,1028,1505,446,260,270,38,294,157,164,4,42,221
E02006677,7792,469,335,922,1166,2349,680,322,312,32,423,190,227,6,39,320
E02006678,7344,352,409,588,894,1996,512,356,630,65,733,230,293,0,17,269
E02006679,9744,485,454,961,1459,3036,861,346,546,66,582,190,337,0,25,396
E02006680,7333,572,587,634,846,1925,587,302,489,35,596,210,259,0,27,264
E02006681,5936,434,314,761,871,1866,440,228,292,23,279,100,141,4,30,153
E02006682,9402,773,625,1113,1209,2602,694,412,532,51,590,270,234,0,36,261
E02006683,7765,269,402,589,1078,2577,549,414,511,24,619,153,256,0,10,314
E02006684,6166,359,665,397,519,1401,423,422,447,22,532,173,311,0,18,477
E02006685,7699,478,462,650,1004,2360,457,392,482,24,552,164,314,2,9,349
E02006686,5481,284,273,460,650,1544,578,132,370,22,596,184,172,2,7,207
E02006687,7289,273,538,364,856,1803,517,358,752,44,885,165,375,2,11,346
E02006688,5669,298,417,414,646,1396,456,312,492,35,475,166,227,15,17,303
E02006689,6267,289,278,749,1017,1904,546,212,327,26,316,161,231,0,23,188
E02006690,6716,367,335,756,1116,1812,504,318,409,53,356,151,283,0,20,236
E02006691,13490,631,936,861,1587,3685,837,774,1281,105,1489,336,451,4,26,487
E02006692,5697,400,287,516,754,2123,367,162,234,17,341,177,163,0,15,141
E02006693,5728,306,338,499,795,1457,532,270,350,45,485,180,224,2,11,234
E02006694,6065,549,563,653,741,1224,454,326,372,34,489,194,196,0,21,249
E02006695,6338,390,363,801,1099,1695,517,252,252,32,294,131,262,0,21,229
E02004129,5492,349,270,797,892,1386,423,190,253,24,187,148,283,0,47,243
E02004130,5919,634,485,706,679,1126,449,318,340,27,395,251,195,0,30,284
E02004131,5564,388,298,647,777,1558,392,260,375,23,393,130,123,0,10,190
E02004132,8231,427,331,847,1327,2599,655,284,439,41,374,152,376,0,33,346
E02004133,8180,714,545,1058,1106,1828,540,360,515,78,500,248,305,0,46,337
E02004134,6883,373,367,692,956,2192,538,304,303,52,263,197,338,0,23,285
E02004135,8044,694,392,1279,1341,1916,548,272,401,49,347,193,257,0,54,301
E02004136,7959,554,387,1113,1073,2489,541,242,427,51,409,179,218,4,30,242
E02004137,5339,416,273,861,913,1250,455,202,231,18,158,135,188,0,22,217
E02004138,7096,910,545,1436,1008,1266,357,290,269,26,309,185,146,6,69,274
E02004139,6372,683,332,1133,833,1279,496,148,345,34,465,224,132,0,48,220
E02004140,5178,837,333,1204,756,880,240,126,142,24,174,105,114,0,30,213
E02004141,5820,418,308,727,869,1590,429,238,315,41,309,145,136,0,36,259
E02004142,5981,524,396,900,976,1620,388,204,191,27,249,132,151,0,22,201
E02004143,6320,423,291,785,987,1747,522,188,361,32,349,155,247,0,18,215
E02004144,6719,513,350,895,941,1753,507,290,384,26,351,159,256,0,41,253
E02004145,5967,756,329,1289,848,1180,333,178,290,20,258,127,172,0,18,169
E02004146,7223,439,411,569,923,1869,574,256,489,54,700,308,287,0,26,318
E02004147,7025,487,844,382,673,1336,307,508,535,33,678,275,326,17,17,607
E02004148,7145,914,530,1168,916,1306,337,250,366,44,406,191,312,3,37,365
E02004149,9019,909,970,1288,1446,1974,470,282,250,25,195,180,321,316,24,369
E02004150,6825,313,578,349,551,1339,535,258,497,46,695,237,248,696,13,470
E02004151,7957,481,391,736,904,2098,697,312,529,67,724,268,340,24,26,360
E02004152,8421,374,1012,309,563,883,100,436,200,15,272,108,166,3205,4,774
E02004153,7546,278,627,358,878,1928,537,490,622,59,774,236,324,29,8,398
E02004154,8173,418,736,383,587,1756,393,458,409,21,491,222,346,963,17,973
E02004155,7557,590,501,556,748,1854,600,262,650,63,753,287,258,11,35,389
E02004156,9584,873,2055,477,759,951,181,852,385,46,645,171,208,949,12,1020
E02004157,6587,483,885,465,787,1634,221,468,284,21,333,115,203,91,20,577
E02004158,7824,392,648,356,662,1809,513,526,542,67,716,272,496,36,26,763
E02004159,9307,426,622,711,1201,2727,713,580,597,54,674,222,233,19,9,519
E02004160,7175,503,447,786,896,1796,642,280,505,58,493,165,260,16,29,299
E02004161,7976,469,598,421,672,1810,522,310,852,99,894,327,474,34,18,476
E02004162,7231,462,725,536,842,1687,499,536,405,26,562,184,228,13,18,508
E02004163,6591,718,478,752,800,1416,464,304,362,40,468,212,222,6,43,306
E02004164,6586,339,312,743,1119,1652,575,282,438,38,271,142,338,0,37,300
E02004165,8047,493,397,1013,1207,2248,571,356,447,32,443,159,323,0,32,326
E02004166,6487,392,321,599,884,1906,568,316,385,50,329,134,290,0,29,284
E02004167,7200,452,599,530,750,1732,420,354,812,44,736,256,253,0,24,238
E02004168,6088,462,526,457,637,1411,374,274,589,39,500,174,228,3,29,385
E02004169,7103,371,303,685,931,2310,612,324,405,53,391,144,303,0,39,232
E02004170,7643,443,528,637,946,2038,631,404,614,52,494,197,361,8,16,274
E02004171,7562,455,412,766,1000,2330,654,300,403,41,442,135,291,5,18,310
E02004172,6155,364,305,597,1045,1614,624,246,334,57,313,152,244,0,21,239
E02004173,7279,342,354,681,1103,2168,681,296,450,51,312,173,316,12,23,317
E02004174,7600,553,637,739,871,1966,553,424,489,66,553,208,170,13,27,331
E02004175,5517,414,612,414,643,1051,294,280,537,49,524,170,230,0,22,277
E02004176,5588,452,377,714,944,1157,392,220,323,45,269,137,269,0,49,240
E02004177,5992,378,500,498,751,1300,449,254,618,37,485,200,283,0,23,216
E02004178,5471,322,322,701,761,1517,434,166,297,22,225,150,275,0,15,264
E02004179,9078,758,536,1085,1187,2673,611,328,475,52,506,229,249,0,30,359
E02004180,5900,251,254,607,877,1790,484,214,261,39,200,153,461,0,26,283
E02004181,5849,433,410,432,737,1370,502,312,416,42,494,185,229,0,29,258
E02004182,6200,502,681,442,500,1115,348,354,509,48,736,222,350,0,15,378
E02004183,5782,486,474,695,725,1154,523,236,323,31,385,184,212,4,33,317
E02004184,8614,361,608,540,900,2382,620,394,837,72,958,293,293,0,14,342
E02004185,5811,454,235,913,921,1294,511,186,339,38,267,143,185,0,51,274
E02004186,8224,422,398,907,1148,2334,600,366,606,65,510,202,323,0,44,299
E02004187,9336,658,577,966,1294,2335,730,434,561,53,591,285,424,8,40,380
E02004188,6305,464,352,814,990,1538,476,246,283,34,272,138,327,0,33,338
E02004189,5925,262,451,400,992,1661,532,378,348,21,367,107,183,2,11,210
E02004190,7883,494,461,750,1134,2305,564,326,464,38,421,213,314,0,16,383
E02004191,8076,767,760,652,816,1689,444,380,531,42,798,298,316,10,19,554
E02004192,7163,541,388,916,1326,1849,576,284,229,26,296,177,254,0,27,274
E02004193,11851,617,592,865,1503,4112,1093,454,750,68,886,254,305,0,23,329
E02004194,6235,376,403,584,896,1699,515,296,352,54,314,171,239,0,31,305
E02004195,5605,567,532,690,870,1068,355,306,306,35,340,163,114,9,15,235
E02004196,7120,489,426,811,1223,1977,568,288,345,47,279,158,220,0,25,264
E02004197,6269,473,349,1010,1118,1480,432,268,252,25,272,126,190,0,53,221
E02004198,6423,587,504,680,822,1502,440,298,374,26,469,200,195,4,27,295
E02004199,5351,505,282,990,956,1063,362,180,237,30,219,138,168,0,27,194
E02004200,5239,574,385,870,928,948,329,242,206,13,200,118,183,0,25,218
E02004201,5193,330,285,698,856,1253,445,218,233,35,143,110,266,0,37,284
E02004202,7759,514,447,720,1110,2381,556,430,362,49,428,190,255,2,18,297
E02004203,5636,351,337,691,961,1470,410,226,251,40,245,142,201,0,20,291
E02004204,9304,624,581,989,1339,2746,628,406,543,78,500,223,247,0,45,355
E02004205,6450,478,378,743,901,1538,546,228,459,49,359,175,262,0,34,300
E02004206,6711,740,606,911,962,1116,435,310,359,49,429,161,298,0,43,292
E02004207,5957,371,282,750,846,1709,408,280,357,42,318,133,237,0,30,194
E02004208,7969,535,449,1119,1281,1878,608,316,445,58,414,237,261,4,42,322
E02004209,8306,537,469,733,1070,2395,693,388,575,68,585,242,212,0,35,304
E02004210,6780,730,796,564,700,1081,398,318,588,49,689,258,243,0,31,335
E02004211,6499,491,434,983,1155,1437,489,300,328,32,285,128,188,0,35,214
E02004212,5939,349,339,461,771,1613,565,246,426,50,446,192,168,6,11,296
E02004213,5668,409,437,609,871,1484,359,266,340,27,329,126,173,0,19,219
E02004214,5919,497,664,240,492,1102,322,374,616,60,631,214,271,14,24,398
E02004215,5650,437,479,446,568,1340,428,256,470,28,495,139,259,2,18,285
E02004216,5562,351,252,676,776,1290,578,216,377,38,357,205,209,0,19,218
E02004217,7718,503,598,684,954,1750,566,316,648,80,687,243,307,4,33,345
E02004218,5679,386,305,666,828,1520,423,232,319,46,290,164,241,0,31,228
E02004219,5521,355,272,752,836,1652,399,164,296,45,251,98,205,0,15,181
E02004220,6184,610,499,787,941,1173,450,258,385,37,394,223,153,0,32,242
E02004221,5878,550,492,1032,1002,1028,399,252,245,39,291,120,159,0,36,233
E02004222,5717,457,701,459,669,1220,419,280,410,19,430,171,197,6,11,268
E02004223,11348,585,810,811,1399,2757,881,574,1125,73,1120,301,447,0,39,426
E02004224,6254,379,342,750,996,1626,516,260,320,40,246,139,358,8,18,256
E02004225,5714,395,403,467,669,1472,445,236,500,33,525,140,215,0,15,199
E02004226,6916,462,401,838,1276,1667,540,302,274,42,252,133,348,0,38,343
E02004227,8929,515,469,932,1358,2427,870,322,480,47,440,189,394,5,29,452
E02004228,6899,378,345,807,1163,1732,621,294,343,18,232,158,415,0,26,367
E02004229,7963,451,411,869,1231,2083,662,406,431,43,324,180,456,0,31,385
E02004230,7500,490,545,695,907,1939,507,424,604,38,495,223,291,0,25,317
E02004231,6793,510,433,751,1113,1667,553,302,334,33,329,146,283,0,36,303
E02004232,6529,328,323,702,1054,1808,550,270,341,26,273,120,383,0,33,318
E02004233,12280,1003,984,1385,1700,3113,905,520,750,60,773,320,304,2,44,417
E02004234,6119,400,342,771,1075,1494,554,224,297,43,297,148,230,0,33,211
E02004235,6369,461,394,698,1090,1750,479,238,297,24,330,180,204,0,22,202
E02004236,5773,382,268,674,798,1471,588,244,282,39,295,184,244,0,21,283
E02004237,7783,514,295,879,817,2540,682,230,443,52,384,246,367,0,41,293
E02004238,7094,1019,297,1635,903,1274,504,198,239,30,245,144,274,0,54,278
E02004239,5587,582,272,1141,719,1298,454,174,198,33,202,144,139,0,40,191
E02004240,6077,372,477,341,537,1455,471,274,555,76,635,253,315,2,17,297
E02004241,9010,857,645,945,901,2082,519,456,672,40,545,330,514,11,32,461
E02004242,6428,732,328,1361,987,1222,501,184,238,21,222,156,166,0,46,264
E02004243,6465,354,239,630,1014,2082,613,230,350,51,291,171,216,0,28,196
E02004244,7221,436,308,1098,992,2117,528,286,382,38,447,154,187,0,23,225
E02004245,7631,373,239,899,921,2491,657,216,451,73,461,203,359,0,24,264
E02004246,6859,509,262,1506,1381,1313,667,192,193,33,127,135,226,0,44,271
E02004247,5931,283,231,606,1006,1805,629,236,240,31,222,122,267,0,30,223
E02004248,7561,796,305,1548,1135,1439,649,242,350,38,340,188,211,0,37,283
E02004249,5393,288,177,746,848,1719,578,148,219,20,176,135,143,0,22,174
E02004250,7643,852,383,1365,1039,1509,569,218,371,54,446,242,214,0,23,358
E02004251,6334,458,259,909,961,1506,647,208,284,15,306,240,230,0,52,259
E02004252,7014,829,602,826,670,1623,390,364,385,56,494,223,169,0,22,361
E02004253,8981,793,328,1755,1301,2191,890,176,293,51,268,245,308,0,35,347
E02004254,10133,499,423,1015,1261,3248,997,260,558,78,649,312,346,0,27,460
E02004255,7502,660,540,897,944,1848,513,354,537,33,463,174,176,0,34,329
E02004256,9204,494,464,1031,1435,2741,657,380,554,64,487,180,323,0,34,360
E02004257,7314,578,586,727,863,1899,529,378,526,56,448,193,225,0,22,284
E02004258,10329,790,576,1371,1506,2572,851,414,541,54,604,237,362,4,32,415
E02004259,7095,596,477,1025,1237,1816,563,220,218,40,298,165,223,0,25,192
E02004260,9442,604,627,984,1564,3303,609,310,393,47,324,191,187,0,23,276
E02004261,9983,673,840,817,1339,2512,722,560,739,91,628,245,341,4,24,448
E02004262,7714,406,401,895,1468,2105,604,318,326,50,351,173,320,0,33,264
E02004263,5692,381,289,601,921,1574,492,220,320,41,301,173,180,0,13,186
E02004264,7983,483,380,744,1028,2204,786,342,566,65,570,270,232,0,18,295
E02004265,8270,672,452,1022,1058,1843,713,334,488,61,494,296,386,0,28,423
E02004266,8392,499,478,765,1153,2668,711,326,507,48,512,188,200,0,28,309
E02004267,5035,377,276,764,883,1101,422,180,253,20,196,147,156,0,8,252
E02004268,9601,980,696,1372,1284,1850,720,410,522,86,494,348,348,0,30,461
E02004269,9523,1237,920,1368,1180,1941,522,318,571,47,593,254,178,6,63,325
E02004270,7489,520,351,1153,1231,2081,691,256,340,34,260,152,177,0,11,232
E02004271,9772,773,589,1344,1650,2357,710,396,549,50,454,234,287,0,54,325
E02004272,11403,719,647,1313,1867,3237,896,442,638,48,499,224,401,3,58,411
E02004273,7085,740,500,1149,1160,1492,405,244,369,39,345,156,195,3,31,257
E02004274,6460,582,541,763,801,1382,448,286,491,50,407,202,227,0,31,249
E02004275,7419,569,410,1074,1264,1549,612,320,480,46,347,192,248,0,38,270
E02004276,5675,607,536,811,785,905,448,216,396,33,347,161,139,0,42,249
E02004277,10290,928,1019,964,1134,2541,699,456,622,54,801,267,263,7,25,510
E02004278,8770,681,531,902,1166,2511,710,336,568,59,522,269,222,0,21,272
E02004279,7769,499,429,1026,1360,1950,642,338,411,33,350,160,230,0,19,322
E02004280,7609,496,418,983,1107,1925,709,296,455,39,453,206,227,0,40,255
E02004281,7316,386,630,462,852,1687,510,352,710,65,806,268,315,0,11,262
E02004282,8641,738,458,1431,1473,1935,745,334,415,21,342,198,201,0,45,305
E02004283,8669,627,456,985,1129,2032,720,308,574,63,645,289,463,6,24,348
E02004284,9470,827,1435,755,1073,1253,411,618,698,65,752,271,351,18,57,886
E02004285,7465,537,599,587,773,1651,577,368,539,64,644,269,367,0,22,468
E02004286,5191,245,304,472,636,1312,416,198,487,57,413,158,217,0,14,262
E02004287,5571,349,342,505,734,1362,453,214,427,33,498,160,247,0,14,233
E02004288,5643,485,617,489,741,1111,316,230,424,36,549,157,260,0,7,221
E02004289,7201,378,454,596,1048,1801,662,298,567,34,590,180,234,0,11,348
E02004600,5700,219,489,349,729,1411,542,302,374,32,442,183,230,46,9,343
E02004601,5165,448,276,756,812,1430,390,204,214,37,155,118,102,27,16,180
E02004602,6432,362,574,322,658,1302,421,388,634,80,844,230,287,13,14,303
E02004603,7675,363,800,404,630,928,286,472,360,36,446,183,269,1486,12,1000
E02004604,7955,297,902,346,537,1689,430,368,934,58,1100,412,427,27,8,420
E02004605,5731,372,477,298,498,1286,432,226,496,73,596,267,315,25,23,347
E02004606,9788,447,986,486,906,2064,600,684,705,68,632,267,391,444,18,1090
E02004607,9449,523,1612,466,1005,1895,326,1008,386,15,336,182,213,279,17,1186
E02004608,10461,926,2301,810,1126,1561,237,1228,274,14,285,154,171,218,23,1133
E02004609,7276,348,522,697,901,2116,582,406,401,51,416,192,232,14,9,389
E02004610,8036,804,899,822,1049,2001,324,552,332,6,316,122,148,121,23,517
E02004611,11088,647,684,948,1284,3868,672,468,709,25,693,287,278,23,18,484
E02004612,9437,636,627,875,1215,2870,613,460,549,54,593,256,299,19,24,347
E02004613,6264,510,410,731,857,2116,387,190,307,19,261,127,167,7,15,160
E02004614,5275,391,340,536,706,1989,297,254,223,3,185,91,93,10,8,149
E02004615,7929,655,466,1207,1227,2016,555,284,370,17,402,193,251,3,24,259
E02004616,8652,834,652,1058,1240,2163,563,396,456,51,395,231,205,2,56,350
E02004617,7679,551,514,872,1152,2149,557,362,450,24,358,181,193,0,12,304
E02004618,7297,382,432,709,1249,2323,630,326,319,41,233,136,240,0,27,250
E02004619,7293,443,479,799,1215,2083,575,338,376,33,247,170,223,0,22,290
E02004620,7686,390,415,596,998,2403,732,286,524,38,485,248,217,103,10,241
E02004621,6305,821,825,698,660,1294,262,412,305,16,339,119,77,137,20,320
E02004622,6871,435,495,577,905,1972,447,344,491,21,383,165,197,178,12,249
E02004623,8004,577,430,918,1226,2310,643,280,401,69,435,221,193,4,28,269
E02004624,5876,291,346,570,886,1859,489,274,317,40,262,141,146,37,22,196
E02004625,9289,559,605,906,1548,2756,717,432,519,59,410,215,208,4,26,325
E02004626,9677,658,575,1234,1596,2613,782,332,397,36,335,205,463,32,37,382
E02004627,5350,386,323,494,716,1286,489,250,315,36,304,194,272,11,40,234
E02004628,7759,437,438,630,1092,2169,693,340,606,50,423,259,310,0,40,272
E02004629,12262,772,820,946,1652,2862,1051,624,1109,92,856,447,512,10,38,471
E02004630,6556,386,361,687,963,1781,604,298,378,26,227,166,342,9,19,309
E02004631,5009,261,301,547,881,1336,435,220,261,45,217,105,203,0,25,172
E02004632,10011,667,672,938,1260,2554,897,490,775,72,652,298,327,6,24,379
E02004633,8168,418,431,786,1208,2203,819,380,616,47,413,226,306,0,41,274
E02004634,9993,670,632,928,1190,2628,914,426,834,70,717,329,342,6,34,273
E02004635,7176,450,352,785,1175,2202,521,258,347,36,310,195,281,0,18,246
E02004636,8081,479,422,735,1033,2520,821,388,529,31,429,198,254,0,13,229
E02004637,8862,709,1059,676,936,1875,412,580,472,26,446,264,375,202,28,802
E02004638,5776,306,272,447,719,1859,550,202,411,57,368,151,206,14,12,202
E02004639,8219,531,1449,469,737,1394,252,656,470,36,439,183,510,141,7,945
E02004640,7846,298,620,217,477,2383,468,262,513,38,863,239,862,34,15,557
E02004641,7273,619,389,973,935,1985,653,286,319,75,360,231,198,2,18,230
E02004642,11875,392,666,644,1222,3806,1049,482,949,91,1105,382,616,5,26,440
E02004643,7817,287,538,263,533,1933,555,380,827,118,989,280,563,15,19,517
E02004644,8702,390,630,476,796,2146,663,416,768,123,858,377,569,10,10,470
E02004645,9490,348,639,585,1263,3031,813,562,628,98,646,208,299,13,15,342
E02004646,8500,540,784,570,826,1674,782,358,804,117,973,318,392,7,19,336
E02004647,5889,377,357,572,780,1344,502,208,567,49,501,170,247,5,7,203
E02004648,5839,368,322,692,816,1417,486,222,454,29,432,148,184,0,31,238
E02004649,7098,148,560,241,839,2450,467,532,641,42,598,116,229,0,7,228
E02004650,10421,262,644,365,1029,3428,577,708,1266,45,1019,186,421,10,4,457
E02004651,7628,313,482,594,1064,2204,603,520,557,52,425,166,349,0,14,285
E02004652,6300,485,302,962,1056,1737,450,236,264,28,233,120,198,0,22,207
E02004653,6554,325,279,575,957,2118,651,252,356,58,255,172,219,0,14,323
E02004654,11229,663,717,930,1386,3181,821,516,819,65,783,352,496,9,18,473
E02004655,7725,512,546,600,940,2078,676,410,580,47,485,252,251,5,14,329
E02004656,11093,644,1225,649,1011,2750,723,700,909,109,810,348,503,14,33,665
E02004657,6870,292,427,675,876,2137,602,388,459,32,291,139,282,10,11,249
E02004658,6509,329,338,554,882,2354,417,310,403,40,376,139,185,0,15,167
E02004659,6259,395,287,705,969,1765,585,236,364,35,282,155,203,8,26,244
E02004660,6473,529,281,951,991,1778,462,214,299,25,274,157,209,0,46,257
E02004661,8162,592,450,830,1212,2247,679,334,561,53,444,230,235,0,20,275
E02004662,6060,365,359,542,902,1820,556,262,301,77,220,142,206,0,16,292
E02004663,6614,439,467,481,901,1844,493,322,491,35,393,178,274,2,22,272
E02004664,6697,359,584,502,740,1787,536,402,622,33,528,192,188,4,6,214
E02004665,8606,522,490,795,1111,2778,731,342,473,80,463,212,330,0,27,252
E02004666,11583,376,691,623,1575,3967,841,694,907,74,731,305,431,0,14,354
E02004667,10295,818,924,962,1360,2283,750,608,788,102,571,297,309,0,26,497
E02004668,8250,596,453,1133,1335,2323,639,342,395,22,345,198,238,0,25,206
E02004669,6603,324,295,817,1093,1921,572,298,265,15,171,170,312,17,24,309
E02004670,12693,888,809,1307,1581,3733,942,612,871,81,844,316,271,0,35,403
E02004671,5863,295,347,580,1010,1581,575,282,308,46,179,137,252,8,18,245
E02004672,12520,751,857,1150,1610,4105,978,496,691,49,735,339,356,4,21,378
E02004673,5417,461,282,674,732,1262,441,192,321,34,252,207,297,0,35,227
E02004674,8719,458,601,680,1110,2276,599,474,685,104,636,302,439,0,16,339
E02006047,8183,396,506,724,1192,2486,675,350,465,57,502,177,304,0,40,309
E02006048,6971,409,441,651,1027,2011,599,262,407,53,397,167,289,2,41,215
E02006049,7418,417,447,759,1109,1987,718,354,505,59,471,179,149,0,26,238
E02006050,8265,492,854,460,800,2042,494,456,703,50,869,263,316,0,27,439
E02006051,7665,537,419,1015,1089,2150,599,254,426,55,339,192,282,2,27,279
E02006052,7792,509,546,744,1092,2296,528,382,446,46,440,175,285,2,20,281
E02006053,9187,525,658,622,1032,2312,754,468,874,44,845,252,399,2,39,361
E02006054,7666,841,656,920,902,1694,488,304,468,55,545,283,171,0,18,321
E02006055,8781,400,759,519,964,2299,681,550,813,74,733,265,288,0,10,426
E02006056,7358,498,417,677,1149,2098,544,330,503,50,362,162,262,0,24,282
E02006057,7434,544,841,669,866,1447,538,376,561,53,657,246,247,2,11,376
E02006058,8456,515,541,952,1231,2434,693,294,480,59,543,161,240,0,20,293
E02006059,6479,338,328,694,1034,1911,595,226,314,30,302,137,240,0,16,314
E02006060,7624,601,687,618,756,1879,536,356,590,31,827,210,219,4,19,291
E02006061,8899,638,534,863,1241,2791,654,332,553,43,466,197,233,0,27,327
E02006062,10644,695,469,1375,1599,2869,891,416,590,65,497,228,506,0,60,384
E02006063,7000,364,257,792,1026,2357,637,212,335,40,278,101,358,0,18,225
E02006064,7807,893,711,983,1025,1452,469,358,418,53,504,208,282,0,41,410
E02006065,8463,583,585,718,1036,1942,582,420,712,87,762,295,323,0,28,390
E02006066,7681,529,336,848,1234,1998,738,354,464,38,386,181,252,0,39,284
E02006067,6991,505,351,842,1162,1873,596,276,357,49,312,165,213,0,31,259
E02006068,7579,357,508,449,706,1594,470,344,1018,79,1035,283,334,8,28,366
E02006069,9745,535,1125,444,920,1846,512,650,1069,83,1007,344,430,12,25,743
E02006070,6772,324,522,522,964,1814,554,414,538,43,456,168,202,2,16,233
E02006071,8473,468,411,850,1094,2499,698,380,653,39,477,171,356,0,17,360
E02006072,9147,502,378,1038,1556,2565,885,346,517,66,388,252,303,0,38,313
E02006073,7029,480,573,374,682,1637,472,302,777,49,766,265,307,0,20,325
E02006074,8358,409,431,724,1160,2332,656,454,620,39,550,228,344,0,32,379
E02006075,5349,402,399,605,821,1556,296,188,327,22,330,98,139,0,25,141
E02006076,8507,634,498,967,1327,2399,685,310,434,57,445,165,251,0,34,301
E02006077,5402,437,344,713,769,1256,424,206,375,22,352,140,182,0,11,171
E02006078,5702,370,346,650,818,1444,473,226,374,20,334,150,248,0,24,225
E02006079,7057,534,444,748,1164,1742,448,356,484,34,404,183,233,0,25,258
E02006080,7061,571,542,788,1194,2074,487,220,307,31,321,125,204,0,18,179
E02006081,5299,374,195,622,854,1420,470,184,324,36,265,151,164,0,28,212
E02006082,6467,394,446,641,989,1732,524,306,360,49,412,154,199,4,6,251
E02006083,5724,376,363,607,855,1549,511,254,355,25,335,115,189,0,16,174
E02006084,7077,552,384,904,1090,1752,575,350,411,50,385,156,210,0,33,225
E02006085,5875,322,353,560,854,1535,502,224,397,43,502,161,161,3,23,235
E02006086,6917,293,372,556,954,2300,570,290,465,46,415,162,219,2,23,250
E02006087,6137,308,539,394,630,1611,377,418,626,37,593,174,169,0,5,256
E02006088,7357,446,587,513,685,1829,534,294,703,50,837,259,237,2,15,366
E02006089,6392,412,878,347,577,1341,274,404,607,22,487,161,360,0,25,497
E02006090,7021,419,549,570,844,1961,518,336,464,28,526,186,233,6,10,371
E02006091,9775,698,559,1178,1434,2735,761,378,566,92,497,211,326,4,38,298
E02006092,6182,345,437,565,985,1894,556,316,358,34,225,98,134,0,15,220
E02006093,8445,662,516,1012,1188,2104,651,432,485,40,621,198,211,0,28,297
E02006094,5310,347,281,700,860,1393,435,258,225,41,246,167,175,0,16,166
E02006095,7826,608,584,940,1150,1831,597,368,565,50,442,208,241,0,32,210
E02006096,6704,405,391,712,894,1709,540,308,617,36,476,131,235,0,23,227
E02006097,6370,576,539,683,677,1279,421,252,675,55,478,191,203,0,24,317
E02006098,7287,486,340,963,1231,1804,675,302,331,37,240,181,311,0,29,357
E02006099,6829,321,368,542,880,2383,420,234,462,43,498,152,246,2,21,257
E02006100,7468,470,485,722,1000,2185,542,362,390,35,399,186,302,0,32,358
E02006101,5602,394,375,586,748,1610,444,216,311,46,356,112,203,0,22,179
E02006102,7141,538,489,523,621,1726,569,250,629,67,793,316,318,0,22,280
E02006103,7234,521,325,890,1122,2059,580,234,375,62,365,176,219,0,30,276
E02006104,7544,396,601,590,910,2212,613,420,486,34,533,201,190,0,25,333
E02006105,10305,566,1131,526,1018,2337,429,852,754,30,758,243,397,68,30,1166
E02006106,7704,541,585,829,1060,1999,496,408,440,64,560,200,266,0,19,237
E02006107,8164,453,680,418,822,1749,536,284,889,78,1170,362,358,0,21,344
E02006108,8561,988,971,1000,976,1843,309,500,358,21,430,208,276,58,50,573
E02006109,7855,638,372,1083,955,2489,656,256,344,35,334,177,174,2,35,305
E02006110,7892,619,638,562,886,1999,498,356,639,57,765,226,303,0,16,328
E02006111,10451,686,527,1253,1663,2986,848,358,539,67,574,225,317,0,32,376
E02006112,7437,448,407,846,1222,2211,623,322,369,51,266,159,221,0,15,277
E02006113,7327,829,627,920,896,1496,423,324,426,40,426,176,286,0,57,401
E02006114,6728,773,533,1227,1011,1197,347,204,435,35,368,166,145,0,51,236
E02006115,7218,596,506,826,976,1546,485,294,556,57,492,253,217,0,62,352
E02006116,7856,584,408,1026,1518,1635,602,358,405,47,279,178,379,0,31,406
E02006117,5546,544,374,841,920,1031,451,246,261,39,253,147,179,0,34,226
W02000001,8632,595,653,809,1065,1970,792,252,689,31,646,308,402,13,31,376
W02000002,6512,543,379,836,884,1379,685,218,385,24,319,253,291,3,34,279
W02000003,10277,683,1146,604,932,2040,747,386,1067,102,1247,410,480,4,43,386
W02000004,7391,541,454,915,1091,1755,682,226,413,51,443,209,304,4,34,269
W02000005,8803,706,645,1169,1207,1901,696,366,528,56,465,319,317,11,48,369
W02000006,6650,464,422,500,706,1625,637,230,610,79,616,254,227,0,28,252
W02000007,7206,463,525,565,827,1850,640,286,604,43,487,288,324,2,20,282
W02000008,6483,495,455,600,728,1550,573,228,488,40,365,241,250,117,11,342
W02000009,7797,482,567,668,958,1954,752,306,581,45,470,314,301,10,35,354
W02000010,9810,845,1181,764,834,1383,203,268,261,33,411,157,280,2387,12,791
W02000011,7765,419,453,470,620,2011,596,192,584,44,695,290,446,494,26,425
W02000012,8351,437,694,493,813,2105,709,408,831,53,701,319,387,4,33,364
W02000013,6590,369,479,434,706,1948,595,342,543,41,426,195,207,26,13,266
W02000014,6936,447,547,406,640,1767,606,328,727,39,503,285,296,17,15,313
W02000015,8083,534,724,602,708,1757,689,216,747,88,922,375,387,34,22,278
W02000016,6364,473,488,502,672,1643,564,276,570,46,440,192,235,5,27,231
W02000017,7671,523,594,620,908,1872,650,318,711,68,661,251,239,0,28,228
W02000018,6479,515,676,521,679,1295,470,282,637,69,608,259,223,8,15,222
W02000019,7037,626,644,797,835,1455,533,260,651,53,420,225,226,10,38,264
W02000020,6870,552,463,638,737,1783,626,266,521,39,368,252,341,18,36,230
W02000021,7953,671,744,749,813,1814,682,252,831,68,498,306,232,8,50,235
W02000022,6168,643,499,779,883,1144,407,228,515,43,370,165,248,4,21,219
W02000023,5922,574,447,697,736,1365,466,174,406,34,309,150,334,0,23,207
W02000024,5707,420,499,485,661,1406,511,266,419,37,373,187,196,3,26,218
W02000025,6654,650,746,594,872,1226,480,248,607,41,494,187,219,0,33,257
W02000026,7514,811,742,1127,1136,1351,488,280,491,35,359,192,171,2,36,293
W02000027,8850,1021,1222,838,942,1338,523,448,499,48,612,331,398,4,54,572
W02000028,6968,550,476,811,721,1471,483,184,523,28,796,273,340,2,18,292
W02000029,6358,599,375,935,901,1596,406,238,336,23,372,191,153,0,49,184
W02000030,6118,801,527,969,729,1110,423,218,347,33,311,184,183,0,44,239
W02000031,8460,579,474,918,1088,1778,664,314,765,60,690,281,461,0,65,323
W02000032,7815,695,510,1129,983,1760,675,246,477,43,490,264,260,0,39,244
W02000033,6698,552,791,479,573,1447,378,248,503,27,649,263,400,2,22,364
W02000034,7830,561,590,742,938,2137,562,242,595,42,648,196,353,0,39,185
W02000035,8851,493,654,663,1015,2104,712,352,739,74,962,319,386,0,34,344
W02000036,10577,1018,732,1635,1428,1912,729,402,659,93,831,344,355,2,82,355
W02000037,6962,439,464,653,785,1558,645,292,542,57,660,249,312,0,42,264
W02000038,6072,460,481,647,742,1447,506,264,394,48,417,186,249,0,13,218
W02000039,7990,575,662,645,947,1765,633,374,693,55,614,268,364,0,30,365
W02000040,6881,371,429,598,973,1970,754,250,461,54,190,214,332,0,23,262
W02000041,8798,595,696,781,1065,2036,856,400,698,50,613,294,320,0,41,353
W02000042,5716,514,360,722,660,1173,463,220,420,31,498,188,244,3,35,185
W02000043,5358,364,296,520,490,1257,450,130,467,50,562,183,368,3,38,180
W02000044,5197,470,322,665,663,1162,490,182,274,22,350,202,214,0,24,157
W02000045,8603,666,1155,658,786,1428,458,336,705,72,890,296,614,2,45,492
W02000047,5383,259,305,210,326,1120,370,182,739,72,937,276,358,3,23,203
W02000049,6496,343,409,547,807,1762,513,268,571,26,576,220,262,3,19,170
W02000050,6402,393,420,620,782,1593,549,304,512,53,543,216,197,0,26,194
W02000051,5325,400,385,584,708,1320,479,178,388,36,294,157,229,0,13,154
W02000052,5287,323,535,339,483,1060,388,252,525,29,664,269,153,0,25,242
W02000053,6417,393,343,559,839,2000,658,234,388,54,313,213,177,2,23,221
W02000054,6033,359,352,628,976,1839,539,222,277,28,243,143,245,2,10,170
W02000055,5461,481,430,561,585,1405,437,224,466,21,391,195,133,0,8,124
W02000056,5227,268,321,419,691,1489,513,232,388,35,281,191,213,0,23,163
W02000057,6212,465,550,675,821,1317,568,294,362,28,387,191,247,5,27,275
W02000419,10617,720,629,1032,1278,2416,1028,400,915,81,948,462,353,10,24,321
W02000058,5173,379,343,496,678,1208,469,220,408,18,336,187,209,0,25,197
W02000059,6565,363,340,532,828,1717,625,256,535,70,484,266,288,3,30,228
W02000060,10652,624,808,644,970,2466,978,424,1028,111,1206,424,479,0,46,444
W02000061,6584,491,521,394,528,1230,512,228,653,59,842,325,448,0,23,330
W02000062,6369,226,285,434,742,1981,821,210,416,77,489,196,267,0,4,221
W02000063,8381,474,418,748,1324,2328,939,348,442,44,342,287,327,9,39,312
W02000064,6104,340,492,342,562,1317,575,232,567,35,794,217,322,0,0,309
W02000065,7501,265,404,572,858,2002,818,368,600,55,636,250,351,0,7,315
W02000066,9659,562,816,567,825,2111,765,448,895,84,1090,377,546,0,13,560
W02000067,6330,254,222,599,933,2273,657,196,305,39,318,179,171,0,9,175
W02000068,5605,350,438,388,570,1200,504,290,401,40,525,256,274,0,4,365
W02000069,6062,279,345,510,872,1841,615,230,436,49,398,169,170,3,9,136
W02000070,10560,518,527,883,1355,3777,982,384,597,66,631,247,289,2,29,273
W02000071,7386,398,336,734,1166,2077,767,250,374,59,455,263,255,0,21,231
W02000072,11106,555,697,620,1204,2783,1082,640,983,89,1153,427,415,0,33,425
W02000073,10058,699,651,870,1090,2769,801,354,734,61,888,441,362,0,39,299
W02000074,9336,597,748,754,1050,2135,831,438,821,92,860,332,331,0,12,335
W02000075,5571,230,254,462,788,1889,661,194,318,38,285,154,127,0,10,161
W02000076,7430,407,444,721,1079,1951,713,252,439,35,438,303,374,0,18,256
W02000077,6074,388,345,539,771,1641,651,272,362,52,381,227,262,0,9,174
W02000080,7918,395,483,476,914,2093,824,342,778,51,670,310,341,6,22,213
W02000081,5904,284,436,299,713,1628,528,284,448,45,578,207,276,8,15,155
W02000082,7454,378,573,399,719,1902,686,402,704,54,798,305,292,2,9,231
W02000083,8683,461,666,472,938,2207,856,480,914,35,767,308,329,5,14,231
W02000084,5109,338,257,682,764,1415,665,190,185,24,198,116,143,0,13,119
W02000085,9162,672,741,994,1084,2268,723,382,541,43,509,303,303,147,17,435
W02000086,5115,409,322,444,466,1102,481,172,444,43,476,249,257,14,15,221
W02000087,7401,305,578,287,415,1406,516,172,998,80,1605,388,376,4,10,261
W02000088,8296,374,839,428,816,1683,545,492,560,69,525,279,414,337,41,894
W02000089,8372,493,931,357,793,1672,583,424,725,64,842,262,444,128,8,646
W02000090,5861,294,362,394,800,1568,587,178,517,28,512,183,302,0,11,125
W02000091,6163,335,413,522,758,1682,598,250,534,41,460,194,214,0,12,150
W02000092,7046,488,627,386,676,1572,523,294,853,45,798,260,315,0,10,199
W02000093,6645,342,468,480,854,1862,573,312,509,53,468,194,288,0,9,233
W02000094,9110,538,617,596,924,2095,822,292,1104,81,1004,386,364,3,21,263
W02000095,6494,373,297,610,928,1991,633,234,329,27,389,200,221,4,18,240
W02000096,6647,415,463,527,899,1733,635,212,499,43,500,260,248,4,42,167
W02000420,13464,784,724,1311,1949,4322,1342,446,748,82,598,342,423,0,31,362
W02000097,9114,615,552,957,1314,2283,830,376,606,30,445,293,404,0,41,368
W02000098,6299,379,304,676,878,1884,592,282,385,28,263,165,229,0,30,204
W02000099,6664,580,613,500,665,1456,475,298,619,70,538,192,314,0,25,319
W02000100,6206,440,455,578,894,1523,457,278,484,66,346,191,181,4,22,287
W02000101,5485,363,297,638,764,1609,435,212,355,27,289,151,146,0,24,175
W02000102,6306,359,352,588,946,1702,588,278,412,63,357,160,254,0,32,215
W02000103,5720,339,264,581,887,1635,480,230,374,34,259,117,250,0,32,238
W02000104,6180,468,637,484,746,1374,422,326,468,22,512,213,176,0,14,318
W02000105,5177,238,466,218,392,1213,294,198,692,24,878,188,188,0,24,164
W02000106,6628,496,472,717,899,1585,618,272,484,49,394,161,224,3,29,225
W02000107,9945,733,640,1208,1406,2323,794,494,591,50,629,321,316,0,64,376
W02000108,7062,577,478,927,1092,1568,542,316,404,30,413,185,214,0,57,259
W02000109,5309,497,624,593,529,1009,263,298,446,49,470,147,184,2,12,186
W02000110,7035,477,507,685,943,1784,545,316,490,31,474,236,244,0,29,274
W02000111,8430,633,659,829,1059,1814,682,358,706,77,535,305,326,0,51,396
W02000113,8250,726,705,716,954,2028,465,274,629,46,719,296,290,0,34,368
W02000114,6942,478,385,771,1067,1752,511,216,303,30,357,226,394,0,33,419
W02000414,6014,376,363,612,922,1668,578,236,302,35,243,148,268,0,28,235
W02000416,10210,848,762,985,1206,2413,1198,386,582,58,840,367,311,0,35,219
W02000116,7660,471,582,665,929,2067,630,330,623,76,488,218,240,28,29,284
W02000117,9998,844,1446,785,819,1215,144,442,224,13,174,131,176,2840,26,719
W02000118,7761,630,759,638,752,1615,415,304,597,43,499,233,264,581,30,401
W02000120,7344,556,534,756,997,1761,686,278,464,50,352,208,317,22,52,311
W02000122,6722,453,410,769,992,1459,579,272,419,37,342,215,406,4,48,317
W02000123,8345,646,672,841,1055,1746,619,290,514,38,578,268,452,95,41,490
W02000124,8866,821,785,950,988,1919,630,366,611,44,656,269,340,9,68,410
W02000125,7504,566,508,720,1106,1572,669,250,572,58,504,268,318,15,58,320
W02000421,11722,801,774,1168,1542,3121,1029,476,700,39,558,317,563,84,73,477
W02000126,8190,499,567,799,1111,1838,739,322,496,66,614,225,454,0,68,392
W02000127,9751,830,796,1024,1258,2088,699,366,662,39,805,359,404,3,70,348
W02000128,7534,579,538,884,1044,1865,554,266,528,39,465,248,255,6,18,245
W02000129,6741,395,339,724,890,1938,680,242,362,27,388,198,264,0,34,260
W02000130,6952,405,757,367,554,1810,429,304,587,32,900,225,247,2,14,319
W02000131,6958,495,466,588,770,1632,578,274,538,59,723,234,278,3,24,296
W02000132,6438,448,397,594,836,1659,595,228,336,22,483,195,256,0,35,354
W02000133,8023,532,453,848,1216,1871,757,270,483,46,523,194,410,3,44,373
W02000134,8531,482,520,848,1244,2237,697,326,618,36,658,202,371,0,18,274
W02000135,6923,489,571,593,767,1530,574,202,711,45,672,243,267,0,24,235
W02000136,8540,657,459,1145,1205,2033,660,246,444,57,550,227,407,18,52,380
W02000137,6984,474,497,580,729,1490,617,220,718,43,800,309,276,0,23,208
W02000138,9753,537,806,668,1016,2272,715,378,848,62,1269,342,411,4,37,388
W02000139,7694,484,413,1010,1193,2015,665,254,429,53,444,199,326,0,24,185
W02000140,7021,433,593,544,782,1558,473,218,536,66,961,297,286,0,22,252
W02000141,6406,637,616,715,785,1294,415,262,362,38,560,224,243,0,22,233
W02000142,5658,341,394,508,717,1365,502,212,390,25,504,156,220,10,20,294
W02000143,5820,464,393,584,834,1190,541,232,350,18,394,228,311,23,19,239
W02000144,7713,482,453,757,1099,1805,714,300,472,45,531,262,443,2,32,316
W02000145,7148,545,504,731,899,1813,691,260,310,24,526,247,266,2,49,281
W02000146,6606,369,309,623,987,1874,610,226,305,36,384,205,292,0,37,349
W02000147,8261,540,587,739,841,2189,625,322,514,41,616,257,425,154,42,369
W02000148,5142,356,407,388,528,1094,423,224,435,43,566,168,230,28,15,237
W02000149,6181,586,620,647,715,1248,470,270,320,28,487,224,163,35,35,333
W02000151,7407,466,509,564,855,1686,662,330,564,46,796,286,319,11,34,279
W02000152,8105,571,494,784,1070,2150,742,250,480,37,598,209,391,2,22,305
W02000153,7739,535,457,765,1161,1780,864,258,475,40,444,233,353,4,34,336
W02000154,7586,530,634,657,811,1812,631,262,566,26,777,247,339,4,45,245
W02000156,8159,421,473,657,979,2142,826,338,694,62,606,268,311,0,37,345
W02000157,8989,647,483,783,1147,2335,930,318,527,69,652,319,385,3,45,346
W02000158,5664,316,346,398,789,1460,616,204,355,36,438,204,239,0,22,241
W02000159,6064,390,364,474,756,1457,596,182,493,28,566,238,286,11,28,195
W02000160,7500,485,362,793,1107,2082,746,254,420,42,497,215,279,0,20,198
W02000161,5651,360,389,407,571,1486,457,164,399,44,719,186,270,0,23,176
W02000162,8547,681,514,989,939,1962,779,256,572,61,698,366,408,0,35,287
W02000163,5457,399,423,414,496,1212,476,152,356,33,674,214,328,3,35,242
W02000164,6948,478,521,695,783,1627,677,234,391,41,652,264,283,2,27,273
W02000165,6761,404,508,437,677,1589,672,192,491,66,796,238,291,0,28,372
W02000166,8713,430,581,548,900,2223,802,360,823,86,1044,331,324,3,21,237
W02000167,9747,651,1176,460,847,1708,668,432,820,69,1387,373,527,11,66,552
W02000418,12211,759,716,1161,1613,2937,1240,460,733,48,752,447,717,0,48,580
W02000168,6281,372,461,442,618,1677,566,284,455,32,694,254,239,2,17,168
W02000169,9353,563,704,719,1027,2259,948,330,703,73,881,346,425,2,32,341
W02000170,9111,471,645,783,1035,2296,1175,312,514,44,802,325,391,4,13,301
W02000171,7907,312,574,513,953,2814,656,316,421,76,550,263,239,0,9,211
W02000172,9824,631,760,682,928,2603,984,382,618,93,1022,400,364,4,36,317
W02000173,7392,257,498,373,931,2347,651,362,581,42,614,205,316,5,10,200
W02000174,9134,544,547,797,1107,2606,1091,294,468,60,678,319,307,8,30,278
W02000175,7817,391,810,504,660,1596,739,294,686,47,1079,329,302,6,25,349
W02000176,8872,606,745,904,964,1775,978,278,569,71,911,422,313,17,15,304
W02000177,7041,274,534,485,779,1785,632,344,574,63,777,253,287,8,8,238
W02000178,8866,353,924,318,548,1859,510,252,1086,73,1705,459,433,15,29,302
W02000179,6778,391,401,572,852,1980,718,218,388,29,545,224,249,0,19,192
W02000180,8086,405,631,449,703,1671,758,284,821,50,1182,401,346,12,17,356
W02000181,6857,395,641,449,697,1252,640,282,626,50,834,344,352,4,42,249
W02000182,7972,494,648,481,725,1924,845,316,607,37,874,352,327,14,34,294
W02000183,9241,468,1176,431,755,1650,813,440,720,50,1247,442,398,55,27,569
W02000184,6963,462,689,577,697,1645,672,250,542,32,651,284,213,6,31,212
W02000185,5218,324,263,529,635,1525,594,144,259,49,321,192,176,0,15,192
W02000186,8696,463,843,282,502,1470,572,250,964,75,2015,472,436,31,31,290
W02000187,5714,309,267,666,702,1734,551,164,285,26,417,231,155,10,22,175
W02000188,7187,413,787,428,610,1315,614,384,556,28,861,304,353,88,10,436
W02000189,7955,796,775,778,844,2172,651,212,352,41,521,288,212,70,17,226
W02000190,5702,574,500,874,742,1512,434,148,176,13,256,123,136,79,8,127
W02000191,9962,538,1043,531,807,1784,477,476,383,40,382,205,386,2015,14,881
W02000192,9006,669,2464,371,685,844,232,752,177,45,323,202,193,1130,31,888
W02000193,9507,472,925,310,406,953,287,352,151,25,275,168,317,3605,41,1220
W02000194,6346,636,507,967,917,1570,528,172,130,25,176,133,131,162,22,270
W02000195,5927,558,325,922,806,1682,466,132,219,24,241,151,218,16,18,149
W02000196,6448,643,525,774,707,1465,534,198,317,43,519,240,187,24,19,253
W02000197,6384,410,314,911,859,1818,552,122,330,26,271,158,297,9,34,273
W02000198,7476,653,612,1031,973,1884,659,276,249,26,337,233,172,49,25,297
W02000200,5227,346,328,403,605,1240,692,146,428,43,419,215,191,0,26,145
W02000201,5419,348,338,497,587,1126,692,182,461,34,534,216,229,0,37,138
W02000202,11601,721,751,843,1353,3030,1323,418,818,78,977,422,447,2,36,382
W02000203,6774,393,415,465,770,1863,716,252,513,40,523,306,307,0,35,176
W02000204,6952,404,362,792,924,2128,703,236,314,68,424,210,226,0,23,138
W02000205,5961,381,392,588,714,1430,629,192,326,51,575,264,215,0,12,192
W02000206,6785,637,861,536,664,1176,678,268,405,30,626,380,211,0,28,285
W02000207,5200,254,269,495,799,1480,679,152,271,29,261,159,179,0,15,158
W02000208,9053,516,581,610,966,2255,967,490,728,77,695,394,366,0,36,372
W02000209,5283,326,380,361,555,1059,608,130,512,63,631,237,223,0,15,183
W02000210,6493,319,429,367,535,1676,589,214,570,84,736,327,411,10,15,211
W02000211,7951,510,741,532,746,1686,723,340,685,28,854,412,309,0,43,342
W02000212,7690,461,540,595,977,1865,806,238,600,74,689,287,292,2,22,242
W02000213,6819,422,389,744,826,1732,870,266,410,72,411,239,256,3,18,161
W02000214,9808,654,607,707,879,1717,1096,282,777,102,1280,600,656,3,22,426
W02000215,9264,637,927,570,794,1693,985,390,885,74,965,458,403,8,42,433
W02000216,7073,415,535,478,780,1734,857,268,470,59,471,245,360,0,16,385
W02000217,6384,282,460,448,746,1635,716,266,462,53,593,230,264,0,14,215
W02000417,10075,620,778,650,1130,2375,1058,468,714,78,919,456,503,0,18,308
W02000218,6995,372,482,470,648,1453,720,248,633,66,915,322,374,0,7,285
W02000219,7415,440,555,486,818,1803,816,224,586,59,748,307,280,0,6,287
W02000220,7954,460,579,512,906,1731,839,352,800,122,742,323,341,0,30,217
W02000221,7784,381,486,474,834,1675,730,302,900,86,834,337,414,0,23,308
W02000222,6202,356,306,574,806,1571,796,136,388,42,461,235,294,0,19,218
W02000223,5406,274,409,315,667,1334,527,230,461,58,485,203,161,0,21,261
W02000224,6014,292,422,342,652,1457,637,278,414,46,616,303,312,0,8,235
W02000225,8886,506,599,549,944,1969,994,334,670,82,976,368,485,0,37,373
W02000226,10054,503,518,840,1368,2842,1050,400,625,59,680,349,407,4,16,393
W02000227,7059,368,524,471,777,1409,631,376,670,78,904,315,302,0,27,207
W02000228,6961,602,566,858,992,1851,537,218,289,17,349,209,225,17,20,211
W02000229,6135,388,391,505,631,1463,655,196,409,46,587,298,298,4,17,247
W02000230,5453,297,230,623,787,1667,575,160,237,42,303,158,182,0,19,173
W02000231,8169,605,785,607,770,1533,617,408,594,81,751,391,412,9,16,590
W02000232,6005,200,387,371,755,1845,548,336,447,30,465,157,228,0,22,214
W02000233,6226,216,487,330,656,1554,590,324,459,71,785,251,220,0,7,276
W02000234,10455,433,533,618,1120,3854,975,446,683,43,782,251,380,0,14,323
W02000235,9009,892,565,1249,1091,2137,929,236,362,31,486,279,318,0,47,387
W02000236,6996,566,450,711,897,1549,681,202,486,40,434,265,310,0,31,374
W02000237,5281,260,201,592,852,1596,599,114,227,19,237,139,213,0,16,216
W02000238,6180,456,328,827,953,1888,569,190,186,24,231,193,140,0,28,167
W02000239,6679,313,300,723,985,2327,587,200,329,12,252,176,241,0,24,210
W02000240,8714,539,508,703,879,2405,868,276,570,71,760,372,409,0,40,314
W02000241,9858,705,1210,724,1019,2578,642,662,470,48,586,323,293,14,26,558
W02000242,7799,572,352,959,979,2043,831,220,386,41,575,231,267,3,24,316
W02000243,9153,490,639,589,693,1776,725,252,1200,55,1577,404,437,0,29,287
W02000244,10031,712,611,1019,1205,3073,837,316,521,61,613,332,377,0,49,305
W02000245,8543,318,724,385,899,2236,769,416,854,82,942,244,365,2,6,301
W02000246,5477,346,251,612,814,1407,725,142,286,22,320,173,216,0,5,158
W02000247,8936,584,502,967,1115,2402,896,258,515,52,634,348,331,0,22,310
W02000248,10843,439,1025,412,882,2366,858,494,1136,73,1597,426,587,0,18,530
W02000249,9010,626,922,533,779,1963,639,362,949,52,1092,393,382,0,17,301
W02000250,11356,555,799,818,1520,3421,837,406,912,44,853,284,463,0,25,419
W02000251,8476,579,832,558,942,1838,632,476,658,72,808,298,417,0,28,338
W02000367,6068,324,313,734,820,2233,538,180,176,14,268,119,161,0,9,179
W02000368,5946,197,481,334,646,2005,559,384,400,42,397,122,212,7,2,158
W02000369,7968,119,544,232,842,2959,557,570,519,31,682,175,432,4,6,296
W02000370,6509,657,289,1008,744,1908,581,196,241,17,244,197,196,0,29,202
W02000371,9110,645,782,527,841,2206,696,490,712,66,868,335,450,10,24,458
W02000372,7613,344,351,619,963,2746,637,320,396,40,544,184,235,2,2,230
W02000373,6541,340,422,330,522,1403,639,192,565,57,1010,337,402,3,16,303
W02000374,5683,358,200,590,696,1948,567,130,259,28,238,177,267,6,10,209
W02000375,7062,191,616,191,613,1677,538,330,653,52,1159,301,469,2,13,257
W02000376,6780,469,637,459,655,1844,611,290,426,69,548,221,293,11,9,238
W02000377,7125,195,591,270,806,2156,478,376,524,59,846,208,369,7,14,226
W02000378,7384,462,424,751,795,2586,600,260,345,46,330,178,212,15,32,348
W02000379,6270,219,537,142,418,1183,301,224,784,51,1513,279,416,2,20,181
W02000380,7108,234,359,617,981,2523,778,232,339,37,438,138,222,0,4,206
W02000381,6271,458,571,450,444,1330,591,194,462,63,740,305,340,32,6,285
W02000382,5738,313,519,354,352,1116,480,110,541,59,931,294,432,0,23,214
W02000383,7219,288,693,404,598,1723,652,220,614,42,939,267,482,8,22,267
W02000384,5753,360,295,499,719,2067,555,208,251,27,150,154,180,12,20,256
W02000385,6818,563,437,745,779,2333,603,162,213,16,276,145,249,25,31,241
W02000386,7748,580,486,736,801,2521,848,248,377,36,319,255,186,23,34,298
W02000387,5962,364,402,537,681,1796,598,232,337,53,261,172,173,15,31,310
W02000388,5888,362,286,393,669,1446,693,162,405,67,529,220,337,7,24,288
W02000389,8344,449,651,405,711,1979,656,380,653,68,1079,418,486,2,45,362
W02000390,6335,553,382,796,810,1812,538,206,169,31,271,149,319,37,31,231
W02000391,8790,678,904,642,800,1641,324,316,257,26,295,190,379,1061,18,1259
W02000392,8997,649,798,729,1084,2709,886,392,466,41,385,237,300,16,36,269
W02000393,6342,429,738,317,471,1222,497,332,473,68,860,309,317,2,38,269
W02000394,8922,290,603,241,407,849,169,366,129,3,173,105,271,3646,14,1656
W02000395,6322,287,708,294,592,1693,374,428,272,19,303,183,377,150,23,619
W02000396,8079,213,751,155,399,1267,229,510,220,6,317,122,493,1673,12,1712
W02000397,6639,522,600,446,576,1432,558,202,420,67,781,329,390,4,19,293
W02000398,11199,536,1588,499,708,925,90,476,60,4,149,75,147,4665,10,1267
W02000399,10087,362,1803,217,555,1063,229,870,302,18,438,188,349,1713,25,1955
W02000400,6531,315,1099,170,616,1346,177,840,342,50,261,102,272,33,23,885
W02000401,5947,342,633,278,574,1632,389,406,364,35,357,175,246,10,21,485
W02000402,10371,617,1864,453,797,1862,266,662,481,36,944,287,599,251,26,1226
W02000403,7213,285,734,180,518,1454,456,374,678,50,1294,289,403,12,26,460
W02000404,6048,326,834,160,400,1065,340,326,513,54,789,302,353,21,19,546
W02000405,7507,311,532,230,362,1323,478,190,850,82,1922,421,500,9,28,269
W02000406,8357,374,888,378,678,1899,567,546,506,53,673,248,561,28,26,932
W02000407,6406,330,550,311,473,1274,411,202,623,83,1221,306,345,13,10,254
W02000408,7240,288,1060,162,378,1724,257,384,276,12,588,208,929,173,23,778
W02000409,5886,348,440,406,486,1283,507,196,468,62,967,300,231,0,30,162
W02000410,8423,306,786,264,422,2308,402,270,487,31,933,273,1078,47,18,798
W02000411,6454,248,668,269,517,1381,472,232,605,56,1053,285,400,0,6,262
W02000412,6816,266,756,262,458,1731,418,294,404,42,674,240,661,25,22,563
W02000422,6043,66,1759,48,572,555,80,1374,230,9,219,61,81,84,8,897
W02000423,8228,375,1633,162,635,1355,156,944,288,31,636,263,476,94,30,1150
W02000252,8947,502,539,590,1072,1969,964,256,873,59,1003,397,399,66,26,232
W02000253,6279,427,490,500,682,1391,599,208,495,54,738,293,204,11,7,180
W02000254,7728,474,611,589,897,2011,871,286,505,50,655,244,298,28,24,185
W02000255,6202,406,481,501,765,1524,662,182,489,34,569,199,216,0,18,156
W02000256,9865,632,846,696,927,2180,883,308,948,68,1195,371,437,22,19,333
W02000257,7374,507,639,537,813,1564,716,194,544,70,908,292,294,63,31,202
W02000258,5727,459,477,467,523,1105,615,164,564,28,633,269,243,4,26,150
W02000259,5789,342,393,386,526,1158,655,160,573,55,808,228,324,5,6,170
W02000260,5878,432,486,400,628,1037,660,146,565,81,733,223,239,5,25,218
W02000261,7694,557,587,650,756,1632,881,244,583,65,841,329,288,13,44,224
W02000262,5232,358,427,393,537,1137,616,186,446,42,536,225,150,19,26,134
W02000263,6390,368,425,384,612,1339,680,220,683,49,756,306,289,38,14,227
W02000264,6006,358,566,399,535,972,570,136,671,64,964,249,251,80,20,171
W02000265,9192,625,694,637,913,1715,1065,306,934,112,1025,420,382,47,28,289
W02000266,7523,412,517,430,762,1858,858,258,649,72,876,308,307,8,17,191
W02000267,6549,414,466,487,607,1388,701,218,660,90,710,240,246,118,17,187
W02000268,9156,603,769,701,905,2079,1011,270,774,68,892,409,317,64,34,260
W02000269,8503,573,562,522,842,1793,965,270,921,83,910,325,346,119,29,243
W02000270,6609,376,548,460,738,1556,699,306,514,34,661,229,224,13,29,222
W02000271,5639,341,494,350,558,1118,583,154,519,41,759,224,240,30,17,211
W02000272,9983,641,741,753,1065,2427,891,468,724,76,892,355,364,152,30,404
W02000273,9915,581,813,511,737,1572,594,294,578,63,1012,356,356,1767,31,650
W02000274,9810,486,571,549,913,2653,992,330,865,124,1103,374,547,7,22,274
W02000275,5927,325,382,431,665,1413,672,242,457,67,632,223,228,0,24,166
W02000276,5766,375,329,679,781,1313,620,168,362,51,455,215,221,0,26,171
W02000277,7000,418,626,499,815,1578,687,352,496,54,573,338,273,27,25,239
W02000278,9402,242,481,516,1248,3375,927,420,689,67,620,210,353,4,14,236
W02000279,7703,311,528,452,920,1931,812,258,742,58,854,319,258,0,14,246
W02000280,8012,307,495,394,1006,2265,754,424,735,71,682,240,336,7,20,276
W02000281,7610,437,560,640,952,2101,754,276,497,63,577,245,242,21,37,208
W02000282,11000,437,652,773,1415,3853,796,472,677,87,735,287,432,6,19,359
W02000284,9748,502,588,554,892,1935,1266,376,910,125,1134,401,570,0,48,447
W02000285,8363,394,456,662,1052,2190,1017,320,531,77,624,336,360,7,26,311
W02000286,6574,523,572,398,550,1160,609,270,430,40,734,407,464,0,20,397
W02000287,8141,391,536,583,796,2156,925,314,689,86,630,349,365,0,42,279
W02000288,8340,528,601,566,780,1662,1097,264,754,82,917,354,429,0,38,268
W02000289,8241,355,439,518,952,2021,954,318,754,88,782,305,429,0,30,296
W02000415,9395,441,431,498,656,1701,1029,214,986,107,1563,506,789,10,27,437
W02000290,8845,522,710,554,909,1732,933,272,877,99,1138,424,350,0,27,298
W02000291,7573,440,520,488,734,1697,748,214,929,64,790,275,403,0,24,247
W02000292,5704,366,382,363,617,1164,645,182,564,45,622,241,293,3,9,208
W02000293,6196,357,439,398,605,1235,704,252,672,68,745,264,259,0,10,188
W02000294,5715,271,350,480,718,1458,617,174,463,55,485,217,254,0,18,155
W02000295,9429,474,451,705,1119,2790,1139,316,647,91,830,324,291,2,26,224
W02000296,7742,457,446,549,815,1711,895,216,784,94,866,278,405,0,23,203
W02000297,7817,353,446,553,898,1952,918,322,738,35,704,308,375,0,16,199
W02000298,7319,369,346,457,795,2208,755,240,649,52,687,289,229,0,6,237
W02000299,6509,415,406,539,783,1553,664,222,652,65,580,264,183,0,14,169
W02000300,8552,502,446,627,983,2022,937,306,788,80,834,317,376,3,38,293
W02000301,7790,349,406,431,875,2012,824,250,795,92,786,314,419,0,24,213
W02000302,9690,543,603,802,1184,2525,897,438,831,88,843,312,367,0,38,219
W02000303,6998,325,467,481,784,1632,697,360,812,71,611,259,273,0,23,203
W02000304,5567,393,429,412,622,1281,539,246,535,44,459,204,199,0,10,194
W02000305,6464,264,468,460,724,1621,736,272,518,59,641,302,182,0,5,212
W02000306,5229,390,452,399,531,1218,617,250,301,29,386,264,233,0,14,145
W02000307,6799,278,508,320,628,1691,622,300,768,80,883,226,271,0,24,200
W02000308,9292,375,562,574,938,2180,972,336,887,92,1104,395,507,2,11,357
W02000309,6859,402,383,574,738,1817,779,216,486,49,551,255,333,0,37,239
W02000310,5455,186,343,396,645,1558,464,248,426,40,576,185,226,0,8,154
W02000311,9505,482,690,641,1002,1981,834,400,883,112,1309,404,430,4,17,316
W02000312,7500,416,403,568,840,1934,852,284,591,63,684,277,335,0,3,250
W02000313,10257,453,600,760,1190,3277,909,554,768,69,636,319,385,12,28,297
W02000314,7100,403,479,606,744,1536,815,234,655,73,748,319,286,4,11,187
W02000315,5530,349,553,417,567,1178,548,206,459,71,536,223,240,0,17,166
W02000316,7125,465,453,523,729,1517,827,202,645,75,807,359,280,0,24,219
W02000317,7671,508,474,524,810,1758,908,238,637,98,803,352,297,0,28,236
W02000318,9443,534,614,636,916,2235,1002,346,857,124,1021,423,390,0,25,320
W02000319,7978,577,767,569,757,1638,802,346,615,66,940,371,258,0,12,260
W02000320,8569,519,707,508,890,2082,831,370,833,91,771,291,383,0,22,271
W02000321,9119,598,733,640,888,1951,1104,294,844,91,977,362,338,4,30,265
W02000322,7279,488,629,488,726,1354,761,296,767,55,826,406,213,0,34,236
W02000323,6055,421,475,417,639,1409,527,262,651,53,545,220,267,0,9,160
W02000324,7064,403,412,458,773,1698,585,238,780,74,747,318,330,0,28,220
W02000325,7210,369,472,415,665,1643,708,254,851,71,762,334,375,0,8,283
W02000326,9008,532,640,585,1092,2052,936,398,831,69,767,343,447,0,20,296
W02000327,5986,394,362,675,837,1593,646,176,315,34,373,181,208,0,20,172
W02000328,7217,383,513,623,827,1954,772,274,604,52,563,256,198,0,8,190
W02000329,7505,446,545,531,695,1714,793,304,571,71,772,387,351,0,20,305
W02000330,7259,664,435,916,760,1707,667,264,465,52,530,312,229,0,25,233
W02000331,6767,275,412,320,564,1414,584,200,882,79,1083,325,414,0,7,208
W02000332,6822,554,674,489,663,1292,527,288,624,56,739,309,321,0,32,254
W02000333,6558,254,385,399,811,1783,668,252,518,50,670,222,353,0,17,176
W02000334,6791,229,385,428,916,2045,722,284,510,21,500,251,265,0,11,224
W02000335,6833,480,344,706,800,1956,669,234,413,40,405,175,355,0,22,234
W02000336,8148,659,629,899,1104,2033,793,332,388,29,416,225,291,0,30,320
W02000337,7506,600,532,572,774,1823,576,314,737,52,664,345,248,0,19,250
W02000338,7665,546,473,970,1046,1943,764,240,360,30,492,235,240,0,47,279
W02000339,10508,833,813,1103,1232,2814,747,424,701,56,809,288,344,0,39,305
W02000340,7220,446,317,801,1178,2029,749,264,285,47,274,188,305,0,36,301
W02000341,8387,587,526,957,1165,2496,739,326,344,37,453,170,339,2,23,223
W02000342,9673,450,373,1023,1527,3389,814,352,514,47,320,189,377,0,18,280
W02000343,8534,529,685,540,874,2071,593,470,737,65,872,321,351,0,20,406
W02000344,7565,389,296,773,1085,2444,811,288,340,45,273,177,337,0,33,274
W02000345,8164,544,415,772,936,1893,877,326,641,66,681,317,330,0,40,326
W02000346,7953,281,338,539,1025,3072,743,310,405,37,468,192,306,0,25,212
W02000347,8061,518,511,783,977,2360,836,240,332,56,608,268,243,72,27,230
W02000348,7997,488,451,805,900,2015,848,252,563,70,745,321,263,6,15,255
W02000349,7606,386,720,538,598,1330,614,244,795,120,1141,330,433,2,28,327
W02000350,7386,358,340,665,1039,2143,753,264,380,50,494,254,397,2,32,215
W02000351,6072,437,520,408,578,1418,530,198,451,38,707,261,243,5,42,236
W02000352,6598,381,699,303,593,1233,534,344,509,85,982,296,245,61,33,300
W02000353,7066,340,509,395,679,1751,637,272,517,34,821,242,317,145,27,380
W02000354,5982,470,367,652,578,1493,561,172,323,64,577,250,257,0,20,198
W02000355,8434,447,360,786,1078,2963,827,234,465,68,538,216,248,0,24,180
W02000356,5389,380,357,390,354,880,447,134,605,57,941,256,355,2,18,213
W02000357,7899,379,724,421,627,2038,578,308,501,65,804,284,523,116,18,513
W02000358,5951,411,383,660,714,1791,555,212,232,10,213,133,300,5,30,302
W02000359,9855,308,1073,262,672,2213,673,512,850,96,1404,254,866,55,11,606
W02000360,6141,366,961,274,462,1195,310,346,343,37,439,181,433,178,10,606
W02000361,10686,604,615,804,1010,2361,852,302,1145,81,1624,406,559,0,27,296
W02000362,5986,392,433,503,633,1888,511,220,369,22,466,143,201,0,16,189
W02000363,5657,545,450,529,583,1154,511,234,397,41,573,251,145,4,27,213
W02000364,7318,381,836,173,303,1763,268,268,347,41,828,305,768,574,24,439
W02000365,7485,388,536,292,566,1788,470,282,776,48,1281,337,402,9,21,289
W02000366,8167,236,462,458,960,3141,656,450,456,24,506,150,375,5,22,266
