geography code,total,1PE,1PA,1FE,1FM-0C,1FM-2C,1FM-nA,1FC-0C,1FC-2C,1FC-nA,1FL-2C,1FL-nA,1H-2C,1H-nS,1H-nE,1H-nA
E02002559,8828,328,530,708,1280,3147,734,450,439,34,539,158,288,0,4,189
E02002560,5994,258,363,456,766,1653,634,256,550,50,473,197,207,0,11,120
E02002561,5709,263,381,478,1034,1471,580,228,330,32,496,143,113,0,15,145
E02002562,5973,421,821,258,542,1130,412,336,523,48,824,196,209,2,18,233
E02002563,5286,345,356,396,710,1034,516,224,474,87,593,226,166,0,14,145
E02002564,9489,659,667,612,980,2278,833,358,884,53,1144,376,361,0,14,270
E02002565,5412,283,744,292,596,989,353,394,492,44,694,200,94,0,6,231
E02002566,6757,410,1266,196,512,1044,213,510,570,21,802,233,400,8,22,550
E02002567,7157,499,574,480,690,1380,537,288,778,45,1053,334,245,2,27,225
E02002568,5791,423,487,602,742,1908,403,202,250,9,336,109,124,2,22,172
E02002569,8968,698,311,1440,1304,2853,835,198,322,28,335,241,188,7,19,189
E02002570,7945,527,878,380,802,1461,493,444,648,74,1220,309,341,0,15,353
E02002571,6478,301,496,424,628,1466,411,304,706,67,984,205,258,0,21,207
E02002572,6246,288,609,272,522,1294,380,334,714,48,968,260,295,6,11,245
E02002573,8078,421,494,760,1204,2370,677,388,466,32,540,196,285,2,14,229
E02004290,5981,260,352,502,916,1762,763,232,381,31,369,124,166,5,0,118
E02004291,6702,442,652,462,830,1421,580,320,581,72,745,229,169,9,16,174
E02004292,7916,541,455,1010,1108,2111,744,298,406,55,489,257,267,4,21,150
E02004293,9278,782,969,626,846,1919,699,378,791,89,1052,389,359,47,29,303
E02004294,8421,418,560,776,1196,2599,975,346,450,53,424,203,219,14,15,173
E02004295,7459,398,440,642,1040,2126,697,264,420,57,702,231,176,71,21,174
E02004296,7936,435,617,584,1006,1901,779,420,641,78,690,298,246,5,17,219
E02004297,7825,445,592,624,1220,1902,771,404,534,85,570,280,212,0,22,164
E02004298,9486,500,649,868,1466,2612,904,394,562,69,652,295,245,0,52,218
E02004299,8352,509,656,653,1144,1952,801,388,667,53,784,293,280,37,8,127
E02004300,7663,552,641,586,902,1515,719,258,772,92,790,323,245,15,30,223
E02004301,8770,470,820,404,906,1783,704,412,967,89,1161,372,399,17,38,228
E02004302,7692,445,744,498,906,1478,722,366,684,95,891,307,269,30,28,229
E02004303,11304,743,1081,730,1316,2770,946,580,887,71,977,383,332,7,40,441
E02004304,8770,545,666,629,1012,1988,862,350,731,74,957,340,298,31,45,242
E02004305,8607,531,680,552,922,2078,687,342,738,62,1024,319,327,7,36,302
E02004306,5785,412,405,629,960,1332,573,218,352,62,357,201,133,4,22,125
E02004307,6458,412,485,406,824,1652,625,276,531,46,622,226,141,14,20,178
E02004308,6763,341,465,622,1230,1958,786,248,232,65,331,156,159,3,2,165
E02004309,5842,428,554,540,724,1498,458,314,299,34,419,177,163,29,35,170
E02004310,7895,443,608,596,1020,1808,816,380,635,42,774,271,215,33,32,222
E02004311,9072,523,775,706,1350,2295,750,432,580,69,805,239,284,5,16,243
E02004312,7492,495,422,1056,1250,1759,858,272,322,37,410,212,133,12,6,248
E02004313,6671,342,659,358,588,1055,433,338,462,40,711,240,255,650,10,530
E02004314,6044,333,445,310,412,430,150,182,38,6,62,45,99,3059,16,457
E02004315,9750,329,589,656,1130,2856,667,346,482,27,375,199,251,1338,19,486
E02004316,5683,357,544,388,766,1228,594,276,423,42,483,240,145,10,24,163
E02004317,7590,514,757,540,1036,1581,735,312,572,41,766,222,284,11,20,199
E02004318,5968,358,484,460,762,1561,551,320,425,29,412,190,202,14,2,198
E02004319,7456,440,558,536,972,1973,676,376,656,51,586,205,243,5,26,153
E02004320,8858,520,543,712,1174,2282,986,384,704,68,637,308,303,8,19,210
E02004321,8192,517,681,524,840,1674,972,334,655,90,801,318,361,31,26,368
E02004322,8436,563,694,560,746,1628,733,302,807,67,1190,439,425,24,21,237
E02004323,7802,399,525,506,866,1681,905,398,740,58,737,264,271,232,10,210
E02004324,5732,327,461,467,734,1205,546,272,401,54,678,216,193,3,11,164
E02004325,8532,492,738,394,694,1738,716,338,967,89,1303,440,377,8,17,221
E02004326,6144,391,523,400,644,1402,603,240,635,50,602,259,238,0,19,138
E02004327,6302,429,591,516,696,1128,634,232,559,54,790,216,249,4,9,195
E02004328,7336,432,459,490,676,1608,825,222,721,79,938,331,363,9,12,171
E02004329,6689,303,408,556,926,1739,826,210,476,58,524,252,236,0,29,146
E02004330,5904,445,456,606,782,1211,606,234,486,95,495,211,158,0,4,115
E02004331,6986,441,547,540,782,1535,761,248,571,76,738,261,259,9,8,210
E02004332,7250,380,494,496,870,1895,806,316,639,62,625,234,198,0,16,219
E02004333,7181,454,438,616,1170,1764,840,258,506,49,471,245,178,6,19,167
E02004334,7351,445,491,498,898,1851,752,268,618,54,719,290,240,3,18,206
E02004335,6268,405,714,398,648,1161,543,244,670,34,705,286,272,8,15,165
E02004336,6792,567,656,656,810,1293,707,296,537,70,596,254,196,0,13,141
E02004337,9058,530,690,624,1230,2281,836,410,750,35,755,329,310,27,28,223
E02004338,6725,392,583,532,850,1564,669,236,627,41,663,195,187,6,4,176
E02004339,6821,416,395,706,1092,2089,629,260,325,47,345,176,149,13,28,151
E02004340,10239,786,991,702,1112,1936,867,418,985,141,1232,418,282,0,43,326
E02004341,8335,254,508,648,1398,2702,751,372,551,81,557,166,178,0,9,160
E02004342,5839,211,480,242,500,1221,313,186,813,44,1149,236,247,13,2,182
E02004343,5441,433,395,480,598,1105,569,180,488,54,611,246,185,0,9,88
E02004344,7034,570,463,686,894,1353,771,262,563,67,633,357,171,0,31,213
E02004345,12608,855,922,1215,1948,3109,1156,556,752,102,824,362,396,8,28,375
E02004346,5225,314,351,552,936,1398,566,220,206,19,224,126,153,17,26,117
E02004347,6240,542,546,678,882,1425,501,278,323,44,435,208,140,25,31,182
E02004348,8016,567,602,766,1372,1962,761,372,479,58,435,210,214,6,28,184
E02004349,9189,620,734,590,1028,2027,886,352,948,72,990,337,344,0,29,232
E02004350,9489,539,850,722,1456,2214,851,504,749,59,750,249,236,15,39,256
E02004351,6909,456,580,462,802,1420,585,272,613,64,863,279,261,25,19,208
E02004352,7405,431,749,516,792,1589,641,424,589,50,668,207,241,153,25,330
E02004353,7431,426,535,774,1050,2066,670,244,440,48,575,224,155,5,27,192
E02004354,8697,458,726,557,1166,2033,759,442,680,60,917,228,312,11,21,327
E02004355,7201,440,671,440,710,1458,542,284,612,97,1081,249,340,28,10,239
E02002483,9084,474,556,648,1124,2820,836,434,606,69,831,225,290,0,26,145
E02002484,10123,666,1013,418,930,1676,813,412,1228,97,1508,415,613,0,47,287
E02002485,7793,485,715,451,708,1553,571,336,924,83,1108,314,286,10,35,214
E02002487,5354,289,1005,162,462,713,263,382,484,54,834,213,174,14,16,289
E02002488,6028,314,317,574,776,1878,659,200,337,44,385,153,203,6,7,175
E02002489,7777,463,1012,324,544,1648,446,342,670,46,1096,317,453,29,22,365
E02002490,6057,342,714,314,640,1030,489,278,600,52,886,255,236,0,6,215
E02002491,6506,567,430,504,596,1327,609,208,652,56,881,276,245,0,21,134
E02002492,6573,456,521,402,742,1417,605,240,720,81,752,264,189,0,28,156
E02002493,6326,406,302,630,908,1706,751,250,427,47,439,147,181,0,13,119
E02002494,7675,424,726,432,566,1400,590,222,942,82,1459,312,319,0,18,183
E02006909,11795,658,537,1280,1808,3636,1290,358,666,61,606,286,348,5,24,232
E02002496,10577,390,1371,154,442,2207,350,330,598,50,935,332,1126,1223,29,1040
E02002497,6268,366,650,200,452,917,383,308,677,59,1269,312,366,16,50,243
E02002498,8583,401,1060,160,404,1202,323,362,534,65,1155,381,699,872,13,952
E02002499,7432,445,417,262,440,1166,678,164,925,99,1679,439,438,4,43,233
E02002500,5787,248,488,236,442,1501,453,272,402,57,564,228,464,82,24,326
E02002501,5260,275,453,182,410,1068,448,220,541,70,768,233,338,5,16,233
E02002502,9559,595,898,489,738,1614,753,280,989,146,1651,483,549,10,35,329
E02002503,6503,270,367,276,462,1419,528,254,747,103,1059,338,393,0,34,253
E02002504,9625,352,599,490,776,2838,861,488,638,111,790,314,791,75,21,481
E02002505,6224,314,367,234,376,1059,519,178,752,85,1279,385,418,0,19,239
E02002506,5613,312,523,222,346,983,344,178,544,58,1176,315,388,9,22,193
E02002507,6021,383,292,610,656,1754,667,224,351,32,368,236,286,9,13,140
E02002508,5071,409,198,592,556,1441,570,136,265,23,233,188,261,11,26,162
E02002509,5543,332,365,328,546,1180,579,192,442,73,694,275,342,6,29,160
E02002510,5712,389,280,670,838,1353,819,164,281,46,329,172,206,4,19,142
E02002512,5265,278,239,636,696,1681,555,188,298,40,313,130,109,0,10,92
E02002513,8745,493,749,566,940,1826,707,294,873,106,1185,361,424,5,29,187
E02002514,8826,526,719,440,972,2518,877,412,644,93,757,321,304,6,29,208
E02006811,9542,512,383,1112,1380,2933,1146,268,410,57,453,263,354,8,15,248
E02005702,6170,363,309,840,1092,1837,501,180,239,37,260,172,206,0,26,108
E02005703,6664,527,686,477,842,1565,518,332,535,70,537,203,218,0,17,137
E02005704,12338,814,731,1250,2032,2862,1235,538,890,105,824,377,352,0,37,291
E02005705,7438,495,453,900,1548,1965,533,348,362,31,247,193,169,0,27,167
E02005706,9340,680,811,684,1226,1903,697,478,871,31,860,374,332,2,53,338
E02005707,6809,488,390,922,1258,1716,446,302,345,18,347,167,234,0,29,147
E02005708,10396,884,793,1332,1890,2148,846,488,570,59,458,261,273,0,32,362
E02005709,6671,447,646,300,590,1217,384,252,926,61,1034,335,297,0,11,171
E02005710,8309,597,1059,496,888,1548,626,468,746,67,777,342,350,16,25,304
E02005711,8296,590,578,614,986,1768,643,306,885,83,1003,327,288,0,8,217
E02005712,7010,285,481,438,882,2029,664,356,511,42,714,204,242,0,9,153
E02005713,6677,225,299,565,1182,2142,807,284,378,53,332,157,124,0,18,111
E02005714,5380,67,182,280,930,2552,415,190,220,15,215,113,141,0,5,55
E02005715,8442,455,686,626,1016,1710,615,414,919,74,1004,353,330,2,11,227
E02005716,8641,414,556,474,1494,2277,668,396,747,61,704,302,240,2,27,279
E02005717,7746,628,486,880,1204,1777,792,340,447,36,480,288,211,0,14,163
E02005718,6617,412,514,741,1204,1469,760,264,323,40,354,214,150,2,20,150
E02005719,7604,441,751,658,952,1729,710,448,578,75,639,281,149,0,16,177
E02005720,10911,625,699,922,1808,2470,905,526,933,97,908,375,352,0,23,268
E02005721,4838,288,382,360,578,1401,441,226,449,31,299,156,94,0,12,121
E02005722,7070,321,365,734,1342,2280,603,304,298,31,327,106,198,0,15,146
E02005723,6214,678,654,606,632,1265,505,246,346,37,608,252,160,0,27,198
E02005724,6099,333,218,838,1040,2006,650,134,255,19,188,114,152,0,17,135
E02005725,6393,528,300,872,812,1829,689,140,275,31,328,184,230,0,22,153
E02005726,7539,361,210,1109,1016,2644,911,194,235,16,216,131,272,0,42,182
E02005727,6375,373,384,666,1122,1648,643,328,399,33,243,186,137,0,24,189
E02005728,7028,475,502,692,1042,1545,731,290,575,60,438,232,184,0,30,232
E02005729,5467,333,328,546,876,1687,468,246,258,48,279,107,131,0,17,143
E02005730,12757,902,927,1290,1532,3467,1148,490,760,56,890,480,319,27,43,426
E02005731,10758,542,654,738,1298,3286,1112,490,648,83,881,478,298,8,24,218
E02005732,8808,599,482,1178,1396,2610,867,344,317,24,259,203,226,0,34,269
E02005733,7994,462,474,789,1300,2323,752,412,455,49,338,211,167,0,24,238
E02005734,6242,444,506,522,746,1123,504,246,585,101,760,292,205,0,8,200
E02005735,7876,401,867,388,688,1473,732,412,796,54,1064,391,333,6,9,262
E02005736,7508,431,701,475,814,1674,683,352,781,59,770,312,257,0,4,195
E02005737,7122,515,518,572,974,1641,737,264,551,63,636,285,193,0,6,167
E02005738,5067,256,309,412,788,1386,542,206,394,18,288,160,144,0,18,146
E02005739,9403,581,653,968,1396,2157,694,454,750,67,865,372,216,0,21,209
E02005740,10175,676,958,625,1184,2132,873,548,998,79,1074,336,377,0,34,281
E02005741,8399,471,497,706,1134,2521,851,302,477,73,592,269,293,0,35,178
E02002515,6655,412,930,328,586,1072,438,388,638,52,887,272,287,7,19,339
E02002516,5711,399,347,410,518,1220,588,172,646,72,715,225,197,6,12,184
E02002517,5371,406,360,421,526,1109,495,190,450,65,717,246,201,0,12,173
E02002518,10679,625,555,931,1328,3258,1151,410,784,96,735,301,297,0,25,183
E02002519,6915,553,552,566,778,1267,560,264,665,39,861,257,344,0,21,188
E02002520,13146,892,721,1584,1748,3511,1337,456,865,104,862,376,332,3,27,328
E02002521,5717,507,679,514,688,1138,383,288,365,47,489,175,195,0,21,228
E02002523,6514,282,528,180,432,1012,414,230,951,77,1552,303,320,9,8,216
E02002524,5374,253,337,482,804,1309,480,236,545,55,488,131,147,0,14,93
E02002525,8233,659,621,647,920,1508,934,380,649,76,934,319,335,6,12,233
E02002526,7442,367,503,510,1042,1921,689,320,714,63,717,197,253,3,15,128
E02002527,5095,296,475,274,570,1013,394,184,626,32,654,220,218,5,2,132
E02002529,5721,382,514,460,758,1279,615,186,445,62,525,216,121,0,7,151
E02002530,6493,435,446,594,904,1397,657,220,622,55,568,210,221,0,18,146
E02002532,6166,546,588,384,648,1209,524,358,618,74,689,201,188,0,26,113
E02002533,5693,294,292,668,928,1627,602,146,312,29,391,155,122,0,11,116
E02002534,5664,336,263,774,1056,1614,662,166,235,14,205,107,125,3,10,94
E02006812,7353,541,566,798,818,1412,814,180,548,55,879,321,218,0,15,188
E02006910,9987,606,667,790,976,2119,1105,300,799,125,1245,519,408,0,19,309
E02002535,9938,390,543,676,1428,3092,1250,404,667,106,535,254,334,3,26,230
E02002536,9581,698,600,872,948,2044,903,428,876,97,1073,391,309,3,33,306
E02002537,8944,416,608,554,638,1838,761,330,1058,129,1332,465,477,0,17,321
E02002538,5896,328,322,338,666,1544,526,206,572,80,632,234,267,0,21,160
E02002539,8704,335,338,886,1426,2823,958,316,395,48,373,236,340,5,19,206
E02002540,6286,446,347,680,996,1665,698,286,293,51,276,164,220,5,15,144
E02002541,6281,412,541,464,688,1333,484,362,531,86,606,276,223,10,22,243
E02002542,8314,437,480,408,684,1724,658,264,928,112,1212,462,631,11,12,291
E02002543,8169,411,538,352,676,1785,619,384,888,75,1310,276,520,0,34,301
E02002544,7542,417,753,360,670,1377,499,434,887,77,1185,260,389,0,22,212
E02002545,5392,272,284,508,828,1259,731,208,411,67,306,194,210,2,8,104
E02002546,7678,307,548,264,556,1646,659,310,774,61,1391,349,489,16,10,298
E02002547,6320,508,290,736,874,1619,691,198,396,45,322,194,230,0,24,193
E02002548,10635,582,1622,264,756,1965,497,628,687,81,1441,395,792,313,29,583
E02002549,7762,532,349,984,1044,1987,947,256,375,76,474,251,275,0,19,193
E02002550,6296,334,452,546,678,1666,600,258,404,51,480,209,381,24,8,205
E02002551,5895,316,747,194,406,923,326,380,458,49,870,240,306,351,2,327
E02002552,6814,312,363,330,728,1532,611,362,658,71,928,286,350,10,4,269
E02002553,5847,399,424,436,606,1276,400,340,521,60,599,201,328,13,18,226
E02002554,5426,290,377,382,588,1041,550,244,406,37,780,271,264,2,13,181
E02002555,9827,511,514,958,1188,3051,949,460,599,79,659,294,288,8,12,257
E02002556,7160,180,317,426,1052,2664,787,252,431,43,438,130,292,0,2,146
E02002557,13835,105,574,256,1238,6597,869,778,1178,80,1043,172,704,7,7,227
E02002558,9417,478,639,874,1516,2706,1015,414,446,40,522,256,195,2,29,285
E02001682,7819,472,492,770,1024,2040,714,344,551,56,598,260,253,0,31,214
E02001683,9034,529,641,726,1186,2398,1011,494,687,65,606,277,231,0,6,177
E02001684,6813,411,841,358,668,1090,518,446,571,70,891,368,256,17,18,290
E02001685,8247,504,646,510,686,1637,656,438,930,109,1071,377,345,0,20,318
E02001686,6949,484,505,666,942,1634,709,336,474,46,429,266,260,0,19,179
E02001688,7672,436,1137,250,678,1325,427,688,670,69,921,268,349,0,21,433
E02001689,7718,393,908,260,542,1969,456,482,518,54,721,251,499,27,17,621
E02001690,7511,437,559,558,838,1842,702,350,652,33,706,281,268,10,13,262
E02001691,8268,375,1165,302,642,1703,490,638,612,76,755,309,400,4,14,783
E02001692,6414,272,593,278,522,1181,498,280,759,58,1036,359,324,6,7,241
E02001693,5570,471,510,350,500,915,555,236,506,42,655,344,241,0,17,228
E02001694,6562,356,425,522,768,1594,691,286,507,68,534,270,263,0,26,252
E02001695,6345,331,381,444,824,1884,753,312,411,50,426,193,178,0,21,137
E02001696,9399,654,536,696,848,1974,906,330,847,119,1274,486,409,5,29,286
E02001697,7709,449,550,586,938,2307,718,426,442,61,447,272,248,2,39,224
E02001698,7203,513,319,1108,1138,1965,860,208,282,28,300,196,142,2,13,129
E02001699,6942,484,527,598,802,1525,751,268,509,88,669,258,252,2,12,197
E02001700,10579,608,688,772,1282,2652,1216,448,818,121,898,404,340,0,22,310
E02001701,6152,467,396,608,818,1826,635,294,280,66,225,192,156,0,19,170
E02001702,7997,498,735,426,598,1476,713,280,883,76,1188,405,403,0,36,280
E02001703,5699,375,244,736,806,1534,636,174,339,35,366,159,190,0,9,96
E02001704,7150,538,717,734,604,1390,582,258,651,116,692,409,255,2,36,166
E02001705,6979,459,617,530,818,1410,726,348,570,60,717,244,251,0,17,212
E02001706,6597,418,479,464,742,1342,589,314,657,71,742,255,303,0,27,194
E02001707,8248,520,517,724,924,2008,866,310,606,79,788,347,307,0,19,233
E02006841,7086,388,1533,164,660,819,233,868,321,16,515,260,211,155,18,925
E02006842,5064,296,514,200,468,1370,395,382,333,35,409,162,224,8,10,258
E02001708,9684,453,722,514,1218,2875,1034,438,571,83,725,374,324,22,12,319
E02001709,10207,568,549,861,1296,3870,735,398,486,43,467,223,340,26,25,320
E02001710,9726,673,952,522,770,1911,782,346,913,81,1319,468,499,37,42,411
E02001711,9559,573,745,622,774,2041,799,380,896,131,1364,449,503,4,10,268
E02001712,9588,529,815,542,1044,2849,535,670,393,16,433,238,281,453,7,783
E02001713,10266,621,755,712,1092,3606,669,502,431,39,461,301,390,109,16,562
E02001714,9526,429,594,575,1100,3375,889,474,473,56,397,224,378,43,26,493
E02001715,11271,561,939,464,910,2783,798,486,1120,104,1502,464,622,31,18,469
E02001718,5638,391,447,336,478,1141,451,216,658,84,690,279,273,2,15,177
E02001719,8921,513,555,610,846,2321,857,476,605,95,541,289,417,194,24,578
E02001720,9669,258,621,218,432,1085,271,374,117,18,81,75,202,4713,12,1192
E02001721,10171,670,878,855,1100,2219,965,488,796,78,1006,386,376,2,35,317
E02001722,9595,707,603,886,878,1948,943,318,866,88,1272,411,382,19,20,254
E02001723,6304,320,439,274,476,1509,396,286,542,54,850,259,488,67,18,326
E02001724,8935,319,939,206,424,777,165,632,118,13,124,62,160,3557,9,1430
E02001725,10141,428,1276,194,464,882,249,800,356,24,497,220,219,1871,12,2649
E02001726,11494,671,825,556,826,3011,946,378,911,100,1142,462,763,333,41,529
E02001727,8520,627,770,606,838,1912,956,314,683,119,750,352,294,25,17,257
E02001728,9669,539,772,652,1054,2159,884,428,800,74,1190,365,408,11,27,306
E02001729,10974,302,1132,202,468,2770,330,294,361,31,670,194,1183,1156,30,1851
E02001730,10461,480,1624,192,526,717,189,724,404,35,508,229,183,2875,46,1729
E02001731,10850,487,2448,190,462,1129,218,730,329,37,793,209,337,2297,40,1144
E02001732,5000,338,402,234,480,1020,430,168,422,63,760,197,251,10,10,215
E02001733,11685,653,1769,405,852,1677,680,686,909,110,1885,520,645,132,39,723
E02001734,7576,438,658,316,604,1443,603,290,702,89,1169,316,491,36,33,388
E02001735,6568,431,557,248,386,1060,472,168,774,104,1374,347,332,6,24,285
E02001736,12628,496,1346,246,682,3607,485,298,802,80,1306,373,1515,323,18,1051
E02001737,5931,390,980,254,360,758,351,262,565,69,1079,280,313,18,19,233
E02006893,10655,840,520,1333,1372,2687,1382,320,585,78,605,358,288,8,30,249
E02001738,5622,435,217,964,860,1728,621,90,118,19,176,136,135,0,26,97
E02001739,7454,416,613,524,1004,1746,661,332,556,59,749,308,264,0,18,204
E02001740,5779,290,237,498,718,2269,542,142,288,21,301,135,179,0,2,157
E02001741,6922,631,477,878,968,1633,641,296,356,24,449,266,153,0,34,116
E02001742,5997,379,397,528,720,2061,560,212,273,37,365,229,124,0,18,94
E02001743,7281,303,761,282,806,2098,499,436,438,66,536,253,340,6,11,446
E02001744,6442,375,502,458,792,1587,569,346,532,64,679,203,186,0,4,145
E02001745,6352,317,516,336,798,1493,636,264,578,67,766,225,198,2,13,143
E02001746,8260,562,576,572,842,2367,664,348,547,73,813,319,326,0,19,232
E02001747,6166,607,366,820,780,1669,629,198,278,29,296,226,112,0,21,135
E02001748,7525,355,529,414,980,2083,454,452,635,70,789,247,225,8,34,250
E02001749,6115,343,531,482,806,1645,606,300,448,34,370,192,159,0,30,169
E02001750,6576,479,322,664,848,1928,667,196,331,53,453,236,213,0,13,173
E02001751,5971,426,433,524,708,1407,500,252,463,57,585,249,158,2,19,188
E02001752,6281,378,531,470,634,1327,466,222,564,66,923,293,229,0,11,167
E02001753,6250,531,849,456,834,1365,392,452,254,57,403,227,151,0,20,259
E02001754,5914,425,630,526,740,1520,524,384,336,36,318,124,125,2,25,199
E02001755,7865,475,660,560,948,2468,666,416,480,62,526,208,206,3,14,173
E02001756,9258,627,974,440,874,1784,601,736,699,110,1138,394,414,11,27,429
E02001757,5883,446,464,680,758,1340,603,210,268,59,531,198,177,0,6,143
E02001758,5599,233,471,306,794,1287,688,236,467,56,564,160,171,0,8,158
E02001759,6182,427,1053,380,688,1110,480,500,353,51,472,202,159,2,10,295
E02001760,7706,394,840,340,538,1358,562,308,793,85,1457,351,369,10,6,295
E02001761,5342,390,398,486,658,1046,609,236,444,42,543,170,177,2,11,130
E02001762,5588,274,445,338,758,1369,798,258,342,33,434,209,161,0,9,160
E02001763,6262,426,611,350,600,1244,542,322,587,81,742,309,214,0,10,224
E02001764,7488,475,1341,308,720,1256,412,466,739,58,1066,181,225,0,13,228
E02001765,7137,448,730,262,696,1405,481,414,709,65,1163,243,287,0,2,232
E02001766,6927,308,972,266,692,1366,463,508,593,51,862,194,308,2,32,310
E02001767,6998,466,873,384,744,1447,532,404,454,66,661,337,251,9,11,359
E02001768,8251,451,1037,422,748,1734,653,504,422,65,986,305,597,15,14,298
E02001769,7342,544,1518,270,554,1095,431,340,423,57,989,384,260,87,13,377
E02001770,6272,393,787,418,668,1376,595,370,359,42,526,218,208,73,25,214
E02001771,6305,475,406,604,620,1356,656,184,455,47,851,272,228,10,9,132
E02001772,5375,341,509,454,506,1180,555,270,319,36,628,232,136,20,28,161
E02001773,5457,401,244,610,784,1501,701,140,270,37,288,180,142,6,18,135
E02001774,5368,287,729,216,628,1006,476,246,416,60,628,262,210,3,14,187
E02001775,5621,484,344,355,454,1284,562,134,516,85,749,299,161,0,26,168
E02001776,8289,444,794,404,748,1788,838,402,685,100,1027,410,342,23,25,259
E02001777,6244,364,688,330,676,1700,576,338,423,58,572,213,157,2,12,135
E02001778,6013,349,826,307,548,1100,478,264,418,79,879,286,219,0,22,238
E02001779,5369,378,606,294,552,1052,476,156,374,38,723,247,203,0,24,246
E02001780,5190,375,350,440,578,967,652,162,344,70,621,239,198,15,13,166
E02001781,5404,426,558,322,452,908,484,172,440,72,854,314,219,0,26,157
E02001782,8569,679,549,714,846,1647,850,242,668,94,1103,535,356,0,31,255
E02001783,6679,369,600,378,556,1244,512,192,682,70,1249,397,257,0,8,165
E02001784,6810,488,446,482,656,1477,744,168,530,104,843,383,267,7,35,180
E02001785,7891,700,460,694,970,1954,827,208,476,61,710,341,235,0,26,229
E02001786,6973,521,576,502,654,1439,805,202,494,63,804,448,274,0,36,155
E02001787,5623,321,404,380,684,1241,620,158,401,52,737,264,226,0,6,129
E02001788,5899,315,523,328,718,1431,666,226,447,65,634,214,184,0,15,133
E02001789,5829,388,220,738,798,1825,780,166,191,31,222,172,144,2,14,138
E02001790,5956,480,312,604,684,1659,616,236,359,41,417,263,176,7,6,96
E02001791,5783,370,227,636,668,1814,823,186,259,54,297,188,136,2,15,108
E02001792,6951,504,369,787,866,2041,787,226,325,59,350,256,195,7,8,171
E02001793,8357,598,820,484,594,1310,732,308,1009,107,1308,468,393,12,13,201
E02001794,8502,475,686,544,736,1378,858,252,962,90,1297,566,380,6,28,244
E02001795,7521,566,831,436,728,1247,708,298,671,87,935,408,337,5,12,252
E02001796,9144,623,1157,700,906,1737,918,454,532,57,655,410,336,204,35,420
E02001797,5766,236,413,504,900,1598,693,242,323,31,273,182,201,14,20,136
E02001798,8156,510,480,474,838,1855,915,242,828,84,849,431,402,5,17,226
E02001799,9948,527,945,480,876,1663,911,410,1332,119,1520,453,440,2,17,253
E02001800,7267,330,434,374,992,1762,821,316,691,109,695,290,299,2,6,146
E02001801,5890,303,566,208,438,1519,438,224,306,67,640,263,372,277,6,263
E02001802,6302,342,423,300,450,971,627,222,674,97,980,397,517,15,15,272
E02001803,7897,439,1670,252,556,853,366,572,308,37,597,251,351,883,19,743
E02001804,6317,355,412,444,622,1247,732,266,614,85,728,309,262,4,24,213
E02001805,5711,379,351,596,652,1182,791,140,382,70,447,262,281,17,19,142
E02001806,8335,559,1408,310,556,1223,499,398,569,58,1098,360,586,166,37,508
E02001807,7260,296,519,446,934,1799,790,266,641,81,793,241,269,6,15,164
E02001808,6055,289,487,380,460,1671,521,212,326,33,405,225,381,306,25,334
E02001809,6547,376,427,590,962,1500,850,250,426,58,550,183,196,0,13,166
E02001810,8577,304,761,390,1204,2125,1034,414,700,78,707,375,322,10,15,138
E02001811,9174,623,738,620,772,1691,876,358,947,148,1182,463,503,8,22,223
E02001812,10316,647,483,1134,1446,2873,1312,306,377,71,418,284,462,145,41,317
E02001813,10054,543,849,522,696,1912,952,328,1099,158,1482,582,547,38,33,313
E02001814,6366,384,500,420,516,1582,714,278,478,64,633,277,276,45,15,184
E02001815,10326,411,552,770,1632,2771,1448,370,682,72,626,322,431,5,8,226
E02001816,6839,645,678,500,698,1218,616,290,565,45,760,348,253,12,23,188
E02001817,6235,431,446,414,568,1414,741,222,523,97,671,282,246,34,16,130
E02001818,8335,467,543,582,800,2161,852,332,688,91,859,339,391,9,22,199
E02001819,6941,458,383,822,984,1887,1009,212,286,39,298,216,201,21,16,109
E02001820,8521,487,552,582,952,2371,898,240,738,85,863,344,207,0,13,189
E02001821,5942,278,339,392,692,1762,853,190,369,45,408,229,220,13,10,142
E02001822,7497,338,525,466,944,2010,892,324,660,34,599,241,230,7,20,207
E02001823,7090,398,493,508,824,1631,772,228,766,69,661,319,259,0,11,151
E02001824,8367,596,514,790,1028,1878,857,286,672,106,777,347,293,6,15,202
E02001825,7003,568,514,718,890,1409,887,250,529,84,509,281,201,2,17,144
E02001826,6592,420,526,426,760,1310,634,254,743,65,847,236,220,4,18,129
E02002615,9266,560,718,744,962,2581,742,260,512,88,835,310,547,0,50,357
E02002616,8527,277,358,506,852,3415,655,172,270,24,409,200,1012,6,30,341
E02002617,8893,258,364,170,406,4061,565,86,250,22,754,241,1353,2,9,352
E02002618,7400,162,319,124,366,3266,575,46,124,11,415,210,1416,2,14,350
E02002619,8582,321,713,208,480,3033,540,172,394,53,600,252,1333,2,13,468
E02002620,8163,402,944,182,478,2587,497,150,355,38,765,208,1020,14,16,507
E02002621,8381,215,517,134,344,3727,591,60,266,18,645,271,1168,18,6,401
E02002622,9866,403,847,310,570,2349,593,274,1027,90,1706,427,808,3,32,427
E02002623,10006,536,1232,360,670,1800,607,508,1122,96,1545,360,634,11,24,501
E02002624,8056,468,335,930,1078,2307,975,242,469,44,422,246,357,6,15,162
E02002625,9783,369,825,326,774,2607,666,378,1009,146,1338,336,643,0,20,346
E02002626,7167,372,571,522,738,1440,675,244,745,101,995,318,283,2,8,153
E02002627,7672,176,443,316,904,2773,618,344,772,63,494,223,283,0,14,249
E02002628,6911,426,650,476,728,1373,577,322,610,76,785,286,348,2,18,234
E02002629,5767,306,605,310,528,1006,402,254,551,48,955,212,335,0,12,243
E02002630,6042,270,632,310,510,1231,474,340,675,57,805,216,295,0,10,217
E02002631,9076,449,746,540,1092,2388,840,464,826,114,700,263,358,0,13,283
E02002632,6269,259,371,546,1066,1833,670,284,335,29,257,147,249,0,6,217
E02002633,7683,730,537,898,902,1647,646,218,513,44,658,312,256,0,37,285
E02002634,8251,809,777,876,970,1607,581,320,592,78,706,307,337,0,28,263
E02002635,7784,688,656,934,876,1555,666,308,521,57,545,249,360,0,37,332
E02002636,8363,520,680,630,848,1668,645,370,759,92,991,348,423,6,31,352
E02002637,6143,366,400,570,666,1342,515,250,486,86,599,232,281,0,37,313
E02002638,5670,339,1191,206,414,829,293,292,369,54,531,142,479,6,31,494
E02002639,5746,393,809,198,398,911,274,230,639,40,966,294,373,0,18,203
E02002640,7259,427,1114,218,474,1041,301,344,731,76,1201,303,540,3,40,446
E02002641,8106,441,691,494,724,1732,611,418,772,117,938,306,418,36,35,373
E02002642,6224,430,1467,216,388,641,237,376,500,33,710,208,444,66,18,490
E02002643,7422,384,836,342,530,1186,426,332,724,68,1153,365,505,46,44,481
E02002644,7962,498,619,544,770,1748,772,360,787,85,779,297,339,0,36,328
E02002645,4811,257,1177,128,332,539,187,302,305,21,507,184,416,22,23,411
E02002646,7069,538,750,554,692,1112,434,318,641,73,913,351,384,2,29,278
E02002647,8157,532,741,428,688,1366,505,354,934,80,1214,346,498,24,35,412
E02002648,7322,466,560,450,672,1299,483,342,857,92,1141,340,303,0,25,292
E02002649,8123,557,800,606,718,1767,645,310,553,91,752,291,547,0,33,453
E02002650,7960,618,492,838,948,1509,724,332,632,67,793,285,364,7,17,334
E02002651,7905,657,499,706,838,1754,709,314,648,51,618,356,392,0,33,330
E02003811,5880,300,236,768,972,1976,624,164,232,38,179,96,141,0,11,143
E02003812,5576,384,261,654,822,1811,546,166,230,34,308,126,99,8,11,116
E02003813,6144,350,455,500,888,1603,759,266,378,53,375,158,166,0,17,176
E02003814,7346,264,459,354,874,2511,537,390,629,63,671,180,197,0,7,210
E02003815,6747,315,543,550,758,1563,628,276,684,57,730,213,213,0,15,202
E02003816,6703,444,714,544,802,1540,565,456,427,58,562,183,130,0,14,264
E02003817,6951,458,369,788,972,2202,750,238,304,43,376,156,155,0,10,130
E02003818,5745,304,309,604,906,1848,668,242,259,27,237,115,93,0,15,118
E02003819,5681,398,316,734,890,1557,597,218,215,37,327,123,121,0,9,139
E02003820,6745,251,468,420,716,2517,528,358,480,39,495,143,156,3,8,163
E02003821,5408,462,407,546,738,1311,498,254,352,49,344,178,130,0,10,129
E02003822,10551,567,592,1154,1732,2883,1163,438,507,47,550,274,331,0,23,290
E02003823,6504,528,430,840,804,1632,569,232,374,37,490,212,195,2,12,147
E02003824,5163,340,292,488,656,1636,506,188,282,22,357,139,106,0,13,138
E02003825,6768,117,454,198,848,2541,633,370,592,58,382,136,254,0,2,183
E02003826,7402,398,454,370,676,1703,456,310,922,69,971,322,391,6,10,344
E02003827,8707,489,861,490,730,1595,518,434,1014,69,1176,351,446,10,18,506
E02003828,6664,327,510,380,626,1435,505,330,751,78,906,229,303,4,19,261
E02003829,5546,415,385,642,806,1242,524,254,319,35,307,146,136,139,21,175
E02003830,7163,326,804,250,590,1561,460,484,720,50,859,265,336,42,13,403
E02003831,8968,405,409,743,1350,2909,980,374,471,63,506,221,277,8,11,241
E02003832,6008,251,553,238,440,1239,377,252,519,65,559,206,419,269,10,611
E02003833,6361,386,337,448,664,1897,587,238,497,63,499,283,257,0,16,189
E02003834,6671,249,568,254,548,1492,512,350,655,59,884,203,344,100,32,421
E02003835,7846,436,310,1116,1186,2472,955,260,330,36,262,179,120,0,9,175
E02003836,6787,709,703,674,818,1319,507,408,395,34,493,227,146,13,24,317
E02003837,11739,416,602,796,1668,4433,896,470,633,63,622,197,479,13,36,415
E02003838,6104,445,353,728,920,1494,645,298,366,24,374,173,152,0,5,127
E02003839,6964,528,632,717,808,1692,442,414,454,68,535,215,198,2,23,236
E02003840,9941,540,422,1072,1616,3109,1072,366,462,59,402,274,228,0,29,290
E02003853,5638,331,360,606,828,1585,608,262,281,30,254,153,161,0,7,172
E02003854,6402,409,275,688,836,2127,673,158,259,22,422,270,125,0,26,112
E02003855,6479,444,294,862,902,1970,786,170,233,32,262,209,169,0,40,106
E02003856,10165,699,1179,720,970,2522,763,452,733,70,881,425,362,0,20,369
E02003857,6396,283,480,418,796,1944,513,326,416,43,467,222,243,0,6,239
E02003858,6568,467,469,654,804,2226,460,324,231,31,303,150,190,0,15,244
E02003859,10978,641,671,1252,1690,3281,1005,524,438,46,424,234,367,15,45,345
E02003860,6988,402,331,765,776,2748,526,248,266,48,356,184,161,0,15,162
E02003861,6374,437,517,634,702,1674,406,278,402,35,603,248,188,0,6,244
E02003862,4970,318,185,780,736,1684,426,112,170,10,178,103,138,0,8,122
E02003863,6762,529,411,766,900,2254,522,242,278,31,317,153,149,6,14,190
E02003864,7812,622,680,905,946,2309,622,332,287,31,410,168,232,0,12,256
E02003865,7522,465,659,576,1050,2183,596,442,421,57,458,229,176,0,18,192
E02003866,5959,295,272,522,824,2408,558,166,256,39,228,105,134,2,12,138
E02003867,7450,326,559,440,866,2572,572,312,456,58,676,239,159,0,16,199
E02003868,8244,585,885,540,936,1949,582,504,648,49,706,320,198,13,20,309
E02003869,6819,380,486,633,946,2128,733,326,323,45,268,221,125,4,16,185
E02003870,10201,585,1465,474,1012,2205,636,998,747,90,796,321,279,19,21,553
E02003871,6996,512,446,536,728,1725,597,256,659,58,693,315,191,0,30,250
E02003872,9588,586,497,1298,1514,2774,1028,326,315,38,355,261,296,6,32,262
E02003873,5971,291,590,280,560,1215,358,330,612,75,855,283,263,8,11,240
E02003794,8426,383,535,674,1186,2591,839,402,434,42,519,228,324,0,6,263
E02003795,5454,303,201,512,802,1739,583,160,261,43,296,155,198,3,13,185
E02003796,7169,614,452,782,708,1823,591,228,471,64,628,325,231,9,25,218
E02003797,9252,495,685,772,1080,2930,707,480,435,51,466,231,234,221,23,442
E02003798,6009,277,462,240,500,1249,549,208,658,59,916,273,355,10,11,242
E02003799,6994,413,651,466,584,1373,642,218,699,73,906,348,314,16,10,281
E02003800,6243,367,254,776,884,2158,613,180,224,24,268,156,166,4,17,152
E02003801,6977,405,345,630,722,2147,823,250,389,50,444,226,253,4,9,280
E02003802,7831,562,1454,324,772,952,239,892,309,19,384,225,193,227,30,1249
E02003803,8405,431,1324,312,616,713,256,742,215,23,252,164,154,2094,26,1083
E02003804,6764,471,723,386,652,1598,398,578,421,61,503,215,169,62,26,501
E02003805,6113,392,264,688,872,2050,631,202,184,17,310,130,211,24,5,133
E02003806,5942,399,321,558,704,2074,567,254,196,23,323,170,150,2,12,189
E02003807,8129,657,625,1002,1086,2091,682,434,350,23,393,239,209,0,23,315
E02003808,6419,261,600,290,730,1638,461,334,626,60,755,205,224,6,12,217
E02003809,7406,383,351,794,1018,2301,771,272,355,41,406,219,227,3,32,233
E02003810,7915,512,466,842,1130,2299,799,324,371,24,357,260,274,5,18,234
E02003841,7573,597,539,788,984,1871,720,288,430,35,526,261,177,86,30,241
E02003842,5280,391,270,732,868,1481,554,206,141,30,150,127,146,24,7,153
E02003843,5824,392,437,580,684,1266,616,218,320,56,568,255,231,0,13,188
E02003844,6761,466,353,732,904,1725,793,232,397,48,393,213,162,87,15,241
E02003845,8000,485,1091,268,624,1372,457,524,934,81,1148,309,348,0,14,345
E02003846,6736,441,517,366,490,1330,497,278,733,103,1197,325,302,0,21,136
E02003847,9625,371,450,742,1336,3393,1311,336,525,65,455,224,194,8,15,200
E02003848,5048,264,351,368,504,1076,523,134,391,73,744,267,177,0,24,152
E02003849,6820,409,634,366,570,1272,603,240,687,72,995,278,361,4,25,304
E02003850,5351,322,264,488,678,1406,627,192,359,42,427,230,163,0,6,147
E02003851,5826,312,233,537,766,1813,782,186,300,23,321,173,229,0,5,146
E02003852,6829,307,345,636,874,2161,925,276,313,20,362,190,197,0,15,208
E02003874,8985,647,591,968,1186,2411,862,348,480,46,616,312,239,0,34,245
E02003875,6410,312,289,710,1096,1879,741,228,274,50,181,163,237,8,19,223
E02003876,5601,318,370,397,736,1467,568,258,439,45,435,171,203,0,9,185
E02003877,9098,552,438,993,1318,2982,858,416,373,54,419,234,240,0,24,197
E02003878,7842,370,449,702,1134,2225,849,348,454,51,461,231,280,0,16,272
E02003879,6145,298,637,294,594,1344,444,418,686,56,615,205,236,2,11,305
E02003880,6361,451,369,564,758,1472,630,268,549,71,484,259,293,0,34,159
E02003881,6036,250,694,282,726,1343,540,352,521,37,525,180,250,2,20,314
E02003882,9512,538,627,532,974,2392,837,350,924,125,954,375,429,11,34,410
E02003883,9891,350,626,813,1290,3859,850,438,494,34,577,186,180,6,18,170
E02003884,7784,424,380,1020,1276,2366,761,242,341,27,346,198,195,4,15,189
E02003885,5582,320,303,545,878,1716,580,220,324,16,293,150,120,0,6,111
E02003886,6532,245,376,336,706,1798,530,234,770,62,736,248,247,2,8,234
E02003887,6137,220,350,378,838,1946,608,214,459,41,491,157,241,0,18,176
E02003888,5989,350,472,346,612,1417,620,300,493,71,617,264,204,4,12,207
E02003889,5643,310,352,390,442,1216,455,154,679,68,812,247,291,0,21,206
E02003890,5923,247,371,328,752,1485,532,294,588,55,616,198,218,0,7,232
E02003891,5644,368,298,660,934,1697,579,174,239,17,253,135,152,0,23,115
E02002574,7094,346,408,670,942,2098,878,290,419,47,417,212,175,0,12,180
E02002575,9642,257,518,538,1192,3594,1214,410,583,57,538,174,350,0,13,204
E02002576,7256,485,592,444,710,1639,795,336,659,93,764,303,228,2,16,190
E02002577,7415,479,652,404,556,1362,690,270,654,71,1119,389,454,2,42,271
E02002578,7702,489,461,436,712,1921,877,200,672,94,741,415,356,2,19,307
E02002579,7711,412,504,420,614,1593,829,252,794,99,1179,398,354,0,22,241
E02002580,7452,395,892,300,472,1062,603,404,947,93,1249,394,251,2,30,358
E02002581,7287,357,468,644,886,1662,921,324,583,54,555,306,276,0,20,231
E02002582,8148,200,321,344,1318,3060,762,354,569,88,436,149,335,0,9,203
E02002583,6851,354,812,286,570,937,598,224,692,94,1158,420,413,0,14,279
E02002584,7392,412,479,450,786,1832,854,220,651,81,820,288,291,2,12,214
E02002585,10428,597,1161,516,1064,2040,799,708,935,54,1319,406,342,2,20,465
E02002586,9699,499,806,426,728,1896,808,256,1086,72,1759,458,586,5,32,282
E02002587,6914,257,547,230,852,1236,568,252,715,63,1355,320,304,0,5,210
E02002588,7439,367,697,328,792,1433,701,204,690,85,1243,357,289,0,10,243
E02002589,6444,286,323,650,1184,1683,986,222,291,43,259,169,177,2,10,159
E02002590,6100,326,277,694,754,2133,545,218,306,25,312,178,157,2,15,158
E02002591,6395,432,353,652,884,1827,460,226,415,86,464,164,262,0,14,156
E02002592,6100,330,300,606,764,1900,593,236,406,30,371,227,148,8,14,167
E02002593,5226,269,465,392,688,1306,504,320,285,45,450,159,133,20,4,186
E02002594,5452,225,671,184,676,1333,402,256,469,41,546,195,256,0,12,186
E02002595,7918,421,711,346,526,1696,590,318,996,120,1317,286,336,0,23,232
E02002596,8189,399,524,626,1284,2011,994,348,490,77,547,306,262,63,7,251
E02002597,8994,449,764,420,756,1793,683,336,1072,108,1620,434,281,14,8,256
E02002598,7660,138,440,150,906,3303,716,466,504,22,482,116,253,0,0,164
E02002599,10774,248,639,482,1300,4390,1053,424,637,30,601,245,487,0,16,222
E02002600,9142,596,794,594,724,1898,766,482,932,107,1079,383,353,18,30,386
E02002601,7928,488,373,814,982,2258,915,270,462,65,551,266,220,13,11,240
E02002602,7268,299,796,216,556,1641,375,364,867,70,1064,267,389,9,27,328
E02002603,7065,334,282,496,1086,2253,949,260,347,57,345,213,240,4,2,197
E02002604,7590,348,386,720,1076,2501,831,288,401,54,403,178,244,0,16,144
E02002605,9234,341,563,532,1170,2636,952,382,789,74,867,323,339,0,2,264
E02002606,9954,429,1573,318,860,1630,461,922,964,91,1134,296,450,13,3,810
E02002607,9914,643,1269,658,976,1848,658,756,739,69,896,398,360,8,25,611
E02002608,8382,476,367,1084,1064,2505,881,290,449,64,426,291,245,11,23,206
E02002609,8038,447,975,336,576,1637,558,576,817,94,1040,316,301,0,19,346
E02002610,12261,616,795,1101,1474,4558,827,540,570,59,816,276,330,7,12,280
E02002611,7862,443,357,774,932,2791,745,278,400,55,498,223,205,0,19,142
E02002612,9232,665,578,722,1020,3182,761,428,536,67,516,321,155,0,26,255
E02002613,6054,230,264,520,878,2480,545,194,231,37,237,158,150,0,14,116
E02002614,6096,270,156,718,1000,2477,652,104,165,6,200,113,111,0,10,114
E02003965,10690,765,705,1074,1498,2881,1087,328,644,103,636,294,305,0,66,304
E02003966,6928,378,367,764,1182,2056,743,228,289,38,202,187,250,0,20,224
E02003967,8260,502,507,724,1320,2190,763,348,545,64,511,249,325,0,17,195
E02003968,8520,516,604,826,1186,2140,809,330,622,96,510,258,304,0,29,290
E02003969,6637,419,525,426,684,1462,616,226,747,52,710,305,248,0,20,197
E02003970,7669,513,584,660,1168,2479,592,358,281,22,416,198,175,0,17,206
E02003971,7945,530,475,802,1240,2246,684,292,368,54,483,248,221,0,18,284
E02003972,9200,613,771,702,1110,2335,965,374,741,60,729,247,301,0,22,230
E02003973,8717,602,993,478,864,1587,740,392,891,52,1187,419,227,0,36,249
E02003974,7710,505,577,710,938,1695,804,250,569,73,869,294,231,0,26,169
E02003975,6258,321,405,666,1062,1670,609,246,416,31,244,207,191,13,23,154
E02003976,6436,522,470,836,908,1489,485,254,299,26,322,178,213,2,70,362
E02003977,6375,361,363,464,802,1942,671,280,398,36,466,190,207,0,17,178
E02003978,5890,357,453,540,776,1561,544,244,448,48,474,187,99,6,11,142
E02003979,7487,634,274,1185,1214,2086,816,192,315,26,206,185,196,2,9,147
E02003980,6705,443,831,326,674,1244,478,308,793,41,895,274,178,0,11,209
E02003981,6743,392,592,406,696,1844,635,328,555,49,582,207,202,3,19,233
E02003982,7552,417,441,658,1168,2250,781,244,465,53,520,188,196,0,15,156
E02003983,7690,447,777,344,622,1453,689,332,894,72,1071,404,329,0,17,239
E02003984,6742,452,1170,250,492,950,359,312,728,54,1131,210,246,8,37,343
E02003985,6626,557,521,640,846,1483,604,282,534,45,496,214,219,6,12,167
E02003986,6582,471,838,512,842,1369,595,292,530,46,549,231,150,0,9,148
E02003987,5983,356,433,486,870,1481,750,276,289,47,276,245,191,6,20,257
E02003988,6537,433,530,626,912,1770,505,258,359,40,437,239,220,0,21,187
E02003989,7609,530,474,761,898,2100,840,274,510,44,476,281,168,14,21,218
E02003990,9550,568,627,1028,1394,2946,802,464,473,62,475,247,217,15,13,219
E02003991,7628,375,358,718,1350,2302,916,264,349,46,357,193,188,5,17,190
E02003992,8329,609,1361,389,748,1430,515,486,456,39,513,288,302,609,21,563
E02003993,8550,524,473,858,1450,2458,937,306,364,31,363,274,231,0,24,257
E02003994,7308,501,873,440,732,1457,505,404,587,53,773,279,273,66,33,332
E02003995,9445,741,990,708,926,2022,791,496,757,97,994,383,289,0,28,223
E02003996,9614,513,1483,322,940,1832,576,714,897,76,793,325,331,187,29,596
E02003997,9545,576,972,462,900,2033,537,378,1126,109,1406,379,379,7,19,262
E02003998,6841,430,554,436,632,1461,574,252,726,61,967,303,273,5,19,148
E02003999,9199,580,559,998,1436,2612,923,380,469,40,407,241,247,0,46,261
E02004000,5416,253,358,442,736,1372,590,220,404,43,450,149,191,0,23,185
E02004001,5520,473,708,412,606,1168,495,288,276,54,290,220,222,2,36,270
E02004002,10247,484,669,832,1410,3187,993,404,682,67,603,289,313,0,41,273
E02004003,11950,634,998,862,1608,3074,1160,500,833,97,869,425,432,13,76,369
E02004004,9292,520,645,510,1026,2053,993,354,887,99,1055,414,391,2,42,301
E02004005,8156,459,669,672,982,2142,792,324,588,54,644,289,275,0,45,221
E02004006,8882,522,568,1032,1522,2385,809,350,452,67,307,193,375,6,31,263
E02004007,9849,678,670,914,1408,2319,1062,360,763,70,594,327,329,0,43,312
E02004008,6344,361,440,579,1010,1758,620,288,361,26,297,136,229,10,25,204
E02004009,5854,323,303,578,960,1867,611,256,232,18,205,141,179,26,17,138
E02004010,6971,514,811,438,662,1589,463,400,484,30,588,267,192,85,20,428
E02004011,9627,671,604,1143,1412,2510,812,362,657,39,483,280,247,13,50,344
E02004012,5540,383,322,702,992,1325,449,212,301,28,234,125,181,14,16,256
E02004013,9754,618,673,1005,1530,2692,912,376,550,44,503,245,288,0,51,267
E02004014,7523,452,483,824,1154,2034,746,310,378,32,354,213,244,0,26,273
E02004015,5802,666,487,768,898,1024,344,294,274,26,256,140,191,55,35,344
E02004016,8092,630,604,922,1042,1998,500,428,536,29,498,227,248,2,34,394
E02004017,8373,547,774,698,1166,2022,633,444,554,66,542,254,275,0,22,376
E02004018,7956,532,976,432,848,1783,488,502,654,65,694,239,293,7,36,407
E02004019,7865,503,387,878,1284,2394,713,326,394,32,287,176,204,0,26,261
E02004020,8188,521,545,746,1178,2509,666,324,540,38,430,211,200,0,27,253
E02004021,5120,352,376,664,1004,1171,395,256,223,33,181,107,115,0,12,231
E02004022,5535,363,322,646,1026,1214,543,248,282,24,205,141,203,0,21,297
E02004023,5493,481,466,726,934,1355,410,242,224,23,218,112,135,0,46,121
E02004024,7125,421,342,1034,1244,2068,643,294,293,39,203,147,146,0,43,208
E02004025,7816,644,501,1158,1310,1836,516,332,423,25,346,162,235,0,51,277
E02004026,7844,592,833,612,932,1939,517,392,511,60,638,269,182,8,20,339
E02004027,7613,830,477,1284,1270,1557,533,282,288,32,310,191,208,0,36,315
E02004028,7692,518,401,1037,1362,2086,766,282,387,33,276,197,148,0,27,172
E02000984,7777,265,401,702,1126,2635,866,320,440,46,416,160,252,2,8,138
E02000985,7566,471,322,900,988,2318,782,244,414,51,443,242,243,2,21,125
E02000986,8345,502,668,746,908,2386,719,450,529,43,544,259,303,11,17,260
E02000987,7052,501,686,468,720,1505,507,410,692,70,736,329,215,0,31,182
E02000988,8371,466,772,378,604,2267,605,312,639,78,807,318,768,20,14,323
E02000989,8242,609,400,1076,1122,2239,923,308,423,50,406,242,257,8,8,171
E02000990,7636,369,505,508,1044,2130,687,418,656,63,480,272,274,2,13,215
E02000991,7662,442,572,530,872,2152,694,368,581,75,554,267,334,6,12,203
E02000992,5737,335,371,562,796,1455,523,300,406,36,389,181,205,2,16,160
E02000993,7142,407,757,226,482,1359,397,292,870,90,1205,319,403,11,25,299
E02000994,7914,460,932,206,462,2278,429,234,566,34,919,297,788,4,26,279
E02000995,8108,521,501,650,804,2204,654,280,745,61,781,339,308,3,26,231
E02000996,7683,391,773,339,588,1408,458,272,1007,66,1260,361,491,6,13,250
E02000997,5586,309,357,457,724,1647,484,190,378,44,403,184,217,0,9,183
E02000998,8558,435,1040,276,512,1944,453,362,631,38,990,317,954,121,16,469
E02000999,7091,566,1343,230,338,1490,332,284,341,41,842,267,472,83,22,440
E02001000,8873,563,1001,548,834,1618,675,424,804,85,970,350,435,72,10,484
E02001001,7903,331,620,414,706,2436,665,354,476,30,649,183,608,57,20,354
E02001002,9445,402,688,521,1254,2126,895,324,985,115,1119,347,364,12,6,287
E02001003,7249,322,295,831,994,2297,900,134,267,28,232,208,468,0,16,257
E02001004,8240,379,863,210,428,2772,538,114,318,31,831,298,1005,54,7,392
E02001005,7860,327,798,276,534,2053,567,240,498,48,788,299,936,54,9,433
E02001006,7685,262,535,244,532,2672,533,158,531,36,719,255,806,25,17,360
E02001007,10261,564,656,816,1364,2416,1100,294,796,94,909,398,475,6,25,348
E02001008,8067,306,514,226,400,3068,434,140,605,47,966,287,693,21,11,349
E02001009,6684,493,601,408,610,1628,539,246,583,51,678,218,352,7,30,240
E02001010,5867,243,615,200,450,1468,411,202,456,63,762,220,461,5,7,304
E02001011,9853,446,598,684,1324,3077,1022,522,664,85,600,246,305,0,29,251
E02001012,7824,353,358,447,630,2203,699,210,643,100,849,365,703,6,4,254
E02001013,5990,301,321,658,722,1845,595,252,350,37,340,137,236,0,23,173
E02001014,8168,444,752,422,920,1939,681,450,704,62,816,318,350,7,25,278
E02001015,7743,619,963,478,704,1380,621,398,843,49,816,320,303,0,24,225
E02001016,8221,361,679,338,524,1739,591,316,1081,69,1386,356,501,4,19,257
E02001017,10849,507,896,650,1062,2614,845,530,1149,132,1218,371,544,12,20,299
E02001018,7603,201,465,358,956,2616,788,340,532,60,607,220,300,0,4,156
E02001019,8732,484,829,582,1068,2320,694,556,652,63,722,279,242,0,15,226
E02001020,5901,374,234,734,874,1833,639,138,225,42,304,156,189,0,40,119
E02001021,7638,306,401,536,1042,2664,735,334,483,47,501,198,178,0,7,206
E02001022,7693,483,550,674,864,1787,692,326,631,73,596,258,457,0,17,285
E02001023,5825,219,306,430,690,1623,616,180,425,52,657,160,284,0,10,173
E02001024,8032,360,453,597,992,2460,792,360,644,84,644,264,214,0,19,149
E02001025,7495,419,782,361,616,1436,507,318,903,80,1116,332,296,3,14,312
E02001026,8839,374,951,210,628,2353,577,370,726,50,1049,363,701,6,12,469
E02001027,6552,320,813,291,512,1407,403,472,625,60,845,243,255,2,9,295
E02001028,7388,459,250,1021,1116,2329,816,170,293,37,310,194,200,0,15,178
E02001029,6898,361,658,274,538,1952,499,312,340,46,705,264,592,26,11,320
E02001030,5758,254,291,396,768,1823,596,238,360,65,440,187,188,0,5,147
E02001031,6463,339,625,452,696,1599,551,256,439,39,591,257,384,0,5,230
E02001032,7445,379,465,508,866,1948,671,298,686,69,714,319,301,2,8,211
E02001033,5603,232,527,240,532,1387,406,252,635,39,704,202,246,0,12,189
E02001034,7736,509,1199,326,668,1255,424,446,934,100,1035,305,262,2,18,253
E02001035,7190,444,335,766,780,2146,864,184,438,38,396,282,275,0,30,212
E02001036,7252,267,570,344,776,1950,547,350,791,61,868,266,255,0,6,201
E02001037,7032,459,418,712,870,2232,820,194,293,22,330,214,229,0,18,221
E02001038,5567,427,573,334,526,1246,389,324,378,23,552,261,227,3,23,281
E02001039,8174,438,680,418,566,2029,544,274,906,82,1183,421,353,0,22,258
E02001040,5887,344,464,432,652,1750,631,220,346,38,344,214,165,0,22,265
E02001041,7613,470,689,348,636,1678,575,472,657,63,993,352,298,2,24,356
E02001042,6167,415,720,398,666,1657,528,310,308,28,391,171,252,0,18,305
E02001043,5249,257,479,266,554,1333,401,258,396,42,568,220,236,0,18,221
E02001044,8896,265,343,348,656,4536,734,138,339,41,361,236,662,8,18,211
E02001045,7897,548,806,383,544,1111,592,254,843,95,1395,480,436,5,28,377
E02001046,9309,429,909,355,528,1712,723,314,874,162,1599,471,663,11,20,539
E02001047,9856,572,1067,414,606,1873,675,366,1005,94,1537,478,675,17,35,442
E02001048,8455,448,855,378,606,2376,611,332,407,32,865,314,746,22,13,450
E02001049,9520,472,738,528,824,1889,908,424,881,99,1257,479,507,10,20,484
E02001050,7072,354,889,156,448,1395,338,298,438,40,1082,322,574,24,16,698
E02001051,7975,364,696,386,526,1508,682,300,729,91,1167,349,594,21,25,537
E02001052,12588,399,1015,238,492,4582,641,268,362,14,1048,416,1964,115,32,1002
E02001053,9950,485,1419,188,428,1547,405,234,873,98,2130,551,935,6,17,634
E02001055,8434,425,1003,314,574,1150,572,280,803,75,1585,452,615,35,39,512
E02001056,8119,430,821,300,380,1301,400,176,797,88,1807,471,718,30,28,372
E02001057,8028,342,1307,138,362,885,259,794,403,55,1124,365,532,220,17,1225
E02001059,9772,403,1264,190,504,1609,385,478,823,102,1795,384,866,103,16,850
E02001061,8907,505,943,284,430,1626,538,228,747,102,1690,459,759,26,20,550
E02001062,8178,299,1174,130,242,2035,228,230,325,47,1277,334,637,477,14,729
E02001063,7682,157,1233,48,304,1137,84,600,213,21,921,243,416,959,4,1342
E02001064,8994,364,955,198,404,2407,386,194,527,49,1564,396,874,93,11,572
E02001065,8658,398,945,264,582,1758,559,346,865,93,1363,327,574,20,32,532
E02001066,9775,214,981,88,310,2081,292,274,145,15,592,287,1155,2013,6,1322
E02001067,9495,397,879,216,386,2000,361,236,891,82,2039,397,944,39,23,605
E02001068,9667,376,916,120,232,2270,203,180,355,29,2246,531,1323,131,15,740
E02001069,10654,278,967,154,298,2221,216,284,269,37,1299,376,754,1705,16,1780
E02001070,8802,241,928,106,348,1870,279,336,118,0,456,241,1031,1559,23,1266
E02001071,13199,303,988,172,536,4302,563,318,608,45,1495,366,1900,301,25,1277
E02001072,8426,221,1325,122,408,1975,286,660,327,24,666,216,780,114,6,1296
E02001073,9555,336,1000,278,594,2326,558,880,568,47,343,257,648,62,18,1640
E02001074,11296,360,1005,252,446,2877,669,468,530,59,1447,539,1245,156,51,1192
E02001075,8199,206,984,118,380,2093,298,392,567,55,830,307,861,155,16,937
E02001076,9186,172,532,88,288,1110,216,282,109,11,326,174,422,3983,11,1462
E02001077,7745,264,675,212,486,2016,403,640,501,21,362,221,685,39,27,1193
E02001078,10462,436,619,444,658,3156,841,376,437,45,738,346,1169,287,37,873
E02001079,8961,339,577,214,330,1663,434,316,391,57,1208,481,644,1226,17,1064
E02001080,9509,286,703,186,304,911,328,454,149,21,377,208,462,3536,10,1574
E02001081,6213,304,589,180,574,1466,289,628,489,35,522,183,267,17,30,640
E02001082,6706,168,812,120,402,1046,234,738,238,18,357,155,210,615,11,1582
E02001083,7813,172,1481,74,506,1047,104,1184,427,9,571,175,313,164,9,1577
E02001084,8600,337,585,256,526,1696,407,498,436,49,596,287,369,983,16,1559
E02001085,8241,306,547,202,360,1610,542,260,694,115,1659,561,776,33,42,534
E02001086,6490,317,759,182,460,1232,268,510,463,45,778,295,396,44,24,717
E02001087,9410,513,1037,420,862,2504,451,1104,373,40,316,256,215,94,24,1201
E02001088,8822,391,787,310,640,1764,540,446,979,86,1381,498,533,12,30,425
E02001089,7852,357,498,442,648,2471,636,462,315,44,475,273,517,38,17,659
E02001090,6650,464,681,366,604,1378,698,506,437,48,382,254,258,15,22,537
E02001091,8137,516,981,478,790,1680,491,508,726,79,743,392,347,8,32,366
E02001092,8485,422,935,334,540,1725,582,400,928,71,1267,340,517,21,25,378
E02001093,9008,299,917,178,586,1683,430,470,1028,121,1479,430,735,16,18,618
E02001094,9001,441,846,198,468,1443,481,246,1093,94,1883,463,687,55,17,586
E02001095,8225,423,842,257,488,1490,521,276,880,103,1346,487,572,14,15,511
E02001096,7394,378,762,340,616,1313,594,370,588,88,1078,362,428,35,11,431
E02001097,7988,377,801,266,512,1309,642,332,803,104,1232,499,541,52,14,504
E02006902,5725,93,1498,46,326,318,73,986,170,12,329,103,156,282,8,1325
E02006912,6581,218,1434,72,452,181,26,1380,56,6,61,26,31,991,6,1641
E02006913,6669,177,948,86,266,1669,196,652,176,20,548,218,563,197,11,942
E02006914,3978,61,1026,12,190,151,10,524,88,6,169,34,83,956,0,668
E02006915,7906,149,794,64,320,2341,201,358,345,36,1347,326,794,46,14,771
E02006916,5749,144,1366,34,352,448,42,1054,151,3,491,125,202,194,2,1141
E02006917,5062,41,1320,10,404,212,31,1162,54,9,37,23,31,613,2,1113
E02001098,6063,470,399,672,752,1220,645,242,473,82,496,246,185,0,14,167
E02001099,6041,367,518,336,690,1309,512,314,595,41,660,196,270,0,2,231
E02001100,5992,324,397,530,788,1483,570,220,439,42,458,223,338,0,12,168
E02001101,5968,290,293,516,830,1597,712,174,416,43,441,193,247,0,12,204
E02001102,6095,232,342,348,674,1714,641,270,561,96,485,199,279,0,15,239
E02001103,5541,350,286,468,810,1748,528,218,322,34,212,178,211,0,12,164
E02001104,6864,217,475,293,658,2012,564,230,888,62,817,215,267,0,0,166
E02001105,5957,445,413,478,670,1413,615,200,465,81,455,244,256,0,21,201
E02001106,5934,435,470,455,572,1296,488,256,580,86,522,252,309,0,14,199
E02001107,6150,316,321,412,590,1981,507,188,365,52,513,251,385,2,14,253
E02001108,4994,220,472,182,326,875,339,214,705,39,1011,240,234,0,0,137
E02001109,7252,459,809,300,662,1530,559,262,733,123,974,280,324,0,4,233
E02001110,6177,311,400,542,1002,1655,570,418,369,59,291,191,180,2,13,174
E02001111,6638,466,873,198,346,1404,228,172,518,21,1099,349,639,10,15,300
E02001112,5938,268,267,422,798,1749,882,196,424,65,255,174,245,0,3,190
E02001113,9499,173,509,102,352,4065,351,106,284,36,691,244,2188,4,7,387
E02001114,8016,548,584,472,688,2334,609,312,580,90,743,288,500,8,15,245
E02001115,5881,334,439,358,604,1340,518,314,559,64,620,208,329,0,13,181
E02001116,6405,242,426,154,502,2043,339,182,505,58,650,203,792,0,6,303
E02001117,5906,398,294,542,798,1739,546,250,422,68,329,145,171,0,10,194
E02001118,6234,351,338,524,730,1863,599,304,542,54,351,196,232,0,11,139
E02001119,10597,205,424,120,318,4390,504,76,224,21,860,254,2672,8,3,518
E02001121,6490,273,432,110,274,2334,393,116,284,53,595,238,1019,25,5,339
E02001123,6423,335,582,308,492,1286,358,244,736,64,1085,264,383,0,9,277
E02001124,5725,439,475,260,404,1126,396,240,561,61,872,226,414,0,17,234
E02001125,7990,416,530,490,790,1859,830,358,795,93,763,313,400,4,20,329
E02001126,7419,343,658,314,484,1382,443,252,870,143,1387,344,465,10,14,310
E02001127,7080,328,409,290,502,1450,492,208,870,97,1399,336,447,2,6,244
E02001128,7458,451,566,436,690,1547,696,346,763,93,963,303,323,6,11,264
E02001129,5704,370,551,272,484,1026,359,348,566,66,886,250,228,4,13,281
E02001130,5739,398,407,462,652,1453,597,220,387,55,488,225,205,0,5,185
E02001131,5304,385,283,576,484,1206,631,152,440,64,548,250,154,2,15,114
E02006860,13696,307,682,280,502,5239,716,160,388,55,1138,323,3048,12,6,840
E02001132,6406,357,552,396,682,1538,464,408,601,73,623,262,236,0,22,192
E02001133,6175,256,353,408,884,1828,538,254,599,62,455,197,209,0,3,129
E02001134,6113,287,378,440,934,1749,548,276,413,66,389,171,271,0,2,189
E02001135,7539,441,695,278,448,2153,343,226,665,66,1071,262,639,2,20,230
E02001136,8753,470,594,598,1044,2319,750,368,690,86,787,258,537,3,8,241
E02001137,6198,203,361,454,778,1966,619,270,533,57,376,159,208,0,9,205
E02001138,8883,478,478,772,1086,2916,828,284,527,61,466,269,442,0,19,257
E02001139,9244,260,510,206,424,3261,542,170,378,31,787,301,1887,2,12,473
E02001140,7451,371,543,320,576,1870,534,216,758,54,910,280,645,0,11,363
E02001141,12246,615,1684,318,580,3386,555,376,611,59,1430,463,1512,17,20,620
E02001142,5844,327,297,732,690,1698,597,172,266,25,263,137,412,0,7,221
E02001143,10580,344,805,416,682,3202,620,330,939,77,1438,398,925,2,5,397
E02001144,6103,337,544,362,654,1473,480,300,597,76,673,163,196,0,10,238
E02001145,7077,340,492,476,918,1884,609,372,625,70,547,261,266,0,10,207
E02001146,9041,273,539,204,370,3363,592,106,315,39,884,328,1514,37,2,475
E02001147,9029,488,871,400,686,2050,617,326,1052,57,1306,397,520,0,9,250
E02001148,9806,594,789,574,1038,2371,832,452,813,100,960,352,551,0,24,356
E02001149,9674,749,1239,458,768,1539,666,464,1072,111,1320,430,462,0,35,361
E02001150,8418,399,679,402,874,1620,768,360,947,96,1161,402,445,0,10,255
E02001151,9258,444,632,550,1038,2346,945,378,787,61,937,323,517,0,11,289
E02001152,9029,499,898,436,834,1899,709,444,877,135,1074,364,462,0,20,378
E02001153,9947,608,1039,388,762,1583,545,414,1108,133,1663,552,682,0,30,440
E02001154,10163,449,910,464,930,2215,885,486,1206,128,1164,405,524,3,24,370
E02001155,6859,502,988,324,646,1190,537,474,651,71,711,251,239,0,19,256
E02001156,9716,682,540,966,986,2628,1118,286,583,84,675,346,529,0,27,266
E02001157,7225,446,663,338,458,1139,456,294,1006,54,1400,324,378,9,10,250
E02001158,5895,384,610,300,506,943,448,248,646,47,1036,250,284,6,14,173
E02001159,5706,308,592,284,476,1150,367,332,600,37,792,280,284,2,15,187
E02001160,6199,280,434,344,500,1249,426,238,790,68,1032,275,350,7,12,194
E02001161,5848,400,488,402,592,1167,592,368,468,40,656,217,205,4,21,228
E02001162,5782,370,600,532,530,1009,490,314,472,39,751,226,253,3,19,174
E02001163,9273,588,751,764,1038,2143,891,498,680,90,771,358,376,5,30,290
E02001164,6257,239,579,194,464,1318,531,330,708,59,1020,287,252,16,4,256
E02001165,6147,332,494,383,548,1403,479,262,588,68,786,311,266,0,9,218
E02001166,6799,403,460,238,468,3531,266,108,116,13,342,101,507,9,22,215
E02001167,6158,331,653,244,504,1485,440,268,371,56,759,287,373,26,29,332
E02001168,9291,590,768,464,796,2042,780,498,943,84,1137,419,388,14,30,338
E02001169,10513,400,568,740,1386,3712,1061,398,606,82,644,280,318,2,10,306
E02001170,9644,599,542,993,1096,3100,998,468,587,42,470,297,219,8,34,191
E02001171,5567,338,300,470,630,1492,655,214,370,61,463,194,205,2,9,164
E02001172,11658,567,1663,276,560,3246,471,404,673,61,1486,422,697,219,32,881
E02001173,6793,372,859,230,388,992,350,298,645,74,1286,329,347,175,10,438
E02001174,5472,277,461,322,466,1206,546,306,433,29,398,230,228,130,10,430
E02001175,6936,328,589,384,536,1431,618,320,759,88,963,265,358,4,23,270
E02001176,10759,815,1419,540,926,2517,849,674,624,57,693,390,585,12,24,634
E02001177,11521,786,1222,562,896,2137,824,578,744,123,1460,482,635,105,38,929
E02001178,9892,298,2381,124,606,663,181,1432,310,33,752,266,271,610,15,1950
E02001179,5795,402,770,275,482,686,376,442,395,55,829,232,242,60,18,531
E02001180,5218,402,1307,156,254,477,193,282,293,44,842,272,213,119,17,347
E02001181,5647,329,702,229,400,939,326,226,663,30,944,259,296,2,7,295
E02001182,5909,311,905,228,464,1117,341,290,533,59,832,254,286,14,13,262
E02001183,6001,275,679,254,478,1053,396,428,617,97,935,238,254,12,8,277
E02001184,10404,345,2298,162,820,924,270,1410,518,40,1166,335,334,195,29,1558
E02001185,10074,570,615,760,934,2341,889,424,1040,88,1335,382,410,4,22,260
E02001186,9963,484,810,570,906,2478,789,482,860,131,1238,369,479,0,37,330
E02001187,7188,357,564,416,682,1595,754,298,635,69,863,327,378,0,11,239
E02001188,7915,341,851,296,594,1506,486,466,875,90,1329,333,423,4,19,302
E02001189,8382,487,593,494,850,2230,830,436,602,59,763,373,350,0,22,293
E02001190,6607,302,1004,194,326,1097,380,194,743,71,1359,322,420,2,9,184
E02001191,5812,431,456,540,704,1549,619,212,340,32,376,189,201,0,16,147
E02001192,6304,364,695,366,530,1859,536,474,291,15,282,209,309,0,11,363
E02001193,6067,371,798,282,514,1094,382,490,518,88,787,247,207,0,14,275
E02001194,5754,358,514,470,570,2016,489,248,238,17,229,143,246,0,10,206
E02001195,7361,381,549,486,892,1759,690,404,662,42,703,286,262,0,13,232
E02001196,7535,571,492,762,904,1937,705,264,531,32,604,214,296,0,13,210
E02001197,6219,348,429,374,604,2025,549,248,341,35,504,312,231,0,10,209
E02001198,7458,556,548,654,710,1593,640,286,587,71,1036,294,260,2,26,195
E02001199,7777,426,760,464,806,2478,666,506,338,30,435,256,329,0,18,265
E02001200,6263,457,1389,176,492,728,274,430,496,28,820,301,316,0,21,335
E02001201,5749,241,411,324,574,1540,546,318,531,42,633,234,196,0,9,150
E02001202,6064,323,871,172,566,1040,273,534,533,49,878,239,259,0,15,312
E02001203,5777,301,237,720,856,1926,658,182,222,13,224,158,167,0,18,95
E02001204,8875,400,749,398,940,2370,708,496,804,69,881,385,336,4,11,324
E02001205,7753,458,932,372,654,1618,644,450,749,80,876,306,291,0,9,314
E02001206,6792,545,354,674,782,1925,641,192,382,57,502,247,229,0,25,237
E02001207,6989,396,415,566,898,2064,866,236,392,88,418,202,284,0,12,152
E02001208,7222,462,679,350,636,1908,606,500,462,56,738,245,258,3,18,301
E02001209,7593,361,772,292,708,1991,514,490,606,42,838,296,273,0,13,397
E02001210,6832,412,473,502,542,1474,598,226,676,93,896,344,367,3,22,204
E02001211,5941,389,302,508,616,2155,503,170,303,14,256,184,329,0,5,207
E02001212,6440,268,474,180,436,1405,364,232,688,55,1335,286,490,0,14,213
E02001213,8969,621,732,594,908,2632,819,426,590,60,673,296,326,2,36,254
E02001214,7423,587,418,728,692,2370,709,148,293,44,386,228,542,0,19,259
E02001215,5731,394,325,614,720,1539,651,236,302,35,378,256,159,0,9,113
E02001216,7276,421,363,738,836,2385,859,196,299,34,321,238,351,0,13,222
E02001217,6567,474,680,446,602,1379,507,388,563,41,642,263,275,0,42,265
E02001218,5833,310,257,628,690,2060,478,148,272,40,373,237,180,0,12,148
E02001219,5452,326,205,630,642,1752,685,152,266,29,282,182,177,0,17,107
E02001220,5525,314,318,444,564,1843,627,146,233,42,375,173,203,0,15,228
E02001221,5936,334,177,664,736,2004,710,120,297,33,302,185,222,0,8,144
E02001222,6146,377,207,662,606,1787,751,100,234,33,258,265,539,3,26,298
E02001223,6795,374,330,758,790,2313,783,142,305,19,398,229,173,0,6,175
E02001224,5775,476,246,918,876,1610,564,162,279,45,204,140,140,0,19,96
E02001225,7075,415,393,642,782,2396,784,196,334,32,402,240,204,0,32,223
E02001226,6744,381,354,558,664,1949,750,234,386,40,421,269,449,3,13,273
E02001227,5680,410,190,778,736,1941,593,106,184,20,234,181,180,0,10,117
E02001228,5319,358,151,658,674,1983,575,114,128,15,252,115,155,2,17,122
E02001229,9647,460,1035,480,1270,2264,778,716,834,96,773,297,374,0,19,251
E02001230,6147,285,267,510,728,1742,783,142,373,44,405,142,423,0,12,291
E02001231,7150,242,440,316,790,2165,670,224,748,88,738,265,256,0,11,197
E02001232,8120,396,718,412,758,1896,662,316,786,85,1023,270,495,4,15,284
E02001233,7455,515,578,455,720,1604,749,292,667,93,816,300,422,2,17,225
E02001234,7511,445,639,318,650,1577,533,320,807,85,1095,346,363,5,18,310
E02001235,6440,285,599,368,654,1599,486,396,559,28,542,258,400,0,12,254
E02001236,5635,331,560,248,458,979,398,234,742,80,866,245,259,2,12,221
E02001237,6740,325,658,196,636,1606,511,384,726,74,850,275,292,0,22,185
E02001238,7740,543,629,490,734,1774,886,296,609,97,713,287,421,0,20,241
E02001239,9033,518,682,488,792,2029,810,354,993,102,1084,470,430,0,25,256
E02001240,6184,304,403,410,662,1429,653,258,589,68,642,259,255,0,4,248
E02001241,9441,398,1534,224,568,2320,459,366,669,54,1077,351,885,0,14,522
E02001242,5657,336,288,432,658,1449,739,214,445,45,348,214,253,0,14,222
E02001243,7854,404,686,656,1058,1845,873,408,600,46,505,247,234,0,18,274
E02001244,5495,260,280,464,708,1429,688,216,485,53,338,192,219,0,10,153
E02001245,7779,412,886,309,812,1692,482,494,852,82,822,272,377,0,8,279
E02001246,7189,442,607,470,670,1507,645,242,794,97,841,273,392,0,16,193
E02001247,6868,378,676,346,654,1373,625,284,746,66,825,276,326,0,19,274
E02001248,10252,527,1137,332,894,2058,714,620,1218,104,1320,366,604,2,14,342
E02001249,6269,333,597,402,612,1262,534,316,657,61,699,258,315,0,9,214
E02001250,6470,273,386,462,814,1799,702,318,585,75,461,185,214,0,4,192
E02001251,5995,399,548,428,812,1455,525,298,401,57,468,212,197,2,22,171
E02001252,7488,631,427,794,738,2018,776,266,495,95,503,225,222,0,26,272
E02001253,5161,290,435,380,430,1130,557,232,476,45,565,220,225,4,12,160
E02001254,5796,325,407,387,610,1272,531,220,573,76,630,325,271,3,14,152
E02001255,6071,396,566,310,416,977,413,152,732,66,1093,329,377,0,22,222
E02001256,9939,473,892,346,736,2681,660,484,732,109,1124,335,1040,0,8,319
E02001257,9053,751,867,808,844,1550,681,386,807,88,1111,454,463,0,23,220
E02001258,7157,461,472,675,890,1693,784,294,587,43,505,242,281,0,5,225
E02001259,10145,341,1273,190,452,2697,445,386,406,21,1335,441,1176,57,14,911
E02001260,7598,360,324,606,808,2402,845,226,525,50,632,271,317,0,13,219
E02001261,8267,299,737,246,558,1951,589,456,702,65,1157,448,484,8,6,561
E02001262,8433,383,450,311,398,2528,689,224,330,60,806,396,1133,14,44,667
E02001263,8000,495,361,744,932,2531,928,234,480,44,468,245,337,0,15,186
E02001264,8149,351,444,414,696,2299,853,340,662,78,876,396,434,0,14,292
E02001265,8108,449,486,554,840,2293,808,274,622,94,702,360,344,0,29,253
E02001266,6629,411,758,340,586,1499,462,270,449,65,786,309,353,3,17,321
E02001267,7252,512,792,412,684,1933,494,418,473,64,580,255,280,0,23,332
E02001268,7060,456,342,668,832,2160,754,206,364,71,449,247,261,0,15,235
E02001269,8240,545,769,358,614,1947,691,410,493,42,905,312,502,0,34,618
E02001270,7849,437,623,452,800,2619,541,564,481,21,388,248,299,2,8,366
E02001271,6547,409,517,386,634,1647,577,290,524,61,677,316,306,0,19,184
E02001272,7821,457,540,700,914,2487,703,398,401,65,346,233,240,0,17,320
E02001273,8798,601,1083,486,932,2513,499,714,448,9,429,220,260,0,31,573
E02001274,7782,477,339,912,882,2748,899,212,227,50,245,217,258,0,32,284
E02001275,8360,409,683,376,726,1546,604,298,889,70,1663,424,378,0,7,287
E02001276,7931,517,424,508,678,2092,704,298,643,68,897,341,418,0,17,326
E02001277,8822,311,880,300,628,2159,507,538,860,93,1407,367,410,0,10,352
E02001278,8101,370,445,514,898,2979,881,378,457,43,376,182,293,2,22,261
E02001279,8397,331,314,664,994,3370,975,240,397,67,309,210,284,0,11,231
E02001280,8237,536,644,538,716,2198,615,264,617,70,952,397,370,0,17,303
E02001281,7737,432,285,794,854,2931,732,230,456,37,366,214,178,0,18,210
E02001282,8968,400,715,432,926,2706,632,746,647,47,612,211,351,3,10,530
E02001283,8456,537,704,810,926,2662,575,418,415,63,471,204,292,0,31,348
E02001284,8082,337,404,514,784,3721,573,332,391,37,348,189,223,0,8,221
E02001285,7679,421,521,710,906,2738,514,352,318,16,388,182,275,0,32,306
E02001286,7829,497,241,901,788,2885,774,136,168,21,358,179,561,4,46,270
E02001287,5671,276,259,456,724,1924,589,230,343,44,382,176,132,3,6,127
E02001288,7477,429,415,687,944,2249,800,236,468,38,543,253,207,0,10,198
E02001289,10082,506,545,960,1420,2975,1247,388,499,59,568,355,290,0,14,256
E02001290,6040,320,395,573,740,1828,641,250,309,36,391,230,166,0,5,156
E02001291,7666,390,447,604,766,1841,728,228,741,69,880,376,342,2,20,232
E02001292,7795,483,683,720,844,2182,888,374,405,60,384,253,175,14,25,305
E02001293,6137,279,364,530,782,1586,796,280,468,54,429,210,161,0,6,192
E02001294,7767,419,778,453,764,1816,699,422,642,87,629,305,352,9,23,369
E02001295,7279,589,1097,372,524,1171,533,342,780,71,780,366,333,6,28,287
E02001296,8878,413,820,254,514,1418,517,326,1422,126,1633,488,610,0,11,326
E02001297,6637,406,567,386,712,1392,743,288,756,71,603,296,239,0,18,160
E02001298,8054,376,668,284,624,1583,613,320,1089,116,1212,419,472,4,12,262
E02001299,8722,394,644,576,892,2383,842,468,775,74,785,287,378,0,25,199
E02001300,7794,455,553,568,796,1541,771,436,806,124,750,283,379,0,30,302
E02001301,7972,486,1039,344,750,1436,610,454,781,48,908,389,336,7,28,356
E02001302,7804,426,518,522,768,1862,797,192,844,76,781,347,384,0,11,276
E02001303,8475,405,870,372,768,1630,640,404,1029,93,1210,366,401,0,15,272
E02001304,12240,777,707,1312,1442,3654,1281,472,703,95,808,404,268,0,33,284
E02001305,8160,375,390,670,1166,2114,978,336,728,82,533,226,300,0,19,243
E02001306,7302,305,364,578,1022,1903,1006,246,546,75,436,301,334,2,5,179
E02001307,11264,300,457,784,1618,3899,1573,424,711,60,602,307,355,0,14,160
E02001308,5913,327,513,541,662,1258,649,298,485,62,538,245,177,0,14,144
E02001309,7647,459,745,522,848,1724,668,518,695,72,664,286,209,0,6,231
E02001310,8915,362,718,388,924,1954,775,468,1025,102,1136,315,470,0,12,266
E02001311,8307,404,772,494,900,1885,763,410,827,77,947,345,236,0,18,229
E02001312,7571,295,558,370,846,1701,737,448,947,75,788,288,289,2,22,205
E02001313,7816,368,723,394,762,1568,769,332,943,81,972,350,331,0,12,211
E02001314,8026,210,469,410,942,2676,902,344,643,50,652,227,331,0,9,161
E02001315,7689,395,499,616,964,1843,862,380,646,58,581,335,236,2,23,249
E02001316,6525,311,886,289,570,1192,439,424,827,95,717,250,241,2,13,269
E02001317,8229,354,806,530,892,2099,846,362,836,91,703,251,242,2,18,197
E02001318,7869,494,466,712,898,1964,860,246,596,54,670,372,264,0,23,250
E02001319,7323,404,611,376,662,1481,693,318,896,76,912,302,369,0,12,211
E02001320,7663,402,724,596,780,1546,740,350,843,82,821,310,243,2,25,199
E02001321,8350,369,447,598,932,2670,921,292,650,61,693,249,262,0,13,193
E02001322,7344,392,432,682,912,1768,947,284,566,59,583,273,253,0,17,176
E02001323,7535,424,592,694,888,1858,634,336,678,32,707,229,249,0,6,208
E02001324,8436,416,643,551,928,1955,737,416,905,71,902,369,349,2,15,177
E02001325,7718,345,451,663,1096,2386,680,324,487,50,501,259,271,0,11,194
E02001326,7702,387,491,689,1018,2132,817,286,585,54,638,192,226,0,16,171
E02005176,8776,436,544,676,1068,2172,932,302,691,105,777,343,403,0,13,314
E02005177,5674,361,492,358,530,1363,474,232,350,69,545,246,384,0,8,262
E02005178,8894,211,758,168,392,3438,384,176,339,34,810,254,1457,3,19,451
E02005179,8802,580,950,552,920,1632,625,436,906,95,1139,288,328,0,31,320
E02005180,6909,354,385,560,932,1841,848,230,482,100,545,199,237,0,20,176
E02005181,6146,362,676,332,586,1275,379,338,635,90,766,213,205,0,29,260
E02005182,5767,483,765,302,444,1144,353,252,460,49,641,248,354,4,10,258
E02005183,6079,469,547,562,700,1268,589,208,494,61,565,252,206,6,9,143
E02005184,5009,307,288,550,834,1216,582,232,283,42,250,142,148,0,12,123
E02005185,8319,452,1093,386,646,1238,504,382,957,110,1359,362,397,4,12,417
E02005186,5986,195,427,410,850,1509,626,324,530,59,420,167,263,0,4,202
E02006881,9756,539,832,664,946,2070,956,374,1010,136,978,440,457,0,16,338
E02005189,5138,253,625,230,604,1010,376,270,492,38,649,179,187,0,6,219
E02005190,6173,268,333,514,980,1884,544,270,356,36,376,208,212,0,22,170
E02005191,8237,349,523,642,1248,2519,811,348,538,49,484,223,281,0,23,199
E02005192,7312,263,518,458,992,2522,587,498,476,42,386,160,172,6,14,218
E02005193,8422,425,394,720,1294,2763,879,290,454,42,479,267,208,0,22,185
E02005194,8034,418,635,614,950,1892,732,330,693,53,842,318,247,4,20,286
E02005195,5793,317,329,442,864,1870,580,238,291,21,366,143,145,0,19,168
E02005196,7303,459,515,703,1078,1786,702,398,520,71,476,188,201,0,24,182
E02005197,6792,413,624,340,650,1571,493,322,753,70,727,248,284,0,36,261
E02005198,8170,533,789,570,850,1875,643,488,679,86,637,333,286,2,42,357
E02005199,7137,396,344,764,1080,2097,819,262,376,37,396,222,176,0,10,158
E02005200,8542,301,694,292,754,2536,499,496,941,81,1029,247,395,0,19,258
E02005201,7846,387,463,544,956,2104,834,348,652,82,572,294,323,0,14,273
E02005202,9378,538,618,880,1278,2502,870,406,705,51,599,293,356,8,15,259
E02005203,7077,336,383,770,1080,2221,616,212,262,40,423,205,290,0,21,218
E02005204,10217,579,765,872,1390,2549,909,426,581,78,862,378,458,5,28,337
E02005205,6279,289,299,520,874,1785,688,226,406,39,540,207,229,0,13,164
E02005206,6756,538,687,648,842,1387,506,264,418,44,744,276,183,2,21,196
E02005207,8044,708,532,1168,1108,1899,573,310,371,44,560,232,235,0,30,274
E02005208,9581,978,1540,953,962,1832,630,474,446,21,674,303,335,2,48,383
E02005209,7763,569,551,823,1110,1834,679,352,376,66,661,245,226,0,26,245
E02005210,9925,1143,801,1342,1384,2539,773,290,295,33,542,222,225,0,64,272
E02005211,8393,753,877,1042,1126,1989,502,372,371,42,665,223,190,0,31,210
E02005212,10752,649,974,892,1122,2734,875,410,813,122,1041,367,423,2,30,298
E02005213,11559,462,913,670,1400,3113,913,562,1106,92,1147,346,413,0,43,379
E02005214,6623,359,560,516,722,1678,596,272,546,41,658,229,199,4,3,240
E02005215,11659,742,1180,772,1170,2153,798,554,1244,116,1488,410,581,0,25,426
E02005216,5386,316,436,286,484,1219,408,242,608,49,684,229,259,0,8,158
E02005217,12034,445,828,376,568,3842,599,232,731,45,1586,377,1844,0,19,542
E02005218,7379,477,707,518,772,1551,537,390,751,97,802,255,308,0,20,194
E02005219,8413,431,792,658,1006,2075,788,328,626,63,671,311,363,13,31,257
E02005220,6283,362,428,632,886,1423,690,270,424,76,389,207,297,6,18,175
E02005221,9806,637,615,996,1560,2574,730,422,586,96,676,303,247,12,31,321
E02005222,5880,347,331,780,984,1637,596,208,196,22,246,150,198,0,15,170
E02005223,7091,523,330,1030,1186,1968,692,228,260,58,279,174,170,13,39,141
E02005224,4961,664,412,906,616,964,336,166,241,39,251,119,89,6,37,115
E02005225,5198,390,300,604,760,1469,464,228,228,41,277,84,164,3,15,171
E02005226,7581,541,973,380,590,1350,385,340,734,37,1025,249,510,33,25,409
E02005228,5681,305,417,378,582,1287,548,222,578,49,614,181,287,0,35,198
E02005229,5485,294,898,185,406,962,253,290,468,38,718,162,402,60,16,333
E02005230,6538,504,526,686,762,1129,387,274,585,57,888,251,218,13,30,228
E02005231,8000,466,778,355,838,1683,585,416,710,90,1041,268,261,83,19,407
E02005233,5692,274,444,290,586,1488,330,300,488,53,502,203,199,172,8,355
E02005234,6871,376,1150,178,468,830,139,662,366,33,374,125,244,1175,17,734
E02005235,4984,189,488,128,366,759,182,432,246,19,318,85,138,1110,17,507
E02005236,12691,764,810,1216,1606,3295,957,526,956,85,1162,372,512,8,41,381
E02005237,9288,464,724,544,1004,2443,555,518,719,48,612,252,378,524,22,481
E02005238,5714,377,366,466,602,1458,435,226,350,31,505,158,152,262,13,313
E02005239,6108,292,348,554,938,1703,565,314,317,42,308,115,254,22,29,307
E02006871,11864,818,703,1102,1414,3136,996,470,865,123,1084,348,438,12,37,318
E02005240,5401,344,381,378,618,1333,437,282,527,64,446,192,238,0,6,155
E02005241,5514,320,549,432,712,1260,471,284,484,39,329,153,257,0,4,220
E02005242,6180,323,419,504,930,1386,497,326,587,71,464,185,272,0,14,202
E02005243,5022,416,591,320,528,877,403,310,489,67,536,158,131,0,18,178
E02005244,5750,273,439,340,556,1088,393,234,784,80,802,186,333,0,6,236
E02005245,6924,352,438,568,1096,1814,690,402,539,76,343,187,235,0,26,158
E02005246,5153,266,702,236,506,1029,324,266,509,30,651,174,207,0,12,241
E02005247,9861,614,712,1012,1588,2562,847,542,637,57,471,229,337,0,8,245
E02005248,6466,316,578,238,352,2104,312,140,345,54,655,205,832,0,21,314
E02005249,9405,509,1122,406,608,2322,504,362,747,88,1059,278,936,6,16,442
E02005250,7702,314,496,280,380,2712,507,144,257,34,510,251,1378,0,14,425
E02005251,6807,318,341,498,780,1812,665,188,552,57,624,193,508,0,12,259
E02005252,8661,397,558,624,830,2617,693,214,358,51,560,264,1108,0,12,375
E02005253,5798,257,263,524,820,1957,657,188,351,35,201,127,246,0,19,153
E02005254,6353,301,224,688,896,2113,837,158,236,24,248,146,257,13,22,190
E02005255,8840,574,486,954,1020,2913,852,262,406,56,417,288,296,25,11,280
E02005256,6888,284,611,348,844,2376,653,344,354,33,337,139,334,25,16,190
E02005257,5827,358,746,320,564,980,439,238,592,39,811,259,246,17,8,210
E02005258,7961,557,486,728,872,2440,686,206,341,37,401,216,545,64,20,362
E02005259,10109,550,705,576,816,2560,801,308,838,100,1317,364,743,15,15,401
E02005260,6708,445,364,644,768,1848,747,222,366,90,440,254,271,17,16,216
E02005261,9939,437,907,352,650,1991,710,344,1233,134,1654,380,806,7,17,317
E02005262,6163,192,675,274,704,1903,493,368,385,39,433,163,246,33,4,251
E02005263,6962,222,756,146,334,1742,404,312,456,13,530,202,597,705,7,536
E02005264,10768,449,1462,276,772,1624,467,786,896,45,1129,353,488,819,41,1161
E02005265,10770,606,1017,592,908,2517,862,478,992,74,1125,466,495,147,39,452
E02005266,7614,353,966,158,444,1806,394,260,646,40,1080,258,690,41,23,455
E02005267,5091,204,728,120,280,1283,248,186,221,25,425,163,522,321,2,363
E02005268,9230,369,736,314,530,2751,639,274,606,57,1095,360,902,22,11,564
E02005269,9371,432,2113,172,526,1478,431,638,375,28,682,255,549,778,16,898
E02005270,7006,399,368,740,1122,2200,776,254,324,28,243,119,215,0,15,203
E02005271,7446,463,533,680,824,2181,556,348,633,12,560,254,175,2,14,211
E02005272,7130,551,687,564,760,1719,597,310,526,66,600,253,244,0,3,250
E02005273,5674,311,315,500,774,1691,666,244,264,15,336,154,176,0,12,216
E02005274,6573,378,413,610,960,2003,655,234,359,33,445,186,154,2,13,128
E02005275,5336,322,370,452,598,1413,472,256,339,40,533,166,188,0,10,177
E02005276,8041,452,465,668,976,2792,688,270,575,39,504,194,247,9,8,154
E02005277,8745,520,401,1096,1234,2869,848,266,297,37,477,202,270,0,22,206
E02005278,7632,296,498,388,1108,2344,684,464,583,68,474,184,293,0,15,233
E02005279,10140,484,937,586,904,2664,651,426,885,69,960,337,831,12,21,373
E02005280,10026,423,861,516,1122,2351,803,504,1097,120,1055,300,512,2,23,337
E02005281,8178,439,689,522,856,1913,529,398,731,80,721,336,612,2,21,329
E02005284,5679,279,367,430,796,1736,584,224,355,31,376,180,159,0,4,158
E02005285,6164,339,472,420,932,1661,514,332,411,41,428,208,220,0,9,177
E02005286,7466,406,615,544,890,1602,661,368,829,97,743,194,290,0,19,208
E02006884,11977,709,1174,762,1318,2465,942,572,1322,171,1247,426,478,0,22,369
E02005287,5298,294,204,482,678,1887,566,152,257,30,296,174,121,0,16,141
E02005288,5979,364,328,626,796,1555,720,292,307,33,339,198,202,2,15,202
E02005289,6172,380,309,608,886,1881,732,188,258,47,299,204,200,0,8,172
E02005290,7168,297,459,484,930,2323,677,418,508,34,407,184,203,0,4,240
E02005291,5694,298,364,400,652,1508,539,264,450,42,467,243,227,0,17,223
E02005292,5742,345,631,358,616,1265,421,224,533,34,675,239,189,0,22,190
E02005293,5524,440,390,538,612,1059,540,232,427,55,510,245,214,5,23,234
E02005294,6290,237,382,476,658,1551,519,300,659,65,653,221,290,0,6,273
E02005295,7371,325,498,532,964,2076,775,374,612,65,510,191,252,0,14,183
E02005296,5725,346,215,757,780,1666,672,180,292,26,271,170,190,0,19,141
E02005297,8154,523,379,850,1162,2456,928,280,401,40,398,268,203,0,17,249
E02005298,7136,344,373,555,896,2020,846,296,514,61,458,242,247,0,10,274
E02005299,7185,310,555,345,728,1860,616,510,657,59,721,240,285,2,20,277
E02005300,5184,161,315,284,708,1551,520,204,362,67,470,153,207,8,20,154
E02005301,6354,397,450,496,674,1399,606,276,565,47,624,245,311,2,8,254
E02005302,6968,333,364,632,952,1960,748,404,412,29,550,174,209,0,12,189
E02005303,6281,328,515,362,626,1276,492,252,645,52,929,249,324,0,13,218
E02005304,8559,409,377,856,1170,2716,971,294,457,56,436,300,253,0,25,239
E02005305,7245,445,442,720,1130,1875,779,260,324,44,417,206,278,8,14,303
E02005306,6960,412,347,752,1022,1895,847,276,340,51,265,260,207,5,36,245
E02005307,9073,422,512,762,1030,2789,960,348,546,37,687,346,305,8,25,296
E02005308,6561,371,313,686,976,2068,695,216,245,18,312,187,254,0,35,185
E02005309,8283,508,390,906,958,2204,928,224,407,65,504,339,277,189,39,345
E02005310,7261,548,461,510,608,1409,600,286,306,37,384,189,183,1327,22,391
E02005311,5294,320,246,656,782,1412,705,168,149,34,188,180,242,23,22,167
E02005312,5927,301,340,350,718,1790,735,140,402,35,383,186,315,6,5,221
E02005313,8679,292,675,351,608,1834,768,278,970,71,1574,404,511,0,19,324
E02005314,6393,369,578,410,606,1491,579,254,582,58,699,297,216,8,34,212
E02005315,7868,503,279,1041,1030,2480,954,150,308,56,364,240,213,4,36,210
E02005316,6210,246,429,242,518,1428,457,198,641,62,1150,232,330,0,18,259
E02005317,7078,290,593,237,496,1116,443,200,706,72,1643,360,507,2,22,391
E02005318,7298,407,401,656,962,2187,779,264,393,77,462,271,233,0,21,185
E02005319,8284,633,896,583,812,1378,605,376,757,129,907,320,441,17,36,394
E02005320,5787,330,281,508,676,1466,686,160,518,71,469,196,253,0,25,148
E02005321,5998,443,318,750,726,1024,518,174,463,50,733,264,273,0,24,238
E02005322,9723,775,514,1536,1462,2138,882,358,511,84,441,250,387,0,77,308
E02005323,6813,409,404,532,830,1408,669,164,730,89,822,283,259,3,30,181
E02005324,5670,285,294,520,856,1778,566,216,259,25,252,144,252,10,21,192
E02005325,8916,727,432,1300,1316,2351,751,348,382,58,335,280,274,3,28,331
E02005326,8389,772,603,1194,906,1594,600,278,551,66,639,332,383,2,81,388
E02005327,5822,291,227,666,850,1812,637,156,252,59,227,162,250,0,13,220
E02005328,7454,584,400,1076,1074,1838,651,264,398,54,400,191,206,0,30,288
E02005329,8713,648,590,796,950,2024,611,402,766,82,825,329,351,10,13,316
E02005330,8860,582,406,1131,1220,2491,859,298,531,71,434,264,269,0,61,243
E02005331,7465,655,648,754,934,1588,687,368,466,56,537,231,206,0,28,307
E02005332,8068,628,397,1176,1060,2142,719,338,410,63,360,252,239,0,40,244
E02001327,7445,249,459,174,502,1189,740,174,724,53,1702,517,666,0,2,294
E02001328,10145,410,651,540,944,2584,1178,460,869,70,1050,432,533,0,42,382
E02001329,7553,389,981,238,432,1210,686,218,482,58,1303,542,601,0,24,389
E02001330,8633,384,709,340,606,1577,889,298,689,125,1531,556,555,0,34,340
E02001331,10060,565,776,497,728,1476,1070,240,765,126,1740,679,854,0,46,498
E02001332,6600,445,771,370,380,1023,580,236,518,76,1060,447,416,0,39,239
E02001333,8113,610,829,502,602,1436,693,316,796,77,1151,406,322,0,40,333
E02001334,5780,308,482,193,250,786,465,126,492,78,1479,491,330,0,54,246
E02001335,7599,391,473,528,614,2333,908,246,552,50,618,282,336,0,25,243
E02001336,6744,378,680,252,336,863,623,166,618,87,1466,522,468,0,29,256
E02001337,5933,306,382,317,412,1437,615,176,427,69,820,312,391,0,27,242
E02001338,5890,348,365,396,346,1180,626,188,516,69,917,402,291,0,27,219
E02001339,6739,342,471,350,530,1482,632,200,655,92,1018,350,366,0,10,241
E02001340,8959,524,404,808,802,2528,1273,306,522,81,637,388,380,0,31,275
E02001341,6810,500,625,352,414,1068,766,178,536,73,1071,450,504,0,15,258
E02001342,6989,460,304,680,720,1944,1153,162,383,55,366,239,287,0,6,230
E02001343,7114,363,353,513,840,2163,981,262,402,75,463,201,276,0,12,210
E02001344,5183,312,447,226,410,1358,577,176,346,60,604,261,208,3,18,177
E02001345,5637,258,309,422,610,1608,707,202,381,55,407,261,230,0,14,173
E02001346,7064,390,638,326,492,1335,636,224,500,67,1220,500,396,0,34,306
E02001347,7628,370,610,322,522,1906,712,228,626,86,1016,539,362,3,42,284
E02001348,7222,360,681,344,532,1526,816,312,577,65,999,384,305,7,29,285
E02001349,7943,350,805,342,606,1862,908,366,599,68,866,376,385,6,30,374
E02001350,7714,505,722,287,500,1612,617,302,676,73,1147,504,415,6,36,312
E02001351,8141,444,731,312,440,1447,814,212,599,93,1528,596,543,7,24,351
E02001352,6620,340,877,242,402,1079,541,164,507,45,1113,388,391,16,33,482
E02001353,7526,227,477,298,710,2421,777,318,495,44,846,275,402,0,9,227
E02001354,7611,408,716,374,464,1279,901,220,592,73,1387,512,381,13,21,270
E02001355,6660,441,811,290,456,1072,723,228,425,63,1112,394,341,17,25,262
E02001356,5584,296,465,226,286,904,491,140,629,75,1252,352,307,0,12,149
E02001357,6955,390,449,326,346,1072,705,134,644,69,1310,716,494,9,32,259
E02001358,7041,352,1139,279,412,1012,609,282,543,64,1417,449,218,2,19,244
E02001359,5740,262,385,362,520,1456,846,152,333,46,519,258,345,2,21,233
E02001360,8289,488,1330,308,482,832,653,296,542,99,1641,713,440,18,40,407
E02001361,7618,465,742,406,522,1337,840,200,591,80,1160,570,420,0,30,255
E02001362,7401,548,486,480,502,1526,995,156,440,86,794,546,464,0,46,332
E02001363,7788,449,822,308,406,1318,648,234,601,70,1576,501,520,4,24,307
E02001364,5203,298,850,182,256,642,373,152,389,35,1031,358,410,0,11,216
E02001365,8950,397,1225,330,426,1255,615,250,854,63,1851,439,580,109,18,538
E02001366,8912,421,1187,410,592,1656,829,316,553,57,1322,513,473,14,24,545
E02001367,9296,558,647,778,844,2569,1239,294,479,52,649,390,396,15,29,357
E02001368,5771,511,816,190,316,567,460,202,228,33,1145,553,347,16,48,339
E02001369,7637,517,1250,278,462,808,649,374,320,48,1087,566,472,143,46,617
E02001370,6155,582,1015,286,258,644,371,118,410,61,1222,389,376,7,42,374
E02001371,7347,340,595,248,460,1640,493,242,735,92,1353,488,422,2,33,204
E02001372,6014,417,643,344,394,1392,654,194,338,43,741,363,215,0,49,227
E02001373,9210,474,1055,395,516,1850,858,324,717,80,1367,553,536,22,37,426
E02001374,8051,320,1831,194,366,1185,473,332,443,68,1019,329,454,182,17,838
E02001375,7100,523,668,368,488,1341,657,256,597,61,926,485,385,0,50,295
E02001376,8445,358,1089,302,406,1446,535,244,481,45,1393,503,452,493,23,675
E02001377,8525,430,1508,132,332,948,351,294,168,29,845,397,425,1808,19,839
E02001378,7733,448,962,308,538,1721,656,354,455,90,901,467,349,39,28,417
E02001380,7519,442,435,508,740,2336,980,238,424,40,490,312,277,5,52,240
E02001381,9280,427,1337,224,482,1405,541,492,486,45,1346,438,466,730,11,850
E02001382,7093,303,325,518,670,2428,948,200,402,55,438,302,235,43,11,215
E02001383,7125,353,2336,88,244,700,106,442,202,42,757,281,302,593,23,656
E02001384,10739,359,882,162,284,970,340,356,263,21,824,343,362,3912,34,1627
E02001385,8106,344,1332,102,218,1874,187,176,264,25,1651,443,760,140,31,559
E02001386,7518,698,785,384,462,1054,655,196,514,111,1178,721,432,2,43,283
E02001387,7955,411,425,530,718,2670,876,290,315,26,407,311,301,167,23,485
E02001388,8802,251,1728,230,486,1136,460,496,318,57,545,284,209,1295,22,1285
E02001389,5919,317,2100,66,284,465,119,620,186,6,504,150,239,210,10,643
E02001390,8689,465,1237,286,420,1256,491,236,468,56,1741,691,642,89,35,576
E02001391,5887,329,405,312,430,954,622,134,472,70,1049,477,373,7,15,238
E02001392,5699,428,362,768,632,1376,817,192,213,26,257,222,193,4,32,177
E02001393,7203,404,283,708,906,2595,1044,116,213,44,186,175,292,10,20,207
E02001394,8158,512,1694,336,570,1071,422,676,424,33,441,235,328,553,35,828
E02001395,6056,365,414,424,626,1625,753,288,298,37,345,295,174,53,21,338
E02001396,7973,408,1176,272,526,1019,553,596,458,39,1072,449,350,152,29,874
E02001397,7606,749,1002,590,690,1544,763,368,367,47,609,336,236,0,58,247
E02001398,7286,452,1098,338,600,1102,547,546,390,22,522,283,279,228,31,848
E02001399,7188,416,323,590,698,2170,1113,184,313,50,413,282,292,61,16,267
E02001400,6525,404,573,382,522,1476,759,164,361,35,729,419,387,2,24,288
E02001401,7813,525,522,774,692,1856,1049,262,366,80,612,367,309,19,33,347
E02001402,8241,493,850,526,852,2200,897,446,441,62,481,279,246,69,38,361
E02001403,6010,304,892,246,372,957,428,272,481,80,1011,315,258,8,16,370
E02001404,7229,392,689,256,416,1166,591,222,801,114,1304,533,423,9,33,280
E02001405,9574,471,941,296,528,1271,793,244,961,74,2302,635,631,0,32,395
E02006932,5312,91,1715,16,212,149,32,714,42,6,136,59,55,1191,4,890
E02006933,5383,145,1451,108,414,378,155,664,148,14,415,150,138,361,8,834
E02006934,4367,63,1462,14,282,230,52,794,79,9,124,42,55,356,0,805
E02001429,6751,558,348,884,884,1437,674,240,418,38,559,266,252,0,29,164
E02001430,7071,503,288,830,904,2009,827,206,320,33,505,237,219,0,23,167
E02001431,6879,1020,618,966,840,1299,505,296,229,33,386,204,167,3,70,243
E02001432,7838,795,1615,522,628,969,331,602,495,31,613,246,327,6,65,593
E02001433,7642,369,442,448,708,1975,704,336,740,69,943,307,307,3,19,272
E02001434,7051,306,462,300,682,1856,628,280,601,52,743,321,428,0,14,378
E02001435,7884,402,731,348,610,1818,561,420,672,58,845,343,488,0,26,562
E02001436,8614,443,536,532,854,2273,838,334,627,81,870,355,495,0,29,347
E02001437,9105,971,630,1296,1074,2280,734,268,338,20,416,271,379,0,47,381
E02001438,7487,379,379,564,822,2227,797,230,492,71,617,366,273,0,47,223
E02001439,6258,547,332,567,546,1460,479,192,454,75,717,322,274,4,32,257
E02001440,5809,476,168,1148,930,1313,742,124,152,21,145,194,194,0,35,167
E02001441,6438,409,190,1098,942,1926,849,80,159,23,251,160,189,0,38,124
E02001442,5819,567,298,740,646,1535,662,138,278,19,324,207,213,0,43,149
E02001443,5594,356,159,830,656,1881,708,94,172,28,214,181,180,0,29,106
E02001444,5697,399,248,658,606,1706,592,152,278,31,397,237,179,0,25,189
E02001445,6992,446,328,820,778,1833,1103,168,281,32,366,328,279,0,37,193
E02001446,6711,525,280,804,668,1809,1023,158,323,59,391,276,232,0,16,147
E02001447,5862,496,262,730,578,1480,752,180,327,50,341,296,188,0,18,164
E02001448,6902,448,227,736,744,2052,1165,148,333,64,317,261,253,0,28,126
E02001449,9207,606,475,822,1062,2262,1444,218,473,87,595,420,416,0,33,294
E02001450,8064,615,509,768,1006,2313,939,272,273,42,353,259,349,0,76,290
E02001451,6025,421,436,410,428,1000,728,140,488,78,865,450,323,0,25,233
E02001452,6476,422,574,296,412,1019,557,170,679,66,1136,504,371,2,17,251
E02001453,8621,545,374,668,826,2765,1301,206,416,71,589,365,274,0,32,189
E02001454,7028,438,321,724,672,1943,970,202,356,55,506,327,247,0,28,239
E02001455,7197,378,365,598,716,2004,1022,208,476,68,527,295,323,0,34,183
E02001456,7449,479,605,420,700,1848,833,362,455,78,629,261,397,0,43,339
E02001457,6768,401,637,326,426,1195,778,198,596,50,1043,438,398,0,31,251
E02001458,7652,335,638,364,682,2028,754,384,530,80,664,379,353,0,22,439
E02001459,7267,328,439,418,616,1442,703,252,755,92,1127,442,403,0,19,231
E02001460,7327,607,1138,405,510,1238,552,338,415,88,869,373,381,3,26,384
E02001461,6326,408,361,470,590,1597,789,174,546,42,558,304,259,0,20,208
E02001462,7514,344,966,250,400,955,573,308,846,97,1560,469,426,3,30,287
E02001463,6807,374,383,300,422,1457,793,160,611,69,1023,500,455,2,12,246
E02001464,6812,329,839,218,424,1092,504,304,752,60,1224,370,343,2,22,329
E02001465,6225,486,1130,186,348,690,422,268,478,35,1091,353,309,0,40,389
E02001466,8528,483,675,378,600,1577,1028,240,766,75,1263,487,554,0,35,367
E02001406,7732,571,370,1008,1112,1961,865,242,343,42,456,330,194,0,22,216
E02001407,6106,368,286,760,898,1601,807,148,312,42,302,216,207,0,14,145
E02001408,5741,252,282,537,810,1468,767,204,445,70,352,186,210,0,20,138
E02001409,9799,604,748,700,1112,2196,1194,348,724,86,991,381,356,3,34,322
E02001410,5796,323,379,444,690,1235,701,200,541,36,566,283,188,0,15,195
E02001411,5851,374,334,504,734,1560,577,208,535,60,459,193,166,0,14,133
E02001412,8757,514,500,660,888,2463,952,294,633,54,831,387,263,0,28,290
E02001413,9659,472,559,714,1266,2242,1226,342,759,90,944,425,300,0,22,298
E02001414,5320,375,182,780,684,1678,653,112,169,15,239,132,156,0,28,117
E02001415,6571,304,490,344,626,1747,611,338,613,40,746,217,303,0,15,177
E02001416,5864,304,507,244,472,966,524,260,745,71,962,296,251,0,21,241
E02001417,7026,484,1163,300,556,1100,470,488,584,48,965,384,191,8,20,265
E02001418,5235,370,560,298,492,1007,405,322,546,51,628,254,135,0,11,156
E02001419,6642,446,850,312,522,966,466,316,717,89,1019,335,292,11,19,282
E02001420,10105,505,744,638,1054,2555,888,564,942,80,1078,422,350,0,4,281
E02001421,10489,594,880,646,1090,2311,1072,516,875,101,1169,485,390,4,19,337
E02001422,6358,304,516,226,476,1239,556,224,763,75,1023,342,335,5,14,260
E02001423,6249,366,379,600,796,1878,719,174,323,56,342,219,239,0,19,139
E02001424,13412,757,977,738,1254,3379,1287,506,1104,107,1692,604,569,2,50,386
E02001425,10388,547,758,740,1324,2220,1351,324,842,130,1094,380,328,0,15,335
E02001426,5315,345,296,618,498,1299,708,176,337,56,387,244,194,4,12,141
E02001427,10213,407,764,584,1110,2362,957,406,1022,104,1325,379,417,2,11,363
E02001428,5330,361,223,772,602,1574,735,84,153,33,241,181,202,0,29,140
E02001467,7473,630,1013,462,664,1301,514,470,414,60,851,326,354,0,29,385
E02001468,7610,423,760,322,596,1659,607,392,668,83,920,322,420,6,21,411
E02001469,7810,613,571,644,762,1803,1010,272,437,83,626,311,354,0,44,280
E02001470,8564,463,407,642,890,2320,1217,254,491,59,680,301,419,0,33,388
E02001471,7397,392,884,298,486,1317,506,288,718,66,1274,311,461,0,17,379
E02001472,7064,344,518,446,706,1707,735,276,585,88,710,303,401,0,18,227
E02001473,7571,479,637,500,638,1559,754,292,572,58,874,382,410,0,37,379
E02001474,7049,422,879,260,380,1062,480,200,634,47,1666,361,349,0,14,295
E02001475,6165,467,582,312,458,1091,497,178,552,59,1119,331,310,2,33,174
E02001476,7624,348,848,272,432,1124,616,366,714,82,1637,414,388,9,25,349
E02001477,7468,350,825,146,420,986,427,244,773,56,2033,493,399,0,44,272
E02001478,7860,599,558,640,812,1589,755,292,558,67,828,403,376,0,38,345
E02001479,6132,261,341,488,728,2010,713,214,336,30,400,204,213,0,16,178
E02001480,7471,561,547,568,796,2192,703,364,330,35,522,298,250,0,19,286
E02001481,7909,421,665,566,826,1914,844,280,557,85,744,329,373,0,13,292
E02001482,7632,592,1775,194,360,793,320,316,530,46,1556,406,327,0,22,395
E02001483,7382,459,466,573,964,1994,816,278,422,47,569,324,237,0,25,208
E02001484,7560,573,508,722,828,1898,823,224,422,73,617,331,302,0,11,228
E02001485,6333,334,416,388,490,1286,457,174,562,57,1072,418,416,0,14,249
E02001486,7800,710,1352,585,730,1471,594,500,324,56,492,239,298,6,45,398
E02001487,9264,445,1279,270,502,1479,467,418,818,103,2039,418,548,3,14,461
E02001488,8398,470,1006,384,692,1687,762,426,662,61,1105,312,395,0,23,413
E02001489,8238,606,391,994,1084,2340,1106,238,300,57,404,294,220,0,42,162
E02001490,8743,361,396,656,970,2602,1214,286,609,63,579,342,404,0,29,232
E02001491,6747,514,686,347,428,1246,580,204,587,43,1088,479,318,0,16,211
E02001492,7710,762,561,678,672,2225,547,356,402,55,556,299,241,0,37,319
E02001493,7855,477,1131,222,378,1155,469,318,727,63,1634,396,494,4,31,356
E02001494,7076,486,269,910,1064,2316,688,164,224,26,330,197,171,0,27,204
E02001495,7680,461,685,476,618,1660,831,234,592,84,823,393,431,4,59,329
E02001496,5971,356,349,550,640,1786,714,130,307,75,350,257,250,0,25,182
E02001497,7947,476,926,352,660,1494,550,322,633,67,1296,439,405,2,21,304
E02001498,7555,414,421,628,746,2291,975,174,445,60,686,261,228,0,21,205
E02001499,6691,540,308,828,858,1814,835,180,258,35,375,276,177,5,13,189
E02001500,7436,524,399,830,904,1938,811,264,440,73,490,295,267,0,27,174
E02001501,7911,485,381,668,814,2349,940,226,484,50,673,310,307,0,20,204
E02001502,8098,575,633,623,824,1953,651,410,592,64,785,346,243,0,49,350
E02001503,7449,757,448,828,804,2077,662,272,311,8,481,332,203,5,33,228
E02001504,7122,427,340,1020,1042,2075,950,202,225,15,254,179,161,0,35,197
E02001505,6365,420,421,557,606,1648,622,240,472,29,618,306,213,0,19,194
E02001506,8943,626,294,1523,1290,2993,926,170,186,51,281,214,194,0,40,155
E02001507,7288,429,297,902,918,2262,971,186,318,41,302,254,235,4,28,141
E02001508,8023,569,535,646,870,2056,801,296,531,72,706,399,261,0,40,241
E02002684,9630,814,514,1882,1766,1739,699,386,543,53,466,230,224,0,51,263
E02002685,8030,658,404,1346,1354,1456,636,338,515,51,541,206,247,0,49,229
E02002686,7758,710,560,644,804,1292,485,332,968,58,1110,263,282,0,26,224
E02002687,5724,441,654,514,682,973,362,262,464,32,484,177,340,0,55,284
E02002688,5343,319,709,380,582,907,334,246,348,32,436,160,515,0,42,333
E02002689,5789,326,308,712,936,1330,598,250,404,56,289,126,241,0,31,182
E02002691,8024,462,393,974,1370,2245,686,364,474,51,334,219,243,0,32,177
E02002692,8133,379,353,856,1366,2685,706,320,427,37,356,157,219,0,22,250
E02002693,6818,375,353,720,1270,1887,560,296,424,51,291,185,190,0,21,195
E02002694,10751,667,684,1034,1606,3097,782,514,660,52,629,281,309,7,35,394
E02002695,7889,624,487,1047,1186,1575,619,324,438,53,602,255,326,0,21,332
E02002696,5882,255,246,591,1030,1957,581,224,232,18,289,139,156,2,16,146
E02002697,7575,394,333,928,1318,2174,693,352,409,56,331,167,204,0,18,198
E02002698,7528,413,423,690,1138,2070,548,412,537,81,514,236,184,0,34,248
E02002699,9323,505,480,1116,1392,3096,882,320,391,40,395,213,222,6,35,230
E02002700,6239,415,485,446,514,1163,484,274,751,84,836,240,244,45,23,235
E02002701,8491,316,372,712,1594,2700,762,406,454,25,324,190,371,0,11,254
E02002702,9696,740,1090,799,1188,2140,608,718,636,72,741,285,174,21,29,455
E02002703,8841,390,487,780,1368,3289,705,320,411,36,515,145,192,9,7,187
E02002704,7212,389,326,837,1334,1802,886,274,438,48,283,205,163,4,20,203
E02002705,6253,450,242,974,1020,1602,639,218,319,30,258,179,153,0,18,151
E02002706,6785,447,416,728,864,1752,705,354,469,66,403,206,183,9,20,163
E02002707,6839,326,335,710,1170,2268,659,278,293,34,262,134,213,0,24,133
E02002708,5845,636,452,810,752,1217,451,294,334,39,374,171,130,2,25,158
E02002709,7498,421,390,706,1180,2029,817,390,539,45,371,198,219,0,26,167
E02002710,7489,463,309,778,834,2346,842,294,534,94,461,158,183,0,19,174
E02002711,7443,464,293,1088,1156,2299,911,212,267,28,229,172,131,2,23,168
E02002712,7348,413,471,734,1124,1650,871,360,462,46,492,224,272,0,24,205
E02002714,7617,376,397,800,1404,1947,839,274,427,39,396,215,277,7,20,199
E02002715,12403,448,743,1000,1526,4711,931,762,791,65,667,224,233,0,27,275
E02002716,8534,415,478,834,1284,2398,796,392,646,35,569,208,269,0,17,193
E02002717,7574,580,600,592,758,1705,603,484,777,110,687,243,248,0,16,171
E02002718,7772,412,340,1081,1186,2646,654,274,342,35,354,122,198,0,17,111
E02002719,5622,304,317,502,714,1809,619,262,306,27,256,131,189,0,15,171
E02002720,6876,301,364,668,1090,2017,722,344,449,56,318,145,169,5,31,197
E02002721,6310,402,365,564,1004,1830,579,286,377,49,335,147,191,0,10,171
E02002722,8513,621,532,788,1230,1566,669,382,800,80,833,209,465,0,16,322
E02002723,8260,412,581,672,1030,1639,706,408,819,69,629,229,556,0,18,492
E02002724,8770,464,732,458,862,1639,658,386,1156,107,1130,316,420,0,22,420
E02002725,6513,292,356,588,1020,1969,680,292,438,50,351,136,199,2,12,128
E02006814,8281,438,464,752,1146,2181,864,342,712,81,597,270,212,0,17,205
E02006891,7388,373,395,738,1076,2302,715,272,432,50,406,177,216,0,20,216
E02006892,6342,490,503,542,798,1220,416,396,633,86,538,267,175,0,18,260
E02002652,10774,140,848,158,1086,2887,857,724,1483,101,1251,282,608,7,9,333
E02002653,8293,395,640,443,596,1323,645,208,1184,112,1561,422,487,19,18,240
E02002654,7640,332,660,314,410,1273,510,202,1082,105,1702,478,391,9,15,157
E02002655,8756,352,682,396,728,1784,637,332,1113,122,1536,357,511,7,2,197
E02002656,5329,349,494,732,820,960,513,242,443,50,275,210,108,0,14,119
E02002657,7535,311,414,584,1018,1744,912,318,780,69,624,232,283,9,10,227
E02002658,6766,343,559,474,930,1574,835,370,503,50,535,186,260,5,15,127
E02002659,11018,627,867,530,762,1803,658,332,1645,134,1994,481,650,74,35,426
E02002660,6922,513,590,478,764,1204,646,246,774,71,789,367,300,5,12,163
E02002661,7748,500,556,516,736,1596,626,320,854,95,1022,360,368,13,14,172
E02002662,7131,757,552,604,692,1366,573,280,704,77,711,318,263,15,26,193
E02002663,6387,179,561,232,548,1174,423,252,316,59,224,92,223,1666,13,425
E02002664,7614,292,351,538,968,2457,1024,226,571,84,466,199,264,4,9,161
E02002665,8241,382,470,600,1024,2188,783,330,731,61,649,235,334,111,17,326
E02002666,8846,360,1106,142,386,882,245,452,359,30,458,207,592,2432,24,1171
E02002667,7079,304,820,384,810,1414,690,540,829,78,547,234,175,0,8,246
E02002668,8864,665,759,462,628,1290,487,250,1394,140,1625,449,439,13,28,235
E02002669,8416,206,1195,200,646,1423,367,582,579,49,517,185,406,1067,16,978
E02002670,7871,703,659,647,772,1670,561,388,820,64,803,348,203,4,31,198
E02002671,7643,309,688,374,732,1754,755,410,841,136,686,286,384,3,18,267
E02002672,7279,377,564,358,480,1251,475,214,1144,124,1332,320,415,4,9,212
E02002673,7730,273,849,366,774,1699,683,498,842,74,757,251,334,0,21,309
E02002674,6905,369,727,468,824,1357,508,538,820,54,644,215,174,14,16,177
E02002675,8357,442,1568,246,492,1421,296,462,670,94,999,290,581,70,11,715
E02002676,7503,326,1033,282,616,1338,464,644,708,64,680,259,431,68,22,568
E02002677,8336,466,1503,314,774,1544,458,640,794,71,794,222,257,21,36,442
E02002678,7604,289,818,340,718,1672,591,460,898,96,790,224,306,5,17,380
E02002679,7346,549,469,568,896,1868,738,292,671,73,528,249,203,0,33,209
E02002680,8461,569,2792,230,576,1010,161,778,405,49,620,240,290,83,24,634
E02002681,8318,317,1412,190,528,1401,422,462,905,62,1125,287,602,19,16,570
E02002682,7948,399,770,320,692,1432,717,426,820,159,1021,372,454,0,28,338
E02006813,8088,680,737,716,784,1529,692,336,695,96,926,370,282,17,29,199
E02002726,10185,574,736,790,1294,2092,834,424,1135,77,1038,336,489,0,27,339
E02002727,5857,555,1279,208,394,613,230,242,500,80,910,217,257,8,14,350
E02002728,7754,401,1023,270,562,1154,429,438,1028,101,1219,288,265,8,37,531
E02002729,5911,277,497,408,848,1421,550,234,477,97,573,159,192,0,18,160
E02002730,7598,264,753,236,464,1462,444,360,1050,79,1326,289,381,0,22,468
E02002731,5941,192,551,156,410,1104,382,274,776,42,1055,240,325,12,22,400
E02002732,7518,364,310,712,1162,2401,719,306,487,34,410,173,257,0,14,169
E02002733,5934,424,597,418,590,1015,501,380,606,64,551,224,258,16,8,282
E02002734,5038,300,355,440,614,957,421,288,580,65,524,159,149,0,11,175
E02002735,5185,208,477,242,530,1037,381,332,528,84,660,187,188,0,25,306
E02002736,5866,155,635,138,362,1080,340,320,857,32,854,233,390,10,16,444
E02002737,7294,376,473,574,846,1578,787,350,716,88,691,225,262,3,36,289
E02002738,7161,284,481,514,1022,1603,704,312,695,107,674,230,290,2,6,237
E02002739,5952,528,568,466,606,1036,417,380,515,69,644,245,170,0,12,296
E02002740,5559,319,454,418,550,947,504,226,606,70,784,197,262,16,10,196
E02002741,8810,404,578,618,1098,2269,692,396,725,99,752,239,394,21,22,503
E02002742,5597,357,426,576,768,1444,502,230,393,40,329,124,202,0,12,194
E02002743,5460,620,336,828,766,966,484,182,331,50,347,206,143,0,38,163
E02002744,7082,325,472,232,534,1205,467,226,936,101,1606,276,433,0,10,259
E02002745,7528,586,385,1066,1200,1956,660,294,381,62,360,189,219,0,28,142
E02002746,8742,618,494,900,1038,2564,737,344,650,59,569,279,268,0,32,190
E02002747,7945,538,334,998,1170,2381,825,280,418,58,361,189,179,0,24,190
E02002748,7869,521,389,976,1298,2095,780,262,420,84,396,162,276,0,21,189
E02002749,10963,596,808,888,1446,2531,917,512,1075,107,991,303,395,0,62,332
E02002750,6206,286,355,526,1068,1759,538,294,457,59,335,125,187,0,10,207
E02002751,6430,335,296,528,968,1619,511,282,611,47,550,185,265,0,24,209
E02002752,6786,342,426,542,1138,1801,564,318,557,80,389,176,254,0,16,183
E02002753,8602,554,654,994,1384,1895,699,422,671,36,390,269,303,0,45,286
E02002754,8240,406,475,612,1206,2074,793,396,732,93,616,204,374,0,11,248
E02002755,6901,360,548,306,606,1425,471,402,632,66,474,201,643,9,20,738
E02002756,8436,301,688,228,510,1888,418,376,918,54,1056,235,899,4,35,826
E02002757,6188,298,349,520,714,1699,566,236,475,56,387,168,392,0,5,323
E02002758,6347,302,524,280,650,1352,495,286,658,76,754,196,378,0,5,391
E02002759,9437,617,585,850,1408,2340,895,462,716,90,631,255,299,0,18,271
E02002760,5773,293,396,472,758,1406,605,230,482,61,434,187,212,0,26,211
E02002761,6610,380,342,605,924,1675,633,346,570,64,433,149,217,0,18,254
E02002762,6626,504,478,424,560,1568,443,320,742,63,597,225,373,0,4,325
E02002763,7281,417,613,346,608,1543,472,452,857,74,823,267,460,0,13,336
E02002764,5820,217,343,362,492,1035,388,212,819,71,829,229,474,0,14,335
E02002765,6307,405,411,512,642,1205,482,198,743,72,617,269,396,5,17,333
E02002766,9105,484,458,908,1078,2292,785,414,841,72,716,228,487,0,2,340
E02002767,6788,406,346,752,1116,1668,709,284,504,38,354,148,214,0,6,243
E02002768,7243,391,422,686,1100,2106,618,276,414,74,445,201,293,0,11,206
E02002769,5835,361,261,798,936,1609,576,232,306,52,235,115,175,0,12,167
E02002770,6853,329,368,668,1134,1914,654,316,412,42,404,121,310,0,16,165
E02002771,7094,362,328,727,1200,2132,593,298,411,49,317,132,308,0,36,201
E02002772,6772,285,276,510,992,2692,525,244,333,31,361,121,225,15,6,156
E02002773,5699,502,285,676,952,1457,569,266,229,27,258,172,161,3,27,115
E02002774,6184,412,236,690,992,1913,661,216,261,32,241,159,160,10,27,174
E02002775,5543,510,333,694,690,1195,478,236,344,36,442,196,185,4,23,177
E02002776,6455,440,356,686,844,1577,577,356,425,25,397,248,240,4,10,270
E02002777,8272,283,560,466,1162,2748,601,476,580,57,619,175,261,0,17,267
E02002778,7952,528,608,764,1078,2294,546,466,351,27,387,203,166,42,16,476
E02002779,9440,664,570,1033,1252,2390,779,416,486,67,515,253,281,264,23,447
E02002780,8236,391,717,326,616,1524,419,540,739,73,806,299,366,473,11,936
E02002781,9485,400,969,283,706,1437,417,842,595,74,889,262,421,1023,18,1149
E02002782,6013,361,195,828,912,2103,467,172,254,12,237,118,151,0,11,192
E02002783,10063,524,567,762,1124,2819,942,454,801,70,680,274,455,25,44,522
E02002784,9834,693,2078,364,922,959,172,1186,446,58,622,250,218,525,23,1318
E02002785,6783,443,287,732,712,1600,510,242,405,37,304,183,210,741,20,357
E02002786,10650,371,684,347,624,1484,440,564,809,61,888,232,529,2481,4,1132
E02002787,8998,597,923,635,976,2019,583,636,681,46,772,338,270,19,28,475
E02002788,8754,354,967,348,1042,2050,448,988,543,64,542,214,244,95,6,849
E02002789,8766,494,719,434,782,1768,628,424,875,115,1185,388,429,13,37,475
E02002790,10798,522,1043,462,986,2070,361,856,484,46,661,193,418,1512,24,1160
E02002791,6428,368,220,804,990,2251,446,182,326,37,284,119,220,0,22,159
E02002792,6990,305,573,584,818,1875,386,656,409,19,449,167,173,157,17,402
E02002793,9164,569,595,874,1274,2161,820,496,665,60,637,304,307,36,18,348
E02002794,5045,328,304,500,646,1360,348,236,241,15,253,117,199,216,15,267
E02002795,8068,459,356,948,1384,2605,643,298,319,27,455,181,157,3,32,201
E02005742,7336,501,459,836,1212,1734,741,308,414,37,411,214,195,9,37,228
E02005743,4956,441,281,780,858,1265,372,182,191,20,148,76,164,0,14,164
E02005744,7418,569,514,886,1210,1861,587,322,432,69,376,215,180,0,17,180
E02005745,5032,305,243,658,844,1702,374,162,140,20,179,128,165,0,11,101
E02005746,6402,554,445,648,846,1701,479,346,325,65,476,182,117,0,21,197
E02005747,6601,462,697,393,630,1518,437,402,406,78,669,257,371,4,10,267
E02005748,7288,419,518,640,1116,2207,587,372,426,28,412,200,173,0,28,162
E02005749,9342,680,563,900,1308,2688,758,384,597,50,674,273,208,0,33,226
E02005750,7837,623,552,948,1004,2116,714,258,358,46,565,246,205,0,23,179
E02005751,8581,589,415,1286,1476,2509,770,276,241,37,301,187,244,4,24,222
E02005752,6660,365,486,671,1102,1650,719,288,379,42,254,206,243,0,19,236
E02005753,12744,887,1023,1038,1472,3153,1007,616,918,65,1153,434,413,0,44,521
E02005754,7393,457,280,980,1250,2149,792,244,318,30,222,139,256,0,20,256
E02005755,6248,460,374,668,870,1696,589,228,356,49,330,192,226,0,20,190
E02005756,6580,243,243,520,1084,2723,522,228,297,27,217,88,202,0,20,166
E02005757,8379,554,601,832,1114,2263,669,440,561,53,450,225,217,0,38,362
E02005758,8030,492,368,834,1182,2437,608,378,459,34,462,211,222,0,32,311
E02005759,8464,677,502,1032,1156,2363,698,354,467,43,482,171,248,0,31,240
E02005760,6405,234,254,472,978,2425,521,250,386,47,312,90,260,0,9,167
E02005761,5408,307,288,572,916,1655,412,254,224,22,258,116,166,0,24,194
E02005762,5671,356,339,474,790,2008,308,210,329,18,327,80,179,2,30,221
E02005763,6175,288,265,644,1098,2107,437,262,282,49,262,114,190,0,11,166
E02005764,10277,664,708,898,1310,2660,784,460,634,69,876,323,406,0,34,451
E02005765,6110,333,354,668,928,1867,467,258,361,25,290,142,210,0,17,190
E02005766,6089,362,365,595,986,1769,559,278,262,34,301,137,210,0,28,203
E02005767,6675,358,269,712,1054,2441,553,202,296,19,284,151,182,0,15,139
E02005768,5921,281,235,476,766,2347,501,254,286,31,305,119,198,0,7,115
E02005769,6892,562,521,606,726,1579,454,304,606,69,620,265,225,0,34,321
E02005770,9320,566,515,814,1236,2545,791,506,524,86,654,345,232,0,29,477
E02005771,7363,358,714,405,892,1886,477,478,567,62,716,287,226,4,11,280
E02005772,6056,323,199,712,952,2026,576,162,261,37,316,143,186,0,8,155
E02005773,8668,647,903,421,782,1866,463,610,584,77,876,366,337,0,22,714
E02005774,9164,568,576,575,1018,2475,664,452,671,80,888,301,364,4,35,493
E02005775,8764,536,1446,450,928,1819,288,780,397,47,508,216,377,7,23,942
E02005776,7733,363,337,668,1292,2779,683,332,281,34,355,162,162,2,43,240
E02005777,8265,531,356,808,1000,2940,814,274,336,52,402,232,227,0,32,261
E02005778,6056,279,252,772,934,2174,543,188,184,23,186,131,177,0,25,188
E02005779,7375,611,722,710,862,2176,313,468,249,24,460,156,162,0,27,435
E02005780,10279,691,480,1200,1266,3767,725,324,454,20,639,218,273,0,20,202
E02005781,5560,277,235,696,850,2104,461,144,191,23,203,108,120,0,25,123
E02005782,7492,430,448,866,1424,2120,668,272,303,49,312,129,216,0,24,231
E02005783,8316,571,601,824,1170,2054,644,302,486,53,807,316,231,0,20,237
E02005784,5526,282,339,468,868,1677,403,192,404,30,360,144,172,0,12,175
E02005785,11730,249,445,270,1350,5436,617,356,602,69,1031,230,670,0,18,387
E02005786,6097,409,416,716,1246,1335,542,326,310,21,162,171,212,0,48,183
E02005787,8183,564,485,1004,1414,2040,752,440,358,45,397,176,161,0,33,314
E02005788,6369,462,355,792,1062,1555,595,258,358,28,324,144,201,0,34,201
E02005789,9956,870,570,1174,1618,2418,778,428,541,68,571,315,250,0,58,297
E02005790,6198,473,333,812,996,1577,575,244,290,38,233,138,211,0,48,230
E02005791,6678,365,306,582,1118,1857,651,276,531,48,390,144,175,0,34,201
E02005794,9357,556,483,1012,1684,2648,743,410,431,51,476,208,289,0,48,318
E02006870,12053,831,942,1090,1414,3002,1034,668,912,70,769,378,385,0,43,515
E02005795,6756,702,669,708,886,1354,473,348,422,29,500,239,176,0,19,231
E02005796,6853,479,424,682,1154,1529,675,238,413,65,308,191,346,9,25,315
E02005797,6119,337,508,509,832,1389,583,258,443,79,514,248,182,5,20,212
E02005798,8281,664,430,1149,1542,1760,806,298,398,46,370,208,289,5,40,276
E02005799,8931,713,387,1261,1326,2340,920,270,495,32,452,231,292,0,38,174
E02005800,7773,542,1254,449,726,1264,351,478,672,49,761,206,389,126,27,479
E02005801,5515,403,394,406,480,1087,420,168,498,50,764,244,365,18,14,204
E02005802,8290,330,692,344,688,1918,472,402,926,77,1153,300,415,84,9,480
E02005803,8851,786,742,758,1088,1908,680,390,690,68,709,243,357,9,46,377
E02005804,7485,798,1557,676,932,643,268,568,307,32,481,213,164,304,41,501
E02005805,6873,543,337,1047,1176,1479,518,322,408,58,360,214,206,4,6,195
E02005806,7133,372,414,542,744,1665,584,216,826,64,902,249,312,2,30,211
E02005807,6178,400,279,737,1090,1652,500,268,357,19,307,163,211,0,30,165
E02005808,11389,1094,716,1823,1702,2099,881,506,675,98,671,329,408,12,33,342
E02005809,7252,499,479,610,920,2288,740,310,336,47,340,283,177,0,29,194
E02005810,8811,277,448,700,1394,3282,735,426,457,52,314,187,287,0,18,234
E02005811,8818,345,368,708,1416,2946,845,462,467,71,385,219,313,0,10,263
E02005812,8992,439,494,540,1280,2684,853,494,631,95,512,229,389,0,15,337
E02005813,10797,587,1010,432,976,2086,722,804,1283,80,1175,383,548,0,12,699
E02005814,6291,435,305,708,844,1681,639,240,426,29,349,185,199,0,7,244
E02005815,8211,323,329,870,1406,2646,822,318,458,44,328,154,286,0,8,219
E02005816,8341,356,373,586,1304,2567,853,396,570,57,473,209,318,0,28,251
E02005817,7100,323,442,630,1148,2107,673,376,431,53,397,151,162,0,18,189
E02005818,8112,329,372,664,1334,2321,817,406,529,62,464,143,406,0,13,252
E02001509,6210,384,430,497,746,1563,692,220,600,66,483,191,169,6,9,154
E02001510,5878,298,431,446,630,1264,650,258,622,67,614,202,211,0,5,180
E02001511,6162,360,375,540,804,1359,640,308,549,63,560,166,254,0,14,170
E02001512,7521,441,531,682,1010,1912,706,384,603,54,552,263,174,0,16,193
E02001513,7766,405,435,744,1080,2151,702,358,612,78,527,216,254,0,8,196
E02001514,7141,341,463,390,772,1527,633,476,827,58,867,229,307,0,21,230
E02001515,9231,549,647,469,872,1721,828,364,1246,140,1244,446,457,3,19,226
E02001516,6045,268,425,330,592,1509,563,304,647,81,734,203,223,0,8,158
E02001517,7834,471,487,690,1190,1867,863,388,636,72,497,226,274,0,19,154
E02001518,9952,529,849,678,1170,2529,835,508,877,57,923,270,409,0,14,304
E02001519,6617,318,397,414,756,1460,597,268,806,100,730,266,303,0,14,188
E02001520,10601,751,630,1224,1582,2906,943,512,618,65,576,290,245,3,32,224
E02001521,11197,549,1437,496,1008,2043,742,924,1146,100,1207,400,400,54,27,664
E02001522,8611,567,613,552,936,1701,933,300,994,90,1074,328,274,2,17,230
E02001523,6677,324,604,530,824,1531,537,500,637,52,534,184,213,2,16,189
E02001524,5902,374,260,680,1002,1852,622,230,245,37,257,124,136,0,10,73
E02001525,5933,504,762,330,528,986,319,366,604,41,794,235,195,0,30,239
E02001526,5790,296,422,330,516,1121,422,350,780,60,780,255,287,0,22,149
E02001527,5836,356,405,508,760,1542,586,284,444,49,407,142,199,0,17,137
E02001528,10177,573,643,882,1362,2328,949,444,965,74,987,376,306,0,28,260
E02001529,9358,594,710,812,1108,1764,851,410,967,92,1016,416,337,2,27,252
E02001530,6236,291,551,358,626,1333,532,364,644,49,776,246,234,0,8,224
E02001531,6398,383,599,442,756,1312,589,378,646,37,597,226,177,0,24,232
E02001532,9487,542,539,692,1372,2818,850,526,741,68,627,221,268,0,16,207
E02001533,7402,375,478,414,896,1728,715,354,859,53,777,266,270,2,14,201
E02001534,9016,471,534,608,1024,2314,705,540,1000,60,899,253,329,0,6,273
E02001535,6093,309,329,592,1024,1821,597,274,341,40,261,141,184,0,10,170
E02001536,8349,597,581,830,1026,2115,684,456,625,79,624,275,224,2,31,200
E02001537,8214,379,592,501,952,2106,714,562,810,92,734,249,284,0,20,219
E02001538,7905,519,457,690,966,1662,808,366,732,87,768,292,325,0,17,216
E02001539,6018,235,323,384,726,1514,508,220,749,42,605,207,272,0,10,223
E02001540,11559,576,715,946,1370,2893,1013,464,1042,118,1032,383,553,0,21,433
E02001541,11125,648,783,998,1376,2361,992,450,977,121,1051,391,528,4,33,412
E02001542,7411,392,481,496,764,1663,678,282,747,56,859,189,478,0,11,315
E02001543,8394,488,565,677,1004,1708,756,322,963,105,908,270,322,0,28,278
E02001544,8628,360,520,638,994,2091,831,366,967,93,811,252,436,0,8,261
E02001545,8586,479,549,836,1264,2556,822,336,567,44,486,241,233,0,24,149
E02001546,6541,340,352,714,994,1613,679,262,441,42,364,163,324,0,23,230
E02001547,10672,461,595,514,1038,2466,947,404,1253,133,1318,409,685,0,27,422
E02001548,7934,466,627,353,618,1443,575,362,1099,145,1097,315,473,0,20,341
E02001549,5951,364,319,522,714,1558,704,288,456,67,364,151,262,0,10,172
E02001550,7441,481,424,506,788,1792,722,374,758,78,644,211,367,0,26,270
E02001551,6006,307,503,352,672,1127,563,334,711,57,591,221,253,0,17,298
E02001552,7593,359,495,434,704,1814,603,476,826,78,677,229,522,0,12,364
E02001553,10018,626,631,680,1004,2171,841,372,1033,133,963,344,637,8,38,537
E02001554,6401,318,272,668,774,1736,677,250,609,71,441,162,272,0,13,138
E02001555,5515,344,351,542,878,1377,584,270,344,67,256,156,161,0,9,176
E02001556,9239,529,558,484,810,2196,634,364,955,84,1073,411,692,11,37,401
E02001557,9217,428,916,410,844,2016,685,554,565,66,692,303,744,15,48,931
E02001558,6087,379,326,764,1046,1402,713,286,350,64,212,125,230,0,17,173
E02001559,7702,375,328,804,990,2364,724,302,554,64,482,208,254,0,25,228
E02001560,9735,448,1106,260,716,1794,456,520,926,55,1152,336,757,5,37,1167
E02001561,6263,407,793,268,572,1311,337,370,521,51,593,210,383,0,18,429
E02001562,5858,537,360,512,654,1185,560,176,593,76,503,280,228,0,22,172
E02001563,7520,478,437,868,946,1916,819,282,442,63,415,192,345,0,25,292
E02001564,7531,370,318,822,1334,2283,717,238,373,78,432,161,227,0,11,167
E02001565,6769,335,377,696,1066,2013,692,294,295,37,275,140,310,0,21,218
E02001566,7893,254,724,254,702,1949,474,508,831,62,845,274,451,8,6,551
E02001567,9099,475,575,592,934,2005,708,444,1030,84,975,341,468,0,41,427
E02001568,5906,384,467,436,656,1118,622,236,629,71,539,213,300,0,23,212
E02001569,9055,464,770,448,896,1902,849,440,1148,80,948,322,381,0,19,388
E02001570,6898,492,626,416,704,1188,561,342,713,93,726,238,449,0,22,328
E02001571,6052,340,350,631,850,1434,646,270,490,49,383,180,189,0,10,230
E02001572,7192,402,431,390,730,1430,695,330,827,117,828,278,425,0,14,295
E02001573,7811,389,383,504,744,1820,866,290,978,76,685,300,481,4,28,263
E02001574,6208,237,341,483,998,1649,556,328,531,92,360,191,222,0,24,196
E02001575,7146,408,459,378,656,1549,497,246,939,85,884,280,506,0,25,234
E02001576,5801,282,393,424,684,1791,447,292,470,41,460,155,190,0,14,158
E02001577,6425,522,382,862,1068,1569,579,268,257,44,333,157,157,0,32,195
E02001578,9366,478,650,478,1042,2450,767,530,1116,107,856,213,367,0,16,296
E02001579,9079,606,547,780,1086,2171,854,338,824,96,863,321,362,0,18,213
E02001580,8212,569,552,798,1086,1881,787,358,764,67,623,261,232,0,25,209
E02001581,5814,324,311,446,830,1422,588,246,527,67,513,174,207,2,12,145
E02001582,7174,417,432,610,824,1723,682,274,648,80,650,237,342,0,26,229
E02001583,5661,296,343,376,684,1198,502,314,664,69,586,207,278,0,7,137
E02001584,7080,324,394,588,1126,1990,891,340,363,83,389,212,198,0,12,170
E02001585,6131,388,585,314,642,1365,426,352,653,43,708,195,248,2,13,197
E02001586,8048,638,1016,689,944,1375,749,378,602,96,578,331,352,0,13,287
E02001587,5774,402,427,396,628,999,496,258,585,68,687,269,360,0,22,177
E02001588,7078,500,464,494,610,1634,627,236,746,73,829,334,367,0,5,159
E02001589,8162,374,503,598,1190,2513,693,418,655,30,542,185,255,0,14,192
E02001590,7473,322,513,312,486,1499,553,266,962,70,1294,349,580,0,16,251
E02001591,8219,359,724,297,650,2009,580,268,643,97,1001,258,902,0,17,414
E02001592,8863,504,493,730,1176,2148,962,364,751,104,717,311,353,0,16,234
E02001593,7034,255,730,220,442,1670,352,372,708,47,867,264,781,4,11,311
E02001594,6564,374,813,162,430,1509,367,350,570,31,602,194,737,9,21,395
E02001595,8658,401,440,716,1146,2422,1041,376,683,59,624,222,310,0,13,205
E02001596,8557,585,441,838,1118,2186,907,302,667,89,682,248,271,0,27,196
E02001597,9481,543,698,550,924,1872,794,426,1134,123,1218,373,510,0,9,307
E02001598,9575,671,439,956,1162,2584,900,410,672,82,701,324,416,0,41,217
E02001599,6250,372,273,666,778,1962,674,268,413,37,361,154,152,0,21,119
E02001600,10729,542,547,962,1200,3439,812,302,465,39,528,287,1101,2,14,489
E02001601,5027,331,291,548,656,1314,526,240,262,22,303,163,233,0,10,128
E02001602,8960,491,456,894,1104,2328,1003,346,751,97,677,257,306,0,14,236
E02001603,6562,374,415,514,804,1552,695,272,555,81,577,234,270,0,21,198
E02001604,8455,320,535,468,1094,2421,815,452,854,73,642,232,318,0,16,215
E02001605,7216,333,475,556,1014,1790,632,468,624,52,538,168,358,0,13,195
E02001606,7896,408,468,570,964,1908,799,330,715,77,786,277,342,0,17,235
E02001607,8788,518,486,788,1144,2047,933,358,737,119,787,275,333,0,14,249
E02001608,6872,315,334,591,898,2011,728,330,554,75,448,189,256,0,10,133
E02001609,8353,473,374,1040,1326,2247,857,336,512,63,501,223,216,2,8,175
E02001610,8223,479,447,848,1164,2396,629,374,599,65,490,222,312,0,20,178
E02001611,7463,496,566,656,1022,1842,642,362,597,47,619,226,211,0,4,173
E02001612,5844,305,392,540,860,1630,542,300,460,61,367,120,135,11,7,114
E02001613,10425,618,606,884,1416,2634,1092,492,827,113,847,344,284,6,26,236
E02001614,11083,633,591,926,1624,3361,1130,532,748,80,585,341,270,12,13,237
E02001615,7457,429,397,1000,1234,1943,742,360,421,18,319,160,197,10,27,200
E02001616,7086,522,475,707,696,1567,756,306,600,68,541,274,360,0,14,200
E02001617,5615,241,388,238,364,1132,408,208,798,85,1057,261,263,4,29,139
E02001618,9581,427,612,766,1356,3020,800,520,643,45,586,202,306,5,11,282
E02001619,9391,589,701,563,820,1683,818,330,1103,101,1342,441,558,10,33,299
E02001620,6563,349,516,296,528,1387,498,228,694,65,1171,280,384,6,15,146
E02001621,5435,298,449,332,454,1158,348,216,766,50,647,194,292,6,8,217
E02001622,8805,466,898,556,818,1502,623,484,1107,70,1208,362,395,12,23,281
E02001623,8163,530,666,362,520,2086,421,230,618,68,1195,374,785,17,13,278
E02001624,9620,358,769,594,972,2205,822,486,895,121,1196,274,577,2,20,329
E02001625,7712,420,499,384,594,1595,589,226,888,104,1404,328,434,8,17,222
E02001626,5910,301,339,422,632,1587,590,300,494,52,540,203,211,3,13,223
E02001627,6068,268,722,258,564,1244,443,512,564,41,620,244,204,16,10,358
E02001628,6277,261,384,241,370,2214,250,102,385,27,593,207,913,14,21,295
E02001629,6402,402,659,428,480,1333,417,292,487,59,801,263,414,48,17,302
E02001630,8547,243,501,266,384,3039,485,160,338,29,841,238,1383,78,4,558
E02001631,7746,449,503,634,832,1966,713,514,643,69,588,254,261,24,20,276
E02001632,12188,283,1059,229,514,3383,349,438,537,47,1735,371,2252,154,25,812
E02001633,7393,484,363,902,980,2167,812,262,384,54,364,204,242,0,16,159
E02001634,9214,491,989,512,1138,1736,568,1040,519,39,509,236,246,257,21,913
E02001635,6001,560,611,708,624,1297,526,252,429,68,515,145,117,5,15,129
E02001636,8757,622,1279,362,522,1579,362,468,508,61,880,284,522,621,29,658
E02001637,6925,285,370,204,344,2491,314,120,420,25,815,211,911,13,33,369
E02001638,6318,154,356,132,300,670,143,398,194,20,172,78,99,2557,2,1043
E02001639,6100,363,533,392,570,1086,274,630,317,15,345,124,80,718,22,631
E02001640,8178,235,711,152,372,969,220,462,171,10,145,67,195,3486,15,968
E02001642,9589,517,661,682,900,2660,734,566,810,94,725,296,536,44,22,342
E02001643,6288,449,352,754,776,2253,489,204,228,42,234,120,182,9,29,167
E02001646,7938,252,598,178,442,1042,205,332,218,20,204,76,223,3165,10,973
E02001647,6052,477,390,606,674,1585,495,222,416,38,547,219,196,8,12,167
E02001648,6851,327,630,386,666,1800,298,326,246,10,285,116,188,1306,4,263
E02001649,9424,525,1005,372,672,1698,613,390,1081,89,1516,446,595,47,28,347
E02001650,7687,241,1227,90,330,1131,113,472,337,9,559,119,507,1330,13,1209
E02001651,8145,467,308,1018,1076,3313,661,184,257,21,292,156,231,2,10,149
E02001652,10310,222,923,146,398,1823,320,642,292,49,557,160,897,2111,17,1753
E02001653,6756,409,732,360,494,1125,329,450,630,76,918,259,430,119,14,411
E02001654,6265,423,311,618,674,1646,647,234,552,64,518,194,195,2,13,174
E02001655,7621,498,678,541,764,1529,707,292,734,93,954,261,345,6,13,206
E02001656,7769,280,516,400,596,1727,371,496,313,31,314,149,355,833,16,1372
E02001657,8985,396,466,510,982,3192,608,474,605,48,503,202,194,136,8,661
E02001658,5360,282,456,280,388,886,345,162,672,75,1028,268,282,53,15,168
E02001659,6063,574,696,438,648,1051,457,320,558,58,592,236,231,4,24,176
E02001660,9702,404,1049,365,786,2495,387,794,502,22,441,209,981,157,22,1088
E02001661,7717,515,960,442,582,1332,465,462,630,60,942,291,362,185,11,478
E02001662,7523,563,504,701,854,1599,615,374,705,56,698,290,312,15,18,219
E02001663,7616,215,846,294,630,1735,489,714,856,63,588,175,353,19,10,629
E02001664,6150,381,476,674,752,1359,600,322,452,40,454,181,206,20,12,221
E02001665,9406,535,374,988,1252,3649,806,240,433,23,361,187,283,0,30,245
E02001666,6187,343,391,387,636,1429,591,268,653,70,598,237,374,21,8,181
E02001669,7642,383,763,446,780,1896,506,666,580,58,669,268,266,8,10,343
E02001670,5912,449,706,428,408,1019,406,238,627,69,783,253,279,31,19,197
E02001671,5965,342,407,654,908,1456,688,284,425,36,344,167,117,0,11,126
E02001672,6080,521,370,704,630,1605,551,276,443,64,430,175,185,6,10,110
E02001673,5525,139,331,286,758,2113,586,272,386,43,281,109,103,5,13,100
E02001674,8612,717,525,990,1178,2390,897,358,446,79,361,224,195,11,39,202
E02001675,8992,543,852,756,1174,1769,823,478,753,87,856,308,341,4,20,228
E02001676,5977,427,261,612,746,2129,539,234,354,26,217,135,121,0,24,152
E02001678,9960,751,494,1370,1354,3516,733,264,370,37,402,227,184,18,31,209
E02001679,6273,519,721,440,564,1371,450,286,507,55,757,223,221,5,14,140
E02001680,6084,480,1001,380,442,934,314,310,548,72,932,260,220,5,16,170
E02001681,7400,555,500,952,974,2290,630,248,378,31,349,188,167,0,12,126
E02006803,8798,372,618,718,1296,2830,688,466,626,93,441,206,243,13,8,180
E02006843,7110,44,1314,4,250,414,26,1028,62,3,113,23,87,2759,2,981
E02006844,7860,59,1141,32,228,642,44,550,51,16,391,96,276,3405,10,919
E02006868,12138,586,1111,532,792,1886,688,514,1015,102,1677,407,506,875,22,1425
E02006869,11065,700,783,818,1202,2748,1026,496,1141,118,951,369,444,3,21,245
E02002183,5530,488,383,764,786,1699,364,230,196,26,249,135,84,0,11,115
E02002184,12655,995,737,1519,1576,4217,797,462,660,57,704,246,271,0,42,372
E02002185,5909,322,336,528,806,2250,423,214,338,33,270,132,119,0,19,119
E02002186,12336,700,834,1100,1874,3312,1025,632,877,83,727,358,398,6,33,377
E02002187,5869,364,266,682,864,2095,519,230,264,26,186,104,144,0,21,104
E02002188,7680,374,438,615,1142,2470,540,354,464,72,358,184,416,0,17,236
E02002189,6646,257,296,378,596,2191,567,164,225,43,310,165,1143,0,4,307
E02002190,11966,416,848,440,774,3725,714,336,661,84,884,303,2075,16,12,678
E02002191,9353,441,606,372,562,2908,560,266,735,65,1084,319,982,0,27,426
E02002192,9145,529,478,940,1328,3007,824,418,500,68,385,209,239,0,8,212
E02002193,6009,469,717,310,454,1116,399,292,601,61,671,207,333,16,28,335
E02002194,7500,406,451,537,880,1731,667,264,716,85,728,274,519,0,27,215
E02002195,6340,418,380,604,960,1856,643,226,392,51,250,151,219,0,12,178
E02002196,6344,252,398,354,902,1832,541,320,582,82,520,167,194,2,11,187
E02002197,8474,597,918,492,876,1899,463,594,754,90,700,251,283,47,36,474
E02002198,8106,561,763,710,998,1994,672,458,552,70,524,231,313,0,15,245
E02002199,6380,305,473,528,894,1680,628,380,518,55,334,194,195,0,20,176
E02002200,9063,507,822,738,1188,2464,618,478,531,60,542,239,445,11,29,391
E02002201,11908,626,1057,602,1352,3034,964,686,1054,111,914,307,584,8,42,567
E02002202,6984,462,977,292,608,1378,388,534,553,55,493,249,403,4,24,564
E02002203,7655,346,710,370,706,1753,513,396,906,43,883,273,431,0,37,288
E02002204,11311,635,726,1020,1562,3195,989,538,733,101,751,346,422,0,27,266
E02002205,10035,521,811,670,1452,2475,815,634,821,101,649,277,325,8,29,447
E02002206,8720,448,435,558,840,2386,884,276,792,150,660,316,660,2,30,283
E02002207,7303,189,445,210,382,2543,410,130,252,26,433,195,1544,26,11,507
E02002208,7621,439,567,502,684,1602,593,326,778,67,1005,286,434,0,26,312
E02002209,5908,227,411,210,410,1224,354,214,742,73,1030,190,574,5,11,233
E02002210,7579,293,402,409,664,2272,804,222,496,71,630,243,755,0,12,306
E02002211,6952,211,305,212,248,2451,439,98,239,20,440,182,1541,21,7,538
E02002212,7235,226,242,250,394,2874,342,86,322,28,703,221,1185,6,17,339
E02002213,6745,380,487,522,838,1787,625,300,579,72,496,164,308,0,15,172
E02002214,5911,285,399,340,630,1582,436,268,535,73,476,180,485,0,8,214
E02002215,10499,200,431,140,270,4065,652,80,160,16,510,257,2957,29,10,722
E02002216,9109,220,790,106,204,2863,317,110,175,25,422,202,3037,22,7,609
E02002217,8779,338,633,212,374,3111,425,224,361,51,781,250,1470,16,12,521
E02002218,9346,408,663,428,824,2608,690,324,741,76,1122,294,810,0,20,338
E02002219,7836,141,307,132,256,3630,333,48,203,16,424,135,1740,9,13,449
E02002220,9199,174,311,122,324,3629,496,76,266,44,915,278,2054,10,23,477
E02002221,13430,326,1679,110,480,4390,377,464,288,28,1026,359,2674,319,15,895
E02002222,7979,332,479,310,566,2733,478,186,374,76,914,294,846,26,9,356
E02002223,7817,145,374,83,252,3066,473,90,241,12,536,199,1703,67,13,563
E02002224,10487,165,418,78,316,4556,381,68,191,30,862,257,2555,38,9,563
E02002225,8143,388,621,474,948,1980,657,412,774,104,664,236,535,0,29,321
E02002226,12494,137,767,126,250,3868,578,112,182,10,471,251,3669,797,8,1268
E02002227,6503,219,632,110,318,1773,236,128,364,39,835,229,1110,38,7,465
E02002228,6670,357,634,240,442,1352,391,276,730,87,1043,250,589,4,11,264
E02002229,7564,417,533,420,800,2013,727,292,587,37,715,222,540,0,14,247
E02002230,9364,222,995,70,312,2891,339,156,484,36,809,278,1893,106,13,760
E02002231,12708,383,711,434,1022,4509,961,314,623,107,1163,382,1573,4,12,510
E02002232,6382,284,569,234,454,1956,302,212,258,43,725,222,761,21,14,327
E02002233,9238,202,378,112,286,3538,416,98,460,66,1085,250,1803,8,6,530
E02002234,7814,349,674,200,402,1343,323,250,1081,78,1690,316,753,2,13,340
E02002235,7080,239,472,172,338,2376,357,172,350,44,742,225,1156,2,17,418
E02002236,5993,363,398,404,540,1613,493,234,484,56,640,221,310,0,12,225
E02002237,8252,341,535,454,716,2060,738,336,854,71,1057,270,535,0,16,269
E02002238,6122,388,450,272,462,1463,390,202,474,81,842,299,529,2,3,265
E02002239,9868,350,769,376,986,2579,733,442,889,76,1288,281,728,0,22,349
E02002240,10621,453,710,612,1288,3066,1039,522,851,102,842,310,485,0,21,320
E02002241,11815,552,905,560,1012,2476,908,480,1456,192,1538,484,800,0,22,430
E02002242,7712,448,522,612,980,1511,805,372,691,95,667,263,419,10,14,303
E02002243,9319,475,751,628,1068,1803,805,428,971,112,1006,306,558,0,18,390
E02002244,5948,323,369,484,806,1600,580,228,465,56,502,162,201,0,4,168
E02002245,5627,234,608,236,434,1007,281,254,789,62,958,247,273,0,14,230
E02002246,9640,591,577,973,1240,2772,999,430,622,74,570,244,310,0,13,225
E02002247,9360,476,1001,518,1212,2376,464,654,895,47,788,249,316,6,14,344
E02002248,7494,417,611,338,672,1598,590,276,922,106,982,287,386,0,18,291
E02002249,5475,212,568,202,532,940,388,236,740,64,897,219,264,0,2,211
E02002250,8408,562,705,636,1100,2271,587,460,630,78,589,258,294,0,14,224
E02002251,7357,540,1336,398,678,1237,389,434,639,64,672,242,214,2,17,495
E02002252,5993,337,315,594,908,1513,479,254,457,41,490,158,254,0,12,181
E02002253,7607,388,555,280,530,2472,329,252,613,31,856,224,730,0,6,341
E02002254,5709,311,377,564,786,1657,568,252,315,33,387,137,167,0,11,144
E02002255,7735,271,572,110,214,2795,390,100,252,15,610,181,1727,20,8,470
E02002256,9165,512,934,488,1040,1938,537,568,868,47,898,293,547,0,10,485
E02002257,6202,205,400,116,310,2368,323,134,251,15,597,111,923,15,13,421
E02002258,8767,550,794,662,1084,2396,694,556,617,66,596,276,190,7,21,258
E02002259,6550,416,601,446,746,1756,451,368,404,45,466,172,371,2,19,287
E02002260,9078,567,1021,572,1004,1763,633,624,813,90,873,331,342,0,23,422
E02002261,8088,448,782,518,956,1881,605,460,763,77,767,221,303,0,17,290
E02002262,7878,537,771,720,956,1848,507,450,663,51,649,240,283,2,10,191
E02002263,6661,326,493,438,858,1613,529,338,605,73,659,238,256,0,25,210
E02002264,6898,471,512,587,832,2158,564,284,337,37,401,184,296,0,16,219
E02002265,5385,349,531,360,744,1146,380,326,507,22,449,156,183,0,12,220
E02002266,5722,305,487,542,706,1548,502,298,437,38,423,126,128,0,13,169
E02002267,8017,443,603,590,1004,2066,716,374,651,81,753,256,251,0,9,220
E02002268,9820,618,969,668,1100,2169,676,550,856,82,979,362,408,11,24,348
E02002269,9517,435,735,574,1364,2761,723,508,835,75,691,249,307,0,22,238
E02002270,8275,366,586,494,1234,2573,677,480,712,81,484,151,217,0,16,204
E02002271,7033,406,429,628,954,2028,575,340,507,84,473,168,253,0,12,176
E02002272,9405,492,751,610,1134,2167,805,496,1007,129,909,327,283,0,5,290
E02002273,6136,299,472,516,818,1638,517,338,475,49,473,181,193,2,8,157
E02002274,6942,284,408,530,872,2097,642,344,561,65,519,186,204,0,25,205
E02002275,8479,525,930,579,880,2117,690,512,728,62,622,243,273,0,15,303
E02002276,7199,293,478,542,886,1645,773,292,663,68,736,214,386,0,12,211
E02002277,6448,265,462,402,652,2160,525,246,396,49,395,188,439,0,14,255
E02002278,6335,334,411,388,786,1495,545,322,708,83,649,152,272,6,16,168
E02002279,6140,361,626,376,658,1237,464,322,777,63,570,210,261,4,12,199
E02002280,6219,335,459,212,352,2140,379,116,190,46,552,216,988,0,3,231
E02002281,11318,455,768,610,946,3322,816,444,904,91,902,306,1193,5,16,540
E02002282,7195,208,449,296,528,2590,431,226,430,56,606,232,843,8,13,279
E02002283,7822,200,360,194,444,3338,712,166,199,63,385,202,1141,0,6,412
E02002284,6049,356,479,524,704,1535,678,244,465,76,420,184,230,2,4,148
E02002285,7898,419,518,654,1046,2206,705,378,675,56,470,206,355,2,9,199
E02002286,6059,258,438,218,508,1825,417,230,445,65,708,186,527,2,2,230
E02002287,6725,281,793,223,490,2101,283,318,283,56,437,146,881,10,10,413
E02002288,9201,408,730,456,910,2119,728,460,993,105,1153,280,514,0,12,333
E02002289,6499,150,382,124,350,2561,348,150,331,33,679,176,896,2,7,310
E02002290,6218,397,317,706,882,1662,674,260,428,38,366,165,183,0,19,121
E02002291,6446,338,373,532,822,1773,653,300,504,54,517,163,254,0,16,147
E02002292,5686,295,386,442,726,1562,569,230,305,37,444,145,283,0,9,253
E02002293,7899,220,580,160,364,3089,323,140,359,27,834,151,1328,0,6,318
E02002294,10492,246,434,292,588,4109,759,144,302,38,671,196,2123,15,15,560
E02002295,6672,307,711,226,430,1319,293,240,616,34,1416,294,432,9,17,328
E02002296,6708,488,567,670,876,1747,470,328,414,35,442,213,236,0,15,207
E02002297,6899,309,416,614,822,2112,567,304,309,37,374,172,557,14,6,286
E02002298,6706,356,442,540,880,1382,680,270,682,42,607,282,340,0,10,193
E02002299,6410,291,857,162,354,1425,215,202,487,29,1097,251,406,280,13,341
E02002300,6652,487,403,698,810,1916,574,304,393,44,417,158,224,2,12,210
E02002301,7644,242,748,180,402,2396,383,240,247,17,575,173,1198,245,18,580
E02002302,6348,279,343,446,924,1889,497,346,495,50,420,183,232,2,8,234
E02002303,6380,379,645,460,674,1647,420,340,402,35,522,199,387,22,21,227
E02002304,6405,345,961,312,500,1316,298,440,281,25,339,171,523,388,7,499
E02002305,6061,329,621,250,470,1269,484,258,440,46,912,218,334,113,12,305
E02002306,6344,346,394,444,878,1864,694,340,376,46,382,167,218,0,6,189
E02002307,5978,380,457,486,578,1338,576,272,481,67,576,228,314,11,6,208
E02002308,6441,304,597,424,722,1580,500,440,533,44,599,215,233,0,19,231
E02002309,6664,355,831,258,416,1581,301,260,262,25,536,177,847,320,16,479
E02002310,6028,407,549,352,526,1233,414,356,490,45,663,220,250,222,10,291
E02002311,6314,307,578,330,720,1459,507,436,552,74,680,218,235,4,8,206
E02002312,6727,275,887,238,526,1068,297,472,552,66,787,201,300,595,2,461
E02002313,7610,202,578,138,336,2627,337,170,299,20,672,174,1413,131,2,511
E02002314,5967,398,377,622,694,1415,455,284,377,75,557,231,245,0,9,228
E02002315,6745,283,750,328,652,1441,462,456,742,84,712,219,281,0,8,327
E02002316,6435,368,339,606,994,1816,516,284,535,58,395,168,185,4,11,156
E02002317,7039,386,585,380,618,2013,450,230,449,60,782,282,517,9,15,263
E02002318,6308,450,590,422,690,1242,513,278,450,79,632,233,343,103,18,265
E02002319,6508,322,569,430,816,1738,456,354,606,60,535,202,192,0,15,213
E02002320,6385,445,701,666,844,1363,559,342,369,32,415,188,184,13,24,240
E02002321,6027,280,386,502,970,1810,613,276,421,21,319,152,124,9,22,122
E02002322,6398,326,439,448,942,1669,554,334,563,65,428,217,177,14,10,212
E02002323,8426,529,492,760,1138,2571,715,368,624,51,434,229,246,10,14,245
E02002324,6477,379,379,610,954,1801,599,298,421,57,396,194,183,3,14,189
E02002325,8419,444,501,698,1256,2377,665,372,601,86,630,255,324,0,11,199
E02002326,6264,280,282,482,862,2349,561,280,357,49,345,107,160,0,2,148
E02002327,9776,439,525,850,1396,3099,966,504,551,41,558,241,322,0,22,262
E02002328,6886,374,397,582,1060,2149,617,302,397,44,434,162,208,0,11,149
E02002329,11946,496,811,826,1684,3668,990,640,935,93,827,369,298,2,34,273
E02002330,6592,357,271,894,1138,2182,617,184,197,18,274,189,120,0,7,144
E02002331,5507,592,422,590,686,1265,369,252,330,36,416,186,112,0,9,242
E02002332,5849,437,318,544,736,1612,515,212,440,47,505,231,158,0,7,87
E02002333,7729,577,708,594,1100,2093,600,490,467,42,453,204,165,7,27,202
E02002334,7083,549,391,786,1140,2156,535,308,347,27,304,178,208,0,4,150
E02002335,7552,411,370,875,1146,2697,632,226,315,34,340,138,204,0,28,136
E02002336,6734,417,327,764,976,2504,444,208,327,28,259,116,185,3,13,163
E02002337,6685,263,430,668,928,2384,550,394,309,25,300,124,116,12,2,180
E02002338,6729,426,410,476,806,2175,567,362,421,29,422,224,185,2,12,212
E02002339,5634,376,565,388,576,1222,401,366,513,45,555,214,234,10,16,153
E02002340,5519,397,422,488,754,1313,495,344,330,44,427,176,159,12,21,137
E02002341,7348,406,327,836,950,2606,691,252,216,12,304,190,289,7,28,234
E02002342,5752,396,411,654,776,1629,570,194,330,25,309,151,158,6,16,127
E02002343,5729,285,334,364,766,1893,549,308,388,34,380,140,116,0,11,161
E02002344,7653,512,670,679,898,2446,614,316,240,18,431,208,368,2,29,222
E02002345,5475,333,324,530,814,1805,541,166,152,26,223,144,217,2,19,179
E02002346,5982,360,577,430,610,1501,434,308,399,46,676,263,164,4,4,206
E02002347,5971,385,628,298,554,1432,411,200,376,34,802,301,333,5,22,190
E02002348,6054,477,507,404,578,1616,474,282,366,53,535,237,263,0,27,235
E02002349,5554,372,569,366,648,1665,342,346,228,12,285,145,199,9,7,361
E02002350,5973,361,339,784,732,2069,512,252,223,30,240,125,112,2,23,169
E02002351,5380,298,223,670,814,1598,519,196,291,30,270,136,194,7,8,126
E02002352,7362,492,516,506,690,2192,632,414,350,12,343,212,497,8,13,485
E02002353,5781,194,350,256,616,2237,469,246,315,19,347,142,300,5,12,273
E02002354,7782,520,591,532,688,2291,652,392,280,32,513,252,556,0,32,451
E02002356,7361,430,486,620,1028,2508,588,496,312,32,297,128,158,10,8,260
E02002357,7755,483,703,504,884,1846,548,652,468,29,575,295,264,28,11,465
E02002358,7341,459,498,580,814,1736,714,272,505,44,738,294,404,5,24,254
E02002359,6393,408,349,706,944,1931,564,300,308,40,318,145,183,14,25,158
E02002360,6731,321,619,349,596,1876,398,442,400,30,684,173,238,68,18,519
E02002361,5653,300,605,264,494,1753,321,272,343,43,440,169,334,10,10,295
E02002362,7658,480,864,366,608,1430,451,444,629,77,1055,346,463,20,28,397
E02002363,6901,367,838,290,638,1381,404,816,355,26,340,203,250,7,11,975
E02002364,5706,421,722,256,388,926,451,224,600,78,918,269,226,3,29,195
E02002366,7577,360,451,460,622,2399,605,248,260,31,521,244,1011,2,14,349
E02002367,5915,267,695,168,344,1033,289,234,413,63,1144,280,539,20,7,419
E02002368,7893,393,651,632,1118,2258,586,616,567,57,441,184,179,2,4,205
E02002369,6892,429,590,331,452,1459,456,238,584,81,1122,324,528,0,24,274
E02002370,6620,429,542,302,540,1243,378,266,791,72,1101,352,362,11,10,221
E02002371,9594,417,1334,204,426,1877,428,322,447,24,1451,528,1194,118,23,801
E02002373,8448,155,548,72,160,296,154,274,135,13,55,72,202,4579,16,1717
E02002374,6542,342,717,310,484,1183,348,544,313,30,482,189,241,299,29,1031
E02002375,5393,222,515,202,462,1065,304,286,599,52,831,192,300,146,15,202
E02002376,6845,231,459,162,314,1986,286,138,507,71,1371,198,828,19,15,260
E02002377,7033,163,608,68,208,2393,236,90,179,7,697,218,1542,59,15,550
E02002379,5243,223,336,180,310,1043,263,170,661,62,1150,224,427,12,21,161
E02002380,5265,320,384,424,610,1289,428,328,360,59,458,203,141,0,8,253
E02002381,6095,283,704,310,698,1192,434,616,504,33,652,184,200,20,10,255
E02002382,5990,127,684,68,194,1754,199,178,328,6,993,192,798,52,4,413
E02002383,7512,60,442,30,128,376,102,178,72,9,260,95,339,3837,7,1577
E02002384,8538,335,1786,152,372,1402,139,440,211,35,979,246,433,1065,13,930
E02002385,7959,260,981,104,280,795,138,656,292,12,517,173,259,1514,17,1961
E02002386,8307,660,606,984,1126,1815,861,402,466,35,507,278,296,7,25,239
E02002387,5450,363,563,190,456,1026,303,320,640,50,700,168,318,4,15,334
E02002388,7299,280,775,284,674,1575,464,448,679,49,947,244,385,7,14,474
E02002389,6600,398,684,338,470,1324,373,198,565,67,1208,290,441,2,24,218
E02002390,6055,357,523,336,578,1312,512,308,514,55,701,273,324,3,8,251
E02002391,7749,412,712,410,918,1982,607,610,579,33,635,293,237,5,4,312
E02002392,5168,103,970,58,184,495,60,318,39,15,302,92,195,1480,2,855
E02002393,7519,326,1698,122,340,1857,174,330,347,28,1006,213,391,68,23,596
E02002394,6770,334,1067,194,368,1340,287,230,479,50,1306,261,389,27,12,426
E02002395,6321,341,295,450,634,1969,618,194,286,25,367,195,646,11,4,286
E02002396,8375,417,981,418,824,1924,612,564,567,52,678,264,439,8,16,611
E02002397,7397,391,701,488,854,1632,659,398,670,48,740,244,308,12,14,238
E02002398,7431,518,434,858,896,2002,822,260,456,68,438,248,169,8,15,239
E02002399,6183,268,520,276,518,1266,526,184,613,84,1062,279,318,14,6,249
E02002400,7644,402,1147,236,472,1225,285,456,551,73,1170,302,595,20,26,684
E02002401,6203,300,498,216,394,1159,386,162,703,73,1347,228,494,12,28,203
E02002402,5755,238,337,524,810,1812,642,244,385,27,281,127,157,3,13,155
E02002403,5975,427,375,560,666,1531,568,244,396,31,428,221,237,109,21,161
E02002404,8225,384,1757,196,550,938,321,874,534,73,1024,241,379,147,16,791
E02002405,7386,487,483,640,858,2023,679,360,540,87,529,246,270,2,19,163
E02002406,7007,337,273,730,962,2247,920,252,378,35,434,154,158,3,9,115
E02002407,6273,317,774,213,374,1110,305,332,848,63,1051,256,329,8,4,289
E02002408,7112,482,650,468,796,1901,470,458,647,63,481,236,212,0,14,234
E02002409,5919,283,543,492,594,1235,423,356,549,63,642,216,295,0,15,213
E02002410,6500,399,709,368,812,1427,535,432,551,64,509,184,201,4,4,301
E02002411,6951,263,1380,134,460,1145,223,584,495,25,715,216,486,68,12,745
E02002412,6791,314,642,422,782,1649,518,516,573,61,668,183,218,2,2,241
E02002414,5674,349,832,185,356,1082,261,268,436,44,799,216,374,26,8,438
E02002415,6482,152,992,62,202,1844,173,192,336,29,845,193,933,35,8,486
E02002416,6302,489,319,814,852,1503,651,248,367,41,445,176,231,13,12,141
E02002417,6292,326,374,544,906,1481,611,364,576,42,492,182,185,2,11,196
E02002418,7234,360,406,506,996,2129,670,312,539,32,567,254,253,0,24,186
E02002419,7832,462,816,370,628,1477,448,324,900,59,1133,361,488,20,12,334
E02002420,7822,391,650,436,730,1920,576,318,606,64,819,272,529,29,27,455
E02002421,5897,338,665,218,380,981,371,196,642,61,1225,282,334,10,14,180
E02002422,6137,282,414,494,878,1655,555,376,448,36,427,137,215,0,24,196
E02002423,5606,288,520,278,598,1037,536,224,528,68,835,219,248,0,28,199
E02002424,7565,371,567,494,898,2101,588,440,668,54,648,226,221,0,11,278
E02002425,8367,464,587,726,1246,2064,714,424,695,46,649,217,292,0,18,225
E02002426,7639,417,439,706,920,2307,611,372,420,73,563,245,327,12,11,216
E02002427,6805,492,413,614,834,1456,719,312,557,56,698,225,229,0,14,186
E02002428,6867,341,690,400,738,1371,471,490,718,49,838,220,306,3,17,215
E02002429,8178,386,555,654,1010,2298,624,488,668,51,673,248,244,2,20,257
E02002430,7141,384,595,294,488,1324,428,208,911,103,1377,335,457,11,5,221
E02002431,7955,292,859,316,926,1932,470,692,795,49,775,249,269,4,11,316
E02002432,7083,359,389,528,834,2222,600,304,656,51,565,218,223,0,2,132
E02002433,6145,527,885,320,778,1173,381,532,398,41,515,179,217,2,21,176
E02002434,8563,279,598,336,960,2539,581,748,917,66,824,195,303,0,6,211
E02002435,7379,363,589,592,948,1922,565,472,629,53,536,188,261,2,8,251
E02002436,6552,343,483,438,766,1699,486,332,562,63,593,233,275,9,28,242
E02002437,6190,200,266,440,898,2210,635,212,404,71,363,158,155,0,13,165
E02006852,10563,462,997,558,974,2236,574,864,417,34,344,169,427,934,21,1552
E02006861,10488,256,1120,90,298,500,133,706,222,6,276,94,375,4476,14,1922
E02006875,5493,28,1891,6,354,218,28,1228,60,3,31,21,42,347,0,1236
E02006876,6495,246,1294,184,548,799,256,788,338,39,621,161,257,109,31,824
E02002438,7759,424,500,492,810,1495,675,274,981,105,1137,320,318,0,7,221
E02002439,7593,522,828,482,856,1379,703,540,657,72,685,300,247,0,19,303
E02002440,7735,418,425,613,962,1797,791,260,761,69,743,271,371,0,17,237
E02002441,8483,538,731,576,896,1745,697,582,884,117,806,323,347,0,9,232
E02002442,6671,241,435,418,972,1724,724,420,529,65,475,171,252,0,12,233
E02002443,5819,180,328,348,758,1930,635,314,394,53,373,128,164,0,0,214
E02002444,5874,348,501,432,776,1524,494,332,394,36,480,193,191,0,6,167
E02002445,6845,459,456,578,912,1600,631,334,516,61,578,250,236,0,14,220
E02002446,5983,353,342,622,796,1743,564,304,441,61,261,154,169,0,8,165
E02002447,6059,384,536,358,724,1238,617,332,584,60,517,216,256,0,21,216
E02002448,7528,455,580,532,900,1410,647,400,901,70,854,248,277,0,15,239
E02002449,8063,238,369,570,1038,2348,800,462,752,50,775,211,190,0,18,242
E02002450,6711,325,463,388,872,2025,630,358,495,61,522,159,229,0,10,174
E02002451,7037,411,381,696,1062,1961,856,240,352,72,437,229,156,0,11,173
E02002452,7846,515,916,458,866,1597,522,502,792,76,755,273,258,4,25,287
E02002453,9179,593,869,452,1028,1909,722,476,839,76,1067,396,410,0,32,310
E02002454,7406,437,1062,268,612,1687,342,494,289,47,396,192,738,18,6,818
E02002455,6149,397,311,396,582,1337,625,240,668,58,821,244,290,0,15,165
E02002456,6416,255,630,340,652,1602,399,386,532,51,596,173,376,0,8,416
E02002457,7569,393,723,376,758,1759,488,314,619,96,921,266,494,0,21,341
E02002458,8746,462,525,674,1234,2355,755,456,780,56,753,236,238,0,12,210
E02002459,9292,456,724,474,970,2532,706,446,787,80,978,344,434,0,20,341
E02002460,7029,505,366,872,1098,1768,715,278,414,46,390,208,173,0,19,177
E02002461,9931,470,554,652,1326,2659,841,576,899,81,905,302,388,0,28,250
E02002462,7288,488,585,596,1024,1887,684,382,530,57,519,160,136,0,2,238
E02002463,9049,416,631,446,684,1916,590,308,1228,82,1445,411,584,2,17,289
E02002464,7836,510,629,618,868,1572,687,312,858,69,899,291,277,0,30,216
E02002465,5984,481,601,596,730,1254,569,282,334,46,356,184,247,0,8,296
E02002466,8976,640,561,802,1158,2274,845,446,669,104,695,318,216,0,33,215
E02002467,8203,326,974,274,704,1811,470,550,683,45,964,228,604,4,6,560
E02002468,5984,313,454,442,824,1442,583,352,421,39,523,221,170,0,8,192
E02002469,5945,280,265,516,786,1695,779,184,432,63,440,152,173,0,8,172
E02002470,6097,401,194,904,1018,1801,697,230,144,25,206,136,191,0,9,141
E02002471,10302,563,560,1136,1676,2880,962,516,560,49,546,269,281,0,14,290
E02002472,5648,313,297,522,924,1484,556,294,412,52,350,142,158,2,7,135
E02002473,6309,288,379,573,1050,1635,622,356,523,32,342,170,174,4,9,152
E02002474,6064,418,450,394,680,1360,609,268,561,71,655,234,187,0,12,165
E02002475,5933,330,316,618,952,1649,581,302,384,28,320,154,149,0,28,122
E02002476,5732,310,362,356,580,1102,538,188,721,67,749,233,327,0,24,175
E02002477,6294,340,393,452,802,1377,676,326,590,62,675,247,181,0,26,147
E02002478,5818,315,370,386,732,1468,557,248,601,57,525,137,269,0,4,149
E02002479,8314,544,575,692,1010,1829,817,352,813,85,726,371,278,0,19,203
E02002480,5860,420,470,500,694,1148,573,242,602,39,505,201,237,0,11,218
E02002481,6263,374,386,430,686,1530,606,248,640,53,638,218,247,0,20,187
E02002482,6642,356,428,448,670,1630,660,228,796,56,704,182,302,0,9,173
E02002796,6135,418,244,742,796,2099,584,202,280,42,283,154,136,8,15,132
E02002797,7486,696,333,1258,930,2290,648,204,280,37,248,177,154,15,31,185
E02002798,10090,258,750,560,1406,3497,924,722,601,59,541,179,304,0,19,270
E02002799,5992,298,342,396,512,1257,451,298,727,44,910,240,316,6,11,184
E02002800,6969,498,558,502,850,2018,303,462,413,39,359,123,182,250,13,399
E02002801,7602,456,407,648,758,1980,754,300,641,105,716,241,342,8,17,229
E02002802,7921,368,629,320,516,1420,561,352,1040,104,1448,321,511,10,31,290
E02002803,6474,356,1311,188,514,713,216,680,317,34,519,191,99,509,14,813
E02002804,7628,609,379,556,682,1697,656,234,749,76,906,384,358,17,16,309
E02002805,5668,405,341,758,882,1318,584,232,406,43,275,157,120,8,10,129
E02002806,6189,233,745,178,380,806,230,570,420,41,584,217,195,847,8,735
E02002807,8978,457,524,684,956,2308,817,366,787,93,897,368,391,10,29,291
E02002808,11255,428,2100,206,578,1244,300,994,833,46,1112,346,416,972,24,1656
E02002809,6599,392,419,568,688,1505,538,310,633,70,646,278,268,4,11,269
E02002810,8180,432,382,988,1200,2429,819,300,440,29,485,232,221,26,9,188
E02002811,9843,332,1063,166,362,2939,421,290,452,43,838,287,1569,166,10,905
E02002812,6735,346,483,494,590,1923,571,242,309,32,407,197,626,45,26,444
E02002813,10164,347,1136,135,354,2815,420,316,510,25,1046,242,1913,58,21,826
E02002814,7285,584,438,752,1110,2095,755,288,294,39,343,179,193,2,24,189
E02002815,7630,218,436,232,296,2433,420,124,334,13,768,284,1442,21,11,598
E02002816,9357,239,447,466,904,3884,736,242,384,49,708,174,790,6,7,321
E02002817,6248,339,229,599,640,1904,650,132,246,31,334,174,612,6,17,335
E02002818,7469,295,566,242,416,2162,411,206,580,45,1059,351,705,7,17,407
E02002819,7241,402,831,450,832,1346,471,654,639,56,630,241,254,18,22,395
E02002820,9694,497,717,466,816,2202,725,488,1065,101,1259,340,503,13,13,489
E02002821,10965,433,887,316,676,2407,582,374,1319,89,2066,477,836,4,15,484
E02002822,6708,386,390,586,624,1814,632,220,463,45,651,226,382,3,13,273
E02002823,7424,532,451,704,782,1733,672,314,652,69,692,282,302,2,18,219
E02002824,9618,350,692,346,814,2455,720,272,837,96,1476,339,846,0,13,362
E02002825,8427,489,579,676,920,2679,501,368,675,56,638,217,327,0,12,290
E02002826,6651,339,337,346,744,2332,559,222,446,34,719,167,249,0,2,155
E02002827,6398,151,550,184,620,1721,514,296,484,40,832,233,484,29,2,258
E02002828,7563,276,378,400,746,2136,1141,162,322,59,401,192,853,15,8,474
E02002829,10494,498,966,390,580,2123,699,348,1013,111,1765,500,866,46,18,571
E02002830,9984,198,1002,196,718,2581,725,308,741,56,1524,357,987,38,8,545
E02002831,6755,242,257,316,510,2063,885,76,227,31,408,293,962,27,15,443
E02002832,7943,294,433,332,558,2112,1067,68,85,33,446,335,1328,47,12,793
E02002833,8149,213,251,212,396,2629,1182,64,240,36,541,347,1349,21,33,635
E02002834,9731,415,725,628,896,2375,982,408,522,75,597,305,887,65,11,840
E02002835,12533,265,681,283,1062,4438,955,414,612,50,1059,263,1685,16,8,742
E02002836,9319,382,343,310,534,2457,1246,58,128,14,618,487,1745,45,22,930
E02002837,7409,232,491,160,348,2242,552,128,451,65,1038,275,943,15,14,455
E02002838,7666,444,571,308,444,1499,415,196,848,71,1462,384,635,38,14,337
E02002839,7576,444,376,428,558,2161,807,156,528,68,657,272,716,23,29,353
E02002842,7628,220,947,118,474,1157,261,632,614,45,1028,212,665,167,13,1075
E02002843,12961,297,536,213,562,4992,1042,100,195,52,862,441,2664,31,10,964
E02002844,11927,352,679,180,446,4745,788,52,239,31,1068,466,2042,43,13,783
E02002845,10230,467,833,282,652,3231,717,194,294,57,1154,450,1193,23,24,659
E02002846,7301,355,492,420,838,1922,712,388,480,35,442,209,519,9,30,450
E02002847,10260,204,215,296,448,4048,1059,42,156,17,482,306,2068,85,15,819
E02002848,11026,233,590,158,374,3882,750,94,275,20,794,337,1879,634,20,986
E02002849,11698,352,1742,166,570,1455,300,956,528,44,772,264,712,1627,16,2194
E02002851,7896,442,254,708,648,2112,1040,102,190,24,356,231,1234,0,19,536
E02002852,7098,278,423,144,410,1501,381,150,1085,117,1500,297,612,6,7,187
E02002853,12703,303,713,324,562,4002,1233,176,237,29,684,308,2167,890,14,1061
E02002854,8077,404,601,252,490,1806,466,316,908,102,1204,342,514,119,16,537
E02002855,6571,168,637,236,550,1244,511,454,346,24,418,191,463,292,12,1025
E02002856,11134,534,1436,432,848,1929,387,924,439,22,402,183,499,1891,16,1192
E02002857,6150,227,869,198,486,929,305,532,657,46,735,224,233,133,17,559
E02002858,7136,372,455,552,768,2455,581,356,365,24,307,138,407,38,2,316
E02002860,7737,453,574,601,808,1781,634,378,667,84,603,300,436,8,17,393
E02002861,7734,259,408,254,354,1640,449,192,935,96,1633,416,744,21,34,299
E02002862,8266,575,631,404,598,1457,517,346,1060,87,1354,412,515,4,31,275
E02006815,9111,626,542,670,640,1897,760,192,799,123,1314,419,726,14,31,358
E02006817,7507,313,544,440,578,1866,633,234,367,70,465,272,674,461,19,571
E02006819,8046,325,711,272,508,1659,433,260,1050,84,1461,309,610,3,19,342
E02006850,6895,169,1400,54,232,444,116,266,127,10,373,95,381,2358,7,863
E02006851,4915,75,1638,2,296,346,23,554,106,4,75,29,50,1062,0,655
E02002868,5771,222,377,610,802,1315,618,174,345,79,578,183,247,0,20,201
E02002869,7299,487,686,286,616,1269,418,334,757,63,1389,314,367,9,10,294
E02002871,7767,409,731,460,794,1482,713,378,809,104,864,282,345,15,24,357
E02002872,8644,389,942,332,748,1542,567,390,879,121,1609,310,497,11,10,297
E02002873,8983,306,990,362,660,1874,427,450,1003,91,1443,379,575,31,18,374
E02002874,7288,380,555,328,542,1633,523,332,565,55,1078,339,464,21,33,440
E02002875,8190,430,797,266,596,1499,417,502,822,120,1470,310,517,10,21,413
E02002876,7760,390,785,458,698,1461,583,452,678,89,933,277,513,25,16,402
E02002877,7370,458,1053,412,704,1369,367,674,502,54,401,238,330,37,38,733
E02002878,8983,218,517,170,378,1654,386,212,1299,135,2507,382,763,7,23,332
E02002879,8881,287,1067,276,686,2085,409,640,751,107,926,298,498,50,10,791
E02002880,8639,269,544,218,460,1819,420,234,1067,116,2103,400,637,22,16,314
E02002881,6139,354,605,266,380,1212,347,200,659,70,1106,258,443,11,5,223
E02002882,7681,325,1310,276,630,1390,340,766,430,26,447,186,354,177,10,1014
E02002883,7483,282,1072,210,622,1291,338,642,581,50,1098,312,473,43,8,461
E02002884,5953,176,643,68,224,1415,207,360,283,26,350,154,800,265,5,977
E02002885,8126,195,897,90,302,2060,241,258,345,34,813,247,1059,601,10,974
E02002886,8785,476,601,535,614,2502,691,226,369,46,744,284,1026,115,18,538
E02002887,6316,579,525,445,574,1262,460,216,532,41,648,277,457,9,25,266
E02002888,6550,318,990,173,340,1029,280,220,585,62,1271,326,412,39,22,483
E02002889,6871,141,1338,50,174,326,135,380,156,27,378,142,312,2386,8,918
E02002890,9170,371,2033,120,320,898,162,540,403,44,919,251,390,1728,20,971
E02002891,8315,384,638,476,646,2087,612,310,631,78,922,319,739,30,34,409
E02002892,6071,458,411,336,466,1273,402,204,615,59,881,305,396,7,6,252
E02002893,10458,314,1540,119,376,1736,159,366,384,34,799,177,775,2340,16,1323
E02002894,6833,351,327,488,776,2343,614,240,269,21,334,143,529,105,5,288
E02002895,7959,187,1029,148,488,605,165,668,112,13,116,58,192,2959,2,1217
E02002896,9948,342,1424,142,416,1954,342,544,667,73,1213,284,1060,113,32,1342
E02002897,7896,576,487,916,844,2354,721,224,281,61,408,236,486,10,28,264
E02002898,10691,260,1036,126,292,755,189,272,175,22,238,170,325,5581,12,1238
E02002899,5038,289,458,268,390,994,219,184,316,12,413,150,306,616,14,409
E02002901,5696,359,444,532,688,1401,468,304,386,77,376,219,215,29,17,181
E02002902,7881,594,641,484,688,1571,706,320,614,103,841,381,423,138,16,361
E02002903,6334,512,504,498,624,1110,567,180,609,64,720,258,405,48,10,225
E02002904,6137,448,411,418,490,1197,523,208,628,74,744,286,355,41,8,306
E02006834,7664,559,943,540,604,1126,547,314,681,115,1223,325,389,11,20,267
E02006904,6965,114,1626,76,400,551,103,834,228,9,349,117,270,1085,9,1194
E02006905,7203,397,1034,162,378,1377,285,372,436,31,911,283,540,77,19,901
E02002863,6375,308,305,648,1124,2198,492,244,325,28,263,122,154,4,14,146
E02002864,5793,332,362,684,814,1545,506,246,347,27,390,193,165,0,12,170
E02002865,7470,560,480,898,998,2050,572,360,411,42,508,200,163,0,30,198
E02002866,7240,442,337,790,1118,2346,606,314,328,49,388,157,200,0,28,137
E02002867,7374,500,485,905,1106,2132,428,366,308,34,439,183,224,0,37,227
E02004029,6360,401,498,458,730,1326,580,378,590,46,500,261,241,0,28,323
E02004030,5592,399,330,628,1012,1432,482,286,260,30,274,167,107,0,27,158
E02004031,7387,437,600,392,716,1498,513,380,912,56,898,311,387,0,18,269
E02004032,8229,494,486,756,1332,2222,819,484,547,67,393,214,160,0,4,251
E02004033,8661,396,733,562,1158,2024,779,590,777,95,631,299,264,0,23,330
E02004034,7260,471,401,740,1158,1870,727,330,422,73,308,235,237,0,21,267
E02004035,6404,349,255,768,1066,1712,668,314,379,39,247,160,191,0,43,213
E02004036,9910,568,615,794,1246,2302,997,470,837,114,861,366,347,0,27,366
E02004037,7670,305,419,675,1052,2640,626,330,540,75,457,228,190,0,6,127
E02004038,7573,503,816,514,988,1683,471,610,554,35,566,261,240,0,28,304
E02004039,7988,390,517,627,1062,2331,752,548,634,54,489,178,222,0,8,176
E02004040,8955,361,496,606,1078,2587,843,458,844,73,638,332,305,0,26,308
E02004041,6954,313,444,482,888,1908,683,456,613,67,441,182,224,0,15,238
E02004043,6977,373,420,656,1032,1874,639,422,447,80,391,222,199,0,8,214
E02004044,7629,491,337,904,942,2897,573,198,243,42,356,144,246,0,18,238
E02006827,7618,467,573,534,784,1554,556,448,777,73,893,303,305,0,18,333
E02004045,9036,454,622,760,1280,2568,779,388,718,78,570,263,301,0,12,243
E02004046,6195,387,369,586,938,1403,531,296,517,60,469,239,218,0,21,161
E02004047,5554,336,466,382,666,1117,394,366,625,40,619,166,159,12,19,187
E02004048,6662,347,542,438,802,1585,503,346,643,49,695,202,244,0,20,246
E02004049,7703,605,462,748,1108,1953,745,332,537,74,480,277,185,0,12,185
E02004050,6989,481,373,597,662,1614,630,292,669,73,631,309,337,2,23,296
E02004051,8930,491,624,650,1014,2006,868,452,923,89,696,341,378,0,24,374
E02004052,7794,446,512,670,1018,2000,706,440,702,85,545,212,207,0,18,233
E02004053,7835,453,532,484,884,2045,655,410,766,57,720,212,266,0,25,326
E02004054,8553,411,608,612,1250,2201,765,492,744,80,597,241,254,0,19,279
E02004055,7040,481,634,600,886,1490,538,422,648,72,588,247,183,0,20,231
E02004056,7752,404,542,506,732,1861,605,316,923,75,976,280,278,3,12,239
E02004057,7616,357,761,352,888,1921,449,492,858,67,715,263,241,0,10,242
E02004058,7732,550,768,630,846,1601,527,360,736,74,940,317,171,0,17,195
E02004059,7100,490,503,734,944,1778,668,362,476,39,539,216,146,0,12,193
E02004060,7554,439,417,702,976,1921,643,330,618,53,666,240,300,0,11,238
E02004061,7136,548,773,654,764,1626,571,432,471,52,550,278,160,0,13,244
E02004062,7949,511,763,618,1082,2054,710,364,494,52,631,258,176,0,21,215
E02004063,7912,612,597,850,1046,2049,671,336,560,52,463,251,171,0,22,232
E02004064,8625,428,1320,340,812,1593,498,778,733,52,899,292,297,4,10,569
E02004065,8340,528,425,1104,1390,2505,764,300,414,44,347,207,125,0,36,151
E02004066,11515,555,903,898,1582,3035,940,694,897,80,862,339,321,3,41,365
E02004067,6410,415,688,428,718,1229,449,294,650,64,765,249,239,0,14,208
E02004068,7500,523,445,758,1124,2263,603,318,415,60,328,167,179,0,25,292
E02004069,6660,529,412,990,1118,1827,495,290,225,46,239,163,104,4,23,195
E02004070,6158,541,309,706,952,1525,619,220,314,36,246,200,241,0,24,225
E02004071,5096,361,271,534,732,1360,511,178,327,17,380,159,119,0,20,127
E02004072,8390,468,514,860,1500,2219,732,404,501,79,445,209,167,0,21,271
E02004073,8947,647,743,792,1248,2086,726,468,652,63,573,284,252,2,36,375
E02004074,5796,406,399,554,766,1512,520,290,403,55,347,197,151,0,17,179
E02004075,7390,366,446,780,1256,2225,673,258,321,63,323,199,225,2,28,225
E02004076,6512,434,378,522,738,1944,488,354,565,30,569,186,132,0,13,159
E02004077,7113,381,326,774,1042,2366,645,280,318,30,320,175,206,0,28,222
E02004078,7117,436,623,416,776,1301,556,298,846,71,1001,265,284,2,22,220
E02004080,9266,515,947,599,916,1903,748,642,949,135,878,302,295,0,27,410
E02004081,5660,361,308,616,896,1643,514,234,297,63,290,183,118,0,13,124
E02004082,6128,326,242,650,928,1812,767,238,375,60,230,185,133,0,33,149
E02004083,7745,346,560,561,842,1937,665,496,818,96,692,239,230,0,13,250
E02004084,6140,492,318,550,690,1385,545,252,669,66,610,245,177,0,21,120
E02004085,8572,499,554,792,1058,2109,760,430,695,75,722,307,267,5,21,278
E02004086,7236,472,390,775,1026,1902,673,342,454,87,453,230,184,0,31,217
E02004087,7776,414,632,540,818,1920,572,458,715,83,764,271,266,0,13,310
E02004088,7434,322,421,634,1146,2205,791,334,441,57,451,196,209,0,16,211
E02004089,6668,369,920,274,592,1213,339,522,628,84,842,259,246,4,13,363
E02004090,6082,365,440,601,806,1508,491,358,471,66,452,186,141,0,13,184
E02004091,8821,393,678,746,1196,2166,761,574,648,96,677,298,252,0,6,330
E02004092,9556,564,656,836,1104,2419,726,492,810,72,899,355,297,6,17,303
E02006828,6738,210,391,326,944,2196,645,388,605,70,438,197,193,6,14,115
E02004093,6358,295,495,322,778,1671,496,400,565,60,623,229,187,5,7,225
E02004094,7257,388,472,388,654,1694,660,226,901,95,944,329,289,12,12,193
E02004095,9828,555,925,552,1136,2429,693,694,969,72,821,345,246,0,15,376
E02004096,9408,397,379,844,1440,3175,1168,294,516,65,430,211,189,0,26,274
E02004097,7638,310,593,526,1178,2158,734,496,532,43,388,222,165,2,20,271
E02004098,7262,510,519,520,930,1727,683,296,620,60,628,348,184,2,9,226
E02004100,7525,420,487,666,1026,2218,703,360,507,55,433,173,217,7,21,232
E02004102,8037,655,945,610,836,1639,524,510,565,37,552,218,177,222,12,535
E02004103,7069,355,467,454,660,1795,519,286,804,32,837,280,239,34,31,276
E02004104,7045,310,389,604,944,2278,623,350,440,38,418,188,213,8,27,215
E02006872,12440,767,729,1226,1862,3297,1107,534,908,102,748,388,293,10,54,415
E02004105,9390,400,521,559,1300,2560,1285,388,780,79,706,328,240,0,17,227
E02004106,6986,451,381,1034,1056,1867,770,272,300,59,268,200,159,0,40,129
E02004108,7438,584,539,706,842,1857,660,306,617,32,556,301,214,0,12,212
E02004109,6702,396,296,970,1084,1992,727,228,310,35,235,154,120,0,19,136
E02004110,7464,393,323,891,1094,2361,827,242,401,60,358,209,158,0,12,135
E02004111,5449,382,335,544,742,1265,653,234,402,32,247,160,196,0,18,239
E02004112,6482,485,303,918,1058,1783,722,212,232,35,228,152,143,0,36,175
E02004113,9115,565,707,600,998,1912,742,470,1007,77,968,365,363,0,34,307
E02004114,7217,437,344,996,1192,1853,749,244,333,68,288,221,242,0,52,198
E02004115,8962,480,674,720,1276,2186,864,568,699,68,555,263,323,0,30,256
E02004116,7810,539,714,552,998,1655,706,402,766,88,688,271,228,2,19,182
E02004117,7253,437,420,716,1096,1834,671,332,585,59,409,241,209,6,16,222
E02006804,7972,500,552,646,816,1960,758,396,788,96,681,294,229,0,23,233
E02004118,6523,265,380,522,932,2146,579,324,480,42,305,161,155,6,19,207
E02004119,10791,341,675,708,1258,4092,673,632,803,46,805,166,307,3,20,262
E02004120,7236,248,426,476,982,1964,859,332,492,44,518,205,427,2,18,243
E02004121,6634,318,388,587,1038,2184,558,334,388,34,267,90,206,0,14,228
E02004122,5855,295,332,558,894,1807,576,258,334,59,266,92,160,0,2,222
E02004123,6323,409,461,588,848,1993,492,328,320,29,352,170,127,0,7,199
E02004124,7607,394,344,662,934,2007,707,304,649,77,776,279,247,3,13,211
E02004125,8950,396,609,584,1148,2367,807,466,849,79,750,312,278,0,12,293
E02004126,6852,416,500,456,938,1843,731,350,491,41,429,211,202,2,11,231
E02004128,10093,503,580,882,1548,2688,814,558,787,128,589,327,303,0,31,355
E02006919,8470,262,735,362,974,2336,585,636,934,88,824,183,264,6,14,267
E02006920,7799,225,557,308,892,2391,526,540,829,86,745,200,256,0,6,238
E02005334,5554,229,219,410,616,1809,554,238,382,34,348,161,376,0,9,169
E02005335,6794,419,324,785,826,2152,613,248,376,32,350,155,286,0,26,202
E02005336,7106,222,495,331,714,2105,545,546,634,68,551,208,379,2,2,304
E02005337,9734,552,511,802,982,2483,1059,300,621,73,734,326,711,11,27,542
E02005338,9755,550,673,683,1122,2699,905,508,759,94,745,293,402,4,29,289
E02005339,8442,356,530,656,1068,2687,709,428,620,23,665,191,267,0,20,222
E02005340,8289,479,505,831,1002,2141,734,358,600,76,625,277,373,0,15,273
E02005341,6865,263,447,380,694,2452,516,296,589,75,588,188,206,0,7,164
E02005342,6708,327,347,692,898,1896,622,240,485,65,475,226,233,0,28,174
E02005343,6614,358,377,706,950,2048,614,252,405,24,350,174,181,0,25,150
E02005344,7411,370,406,756,1102,2161,746,332,469,47,445,165,203,4,9,196
E02006820,9622,616,520,1056,1300,2404,1072,348,619,61,544,276,445,0,28,333
E02005345,6054,249,453,414,872,1557,629,340,355,30,354,222,226,20,3,330
E02005346,11013,456,1525,292,740,2550,565,728,699,33,886,412,879,268,15,965
E02005347,9064,384,621,332,524,1088,382,316,381,32,433,192,387,3014,23,955
E02005348,5766,368,427,500,834,1540,589,268,239,25,277,124,220,86,8,261
E02005349,6906,349,438,626,876,1833,673,362,502,55,547,208,186,6,23,222
E02005350,6315,285,567,474,898,1598,609,322,517,61,464,170,141,7,14,188
E02005351,6065,254,326,438,458,1505,469,146,354,29,379,198,285,849,9,366
E02005352,6023,261,254,568,872,2227,510,286,292,39,225,116,176,0,40,157
E02005353,9369,423,692,522,844,2221,716,458,823,58,919,302,427,399,25,540
E02005354,8755,502,326,1024,1106,3175,835,212,319,46,297,182,270,121,15,325
E02005355,6508,332,421,560,850,2003,519,320,472,39,403,207,196,10,20,156
E02005356,6392,392,512,598,842,1940,521,352,356,50,352,181,134,2,2,158
E02005357,7196,287,531,446,836,1992,710,454,637,45,570,227,195,11,17,238
E02005358,10127,457,693,838,1172,3123,808,604,715,90,811,263,315,10,12,216
E02005359,5827,309,256,614,780,1729,693,190,349,36,306,180,206,0,6,173
E02005360,5984,340,275,728,954,1903,560,216,280,38,244,133,141,5,18,149
E02005361,6490,345,522,380,644,1756,534,368,485,45,538,211,425,0,8,229
E02005362,6232,366,330,474,778,1638,682,280,534,78,447,249,180,5,12,179
E02005363,7203,426,260,904,848,2120,743,240,328,67,431,209,331,6,5,285
E02005364,5300,299,235,370,504,1684,533,158,394,38,461,180,268,6,14,156
E02005365,9609,482,614,772,994,2348,1154,376,701,55,621,357,674,10,35,416
E02005366,6521,414,400,588,774,1618,619,330,564,56,491,196,267,0,11,193
E02005368,6168,278,384,636,910,2130,483,252,268,43,236,135,221,4,19,169
E02005369,9729,602,555,996,1246,3121,819,418,424,52,581,213,397,0,24,281
E02005370,8907,288,403,472,1156,3322,822,384,763,75,552,207,287,0,8,168
E02005371,9882,394,495,762,1440,3522,878,436,566,54,514,226,327,2,13,253
E02005372,9330,393,413,862,1500,3112,944,394,467,63,345,168,333,0,13,323
E02005373,9064,462,443,1010,1344,3103,791,354,545,30,365,171,176,12,10,248
E02005374,6315,594,623,439,586,1398,416,402,565,44,497,273,159,32,27,260
E02005375,8346,392,546,658,982,2956,483,476,603,46,495,199,219,0,17,274
E02005376,9320,564,503,848,1200,2906,733,442,595,101,592,276,220,0,16,324
E02006816,6947,401,262,850,842,2197,736,202,309,35,295,150,395,0,24,249
E02005377,8217,547,475,784,1142,2335,683,450,479,69,527,191,290,5,17,223
E02005378,5199,247,282,494,712,1542,554,240,343,9,333,162,139,0,4,138
E02005379,6065,347,322,533,770,1840,584,260,398,56,426,171,208,0,8,142
E02005380,8312,426,484,838,1328,2484,811,348,434,46,447,183,243,0,30,210
E02005381,7917,436,420,854,1282,2124,845,296,464,58,418,224,231,0,24,241
E02005382,9952,484,845,775,1344,2198,863,532,894,70,896,280,398,2,17,354
E02005383,8927,460,718,575,1178,2164,805,540,761,61,838,264,244,2,13,304
E02005384,6271,307,326,644,988,1988,596,304,292,57,284,159,130,0,21,175
E02005385,5942,311,279,606,996,1710,694,240,347,41,282,156,104,2,6,168
E02005386,8228,442,949,536,802,1649,519,590,864,60,745,228,286,10,34,514
E02005387,9049,286,703,536,1228,2352,686,600,873,107,763,239,376,0,11,289
E02005388,5675,350,492,457,650,1484,489,396,402,43,423,147,169,0,6,167
E02005389,5666,486,390,684,708,1344,479,230,376,23,399,187,205,0,17,138
E02005390,8855,479,478,852,1420,2696,843,374,462,51,458,230,265,2,17,228
E02005391,9616,541,532,956,1422,3198,730,416,525,57,482,215,250,0,22,270
E02005392,8850,479,536,868,1172,2687,691,534,589,57,580,232,175,9,6,235
E02005393,6939,343,433,602,1102,1955,606,394,433,29,409,186,178,0,16,253
E02005394,9252,506,661,582,1018,2091,776,514,1000,71,925,300,403,4,10,391
E02005395,8764,515,644,724,1140,2227,710,426,668,65,638,297,349,2,8,351
E02005396,6495,308,404,634,1170,1909,509,278,300,41,281,138,236,0,19,268
E02005397,8215,386,628,638,1182,2397,720,460,458,52,493,243,267,0,21,270
E02005398,6034,334,378,528,828,1512,580,310,392,29,326,170,168,267,17,195
E02005399,6304,331,501,412,818,1908,486,336,391,19,498,165,222,0,13,204
E02005400,5587,320,345,486,922,1311,665,264,386,63,288,162,174,0,25,176
E02005401,5684,269,311,528,826,1814,584,230,318,41,245,106,239,0,21,152
E02005402,6033,379,279,550,782,2026,546,198,358,53,327,144,210,0,15,166
E02005403,6841,431,404,632,846,1790,733,398,471,55,439,217,243,0,19,163
E02005404,7539,394,440,566,950,2277,698,348,591,55,570,191,226,0,21,212
E02005405,6816,395,368,598,810,1493,675,232,680,74,636,231,334,2,25,263
E02005406,7270,306,679,322,682,1894,556,442,831,80,646,204,279,4,12,333
E02005407,8676,323,486,522,1158,2828,723,480,706,56,588,207,350,4,12,233
E02005408,7413,354,439,582,980,2240,638,338,496,62,542,184,297,0,23,238
E02005409,10285,484,623,779,1378,3115,890,542,743,104,688,292,296,5,23,323
E02005412,8063,617,347,872,736,2315,811,210,341,49,408,298,604,9,24,422
E02005414,7544,565,484,560,678,1716,657,318,728,82,688,312,403,0,24,329
E02005415,7373,425,593,628,642,1505,626,436,821,70,673,276,357,3,23,295
E02005416,8796,414,387,926,1210,2332,1169,358,593,81,390,281,372,2,19,262
E02006818,8236,493,299,938,794,2474,1065,212,451,55,309,316,515,3,22,290
E02006911,13753,517,347,878,1166,4824,1500,214,453,87,605,308,2093,5,28,728
E02005417,6943,418,264,896,1100,1639,693,248,469,50,340,183,335,0,19,289
E02005418,9997,594,746,470,774,1811,512,338,958,72,1046,301,1367,0,33,975
E02005419,7978,366,914,388,730,1447,360,510,542,52,658,174,754,2,12,1069
E02005420,8187,630,563,702,820,1581,524,402,745,50,826,248,623,9,34,430
E02005422,6085,311,306,676,994,1462,545,292,417,37,358,107,352,0,33,195
E02005423,9466,628,484,974,1406,2114,767,412,806,59,701,237,512,0,23,343
E02006864,7919,460,341,884,1254,2175,696,294,519,52,414,187,308,0,29,306
E02006865,7161,387,264,825,1100,1761,594,308,509,53,356,176,417,0,27,384
E02005424,9778,580,492,1154,1792,2528,1014,346,508,37,518,227,244,0,41,297
E02005425,6338,335,263,788,1080,1664,513,286,369,49,317,156,237,0,23,258
E02005426,9469,569,627,856,1262,2385,612,416,888,65,898,303,271,0,33,284
E02005427,6697,553,811,558,854,1294,385,444,558,49,561,195,170,0,12,253
E02005428,7890,659,491,1222,1238,1206,578,350,629,74,501,212,382,0,43,305
E02005429,6385,686,410,1424,1218,766,314,226,315,61,306,177,252,0,47,183
E02005430,6820,429,378,923,1292,1578,552,324,408,24,321,132,198,0,42,219
E02005431,8261,561,435,1031,1360,1842,685,324,600,53,515,234,302,7,41,271
E02005432,7418,415,407,984,1478,1707,623,352,400,53,277,169,268,0,27,258
E02005433,6613,607,412,1131,1292,847,376,350,308,48,419,176,258,4,61,324
E02005434,6984,567,561,946,920,1589,416,394,544,31,490,136,151,0,42,197
E02005435,7096,536,468,913,1098,1282,471,324,535,38,573,209,328,0,66,255
E02005436,7515,585,462,974,1092,1574,542,338,527,56,506,249,306,0,26,278
E02005437,5529,400,757,316,522,950,255,358,515,29,508,137,371,0,33,378
E02005438,6387,580,495,715,790,1356,395,304,535,40,536,179,244,0,60,158
E02005439,10541,654,561,1392,1608,3063,668,378,605,38,728,188,325,2,33,298
E02005440,5322,330,245,598,810,1164,461,186,395,16,381,170,293,0,28,245
E02005441,8357,487,371,1016,1498,2074,759,326,476,57,375,194,406,0,25,293
E02005442,5665,394,678,344,522,1011,336,244,546,38,862,275,185,15,6,209
E02005443,6714,439,706,500,790,1419,392,524,626,42,581,206,191,0,12,286
E02005444,11113,719,1194,760,1276,2285,540,958,596,22,643,294,328,639,34,825
E02005445,11186,457,1141,340,884,2102,550,722,995,94,1329,390,822,172,29,1159
E02005446,6039,327,873,166,418,659,153,570,254,12,271,124,162,1264,7,779
E02005447,6629,318,1031,186,440,841,216,556,535,15,526,206,388,539,2,830
E02005448,7192,324,628,345,676,1525,421,404,860,66,1094,235,335,0,6,273
E02005449,6563,317,559,454,688,1469,478,480,539,50,497,235,278,86,10,423
E02005450,8339,415,595,790,1318,2105,747,538,617,82,538,192,193,0,12,197
E02005451,7553,404,887,350,604,1413,431,394,928,87,1016,296,343,23,11,366
E02005452,10887,665,625,900,1610,2945,1036,410,776,71,772,335,397,8,28,309
E02005453,10543,602,514,1336,1718,3077,950,448,567,44,501,222,288,0,27,249
E02005455,12098,524,684,1024,1942,3936,816,792,714,47,655,243,351,2,26,342
E02005456,9283,648,508,850,1236,3007,691,396,566,51,579,233,259,0,33,226
E02005457,8207,515,386,827,1350,2201,623,400,578,54,575,222,221,0,45,210
E02005458,6405,351,329,750,1126,1897,457,248,285,25,388,136,197,2,24,190
E02005459,7891,477,441,822,1318,2126,591,302,484,42,512,207,276,0,24,269
E02005460,5915,216,289,468,998,2351,364,222,251,18,286,97,151,0,7,197
E02005461,6221,423,337,970,1100,1538,399,218,350,21,337,132,205,0,20,171
E02005462,8948,615,833,622,980,2191,601,500,766,92,762,289,312,0,33,352
E02005463,8594,327,457,748,1184,2850,629,432,533,43,618,115,331,0,19,308
E02005464,8105,499,429,1027,1384,2169,621,324,454,45,442,190,245,23,33,220
E02006866,6393,371,368,664,818,1673,505,382,433,36,491,170,225,0,14,243
E02006867,7377,532,377,1028,1064,1911,717,250,397,44,380,175,222,0,30,250
E02005465,8344,449,365,964,1358,1973,805,350,488,71,420,244,410,2,34,411
E02005466,6423,331,251,764,1118,1597,544,314,427,55,312,187,278,0,27,218
E02005467,7050,607,357,952,888,1480,417,356,558,46,549,192,339,0,22,287
E02005468,7467,402,266,906,1184,1937,630,332,547,49,365,160,361,0,22,306
E02005469,7384,373,320,714,1160,1929,657,348,489,62,450,149,290,0,37,406
E02005470,10285,676,660,952,1078,2416,561,594,730,77,662,262,630,7,33,947
E02005471,9029,627,486,867,990,1732,576,394,688,72,725,251,717,5,34,865
E02005472,9691,736,488,1224,1364,1955,714,504,792,87,621,225,499,0,43,439
E02005473,9106,445,441,756,1194,2248,675,506,765,88,588,200,625,0,26,549
E02005474,6445,340,246,741,1162,1494,599,330,404,39,308,160,329,0,18,275
E02005475,6185,286,289,560,912,1895,461,278,549,45,352,127,231,0,23,177
E02005476,7209,375,309,774,1176,2309,538,334,389,34,390,164,232,2,13,170
E02005477,8811,562,333,1282,1458,2582,695,324,410,39,439,181,263,3,12,228
E02005478,9773,767,565,849,1316,2253,776,326,809,88,860,349,406,2,34,373
E02005479,8097,463,597,676,1114,2529,641,460,493,40,378,166,248,2,12,278
E02005480,7331,245,420,344,630,1687,524,276,940,90,1245,245,377,0,15,293
E02005481,10838,530,1186,638,1148,2373,560,750,910,85,1164,286,531,0,26,651
E02005482,9752,415,505,830,1600,3037,729,550,656,50,564,227,262,0,29,298
E02005483,7753,345,387,768,1156,2388,664,340,509,31,488,162,262,0,29,224
E02005484,6951,366,416,686,1264,1855,450,360,468,44,446,161,208,2,18,207
E02005485,5944,366,277,639,874,1728,533,224,363,46,343,135,165,0,19,232
E02005486,8306,503,519,696,996,2313,556,442,708,37,638,194,362,2,21,319
E02005487,9097,370,369,866,1492,3267,748,356,459,57,418,172,257,3,37,226
E02005488,6198,362,370,574,958,1716,655,234,356,33,410,156,156,4,20,194
E02005489,7029,302,416,516,1154,1984,666,366,501,22,536,192,157,0,8,209
E02005490,9047,595,651,724,1056,2083,712,538,714,58,876,302,301,0,23,414
E02005491,10357,767,946,1020,1488,2625,744,660,544,56,669,214,215,3,29,377
E02005492,9332,533,527,926,1564,2507,875,412,584,57,497,275,258,0,52,265
E02005493,9113,474,470,854,1532,2587,752,434,585,81,553,219,330,0,12,230
E02005494,9158,585,643,1006,1330,2305,730,476,550,24,633,252,332,2,23,267
E02005495,9570,650,1095,558,1008,1899,686,584,956,87,987,278,352,2,30,398
E02005496,6375,279,352,558,1126,1787,551,330,389,39,395,116,229,0,27,197
E02005497,6924,395,540,379,726,1365,479,244,973,55,1026,254,267,0,15,206
E02005498,7090,458,309,1044,1296,1811,598,352,315,52,291,138,221,0,34,171
E02005499,8021,433,341,782,1182,2782,657,272,402,37,559,189,177,0,19,189
E02005500,6695,303,396,704,1054,2023,532,308,415,62,406,134,141,2,18,197
E02005501,7210,464,304,1006,1182,2248,565,216,304,42,296,155,200,0,44,184
E02005502,8362,520,416,992,1504,2239,744,320,427,48,427,230,195,0,60,240
E02005612,6633,343,344,414,838,1725,560,282,608,60,590,230,329,4,22,284
E02005613,8777,455,621,536,774,1955,784,418,829,66,977,373,447,0,20,522
E02005614,6620,313,519,446,780,1700,439,448,506,100,552,203,267,0,20,327
E02005615,8496,544,545,742,808,1675,881,346,691,80,865,437,405,0,40,437
E02005616,5286,249,410,304,392,1154,384,190,478,69,662,267,304,0,28,395
E02005617,9734,397,835,454,694,1866,752,372,1091,88,1402,434,650,4,41,654
E02006862,6110,215,372,372,784,1475,623,294,502,89,522,229,357,0,29,247
E02006863,9334,65,469,146,852,3244,387,706,998,80,887,143,750,0,7,600
E02005619,5720,260,273,539,872,1981,405,266,257,30,255,131,212,0,10,229
E02005620,7803,319,378,509,1144,2794,765,298,457,77,475,154,191,0,9,233
E02005621,6832,385,280,752,1156,2046,569,248,333,37,389,176,189,3,20,249
E02005622,8746,375,389,800,1336,3033,740,450,411,37,353,168,381,0,31,242
E02005623,7799,490,387,826,1162,2334,754,290,366,51,412,176,274,10,19,248
E02005624,9242,212,607,498,1204,2966,637,524,792,66,837,204,309,0,7,379
E02005625,8979,539,608,710,1108,2261,644,486,702,59,774,291,347,8,17,425
E02005626,6624,199,575,238,730,1650,407,360,771,70,857,232,299,0,2,234
E02005627,6711,363,485,611,1004,1809,516,378,426,40,390,224,182,6,33,244
E02005628,7430,363,466,662,1080,2276,636,370,462,41,440,174,236,0,7,217
E02005629,5652,293,283,566,962,1721,378,240,332,25,321,157,170,2,23,179
E02005630,8915,487,502,888,1366,2996,684,370,392,40,492,177,243,0,35,243
E02005631,9977,410,532,728,1386,3523,674,540,589,73,593,247,309,0,27,346
E02005632,5929,249,296,528,1020,1813,516,292,351,42,291,136,202,0,9,184
E02005633,8528,393,496,626,1202,2309,829,480,811,55,599,221,224,0,19,264
E02005634,8410,335,644,555,1040,2231,608,508,786,87,755,218,328,0,27,288
E02005635,8578,403,457,550,1150,2726,640,486,789,59,557,188,297,0,8,268
E02005636,10987,486,629,806,1432,2960,856,560,1058,100,945,336,373,0,21,425
E02005637,8159,544,924,548,802,1550,441,632,884,46,806,257,310,3,10,402
E02005638,9775,351,420,890,1420,3439,779,472,626,70,418,224,374,0,3,289
E02005639,5195,270,290,496,976,1526,496,262,237,43,233,111,134,0,17,104
E02005640,10549,430,667,808,1434,3076,727,610,1020,75,771,248,351,2,12,318
E02005641,7688,423,615,590,1020,1976,694,370,603,75,675,245,190,0,12,200
E02005642,8131,314,439,548,1036,2652,731,368,599,45,562,207,315,0,23,292
E02005643,8047,381,686,362,664,1760,470,386,917,97,1255,351,385,0,19,314
E02005644,8112,251,1032,213,624,1750,358,650,737,37,958,255,450,4,12,781
E02005645,10722,807,1194,790,1092,2995,616,698,607,44,727,232,370,0,37,513
E02005646,6423,346,332,658,996,1935,613,176,389,49,348,180,245,0,10,146
E02005647,6950,429,646,472,766,1751,498,364,618,47,603,229,236,4,20,267
E02005648,7167,311,296,818,1006,2487,664,250,402,23,403,150,211,2,11,133
E02005649,13537,593,751,864,1820,4501,1042,698,1097,68,969,304,400,4,24,402
E02005650,5731,259,334,426,776,1455,568,216,374,62,425,178,201,197,9,251
E02005651,6213,417,320,766,886,1583,646,276,347,58,291,185,130,11,24,273
E02005652,5879,401,359,646,804,1326,559,222,396,35,433,193,211,52,8,234
E02005653,8025,172,719,194,614,1907,558,268,804,75,1313,281,628,20,6,466
E02005654,8223,202,641,213,756,1907,456,366,888,50,1505,246,615,13,0,365
E02005655,5769,451,357,638,786,1396,610,190,342,36,315,180,274,2,14,178
E02005656,5901,196,456,174,472,1290,387,150,541,46,1042,228,615,0,7,297
E02005657,6082,403,529,530,778,1308,569,368,468,25,395,181,193,68,15,252
E02005658,6273,260,524,220,356,1252,332,272,634,50,916,279,363,388,6,421
E02005659,5014,472,304,514,568,1252,453,152,312,33,344,155,257,0,21,177
E02005660,5613,235,451,246,644,1299,349,226,551,41,828,164,350,0,2,227
E02005661,6447,256,482,242,400,1767,369,204,541,51,1015,299,498,5,12,306
E02005662,6568,332,534,446,558,1784,488,324,456,67,449,218,384,100,10,418
E02005663,5446,211,398,386,844,1504,483,366,366,16,351,139,192,3,7,180
E02005664,5526,306,596,248,510,952,279,394,484,40,447,156,373,170,10,561
E02005665,7358,231,500,438,988,2024,655,344,492,43,626,263,446,10,5,293
E02005666,8173,355,742,256,470,1807,362,310,821,73,1445,338,732,9,22,431
E02005667,5927,378,564,486,644,1242,500,274,487,31,558,204,275,5,10,269
E02005668,6070,408,256,770,744,1504,594,260,407,49,356,205,259,0,20,238
E02005669,5640,250,226,602,828,1835,548,138,288,40,243,144,272,3,11,212
E02005670,7938,326,1627,142,466,1095,157,652,609,19,917,179,515,294,11,929
E02005671,7230,259,729,240,570,1569,310,590,523,38,526,187,529,219,22,919
E02005672,7326,211,1041,88,416,1225,136,604,365,11,693,188,634,386,2,1326
E02005673,6990,397,817,348,648,1419,355,596,429,41,628,160,449,28,25,650
E02005674,6497,316,1190,302,554,1058,267,556,292,15,489,168,346,122,17,805
E02005675,5727,197,444,193,516,1475,283,304,544,38,975,219,330,6,4,199
E02005676,5898,252,387,246,582,1523,402,272,617,67,642,230,336,13,27,302
E02005677,8044,305,770,438,840,1833,449,676,626,44,782,215,375,27,21,643
E02005678,9673,301,702,506,1192,3210,597,660,722,57,808,156,429,8,9,316
E02005679,8822,197,632,352,1082,3137,667,658,626,41,685,171,289,2,2,281
E02005680,8440,155,306,346,762,4028,488,290,608,49,693,142,373,2,4,194
E02005681,8086,424,287,826,1192,2562,695,318,437,68,491,242,262,18,19,245
E02005682,6354,315,302,696,1062,1987,487,262,266,47,360,151,207,0,18,194
E02005683,13084,483,698,908,1744,4584,1002,652,880,94,775,240,539,3,30,452
E02005684,7939,317,462,668,1324,2583,764,412,345,53,330,177,248,0,16,240
E02005685,8034,414,536,526,1108,2635,666,420,497,59,504,200,235,0,10,224
E02005686,7350,402,306,710,1150,2577,686,256,319,32,299,158,205,0,33,217
E02005687,5861,221,310,452,890,2031,565,242,300,34,261,131,200,0,5,219
E02005688,8667,322,405,694,1250,2948,801,360,483,78,461,219,347,0,14,285
E02005689,7606,253,348,424,986,3212,589,354,355,61,468,127,210,0,6,213
E02005690,5266,312,463,360,588,1376,422,330,403,37,388,137,175,6,15,254
E02005691,6250,328,356,554,994,1991,504,316,365,46,293,163,143,0,27,170
E02005692,6565,398,529,600,1014,1596,566,344,451,32,469,188,175,0,23,180
E02005693,8272,291,523,548,818,2170,546,284,783,56,1072,229,541,6,28,377
E02005694,7630,270,415,506,1160,2552,726,284,454,32,455,180,307,0,11,278
E02005695,7241,320,840,270,608,1491,450,490,561,27,694,228,581,0,21,660
E02005696,5773,306,490,288,494,1196,332,184,627,63,1013,231,350,0,12,187
E02005697,5904,498,817,409,554,1157,405,298,286,37,538,229,283,0,10,383
E02005698,5681,267,389,394,654,1386,465,192,457,45,685,216,293,0,21,217
E02005699,7947,292,536,412,704,2332,545,348,827,40,1021,206,387,2,26,269
E02005700,8839,527,524,884,1370,2436,690,442,497,74,600,222,273,0,30,270
E02005701,10731,587,683,940,1708,2897,905,512,787,67,760,289,236,0,20,340
E02005819,6141,326,431,586,820,1463,505,296,469,64,546,200,208,0,15,212
E02005820,5695,310,355,600,864,1405,542,256,447,39,307,223,135,0,22,190
E02005821,6343,376,498,416,770,1459,476,344,656,47,663,201,237,0,4,196
E02005822,9422,368,752,456,922,2229,638,498,1103,88,1099,337,435,0,10,487
E02005823,7243,519,619,456,582,1433,519,272,779,97,1042,347,323,0,30,225
E02005824,9684,405,604,794,1336,2651,928,496,846,77,711,254,250,0,26,306
E02005825,7847,320,439,622,1034,2055,685,358,773,56,761,251,250,0,12,231
E02005826,5972,379,463,314,564,1317,507,268,727,56,742,247,203,0,17,168
E02005827,8268,400,481,632,1024,2364,774,464,658,77,530,243,323,0,10,288
E02005828,7072,417,411,634,1120,1499,711,380,586,76,522,218,230,0,16,252
E02005829,6665,321,382,576,922,1748,718,290,550,52,481,190,228,0,17,190
E02005830,6092,341,374,566,836,1605,673,304,391,51,439,177,183,0,5,147
E02005831,8450,388,613,644,1128,2201,625,556,699,72,779,236,279,0,15,215
E02005832,8829,487,914,464,854,1918,584,580,967,68,994,321,328,0,17,333
E02005833,7392,337,338,644,1062,2082,868,268,562,58,555,244,208,0,18,148
E02005834,7098,388,522,542,750,1369,651,312,736,76,935,285,252,4,21,255
E02005835,10035,600,574,876,1296,2467,872,460,899,59,861,311,454,2,29,275
E02005836,8892,464,440,1036,1530,2444,843,394,518,34,384,208,270,0,21,306
E02005837,6593,333,345,704,1142,1942,601,286,353,19,284,146,232,0,27,179
E02005838,8054,525,395,778,1206,1828,904,286,613,52,655,298,251,0,16,247
E02005839,6083,512,401,600,836,1379,492,264,505,37,463,219,182,0,37,156
E02005840,8974,304,433,482,1126,3041,786,398,901,76,659,213,308,0,5,242
E02005842,8470,429,703,730,1018,2017,710,408,603,63,804,338,308,0,37,302
E02005843,6328,248,476,288,796,1840,463,356,589,56,571,137,272,0,11,225
E02005844,7516,467,673,566,970,1776,571,392,609,51,700,266,219,0,15,241
E02005846,6347,346,687,218,536,1185,336,340,732,94,917,227,370,0,11,348
E02005847,6567,330,535,602,864,1598,554,338,554,50,418,182,250,0,30,262
E02005848,6591,350,302,644,990,1732,682,238,430,50,439,168,336,0,10,220
E02005849,8582,446,456,812,1402,2328,846,376,554,49,484,258,275,0,18,278
E02006903,10947,835,758,1007,1544,2529,978,466,906,86,764,350,398,0,27,299
E02005850,6776,379,382,644,1022,1494,794,346,600,74,369,215,221,0,16,220
E02005851,5863,372,482,404,606,1237,501,298,647,67,533,262,187,3,23,241
E02005852,7907,464,388,912,1224,2078,853,390,499,67,341,204,234,0,43,210
E02005853,8959,503,588,760,1150,2407,927,476,610,64,613,289,301,5,30,236
E02005856,7246,471,319,900,1094,2212,768,234,243,36,268,190,253,11,11,236
E02005857,6238,303,436,444,666,1315,579,308,697,85,685,236,250,8,25,201
E02005858,7449,370,484,466,824,1972,504,416,386,40,484,179,323,369,21,611
E02005859,8975,491,638,700,924,2431,856,472,713,81,776,272,251,3,19,348
E02005860,8179,662,773,462,764,1569,425,614,402,26,384,151,239,656,31,1021
E02005861,5424,234,548,334,602,1108,445,412,433,38,392,137,158,93,25,465
E02005862,7668,442,497,704,958,1971,683,314,526,80,729,291,210,7,11,245
E02005863,7181,479,379,776,1004,2122,660,340,342,42,380,203,202,6,6,240
E02005864,8200,355,441,652,980,2962,729,408,479,56,446,159,245,0,13,275
E02006906,12505,535,668,1018,1732,3714,1235,612,828,102,689,329,582,0,20,441
E02005865,7906,472,372,994,1298,2252,723,280,388,60,322,190,305,5,27,218
E02005866,8882,500,570,864,1198,2271,938,410,577,67,654,303,256,0,16,258
E02005868,6425,405,387,662,826,1652,564,286,436,76,596,173,214,0,9,139
E02005869,5790,350,397,368,458,1249,475,248,621,78,784,274,288,2,9,189
E02005870,6510,388,642,430,546,1354,487,350,606,91,787,294,282,0,16,237
E02005871,7117,388,524,676,1048,1897,730,316,411,77,470,229,186,2,7,156
E02005872,5701,396,322,732,814,1658,469,246,300,31,242,130,196,0,17,148
E02005873,9942,592,587,1084,1276,3216,896,426,464,38,460,259,272,0,24,348
E02005874,8353,507,641,628,1070,2168,797,476,612,54,517,274,258,3,29,319
E02005875,7172,359,402,594,802,1754,737,300,683,93,672,285,237,5,10,239
E02005876,8869,456,531,754,948,2286,794,440,771,67,784,294,412,2,22,308
E02005877,7327,354,603,510,782,1646,658,412,695,65,664,224,329,18,8,359
E02005878,9548,681,919,584,1020,2292,749,522,625,110,900,369,342,13,27,395
E02005879,7398,281,914,328,662,1452,409,592,726,61,1011,251,320,10,11,370
E02006835,5819,207,494,406,846,1322,539,278,444,31,557,196,284,0,18,197
E02005880,6235,371,260,540,686,1462,755,232,723,40,485,227,262,0,10,182
E02005881,5669,358,318,416,716,1394,586,226,597,34,433,183,215,0,12,181
E02005882,7883,422,377,848,1178,2205,937,306,475,90,446,198,189,0,24,188
E02005883,7683,493,555,510,760,1591,610,408,854,90,857,267,351,0,10,327
E02005884,6055,244,474,476,854,1454,640,300,462,46,511,173,209,0,13,199
E02005885,8206,568,513,628,992,1706,812,376,689,97,747,314,473,0,51,240
E02005886,10278,495,487,858,1334,2861,1055,436,856,107,852,282,330,0,21,304
E02005887,8802,431,1021,472,730,1628,481,520,906,74,1023,326,481,2,15,692
E02005888,8037,469,984,288,660,1526,433,486,986,84,1075,260,386,0,28,372
E02005889,10174,629,639,716,1188,2426,897,482,873,139,903,419,457,0,24,382
E02005890,6694,280,348,592,1058,1849,742,264,556,61,377,158,235,0,14,160
E02005891,6205,318,786,394,570,1141,354,300,735,61,761,210,355,0,10,210
E02005892,11566,601,657,1152,1716,3284,968,716,749,91,566,242,359,0,15,450
E02005893,9906,561,709,750,1250,2310,933,414,932,115,898,311,410,0,21,292
E02005894,9706,522,542,832,1280,2589,818,436,895,59,787,310,357,3,23,253
E02005895,7958,427,328,896,1442,2234,718,330,494,74,323,169,286,0,26,211
E02005896,7228,469,359,854,1252,2011,612,286,362,24,310,163,287,0,32,207
E02005897,8812,475,419,934,1222,2559,787,316,726,57,544,226,281,5,18,243
E02005898,10659,545,733,696,1338,2778,935,488,1018,98,1019,395,327,0,13,276
E02005899,10562,595,1286,484,1068,2109,629,762,885,93,1073,354,397,27,24,776
E02005900,6932,543,367,894,986,2163,494,182,310,25,428,159,125,65,27,164
E02005901,8775,436,721,586,1068,2419,610,490,723,51,765,228,280,9,14,375
E02005902,8123,604,585,672,934,1678,749,332,661,77,854,309,369,7,22,270
E02005903,9757,643,578,952,1324,2574,799,426,748,77,737,310,251,2,24,312
E02005904,8158,341,476,752,1354,2530,511,462,480,37,470,209,274,7,17,238
E02005905,5950,314,264,668,918,1974,565,186,291,48,235,145,168,3,10,161
E02005906,6161,328,290,696,1008,1984,472,266,383,18,302,115,137,4,27,131
E02005907,9100,469,597,804,1162,2872,697,464,645,48,746,213,166,0,15,202
E02005908,8751,622,456,1010,1216,2589,719,346,524,52,441,261,242,0,44,229
E02005909,8152,302,544,414,758,3172,500,464,452,55,336,169,235,222,16,513
E02005910,8856,466,1000,220,690,2419,296,596,333,29,432,150,251,945,8,1021
E02005911,8523,313,602,472,992,3291,592,492,393,23,543,178,326,29,4,273
E02005912,8790,522,526,600,1018,3212,709,324,350,36,437,215,434,101,13,293
E02005913,6801,446,313,702,726,2604,556,180,295,12,302,156,270,2,11,226
E02005914,7084,312,430,466,864,1929,706,326,576,47,706,222,244,4,22,230
E02005915,5658,269,306,538,970,1781,519,222,268,49,261,124,143,0,18,190
E02005916,7095,409,511,632,916,2102,482,428,405,50,540,161,175,12,10,262
E02005917,5679,329,168,953,862,1894,544,174,196,30,138,97,153,0,9,132
E02005918,5096,368,290,712,648,1336,494,146,288,57,327,144,150,0,13,123
E02005919,5800,320,268,560,778,1734,481,238,348,25,425,213,129,83,10,188
E02005920,7258,402,286,826,1066,2329,673,282,349,32,334,170,205,30,22,252
E02002905,6022,385,284,772,1042,1494,510,260,301,20,369,149,198,0,25,213
E02002906,5707,432,358,510,626,1309,464,234,601,51,500,187,204,7,15,209
E02002907,5847,403,528,536,658,1237,451,300,420,36,438,191,292,0,20,337
E02002908,8449,522,386,1084,1344,2162,788,360,447,43,372,180,372,0,39,350
E02002909,10122,660,593,1092,1516,2509,1029,418,527,67,567,277,421,2,28,416
E02002910,7720,531,460,906,1096,1927,576,358,495,42,363,269,292,0,71,334
E02002911,9142,509,448,1000,1274,2887,820,318,453,43,448,210,334,5,52,341
E02002912,6917,288,284,666,990,2145,655,230,350,91,404,185,299,4,22,304
E02002913,5412,364,278,766,868,1377,479,174,249,27,203,143,161,0,36,287
E02002914,8903,586,722,680,1034,2017,789,528,647,42,637,275,382,2,28,534
E02002915,6504,474,361,758,768,1616,617,232,343,54,375,170,317,42,34,343
E02002916,9413,607,1154,448,712,1963,559,586,709,80,835,351,446,84,20,859
E02002917,6844,427,573,520,644,1714,475,376,525,37,536,220,311,8,15,463
E02002918,5862,401,206,686,730,1897,604,128,214,31,334,182,216,9,23,201
E02002919,9259,515,621,494,912,2360,723,396,814,69,833,347,612,2,13,548
E02002920,6493,318,398,566,808,1855,502,374,480,42,393,172,243,0,29,313
E02002921,7757,321,537,301,634,1653,551,256,914,89,1152,434,485,0,23,407
E02002922,6123,352,305,612,1004,1875,555,224,234,53,249,169,208,0,10,273
E02002923,9498,811,593,1084,1214,2548,645,446,575,67,579,269,226,13,48,380
E02002924,6047,379,318,654,840,1653,599,214,358,59,266,177,273,0,47,210
E02002925,10824,498,574,976,1442,3196,878,510,722,73,627,224,486,0,48,570
E02002926,10399,822,799,1084,1264,2547,761,530,686,96,700,317,323,0,36,434
E02002927,11331,604,551,1428,1890,3205,936,510,475,43,434,247,468,0,53,487
E02006008,7456,469,506,643,984,1841,737,390,397,53,530,300,274,7,33,292
E02006009,6420,434,266,708,826,2124,565,220,249,32,318,203,214,0,30,231
E02006010,11044,637,633,942,1708,2825,1147,620,757,61,615,305,336,4,34,420
E02006011,5896,440,435,652,764,1620,560,294,302,33,312,169,155,0,16,144
E02006012,6010,434,523,580,878,1443,529,356,363,22,312,210,155,0,13,192
E02006013,7607,381,356,882,1236,2170,749,312,376,55,260,174,367,0,41,248
E02006014,9022,480,453,976,1448,2362,844,370,587,76,494,242,344,0,34,312
E02006015,9718,608,747,776,1084,2478,795,556,909,55,708,352,297,0,26,327
E02006016,7398,368,294,720,1216,2108,797,260,416,59,281,235,347,0,39,258
E02006017,7174,461,418,682,984,1967,636,270,533,45,437,239,216,0,35,251
E02006018,11692,723,852,1066,1462,2933,832,554,1079,94,902,390,420,4,35,346
E02006019,5731,482,389,620,674,1462,407,270,447,20,386,174,194,9,19,178
E02006020,6288,217,267,462,828,2113,640,240,469,61,335,142,280,9,17,208
E02006021,7707,330,275,697,1122,2692,756,258,426,19,306,212,347,2,31,234
E02006022,5614,267,216,532,816,1908,490,218,269,22,265,182,201,0,23,205
E02006023,9106,539,461,786,1270,2396,971,392,716,61,490,311,345,16,20,332
E02006024,9526,577,656,634,954,2433,891,532,805,73,879,372,364,2,28,326
E02006025,8899,626,960,796,926,2048,606,458,686,56,658,285,319,23,24,428
E02006026,6809,320,322,674,934,2194,624,318,396,38,303,206,230,6,17,227
E02006027,5264,242,238,663,784,1363,603,190,326,35,189,150,207,2,22,250
E02006028,8967,426,452,882,1158,2695,843,364,585,69,458,258,439,2,38,298
E02006029,8233,416,455,596,732,1893,699,268,1031,52,974,301,436,3,21,356
E02006030,7135,326,395,460,768,1852,688,374,703,57,643,316,269,0,14,270
E02006031,7211,405,930,332,682,1374,390,674,725,46,681,210,239,2,24,497
E02006032,8957,485,577,534,838,2172,830,344,987,53,1025,344,416,0,27,325
E02006033,7502,653,1118,586,762,1633,391,614,391,32,355,198,182,6,9,572
E02006034,8330,538,704,734,992,2459,640,350,571,57,526,229,183,66,35,246
E02006035,5648,443,336,816,716,1406,611,174,291,29,260,194,143,4,37,188
E02006036,6051,478,694,486,608,1320,491,388,394,20,496,233,139,0,18,286
E02006037,9398,559,585,797,1110,2794,841,338,576,60,741,318,278,6,23,372
E02006038,7529,445,387,812,1066,2073,796,314,421,76,354,229,263,0,40,253
E02006039,7691,479,366,820,1076,2198,691,302,449,44,402,210,271,0,44,339
E02006040,7112,375,374,800,1048,2199,618,266,345,58,304,186,281,0,13,245
E02006041,5738,343,362,522,818,1487,504,272,385,37,308,143,244,0,17,296
E02006042,5743,504,293,976,860,1282,468,230,300,29,274,157,158,4,27,181
E02006043,6819,358,409,758,970,1689,575,366,438,51,365,198,294,0,55,293
E02006044,6141,400,383,822,1062,1563,512,264,367,29,172,153,174,0,29,211
E02006045,10798,937,949,1302,1298,2433,732,600,775,42,769,342,237,0,71,311
E02006046,8799,472,427,1046,1264,2283,814,332,544,55,435,249,474,5,54,345
E02002951,7633,393,459,472,1088,2064,838,300,687,47,621,228,247,0,9,180
E02002952,6694,352,483,394,702,1499,539,322,728,62,893,210,339,4,14,153
E02002953,7338,470,431,496,838,1619,736,258,789,96,869,249,262,8,22,195
E02002954,8236,486,642,696,874,1696,720,346,837,79,874,367,356,6,31,226
E02002955,7019,323,765,275,496,1719,399,350,547,39,900,231,693,12,10,260
E02002956,9171,450,703,480,926,2006,728,342,1122,128,1075,357,560,0,38,256
E02002957,9697,598,572,1032,1300,2401,1065,502,738,70,656,300,217,0,23,223
E02002958,7955,545,626,614,814,1780,678,346,854,61,832,291,244,5,33,232
E02002959,8209,392,1022,304,608,2001,412,504,728,66,1002,291,494,10,23,352
E02002960,5898,302,360,386,702,1584,768,204,458,59,533,206,215,0,6,115
E02002961,6471,338,768,316,494,1671,443,300,440,34,710,203,448,12,18,276
E02002962,6921,439,541,454,568,1271,611,218,855,79,939,348,391,0,17,190
E02002963,7277,476,1043,326,608,1414,486,416,636,45,821,282,347,14,11,352
E02002964,8492,646,578,782,1108,1724,895,322,672,117,766,337,308,2,14,221
E02002965,6722,232,807,174,330,1951,265,208,248,36,669,209,537,400,16,640
E02002966,8368,382,1349,272,512,1029,270,458,387,20,385,181,483,1665,34,941
E02002967,9652,523,941,422,710,1609,662,326,1338,109,1788,453,471,7,10,283
E02002968,8921,401,946,460,944,2158,638,516,643,57,645,316,427,215,24,531
E02002969,8617,421,1221,418,734,1608,463,560,801,46,905,284,285,250,30,591
E02002970,8054,467,1022,414,752,1448,484,514,884,43,1013,349,343,15,10,296
E02002971,5252,176,456,264,766,1105,597,212,484,44,591,180,221,6,8,142
E02002972,6243,398,623,332,648,1245,461,296,647,33,724,274,350,3,6,203
E02002973,8042,393,783,388,736,1974,652,400,649,102,787,343,361,123,28,323
E02002974,5492,345,288,678,820,1175,547,234,404,42,387,226,205,0,19,122
E02002975,7643,269,438,516,1088,2197,840,426,745,68,503,155,252,0,7,139
E02002976,5988,311,301,436,642,1506,561,204,673,47,611,226,242,8,17,203
E02002977,5762,612,528,612,682,973,520,218,425,43,484,181,270,0,29,185
E02002978,6367,362,614,342,552,1366,508,246,719,68,766,261,319,10,30,204
E02002979,5542,208,433,226,388,1628,350,130,347,55,526,205,802,10,19,215
E02002980,6051,451,313,731,850,1424,653,238,381,45,465,163,166,5,23,143
E02002981,8242,349,513,434,762,2352,627,294,846,76,898,225,592,6,19,249
E02002982,7044,381,929,294,538,1581,468,256,707,74,945,269,323,16,10,253
E02002983,5578,228,259,464,804,1786,721,184,322,45,328,138,168,4,14,113
E02002984,5484,204,277,428,994,1620,774,264,276,52,218,127,145,0,4,101
E02002928,5935,295,263,438,672,1811,508,198,336,31,377,192,232,274,14,294
E02002929,5379,236,174,522,836,1609,546,158,271,35,213,141,222,107,23,286
E02002930,5410,365,346,504,666,1215,424,262,325,55,317,182,173,299,13,264
E02002931,6360,254,230,528,868,2353,523,188,389,13,405,118,294,7,11,179
E02002932,8485,334,573,384,718,2049,556,480,1153,68,939,391,469,17,14,340
E02002933,8155,404,450,676,934,2389,886,366,504,41,590,306,325,4,11,269
E02002934,5987,231,347,294,708,1844,572,240,356,46,462,205,433,0,16,233
E02002935,6671,338,311,566,834,1590,603,262,537,64,524,249,434,10,23,326
E02002936,8594,311,400,320,618,2389,516,412,936,80,968,284,776,0,15,569
E02002937,9917,423,556,762,1470,3130,953,524,538,62,445,238,368,4,37,407
E02002938,6620,317,442,376,646,1767,488,266,459,72,581,188,638,9,21,350
E02002939,6303,411,548,594,764,1470,455,320,392,59,512,243,250,12,24,249
E02002940,6052,359,469,416,632,1385,454,430,515,42,550,235,244,7,22,292
E02002941,9475,490,635,666,1060,2313,755,554,959,102,747,295,392,5,24,478
E02002942,6245,136,214,342,832,2613,612,208,287,44,325,109,269,3,4,247
E02002943,9397,182,498,282,1026,3105,672,576,989,68,787,183,448,13,12,556
E02002944,7757,370,583,356,702,1612,567,364,879,57,1100,282,481,10,20,374
E02002945,9357,297,515,354,964,2262,877,332,941,77,1067,301,700,3,13,654
E02002946,7890,369,594,448,920,1918,674,524,787,79,684,257,297,0,8,331
E02002947,6921,149,459,290,798,1538,538,224,863,55,974,230,450,4,8,341
E02002948,6861,173,301,220,480,1453,429,204,1021,56,1423,260,531,13,4,293
E02002949,5268,392,454,315,694,1095,432,268,478,35,380,236,227,0,20,242
E02002950,5401,277,318,418,600,940,390,226,656,44,710,220,339,4,9,250
E02006118,7338,317,317,758,1160,2005,794,290,580,63,343,191,295,0,31,194
E02006119,8152,447,645,424,820,2087,638,358,943,60,693,316,385,0,25,311
E02006120,8857,461,467,634,1024,2097,874,456,932,76,796,345,397,0,32,266
E02006121,5546,255,311,308,770,1493,583,278,520,44,447,186,169,0,4,178
E02006122,6492,302,514,468,782,1624,589,420,523,102,476,208,234,0,16,234
E02006123,6643,216,381,348,790,2282,628,364,554,59,384,130,294,0,9,204
E02006124,7272,429,423,418,696,1644,686,302,930,98,779,281,349,0,15,222
E02006125,7331,402,621,522,812,1528,725,406,709,54,706,296,268,0,10,272
E02006126,8227,351,492,550,1022,2604,868,410,580,65,485,207,316,0,0,277
E02006127,7514,73,404,172,810,3035,776,520,744,36,460,146,199,0,2,137
E02006128,8361,545,549,1018,1112,2023,894,380,590,58,397,278,207,0,27,283
E02006129,7585,493,771,492,632,1569,656,424,822,70,781,252,319,0,15,289
E02006130,7473,345,409,594,942,2022,863,296,609,66,561,258,306,0,17,185
E02006131,7569,350,414,688,1132,2298,754,358,466,41,371,183,211,0,21,282
E02006132,6157,334,324,444,680,1746,613,320,502,45,504,216,219,0,19,191
E02006133,6742,434,530,428,718,2172,469,366,544,71,398,160,219,0,23,210
E02006134,9138,591,459,1097,1328,2677,868,372,405,72,491,213,247,0,32,286
E02006135,7817,444,392,766,1060,2574,847,282,444,37,431,177,181,3,20,159
E02006136,7624,412,343,864,1306,2420,767,242,258,34,288,203,252,0,29,206
E02006137,8643,504,628,584,802,2136,635,408,771,93,1020,305,447,5,9,296
E02006138,6179,223,552,206,472,1718,387,310,562,30,683,269,473,0,4,290
E02006139,7006,340,700,278,602,1886,385,306,407,41,655,255,704,4,6,437
E02006140,8327,389,538,623,968,2213,644,364,796,94,827,278,309,0,20,264
E02006141,10222,389,1236,330,698,2415,462,610,776,61,981,314,1068,4,4,874
E02006142,5339,248,276,426,780,1747,553,230,357,28,258,111,159,0,12,154
E02006143,7206,309,502,490,940,2216,556,452,458,57,473,162,302,0,10,279
E02006144,7929,531,813,505,822,1597,664,348,711,60,864,354,313,2,17,328
E02006145,5590,364,254,594,884,1762,443,190,253,41,302,140,183,0,12,168
E02006146,6987,324,331,666,986,1800,743,354,535,51,371,197,356,0,29,244
E02006147,7570,326,278,684,1074,2655,652,308,463,31,355,229,302,0,32,181
E02006148,7245,276,273,888,1190,2172,818,266,419,50,204,163,249,0,30,247
E02006149,10355,787,806,730,890,2471,659,562,907,90,1051,399,449,0,37,517
E02006150,11522,531,667,1252,1806,3274,1338,502,517,61,507,334,317,0,26,390
E02006151,8721,520,469,682,1144,2315,825,428,752,95,576,291,367,0,15,242
E02006152,10060,506,630,896,1162,3162,776,602,696,65,601,286,307,2,19,350
E02006153,6914,268,263,738,1050,2251,705,284,377,52,337,137,226,0,20,206
E02006154,9749,510,393,1266,1490,2488,1232,348,673,88,377,307,282,0,21,274
E02006155,5694,289,319,338,502,1405,589,264,714,56,560,240,261,0,7,150
E02006156,7602,360,255,1020,1082,2318,827,210,333,33,297,177,344,2,27,317
E02006157,6474,335,308,584,848,1609,667,270,492,109,432,230,331,0,27,232
E02006158,8486,370,449,758,1264,2463,1029,368,697,38,410,196,208,13,9,214
E02006159,5741,334,411,396,634,1353,600,262,471,63,567,227,238,3,18,164
E02006160,8251,494,593,636,1038,1841,832,334,832,67,675,327,301,29,26,226
E02006161,7000,251,311,590,1010,2149,851,302,449,63,338,189,274,47,21,155
E02006162,8400,531,556,694,1136,2095,910,366,629,70,560,284,299,25,22,223
E02006163,7864,417,497,530,758,2126,770,258,779,88,785,308,285,22,23,218
E02006164,7340,362,649,398,704,1301,575,312,1014,90,939,320,383,35,18,240
E02006165,7354,493,789,448,736,1551,623,494,851,50,622,204,186,39,21,247
E02006166,7090,382,483,592,994,2029,727,334,475,40,425,215,191,11,20,172
E02006167,8695,574,859,550,728,1610,641,374,1056,74,1031,305,353,234,32,274
E02006168,8230,606,1300,502,626,1270,543,512,499,46,589,258,211,792,13,463
E02006169,4837,317,427,348,538,1047,430,184,454,40,397,134,216,99,15,191
E02006170,5083,314,345,523,766,1373,420,200,318,47,249,137,202,11,15,163
E02006171,8904,689,641,899,984,2292,882,282,672,49,631,303,234,102,31,213
E02006172,9519,639,538,1191,1290,2852,1184,252,357,58,469,211,186,60,36,196
E02006173,6914,342,273,746,1170,2137,719,236,278,21,250,195,299,4,23,221
E02006174,10294,516,482,1048,1538,2969,1172,332,593,71,536,288,429,0,12,308
E02006175,6571,263,344,406,710,1703,736,352,714,73,517,166,302,0,15,270
E02006176,7289,499,322,892,1094,2056,768,274,336,30,381,163,199,0,28,247
E02006177,9794,442,424,980,1274,2714,1382,376,629,74,520,268,406,0,24,281
E02006178,7820,442,321,658,962,2000,1087,272,525,60,594,256,346,0,15,282
E02006179,6544,361,354,710,892,1904,694,288,408,35,296,183,227,0,21,171
E02006180,6481,304,300,536,668,1739,883,254,532,40,423,177,297,0,15,313
E02006181,5707,479,366,552,620,1272,541,222,444,45,530,226,203,0,2,205
E02006182,6608,397,271,842,828,2098,823,226,278,45,224,176,247,0,13,140
E02006183,7397,312,438,632,1022,2227,916,294,369,72,440,240,256,0,8,171
E02006184,5426,245,410,278,636,1665,612,238,410,38,385,161,157,0,5,186
E02006185,7115,569,388,760,736,1695,834,254,492,57,534,287,273,0,27,209
E02006186,12044,655,539,1452,1624,3632,1548,386,581,100,363,319,380,0,49,416
E02006187,7067,448,348,908,1036,1911,716,256,357,63,329,206,227,0,36,226
E02006188,5844,359,293,786,816,1585,632,222,304,33,237,153,223,0,23,178
E02006189,7035,473,370,862,1112,1845,666,290,441,36,336,202,214,2,21,165
E02006190,10130,706,987,811,1088,2715,670,600,719,41,786,286,372,9,33,307
E02006191,7928,345,380,747,1292,2751,757,312,341,50,311,164,257,0,12,209
E02006192,7789,441,483,793,1314,2168,819,274,401,46,353,200,257,0,24,216
E02006193,6464,359,343,816,882,1838,648,256,367,26,314,187,180,15,13,220
E02006194,7585,421,500,560,798,1834,577,346,812,55,886,230,252,36,13,265
E02006195,8225,435,405,888,1496,2365,801,362,432,43,374,175,265,0,14,170
E02006196,6392,345,786,216,492,1526,325,306,410,36,538,258,252,560,12,330
E02006197,8106,541,1416,270,728,1297,311,838,588,49,566,176,274,453,13,586
E02006198,7465,325,408,716,1028,2437,778,366,308,44,359,203,185,78,18,212
E02006199,7957,352,441,798,1198,2543,713,412,375,28,319,234,220,12,20,292
E02006200,7983,469,727,455,732,1618,537,334,837,79,1170,352,325,7,9,332
E02006201,12199,679,395,1622,1702,4125,1258,268,560,74,618,277,327,2,36,256
E02006202,8607,458,431,926,1446,2501,837,312,481,65,377,192,263,25,29,264
E02006203,7900,415,748,513,864,1919,562,324,746,49,787,267,373,13,6,314
E02006204,7214,430,479,606,988,1559,714,286,719,92,555,267,308,0,28,183
E02006205,6989,404,338,853,1290,1826,908,272,290,48,196,172,205,0,13,174
E02006206,8264,398,593,416,740,2211,692,354,893,87,1001,324,358,0,8,189
E02006207,6246,409,322,884,1064,1429,740,196,384,57,218,179,208,0,21,135
E02006208,8028,489,1099,468,798,1641,470,544,794,57,847,263,222,0,32,304
E02006209,10712,622,631,1094,1532,3309,1038,434,711,59,460,234,300,2,31,255
E02006210,5428,317,370,502,910,1361,598,218,294,31,173,170,239,0,32,213
E02006211,6422,416,226,934,858,1825,712,168,333,33,286,203,212,0,19,197
E02006212,7678,492,327,908,1174,1942,895,286,463,66,371,258,284,0,15,197
E02006213,6426,423,464,592,892,1732,606,286,385,36,398,202,177,0,15,218
E02006214,6005,408,417,578,750,1395,642,254,476,49,452,212,165,0,8,199
E02006215,7783,465,406,834,1182,1976,1018,278,420,51,433,233,250,0,22,215
E02006216,8665,364,438,810,1308,2750,1083,352,492,62,372,225,259,0,21,129
E02006217,8647,513,349,978,1236,2168,963,270,541,59,610,307,355,0,19,279
E02006218,7796,787,829,616,710,1468,448,502,591,40,779,288,290,2,18,428
E02006219,7873,247,486,372,968,2286,832,294,631,73,733,262,395,0,12,282
E02006220,7390,464,396,690,886,1749,751,306,660,56,577,258,300,0,18,279
E02006221,6087,180,478,280,718,1989,509,448,399,51,405,153,216,2,6,253
E02006222,6771,271,413,372,698,1698,710,286,660,76,732,249,345,0,5,256
E02006223,7158,236,504,194,570,1665,545,172,984,82,1249,266,455,0,3,233
E02006224,7692,153,423,252,1060,2425,841,410,672,54,567,206,347,0,2,280
E02006225,7375,308,349,574,1068,2298,867,326,450,44,332,219,319,0,22,199
E02006226,9657,275,585,458,1064,2664,950,586,1019,77,931,293,386,0,6,363
E02006468,10384,450,449,880,1398,3132,1132,418,668,102,717,320,356,0,10,352
E02006469,8660,408,452,628,988,2196,990,374,822,66,708,279,364,5,29,351
E02006470,10929,658,822,860,1300,2428,1001,612,1066,95,874,409,447,0,29,328
E02006471,6925,314,322,664,1078,1785,889,276,405,62,315,228,306,0,16,265
E02006472,8845,418,580,649,1134,2183,906,362,779,95,720,250,437,0,24,308
E02006473,9779,610,692,806,1118,2467,1129,536,686,94,577,331,380,0,20,333
E02006474,5946,262,339,488,856,1558,605,280,491,72,284,164,299,0,22,226
E02006475,7220,490,368,755,944,2126,860,220,357,23,410,228,292,0,17,130
E02006476,7275,356,545,396,742,1578,581,326,901,45,1000,236,281,5,10,273
E02006477,6863,306,254,704,932,2213,850,194,292,37,336,175,306,2,28,234
E02006478,8233,169,464,383,1012,2699,830,354,835,49,652,234,317,0,19,216
E02006479,8663,466,1134,336,706,2076,561,512,712,34,777,259,508,5,37,540
E02006480,7452,380,584,388,796,1678,676,334,810,71,873,265,328,0,22,247
E02006481,6873,294,518,486,734,1736,578,284,711,59,792,220,226,0,15,220
E02006482,6666,285,441,372,892,1884,667,382,501,53,476,173,271,2,8,259
E02006483,7721,467,605,388,652,1835,620,286,658,53,1011,312,505,0,5,324
E02006484,7565,408,617,458,824,2033,566,358,599,58,876,198,252,0,42,276
E02006485,6876,303,257,824,1130,2074,932,194,246,52,235,142,250,0,28,209
E02006486,7005,352,473,510,874,1888,815,264,600,45,534,181,258,0,13,198
E02006487,6591,501,521,584,676,1318,600,230,588,57,724,261,244,0,11,276
E02006488,6137,492,331,1039,900,1382,716,152,270,39,255,145,215,0,24,177
E02006489,8034,302,643,386,754,2082,695,402,645,66,813,293,481,0,20,452
E02006490,7424,413,380,560,854,1873,770,324,677,77,639,208,333,5,10,301
E02006806,7812,448,523,596,836,1904,808,346,594,43,699,248,432,8,3,324
E02006492,10629,448,637,844,1524,3490,873,558,586,48,462,196,500,4,27,432
E02006493,9041,193,682,370,1080,2590,659,540,830,88,875,309,391,3,12,419
E02006494,6655,448,773,350,516,1370,339,340,552,52,742,250,366,2,10,545
E02006495,7636,382,392,833,1066,2186,728,284,500,59,436,219,265,2,35,249
E02006496,6893,234,775,214,542,1476,359,494,616,61,741,195,426,10,13,737
E02006497,7721,334,788,306,656,1698,422,550,737,39,893,200,419,3,14,662
E02006498,11321,341,648,582,1362,4031,765,520,968,56,966,244,497,0,21,320
E02006499,5913,313,311,514,746,1962,521,280,397,23,318,150,184,8,24,162
E02006500,5121,416,402,516,632,1282,397,250,263,19,392,152,174,2,12,212
E02006501,8964,612,529,945,1136,2600,772,338,512,67,567,221,327,0,35,303
E02006502,10554,751,577,1352,1380,2855,887,418,567,57,718,292,347,0,41,312
E02006503,7732,507,291,1048,1176,2398,617,340,275,28,358,179,237,6,40,232
E02006504,5613,246,206,716,904,1636,616,224,209,20,221,109,247,0,33,226
E02006505,6624,611,362,952,940,1778,517,272,313,32,288,183,134,7,29,206
E02006506,5824,334,356,598,704,1600,587,238,326,39,475,217,172,7,16,155
E02006507,8982,465,554,730,1118,2866,828,358,543,56,695,217,270,0,26,256
E02006508,9401,460,462,972,1346,3040,884,406,452,37,474,241,301,3,24,299
E02006509,6023,482,440,564,702,1450,492,306,370,43,544,206,215,0,7,202
E02006510,6071,351,318,758,978,1857,535,222,236,27,228,136,190,0,33,202
E02006511,8932,538,433,996,1332,2739,854,350,353,40,446,233,249,17,17,335
E02006512,10742,690,1050,804,1260,2330,817,670,672,39,777,352,362,17,19,883
E02006513,7385,438,444,778,854,2397,515,336,388,20,442,170,230,6,17,350
E02006514,8829,830,750,882,1098,2068,653,432,438,29,450,261,242,81,57,558
E02006515,9054,476,456,898,1204,2901,828,350,470,64,499,233,313,0,44,318
E02006516,8816,441,513,776,1358,2756,684,398,449,47,436,244,300,8,48,358
E02006517,7305,390,386,752,1058,2353,567,324,328,52,404,146,244,3,18,280
E02006518,9252,730,592,1098,1376,2460,717,404,451,65,463,272,270,8,34,312
E02006519,7501,581,610,828,982,2271,548,400,235,38,349,167,152,61,29,250
E02006520,8388,471,578,782,1096,2796,683,390,386,31,503,182,213,43,21,213
E02006521,7408,572,404,974,874,2339,686,184,279,40,382,210,217,13,34,200
E02006522,5441,260,335,554,914,1736,483,226,192,18,218,124,165,14,14,188
E02006523,9921,538,589,1140,1268,2919,1078,392,453,61,445,250,411,42,28,307
E02006524,5579,278,523,334,520,1263,446,212,416,67,715,246,268,52,10,229
E02006525,12592,817,1369,918,1220,3077,727,900,522,36,511,258,400,877,24,936
E02006526,8283,444,633,636,1018,2098,850,380,549,21,624,313,352,8,16,341
E02006527,8802,444,1080,628,832,2179,465,682,351,9,501,223,289,410,21,688
E02006528,11001,470,1210,400,956,1940,515,758,558,49,763,275,773,1359,15,960
E02006529,11238,591,1299,492,1238,2884,707,950,776,68,965,349,401,22,26,470
E02006530,10366,580,840,748,1140,3418,655,534,493,31,640,249,546,22,22,448
E02006531,9828,375,902,204,530,1531,579,520,568,55,966,324,784,1554,20,916
E02006532,8721,317,517,732,1148,3027,758,428,379,41,525,220,338,0,26,265
E02006533,9521,458,515,636,938,2785,946,460,517,38,816,312,649,30,19,402
E02001827,6044,437,293,666,662,1820,606,154,293,53,415,189,264,0,22,170
E02001828,6877,618,480,920,732,1914,580,264,324,32,390,178,218,0,14,213
E02001829,8731,434,332,910,980,3385,723,284,423,43,521,179,283,4,16,214
E02001830,9311,553,505,1196,1230,3022,932,308,229,38,332,178,401,4,24,359
E02001831,10285,677,771,634,828,2605,854,362,863,113,1218,464,607,7,13,269
E02001832,8163,399,553,774,910,2757,807,316,421,38,472,236,256,0,25,199
E02001833,5805,289,241,514,606,1771,801,154,312,43,382,192,306,2,25,167
E02001834,6139,306,400,322,342,1326,472,240,726,65,943,374,389,2,38,194
E02001835,8002,521,659,504,756,2363,709,462,491,66,434,221,311,8,16,481
E02001836,9142,495,429,798,994,2883,1147,298,487,67,480,275,439,6,28,316
E02001837,10556,481,759,334,574,2187,743,262,1123,115,1957,609,892,5,34,481
E02001838,7618,360,408,620,930,2512,1017,246,381,19,341,232,329,7,17,199
E02001839,6408,500,459,372,530,1503,580,290,501,61,716,308,322,7,16,243
E02001840,8678,572,689,296,482,1770,516,278,876,96,1576,453,650,20,36,368
E02001841,5945,298,229,708,862,1852,766,198,228,36,197,116,254,2,11,188
E02001842,7655,383,364,508,668,2059,878,220,517,59,824,345,470,20,19,321
E02001843,6423,386,398,454,568,1475,667,278,572,68,641,263,352,14,21,266
E02001844,9533,756,957,683,924,2325,833,538,542,67,593,336,448,27,22,482
E02001845,6274,285,394,304,528,1698,525,286,607,38,797,263,300,4,27,218
E02001846,7802,480,719,303,486,1561,590,278,683,110,1199,375,543,3,43,429
E02001847,5521,373,307,500,720,1295,652,222,356,48,396,212,247,0,17,176
E02001848,6291,292,456,263,384,1375,436,190,462,28,1271,360,516,4,12,242
E02001849,6838,408,922,190,374,1265,346,372,539,58,1127,298,429,24,24,462
E02001850,8167,401,412,424,534,2383,714,170,374,42,777,325,933,215,40,423
E02001851,8489,524,731,505,744,2017,635,390,661,82,873,397,528,10,18,374
E02001852,6512,401,494,280,424,1389,554,220,466,65,839,300,538,61,21,460
E02001854,7733,456,605,402,616,1812,733,246,589,61,971,327,472,24,40,379
E02001855,9826,614,856,574,524,1543,701,278,985,136,1997,582,683,0,38,315
E02001856,8459,285,872,224,514,2013,478,330,492,35,1019,374,910,132,8,773
E02001857,12583,503,1636,280,680,2576,681,468,879,49,1713,521,1368,180,24,1025
E02001858,7975,294,941,200,280,1843,530,212,226,31,846,340,1434,110,24,664
E02001859,9407,212,368,176,232,3222,535,72,112,19,860,288,2002,474,20,815
E02001860,8337,276,464,200,240,2277,600,74,275,27,1123,455,1382,50,13,881
E02001861,10114,253,674,154,202,3000,519,42,217,32,1334,410,2039,290,10,938
E02001862,9897,272,585,200,264,2676,712,70,261,20,1481,511,1843,38,44,920
E02001863,7806,225,402,122,194,2798,321,56,160,19,869,358,1770,28,13,471
E02001864,5531,257,548,148,234,1228,277,84,344,51,1349,270,518,4,15,204
E02001865,10912,228,574,229,244,3032,648,72,234,24,1377,533,2545,99,16,1057
E02001866,8561,205,569,118,156,2814,368,60,166,9,867,370,2142,80,4,633
E02001867,6875,242,353,86,132,2344,320,34,150,4,948,330,1560,40,12,320
E02001868,8557,313,228,430,440,3141,738,80,310,57,614,285,1511,6,17,387
E02001869,6056,262,651,108,152,1493,185,54,346,43,1421,361,654,19,20,287
E02001870,11471,363,487,336,468,4397,699,94,470,47,1182,393,1963,18,24,530
E02001871,7640,582,839,450,498,1196,504,278,705,102,1329,383,507,0,24,243
E02001872,7158,509,586,300,454,1176,449,260,955,69,1251,397,468,10,32,242
E02001873,10442,312,925,170,350,2504,454,192,418,23,1898,538,1507,103,14,1034
E02001874,9296,259,459,118,256,3677,415,52,302,14,1089,334,1765,45,12,499
E02001875,8133,205,1019,78,260,2085,262,320,249,0,1532,359,1017,125,4,618
E02001876,7300,219,1126,50,166,1570,128,232,305,9,1303,263,639,897,9,384
E02001877,10615,213,408,102,278,4433,532,40,211,36,1141,367,2276,36,11,531
E02001878,8949,157,569,102,194,3109,303,76,319,12,1170,368,1938,66,7,559
E02001879,9490,217,674,116,244,2677,428,120,352,36,1268,426,1827,282,8,815
E02001880,9429,312,597,254,446,2061,580,210,945,77,2288,444,847,2,27,339
E02001881,9334,272,517,202,296,3482,447,78,362,37,1272,354,1458,37,19,501
E02001882,8028,443,699,366,422,2104,615,162,467,57,906,310,1037,11,36,393
E02001883,8129,513,847,394,524,1310,575,348,846,65,1447,439,507,3,31,280
E02001884,9233,154,265,128,266,4335,303,60,193,26,1189,243,1643,34,2,392
E02001886,8657,204,893,192,420,2083,542,268,309,25,690,235,1283,236,19,1258
E02001888,6161,327,401,214,340,1484,516,128,569,50,902,369,580,11,19,251
E02001889,8246,170,274,164,218,3465,443,34,172,21,950,290,1622,34,10,379
E02001890,9389,453,1562,350,658,1824,410,582,237,47,545,151,805,514,31,1220
E02001892,10189,375,636,218,404,3529,616,126,530,39,1479,522,1241,13,28,433
E02001893,8035,486,530,460,546,2167,786,200,381,73,710,388,888,0,21,399
E02001895,7680,546,551,410,542,1463,541,234,660,67,1213,432,619,0,24,378
E02001896,9269,157,360,102,208,3700,491,42,141,9,820,281,2279,30,11,638
E02001897,7521,310,826,110,220,2248,293,90,174,29,1121,373,1104,83,24,516
E02001898,6488,437,326,546,586,1785,734,210,400,83,464,233,464,0,14,206
E02001899,7755,477,542,590,742,2358,703,316,225,27,334,218,620,22,14,567
E02001900,6219,343,703,254,370,1494,206,216,159,15,527,228,614,493,23,574
E02001901,7752,475,922,346,730,1996,367,726,317,34,391,186,175,103,14,970
E02001902,6101,328,407,357,504,1645,635,216,426,44,643,220,391,0,22,263
E02001903,7597,123,299,94,148,2847,352,16,97,10,870,309,1855,29,3,545
E02001904,6808,306,520,202,394,2011,334,186,434,38,894,268,716,12,12,481
E02001905,6065,229,684,286,528,1529,322,332,156,28,204,121,535,482,12,617
E02001906,9315,450,514,696,906,2474,882,318,586,59,1117,402,479,7,28,397
E02001907,9608,547,702,759,920,2287,969,372,740,81,856,457,443,2,33,440
E02001908,8896,129,225,92,186,3518,401,20,105,15,842,313,2382,60,8,600
E02001909,7941,152,430,98,194,2997,383,80,161,22,764,229,1725,84,20,602
E02001910,7105,193,585,120,186,2352,305,124,172,33,872,249,1445,62,7,400
E02001911,7935,387,710,328,398,1676,430,248,602,53,1654,405,591,31,18,404
E02001913,7095,518,876,290,440,1204,306,344,229,34,571,258,372,918,18,717
E02001914,6686,172,413,208,334,2056,387,274,151,20,441,140,1344,81,7,658
E02001915,11339,569,1236,384,854,2838,759,530,741,82,1031,448,1041,31,39,756
E02001916,8499,312,542,278,472,2526,572,152,422,60,1343,390,935,20,20,455
E02001918,8682,474,1510,216,574,1808,333,566,311,16,553,206,986,57,28,1044
E02001919,6520,242,885,182,326,1425,383,352,147,9,283,181,1315,49,40,701
E02001920,7579,423,701,362,572,1475,593,250,641,51,1258,359,611,9,9,265
E02001921,7792,405,623,430,620,1721,542,298,619,51,1177,329,464,62,22,429
E02001922,11409,140,293,92,120,464,164,134,139,13,321,152,284,7754,16,1323
E02001923,10427,428,502,368,416,3474,970,154,279,22,858,426,1869,26,26,609
E02001924,6449,370,338,268,384,1912,708,154,349,44,590,295,729,5,23,280
E02001925,6548,447,517,426,550,1581,514,224,292,12,464,203,283,457,20,558
E02001926,6830,320,570,326,504,1368,391,348,310,25,490,184,407,694,10,883
E02001927,7634,424,640,376,500,1632,576,258,658,85,1355,361,369,15,24,361
E02001928,6850,377,645,322,612,1334,650,270,603,76,1015,356,387,6,9,188
E02001929,9626,396,695,298,486,2532,614,254,753,127,1614,576,860,17,28,376
E02001930,7845,332,660,250,552,2152,583,504,513,42,587,270,611,30,18,741
E02001931,7884,460,479,506,640,2317,847,226,279,52,579,270,772,3,25,429
E02001932,6586,387,581,342,444,1298,455,216,628,68,1147,332,401,37,22,228
E02001933,7512,365,633,284,568,1906,557,378,486,36,912,349,584,10,10,434
E02001934,6782,255,227,382,474,2217,746,142,188,23,435,255,1009,0,22,407
E02001935,7811,514,409,718,650,2000,761,204,540,50,937,367,360,27,19,255
E02001936,6438,352,359,480,558,2074,593,160,303,39,545,245,407,2,16,305
E02001937,7871,434,690,334,420,1781,534,262,542,68,1057,391,786,29,38,505
E02001938,7560,365,713,266,618,2015,474,524,497,68,688,264,342,63,16,647
E02001939,5807,478,764,472,536,1253,482,216,223,41,622,244,181,19,21,255
E02001941,6098,329,466,312,382,1198,452,178,451,58,1068,420,480,10,24,270
E02001942,6673,412,655,328,556,1700,467,340,435,45,873,199,305,8,11,339
E02001943,6363,338,406,284,464,1509,490,298,587,61,861,325,376,5,13,346
E02001944,8051,364,697,399,654,2130,584,388,674,68,933,346,447,19,13,335
E02001945,7777,323,588,244,482,1707,521,266,702,76,1493,455,595,6,10,309
E02001946,7619,440,487,568,810,2283,739,310,414,64,670,251,262,7,20,294
E02001947,6115,480,768,308,278,982,367,160,554,64,1096,395,403,4,26,230
E02001948,7387,385,511,462,606,1844,772,340,557,108,769,342,334,4,34,319
E02001949,5695,275,549,262,432,1016,384,288,649,59,1008,240,294,2,17,220
E02001950,8363,473,590,594,816,1912,875,432,719,70,757,344,388,36,12,345
E02001951,8200,400,864,262,644,1319,583,320,926,112,1381,445,599,16,27,302
E02001952,8890,581,1021,349,518,1608,505,346,898,73,1698,420,514,32,21,306
E02001953,7008,416,457,550,804,1703,733,224,404,46,686,322,399,6,4,254
E02001954,7784,468,775,303,556,1255,534,280,747,74,1469,432,533,55,25,278
E02001955,6307,320,589,294,440,1374,363,300,652,73,981,322,359,10,21,209
E02001956,6367,322,485,292,582,1533,524,346,601,73,766,249,368,2,10,214
E02001957,7889,387,497,572,732,1998,828,388,666,76,848,290,325,3,13,266
E02006807,7891,386,357,478,722,2647,881,282,468,29,564,251,539,5,9,273
E02006809,9956,321,303,422,416,2890,1397,88,198,20,576,344,2078,8,26,869
E02006895,6136,215,1244,66,320,843,86,530,212,0,913,193,360,299,11,844
E02006896,5216,158,1520,30,256,509,59,678,120,6,286,109,183,430,12,860
E02006897,5774,190,1501,64,248,773,83,354,200,20,911,199,341,190,0,700
E02006898,6169,184,1421,68,418,655,101,770,188,13,689,191,287,281,9,894
E02006899,5342,51,1831,10,386,245,22,950,88,12,99,19,40,528,0,1061
E02006900,14632,279,629,178,328,5871,779,92,251,39,1713,529,3070,38,19,817
E02006901,14386,270,596,272,532,5993,769,136,390,35,1357,391,2479,117,18,1031
E02001958,7422,378,760,384,592,1690,523,352,486,60,1058,210,519,0,27,383
E02001959,6110,320,253,482,502,1631,770,176,377,33,611,229,405,16,16,289
E02001961,7484,429,744,336,472,1573,518,204,646,74,1230,375,530,26,17,310
E02001962,6017,209,350,216,316,1508,431,154,479,50,1043,266,617,7,13,358
E02001963,5908,390,317,418,572,1663,676,176,396,25,524,192,294,6,12,247
E02001964,8019,407,655,356,410,1493,453,188,769,84,1873,381,645,34,8,263
E02001965,7977,409,470,578,830,2068,849,296,528,55,791,312,461,10,16,304
E02001966,6888,170,383,142,222,2396,380,116,258,12,842,215,1181,53,3,515
E02001967,6147,412,332,728,730,1639,618,224,361,29,425,169,252,30,12,186
E02001968,7147,272,379,280,484,2179,603,238,463,50,904,231,554,42,18,450
E02001969,6332,364,526,292,362,1361,455,244,599,72,952,272,377,46,20,390
E02001970,5436,435,417,654,484,1212,447,188,326,47,450,217,300,23,14,222
E02001971,5834,381,306,392,514,1676,571,160,408,55,652,235,234,12,10,228
E02001972,9935,290,830,162,408,3155,499,132,447,30,1438,356,1121,232,15,820
E02001973,8111,366,772,268,510,1812,579,294,550,47,1108,331,705,183,43,543
E02001974,9436,535,546,670,864,2798,899,388,591,69,815,346,384,55,16,460
E02001975,7854,332,347,460,598,2197,811,230,571,73,953,306,517,81,19,359
E02001976,7085,447,650,436,708,1803,636,220,464,39,675,246,358,38,10,355
E02001977,8818,359,1393,194,494,1445,350,478,552,39,1026,304,508,711,10,955
E02001978,6471,228,464,296,536,1739,601,206,420,63,620,222,526,135,19,396
E02001979,5678,396,309,676,588,1606,470,226,323,50,433,199,207,14,16,165
E02001980,5972,319,348,832,780,1654,703,172,306,42,318,166,176,6,31,119
E02001981,10927,291,1241,148,402,2750,382,246,439,45,1470,329,1212,1050,4,918
E02001982,7062,322,537,652,756,1842,576,436,534,48,604,255,228,33,13,226
E02001983,7492,368,690,446,678,1863,550,362,545,48,582,295,365,204,34,462
E02001984,8829,362,602,458,736,2203,693,290,665,67,836,310,652,258,24,673
E02001985,7370,203,779,144,232,863,264,288,365,15,753,257,374,1695,8,1130
E02001986,7503,480,933,470,574,1330,530,348,541,46,1202,340,346,38,13,312
E02001987,5775,197,724,132,376,603,183,498,205,36,413,209,204,1224,6,765
E02001988,6903,329,1422,138,418,806,184,476,237,49,542,163,288,1281,10,560
E02001989,5626,254,342,316,512,1324,594,244,477,45,576,219,229,196,11,287
E02001990,9184,403,423,810,1046,2595,1159,284,608,50,627,296,500,10,17,356
E02001991,8379,482,737,673,978,2068,695,416,322,46,414,182,355,400,15,596
E02001992,9526,442,630,442,720,2083,685,300,766,59,1771,429,662,52,22,463
E02001993,7202,388,499,339,588,1610,601,170,492,39,1001,293,497,311,19,355
E02001994,8099,514,520,518,778,2159,739,256,377,31,725,341,507,131,18,485
E02001995,6368,465,747,358,552,1117,431,412,398,32,675,219,244,172,19,527
E02001996,6781,399,1083,268,382,1165,359,218,493,55,1310,278,434,13,43,281
E02001997,8510,577,375,1030,812,2667,1033,174,252,30,352,224,522,38,30,394
E02001998,5973,381,234,558,602,2048,606,112,271,15,408,174,327,38,15,184
E02001999,5935,290,225,484,616,1623,558,140,176,6,211,176,484,534,21,391
E02006805,8205,358,501,306,540,1955,610,258,621,70,1432,366,706,14,20,448
E02002000,7778,406,483,547,720,1861,788,298,858,63,817,321,412,0,18,186
E02002001,5944,402,366,468,482,1625,624,224,426,36,489,238,321,0,34,209
E02002002,7016,454,237,1110,960,1992,985,170,262,18,227,208,199,0,29,165
E02002003,9034,597,459,889,904,2474,1185,310,718,38,600,289,343,0,25,203
E02002004,7431,361,377,522,646,1852,742,248,777,78,868,361,338,0,28,233
E02002005,8047,325,342,480,606,1795,790,260,997,117,1185,342,483,6,29,290
E02002006,6400,367,538,452,662,1429,605,346,673,35,529,260,291,2,16,195
E02002007,8725,618,397,1228,974,2114,1066,290,577,41,560,332,277,0,31,220
E02002008,8220,191,384,386,876,3181,871,428,505,38,468,184,444,0,3,261
E02002009,6707,280,431,278,440,1935,524,182,473,32,968,322,522,4,18,298
E02002010,7020,495,905,374,490,1636,456,328,440,35,621,250,631,0,15,344
E02002011,5789,330,280,618,772,1705,640,222,311,41,366,214,142,0,5,143
E02002012,7678,559,562,494,580,1988,620,250,717,87,769,290,419,7,20,316
E02002013,6589,446,253,952,784,1997,856,190,284,32,275,192,150,0,9,169
E02002014,6865,297,439,340,518,1720,599,220,497,47,767,279,758,4,13,367
E02002015,5982,298,267,581,704,1478,784,228,453,57,412,195,314,0,10,201
E02002016,7795,396,470,418,592,1725,732,322,905,76,1060,305,503,0,17,274
E02002017,8146,413,798,526,722,1884,726,446,760,38,712,292,499,0,0,330
E02002018,9004,528,304,1206,1106,2718,1079,244,466,70,421,293,315,0,30,224
E02002019,7857,371,458,500,598,1919,839,312,800,60,883,327,478,0,22,290
E02002020,9309,462,570,1046,1166,2562,1131,454,584,51,509,252,292,0,16,214
E02002021,7249,346,1032,284,554,1420,415,530,717,37,771,276,461,0,28,378
E02002022,8280,391,563,420,844,2111,621,390,979,94,814,334,430,2,16,271
E02002023,5339,250,244,552,712,1407,603,238,439,32,360,203,159,0,9,131
E02002024,8488,425,422,674,840,2291,880,344,847,47,678,345,357,0,34,304
E02002025,7943,432,598,489,752,2175,728,366,587,77,624,310,479,0,33,293
E02002026,7087,267,334,508,908,2017,1024,286,462,60,460,201,380,0,9,171
E02002027,5659,125,349,248,808,2042,761,286,323,29,249,94,204,0,4,137
E02002028,5781,460,326,696,678,1464,538,238,392,43,364,232,148,2,12,188
E02002029,5846,395,282,689,614,1697,695,174,307,46,310,198,247,0,21,171
E02002030,6220,328,473,432,604,1457,604,362,529,56,602,257,287,2,12,215
E02002031,5914,197,448,276,664,1812,608,276,357,56,420,160,439,0,8,193
E02002032,9910,471,649,608,922,2529,812,492,1005,83,979,319,660,0,13,368
E02002033,7446,455,463,668,872,2140,747,334,463,28,487,279,270,0,20,220
E02002034,8053,549,837,512,764,2043,557,468,649,55,649,299,282,0,31,358
E02002035,6065,395,260,627,696,1897,917,158,272,24,215,179,296,0,13,116
E02002036,6560,376,620,354,506,1506,557,274,613,50,635,240,552,0,19,258
E02002037,5859,354,358,524,692,1610,643,188,408,49,365,228,194,0,8,238
E02002038,9377,611,844,776,1000,2215,914,382,631,52,832,392,350,0,18,360
E02002039,5855,384,388,576,674,1687,534,312,314,36,276,228,302,0,17,127
E02002040,5927,410,225,780,850,1810,665,190,242,46,227,134,182,9,20,137
E02002041,6167,381,195,974,748,1650,754,162,322,54,297,208,245,0,21,156
E02002042,8037,514,310,954,1028,2547,941,252,396,41,378,263,247,3,11,152
E02002043,8347,406,396,338,674,2113,859,272,826,114,935,337,708,0,25,344
E02002044,7498,320,411,310,516,2119,633,200,741,49,865,259,716,2,8,349
E02002045,7754,456,467,548,702,1860,762,286,801,71,740,305,495,0,30,231
E02002046,5626,227,218,206,396,1301,606,102,789,67,824,252,403,0,16,219
E02002047,6331,446,494,566,576,1327,589,286,462,87,564,264,401,0,15,254
E02002048,6420,435,313,726,618,1783,747,182,229,34,280,233,541,5,12,282
E02002049,5920,191,378,350,618,1564,647,246,489,73,623,242,297,0,11,191
E02002051,5467,237,235,264,408,1288,505,104,732,57,815,272,337,0,16,197
E02002052,10467,480,628,516,734,2395,955,304,1134,156,1291,432,930,3,34,475
E02002053,5970,356,403,488,470,1546,641,158,322,64,534,279,464,5,14,226
E02002054,5579,326,284,518,460,1356,628,136,346,50,564,287,356,0,13,255
E02002055,9050,419,514,526,684,2188,905,280,694,74,798,465,901,2,27,573
E02002056,8547,410,673,411,672,1838,773,346,983,73,1049,338,614,0,32,335
E02002057,8917,553,704,426,686,2429,778,322,678,72,763,262,862,0,29,353
E02002058,11579,396,1022,357,938,3178,925,470,964,56,1062,516,1023,2,33,637
E02002059,10380,633,869,500,710,2299,967,240,666,100,1037,381,1222,12,24,720
E02002060,6250,294,435,338,368,1549,580,108,557,62,551,262,825,6,31,284
E02002061,5731,320,296,236,286,1471,454,114,245,53,471,229,1014,11,5,526
E02002062,7080,452,730,336,366,1477,494,162,371,33,723,303,1083,2,12,536
E02002063,9129,314,720,360,686,2456,667,400,714,48,963,299,1000,2,9,491
E02002064,11869,460,696,692,1016,3233,1174,378,1237,141,1299,432,660,15,29,407
E02002065,12067,356,509,338,456,3585,825,138,373,50,1206,492,2581,23,17,1118
E02002066,7198,341,517,292,444,1877,512,208,394,42,868,352,852,17,26,456
E02002067,5468,308,219,564,554,1353,650,136,524,36,486,177,264,0,15,182
E02002068,11930,371,824,180,406,3439,524,202,497,31,1866,483,2084,71,31,921
E02002069,6542,403,641,555,506,1359,500,258,537,59,728,300,473,0,16,207
E02002070,8993,523,745,304,334,2305,591,196,422,35,965,363,1460,29,23,698
E02002071,6507,318,370,432,620,1534,584,202,674,66,801,260,423,0,15,208
E02002072,8266,460,621,468,746,2142,761,312,537,52,729,336,704,0,16,382
E02002073,7508,435,375,320,496,1912,720,144,505,93,957,392,754,4,42,359
E02002074,7964,437,382,468,602,2029,770,186,695,64,853,421,655,0,44,358
E02002075,8473,554,587,504,822,2003,691,380,879,80,846,285,499,2,44,297
E02002076,10243,471,957,408,890,2499,727,718,761,61,904,342,573,29,20,883
E02002077,10109,579,839,552,930,2623,768,520,944,85,911,346,597,8,32,375
E02002078,6205,356,271,592,618,1721,630,152,300,34,458,270,489,2,28,284
E02002079,7958,607,485,556,692,1815,708,254,598,54,806,392,644,5,36,306
E02002080,6593,402,439,442,660,1628,615,278,625,60,635,268,311,0,5,225
E02006810,9993,524,692,820,1004,2391,1157,298,747,41,767,373,662,0,25,492
E02002081,5366,369,366,486,670,1104,833,172,277,66,370,224,249,0,16,164
E02002082,5909,246,547,250,402,1116,471,132,639,79,1168,263,387,16,7,186
E02002083,5825,371,164,582,740,1453,1013,154,454,23,276,191,213,0,26,165
E02002084,6126,293,520,326,476,1106,546,166,599,50,1161,361,334,0,17,171
E02002085,6252,303,468,414,400,1116,631,144,686,91,1144,292,337,8,8,210
E02002086,5347,339,631,246,376,880,430,170,517,54,1025,260,231,0,11,177
E02002087,6032,376,613,356,358,1142,523,140,614,52,1073,333,254,0,10,188
E02002088,9326,390,1040,506,652,1552,746,278,1093,91,1852,396,424,0,10,296
E02002089,7532,348,440,620,756,1842,913,322,558,80,690,248,354,2,17,342
E02002090,5807,311,264,398,552,1851,730,206,335,40,398,269,252,0,14,187
E02002091,7277,596,397,792,672,1936,735,258,404,55,512,248,339,0,33,300
E02002092,7086,542,504,560,554,2058,721,268,408,59,582,264,289,0,17,260
E02002093,6353,429,590,520,570,1757,548,254,306,23,508,232,334,0,13,269
E02002094,5866,398,258,578,612,2128,681,146,163,6,233,146,250,2,31,234
E02002095,8510,446,630,652,1022,2501,893,286,407,47,566,267,469,2,18,304
E02002096,9870,713,516,1068,990,3187,921,330,317,44,499,316,547,3,29,390
E02002097,6497,394,459,686,916,1818,638,274,262,41,309,155,266,0,18,261
E02002098,9381,594,535,879,750,3235,918,224,425,36,628,321,507,16,25,288
E02002099,6453,482,259,842,822,2318,662,90,118,22,194,124,289,0,5,226
E02002101,5783,445,484,588,578,1349,635,216,286,25,425,233,272,0,42,205
E02002102,8407,494,494,736,746,2635,863,294,386,69,558,354,460,0,18,300
E02002103,6012,477,243,688,662,1672,809,204,231,43,294,217,231,0,33,208
E02002104,6166,241,285,452,776,2416,760,150,241,14,286,177,232,0,2,134
E02002105,7811,379,300,830,1042,2897,664,246,353,25,338,151,361,0,35,190
E02002106,9127,658,425,1178,1164,3092,997,208,258,20,396,211,257,2,14,247
E02002107,5733,167,345,410,754,1977,705,242,159,21,267,147,299,0,11,229
E02002108,9790,550,337,1019,1140,4133,912,252,252,48,444,211,285,3,23,181
E02002109,9346,279,756,546,1142,3364,810,528,430,46,534,216,350,0,21,324
E02006808,6097,294,308,396,524,2057,643,248,389,22,447,194,335,0,15,225
E02002110,6692,262,381,408,744,1916,635,316,627,75,522,231,303,2,8,262
E02002111,5864,401,342,512,608,1152,647,236,609,51,502,242,410,0,12,140
E02002112,5435,289,238,518,644,1567,632,172,386,59,378,176,229,0,2,145
E02002113,6392,336,404,496,670,1459,660,300,623,61,603,216,354,0,10,200
E02002114,5974,426,327,790,690,1434,605,236,427,64,364,197,241,2,31,140
E02002115,6564,473,421,638,654,1321,649,206,596,95,634,274,368,0,25,210
E02002116,6720,418,335,772,924,1854,731,196,389,45,314,210,286,0,16,230
E02002117,5991,326,566,452,716,1528,494,266,464,21,479,224,258,0,20,177
E02002118,7194,507,409,520,586,1491,744,236,783,103,848,342,422,0,15,188
E02002119,5990,307,291,617,614,1483,677,220,445,51,429,248,349,0,23,236
E02002120,6261,198,275,356,794,1865,816,218,444,56,471,174,374,0,15,205
E02002121,6007,317,363,308,464,1328,535,226,820,67,735,259,378,0,19,188
E02002122,5481,208,269,192,380,1197,511,194,844,69,711,213,459,4,4,226
E02002123,6387,370,379,548,598,1417,665,304,709,59,493,257,326,0,36,226
E02002124,6827,623,511,734,628,1503,517,298,575,44,626,263,293,0,33,179
E02002125,5855,364,410,432,638,1320,569,284,535,71,446,282,306,0,22,176
E02002126,6342,342,510,280,436,1178,531,182,890,88,1029,304,282,6,21,263
E02002127,8245,306,602,272,494,2143,514,228,1033,68,1016,296,864,11,27,371
E02002128,5542,314,370,552,616,1245,694,204,381,67,444,231,234,0,9,181
E02002129,5902,319,323,562,694,1412,787,202,467,42,331,247,318,3,26,169
E02002130,6586,327,340,322,520,1680,559,258,753,79,679,264,568,0,13,224
E02002131,7842,473,274,982,882,2407,959,236,377,65,342,274,347,0,28,196
E02002132,6320,369,299,396,556,1296,632,176,862,84,774,336,298,6,16,220
E02002133,6580,359,928,458,594,1415,447,296,301,47,478,218,625,10,16,388
E02002134,8159,320,614,364,582,1813,703,338,888,92,1134,411,578,0,16,306
E02002135,7064,289,488,192,382,2140,472,244,426,42,790,269,885,2,14,429
E02002136,7530,292,640,273,648,1895,635,360,705,52,773,332,585,0,30,310
E02002137,6251,456,253,904,664,1901,805,206,214,28,233,181,232,0,18,156
E02002138,6278,302,350,436,462,1882,528,168,305,23,400,120,970,8,15,309
E02002139,9027,371,1338,254,444,2160,530,448,361,30,828,277,1347,28,6,605
E02002140,7940,350,512,268,472,2273,717,186,407,30,942,310,970,19,14,470
E02002141,6690,301,293,832,686,2064,751,190,342,51,315,212,372,0,11,270
E02002142,6694,216,457,208,398,1875,484,190,608,43,682,258,962,0,0,313
E02002143,9991,266,503,279,426,3424,599,184,437,45,865,296,1946,72,9,640
E02002144,6703,348,205,806,718,1957,841,82,188,16,139,134,899,0,10,360
E02002145,6790,307,526,297,502,1693,579,236,812,54,859,293,359,4,21,248
E02002146,6439,265,302,288,384,1953,574,160,551,43,529,218,835,10,4,323
E02002147,7842,422,412,394,602,1725,691,290,1017,76,963,333,563,7,24,323
E02002148,11006,706,466,1280,1060,3165,1204,354,651,107,703,380,528,0,20,382
E02002149,9973,612,644,759,1046,2041,1203,382,786,110,1044,481,508,0,22,335
E02002150,5668,289,323,306,462,1431,619,194,460,34,712,220,412,0,14,192
E02002151,5804,268,629,158,552,1226,464,242,490,55,928,272,361,0,7,152
E02002152,6160,259,316,304,346,1272,509,142,637,91,1192,260,560,0,11,261
E02002153,7502,550,551,800,654,1537,735,290,689,71,668,416,330,6,14,191
E02002154,5549,293,436,273,400,1362,455,206,538,49,666,223,367,2,26,253
E02002155,5825,185,293,184,298,1128,451,108,855,50,1181,320,506,0,16,250
E02002156,8359,544,470,613,724,2299,949,238,660,76,646,376,486,0,19,259
E02002157,7660,402,472,684,724,2164,762,276,521,53,565,300,432,2,19,284
E02002158,7601,555,623,768,714,1550,750,256,655,61,654,356,361,0,30,268
E02002159,5992,187,370,154,310,1443,398,146,613,52,1054,260,642,6,7,350
E02002160,6950,333,403,469,648,1893,734,224,447,42,607,232,629,0,11,278
E02002161,6279,207,540,150,332,1608,402,164,392,41,902,270,735,62,4,470
E02002162,7340,672,365,994,740,1709,661,260,329,70,451,260,460,0,40,329
E02002163,11211,496,1561,348,646,2257,567,322,832,109,1783,519,1014,17,23,717
E02002164,6029,215,685,142,194,1335,296,132,231,18,607,221,731,470,17,735
E02002165,7499,279,1418,212,448,1335,408,478,262,39,617,245,687,199,29,843
E02002166,8996,487,860,484,632,1792,729,292,818,130,1272,504,564,13,22,397
E02002167,6548,529,467,692,704,1593,653,290,334,50,413,287,267,8,36,225
E02002168,9528,479,1553,258,452,1781,479,426,501,22,1121,439,1057,95,11,854
E02002169,8395,547,502,830,874,2277,981,266,425,34,428,233,526,7,42,423
E02002170,6253,323,347,370,500,1386,665,166,618,62,658,307,561,2,11,277
E02002171,7367,433,525,454,594,1430,777,214,665,69,854,383,622,2,22,323
E02002174,7450,397,467,457,672,1994,889,240,360,45,462,359,630,16,31,431
E02002175,6970,416,542,330,482,1436,605,226,608,72,968,354,615,5,29,282
E02002176,7673,514,601,548,712,1842,798,260,587,52,773,295,419,3,25,244
E02002177,8947,403,955,328,530,1782,692,280,683,70,1401,418,855,3,37,510
E02002178,7875,302,307,506,514,2126,1114,134,233,29,369,218,1255,10,30,728
E02002179,6328,378,335,528,702,1889,618,242,351,34,384,171,473,0,23,200
E02002180,6367,389,402,616,564,1485,676,154,408,43,679,234,476,0,23,218
E02002181,7066,397,558,420,590,1578,598,248,708,82,947,315,376,0,22,227
E02002182,6550,332,350,398,504,1877,684,176,409,53,654,236,561,3,9,304
E02006894,11812,494,840,476,602,2806,893,174,698,47,1510,562,1470,80,25,1135
E02006696,6187,391,246,740,646,2470,483,108,241,19,347,161,180,0,13,142
E02006697,7054,426,409,768,970,2116,726,294,307,44,241,169,250,0,18,316
E02006698,6461,343,290,740,752,1795,772,226,452,81,423,184,218,0,17,168
E02006699,5924,417,263,774,678,1602,687,242,304,37,369,213,188,0,17,133
E02006700,5536,317,229,762,754,1608,709,182,218,14,192,144,214,0,18,175
E02006701,5880,297,218,680,832,2090,627,160,267,42,218,107,161,0,16,165
E02006702,5755,317,330,458,656,1500,535,254,482,67,541,213,192,0,8,202
E02006703,7075,317,324,734,1004,2551,659,262,282,62,307,195,175,0,5,198
E02006704,6394,411,303,680,900,1841,611,272,311,44,330,155,258,0,15,263
E02006705,6593,369,434,470,762,1832,600,346,460,71,461,245,258,5,20,260
E02006706,6281,634,578,578,766,1427,552,334,319,34,466,217,177,0,3,196
E02006707,6828,247,236,630,850,2797,520,242,339,34,354,157,204,0,13,205
E02006708,8077,401,604,420,674,2118,594,470,876,54,967,330,262,0,20,287
E02006709,6788,266,424,570,1026,2083,795,348,278,55,326,181,217,0,12,207
E02006710,7732,517,406,928,1172,1959,654,334,442,57,395,235,263,0,64,306
E02006711,7659,463,328,864,1204,2270,667,318,369,39,324,238,277,2,30,266
E02006712,6828,338,268,874,1080,1919,633,264,387,42,283,186,248,0,37,269
E02006713,6081,532,530,659,624,1315,478,324,412,38,447,199,204,0,26,293
E02006714,5155,388,249,690,790,1388,432,194,247,30,231,154,145,0,19,198
E02006715,8052,415,588,692,1024,2306,645,356,578,46,592,237,247,0,21,305
E02006716,6417,415,482,444,560,1474,429,200,813,49,820,211,297,0,18,205
E02006717,5572,366,216,760,968,1410,525,214,272,24,237,143,206,3,19,209
E02006718,5784,562,391,802,746,1336,426,190,319,35,425,151,176,0,37,188
E02006719,6546,532,656,822,1056,1510,485,334,240,21,277,150,159,0,37,267
E02006720,6596,478,435,758,968,1720,557,318,276,34,345,171,220,0,39,277
E02006721,5686,252,260,492,1040,1480,649,300,371,13,274,167,179,0,16,193
E02006722,5473,182,528,158,560,1255,419,350,536,52,646,191,309,0,10,277
E02006723,8150,312,677,328,862,2179,447,470,736,50,1059,251,471,0,13,295
E02006724,6867,288,576,191,454,1683,339,364,554,43,733,222,789,4,9,618
E02006725,5655,190,485,228,766,1274,534,256,495,53,619,214,325,0,2,214
E02006726,6385,240,494,356,638,1595,590,360,505,69,431,211,511,0,14,371
E02006727,6083,263,291,544,816,1605,724,278,388,33,413,145,315,0,2,266
E02006728,6898,405,424,571,928,2224,676,348,303,56,326,159,235,0,19,224
E02006729,7242,241,360,410,1028,1999,797,274,561,53,634,204,410,0,7,264
E02006730,6188,201,378,236,516,1560,491,258,640,57,855,244,368,0,2,382
E02006731,5810,349,465,440,632,1357,574,316,445,30,623,194,183,3,12,187
E02006732,7284,318,419,604,936,2279,749,370,455,47,422,192,280,0,4,209
E02006733,6024,293,391,490,808,1848,514,324,343,41,379,148,171,0,4,270
E02006734,8056,503,463,788,1090,2471,745,454,434,52,333,173,193,4,33,320
E02006735,5157,307,579,318,382,801,339,180,654,72,798,256,253,6,8,204
E02006736,6734,170,574,230,856,2439,417,548,507,37,462,119,163,0,0,212
E02006737,7781,427,651,482,894,1897,612,530,532,77,610,325,296,9,5,434
E02006738,8961,367,686,386,786,1811,626,358,999,103,1393,358,583,17,27,461
E02006739,5012,352,246,570,546,1140,472,188,264,28,225,88,157,505,20,211
E02006740,6689,408,1273,220,636,1124,257,760,343,18,435,203,221,132,9,650
E02006741,5639,97,296,222,698,2292,384,306,361,32,433,116,180,2,4,216
E02006742,8400,570,598,534,692,1709,508,396,613,57,908,247,365,710,16,477
E02006743,6522,283,400,323,610,1835,510,242,572,64,692,228,390,28,4,341
E02006744,6850,354,1071,282,534,1595,294,512,377,12,480,139,538,65,14,583
E02006745,7768,432,380,732,1016,2086,825,274,468,47,515,251,302,78,32,330
E02006746,7444,375,609,594,950,1918,504,496,437,22,536,240,310,15,14,424
E02006747,5841,231,433,380,736,2132,355,374,381,36,382,113,134,0,8,146
E02006748,6546,345,289,738,966,1785,609,338,393,38,313,194,290,0,34,214
E02006749,5377,266,301,276,608,1326,448,256,587,58,598,176,266,0,4,207
E02006750,5354,504,477,618,646,1111,426,296,341,48,380,197,184,0,6,120
E02006751,5833,427,347,548,678,1495,573,214,392,36,492,245,204,0,8,174
E02006752,6725,282,295,684,996,2369,736,252,241,30,309,141,211,0,7,172
E02006753,6263,333,250,658,946,1986,636,244,331,47,286,139,152,2,20,233
E02006754,5475,220,233,602,898,1833,509,252,251,12,192,128,158,0,32,155
E02006755,5331,256,193,742,916,1610,577,180,177,30,111,131,218,5,16,169
E02006756,5285,185,226,424,698,1919,455,252,329,25,275,122,141,0,14,220
E02006757,6677,392,262,934,1070,1832,634,234,268,45,335,165,210,0,17,279
E02006758,5228,242,235,490,792,1551,484,204,358,27,339,154,188,0,14,150
E02006759,7001,634,488,868,896,1462,621,312,539,53,369,230,215,2,36,276
E02006760,7857,422,324,869,1200,2114,753,338,457,76,435,223,278,0,25,343
E02006761,5786,436,660,294,500,1199,303,428,393,42,545,168,294,4,5,515
E02006762,5695,314,319,616,752,1687,428,262,338,43,284,136,200,4,14,298
E02006763,6407,322,281,575,814,1892,591,304,455,54,354,149,306,0,20,290
E02006764,5392,240,328,294,582,1494,422,278,465,35,419,215,258,0,17,345
E02006765,5808,511,305,881,886,1382,480,250,296,43,248,178,140,0,22,186
E02006766,7505,433,309,980,1304,2369,540,268,302,27,295,218,215,0,12,233
E02006767,8584,614,469,1068,1204,2194,820,350,428,64,426,291,309,0,40,307
E02006768,6754,384,371,706,966,1687,748,252,524,68,422,215,198,0,20,193
E02006769,7096,372,491,606,858,1915,723,370,505,69,405,210,253,0,17,302
E02006770,7088,394,776,280,558,1422,446,450,693,57,935,212,475,2,14,374
E02006771,6515,435,417,746,1028,1572,602,248,357,42,374,209,233,0,25,227
E02006772,6316,487,382,680,786,1458,657,252,489,49,385,200,196,0,24,271
E02006773,8182,566,686,774,1040,1593,706,418,581,76,771,310,335,0,31,295
E02006774,7455,396,640,510,776,1598,526,528,686,39,786,293,291,6,32,348
E02006775,5144,281,358,252,392,959,429,164,677,71,701,177,397,0,18,268
E02006776,6546,244,476,476,982,1689,701,308,514,49,588,159,174,0,15,171
E02006777,7099,483,466,908,1176,1536,715,272,386,57,355,201,241,0,31,272
E02006778,6783,446,324,772,844,1847,614,250,432,59,516,205,228,0,6,240
E02006779,7614,467,689,668,998,2027,661,410,516,51,502,211,169,0,32,213
E02006780,5782,405,371,710,754,1167,572,208,427,61,462,232,171,0,23,219
E02003616,5615,256,223,526,922,1874,530,180,196,23,364,126,225,6,25,139
E02003617,8854,506,453,916,1194,2916,837,328,388,30,491,200,289,6,30,270
E02003618,8556,448,460,752,976,2907,748,246,537,66,669,219,278,0,2,248
E02003619,9908,436,455,860,1458,3008,757,460,599,60,784,204,435,0,17,375
E02003620,8125,503,488,872,984,2257,838,222,383,64,602,265,351,0,16,280
E02003621,8048,489,290,968,1080,2310,1009,184,302,65,468,273,301,24,35,250
E02003622,9090,502,592,610,688,2374,682,282,670,88,1362,415,431,89,18,287
E02003623,8120,387,361,784,1096,2851,702,336,432,51,476,143,295,0,16,190
E02003624,4808,308,739,330,452,1282,275,286,223,15,223,117,211,104,8,235
E02003625,7574,617,1132,284,592,1620,284,484,281,33,503,238,354,412,30,710
E02003626,5388,230,410,304,538,1633,402,276,340,26,543,174,216,107,19,170
E02003627,8822,464,1230,224,710,2028,357,642,402,15,638,276,668,301,15,852
E02003628,8526,242,398,232,406,2713,525,192,341,21,821,240,1541,58,10,786
E02003629,9418,487,783,378,638,2409,553,438,586,74,1312,421,711,14,17,597
E02003630,9680,310,762,302,512,2434,634,304,634,49,1092,394,1242,71,30,910
E02003631,5410,190,399,290,568,1366,495,196,333,36,604,211,467,4,4,247
E02003632,6028,269,457,325,602,1567,549,244,438,57,604,238,419,0,6,253
E02003633,7761,334,409,460,680,2273,898,220,588,62,807,268,423,8,15,316
E02003634,9460,358,480,534,1184,2849,713,496,738,58,851,249,620,0,20,310
E02003635,5345,280,259,470,612,1791,540,152,299,36,387,152,200,0,15,152
E02003599,5600,230,312,270,730,1827,432,274,545,29,432,148,200,0,2,169
E02003600,5984,293,425,398,794,1661,554,356,477,59,409,144,201,0,5,208
E02003601,7193,357,426,544,1068,2243,707,378,422,47,356,200,230,0,16,199
E02003602,5907,300,268,602,942,1775,534,238,283,44,304,152,242,0,26,197
E02003603,9555,466,854,550,1096,2679,740,576,848,40,719,273,293,0,17,404
E02003604,6896,291,323,516,772,2269,660,264,504,57,556,228,245,5,22,184
E02003605,7750,345,356,564,990,2459,650,306,416,56,320,166,485,226,12,399
E02003606,7578,387,314,696,1044,2510,703,308,449,62,334,193,293,14,29,242
E02003607,8423,433,476,520,1038,2702,760,422,534,72,580,233,279,38,9,327
E02003608,10835,484,688,730,1492,3280,948,580,776,108,761,314,289,2,32,351
E02003609,9782,442,587,584,1170,3461,724,524,731,55,656,226,350,3,16,253
E02003610,7143,418,400,628,790,2560,552,264,421,42,401,191,231,12,8,225
E02003611,8245,335,449,584,1168,3008,829,344,416,38,446,159,264,0,10,195
E02003612,9632,380,565,614,1280,3217,755,592,729,72,577,212,306,2,24,307
E02003613,5828,263,374,406,628,1934,496,260,413,64,452,185,160,6,3,184
E02003614,7347,232,488,398,974,2355,845,394,459,62,458,218,192,3,2,267
E02003615,8752,369,320,760,1280,2967,956,306,479,80,414,202,301,52,12,254
E02003636,7296,311,412,572,772,2370,678,344,573,63,560,194,301,0,12,134
E02003637,9349,505,448,786,1302,2942,920,414,459,97,560,265,328,0,19,304
E02003638,7399,269,330,650,1048,2245,892,260,434,61,562,184,227,0,13,224
E02003639,8549,602,836,424,848,1951,601,494,688,106,924,319,331,4,14,407
E02003640,5948,290,462,468,838,1605,610,370,352,38,368,174,137,0,18,218
E02003641,5474,184,355,358,764,1957,588,234,278,24,274,163,131,0,2,162
E02003642,8789,284,544,264,706,2342,677,316,857,67,1392,372,620,3,3,342
E02003643,9839,270,605,504,1128,3215,695,666,1001,44,781,242,294,0,12,382
E02003644,8388,354,600,412,886,2125,745,396,658,84,1057,273,451,4,16,327
E02003645,6675,321,290,600,686,2082,770,216,435,33,413,186,366,0,20,257
E02003646,8830,448,478,512,902,2288,885,312,826,106,940,360,398,0,46,329
E02003647,8477,472,908,528,808,2195,585,456,612,74,884,252,271,6,14,412
E02003648,5184,323,351,292,434,1197,410,156,549,55,767,188,245,7,9,201
E02003649,6851,293,394,646,738,2059,843,236,403,46,446,209,266,0,11,261
E02003650,6730,391,344,756,1098,1718,676,304,282,55,346,213,266,2,34,245
E02003651,5892,382,324,572,816,1542,650,280,318,30,336,214,197,0,20,211
E02003258,8461,346,568,640,1076,2592,958,370,452,30,391,212,487,2,15,322
E02003259,6415,226,375,516,544,1755,706,212,485,32,709,235,339,18,21,242
E02003260,8392,263,701,228,480,2045,461,200,641,59,1495,388,1029,26,4,372
E02003261,5959,377,371,603,576,1618,570,152,287,31,434,222,457,0,14,247
E02003262,9687,463,687,513,786,2530,687,306,532,65,1257,432,971,10,24,424
E02003263,11597,455,659,728,806,3593,1039,330,624,80,1069,377,1185,40,33,579
E02003264,9266,296,290,598,818,3348,950,228,413,25,583,247,1035,7,26,402
E02003265,8233,441,512,632,868,2197,883,342,601,66,623,321,368,31,9,339
E02003266,9258,450,658,354,536,2617,588,250,583,70,1310,480,935,4,20,403
E02003267,13242,264,366,266,488,5197,834,112,326,43,798,278,3083,139,21,1027
E02003268,10764,251,513,374,542,3940,690,202,412,55,949,342,1653,34,4,803
E02003269,9964,479,725,666,826,2805,826,388,605,79,703,297,681,187,34,663
E02003270,7992,447,462,672,634,2217,693,202,341,66,518,307,802,12,16,603
E02003271,9771,293,713,356,1156,3028,896,514,675,74,804,283,518,16,8,437
E02003272,10476,136,279,140,278,3712,680,72,133,26,638,231,3091,81,3,976
E02003273,10267,347,539,384,778,2785,931,300,658,95,1081,506,1019,50,27,767
E02003274,10692,162,568,106,314,3656,335,120,302,21,769,186,2635,306,11,1201
E02003275,11262,511,1788,188,628,1624,281,746,651,27,937,276,972,850,28,1755
E02003276,8364,167,418,130,342,2922,343,118,237,20,616,151,1660,228,12,1000
E02003277,10142,446,603,290,560,2713,667,264,605,88,1277,476,1130,228,31,764
E02003278,11345,351,1353,232,690,2076,490,710,719,46,947,258,872,1009,28,1564
E02003237,6184,325,331,614,962,1866,658,196,337,47,370,112,211,0,8,147
E02003238,5927,222,480,214,588,1727,513,304,503,53,639,214,225,4,13,228
E02003239,7815,335,425,706,1226,2172,809,346,537,69,402,195,360,0,17,216
E02003240,6149,218,329,449,958,2413,375,288,310,21,316,113,188,0,9,162
E02003241,6123,323,354,488,822,1766,561,300,429,51,509,102,227,4,23,164
E02003242,7920,590,525,884,994,1744,687,338,555,66,554,244,359,0,11,369
E02003243,9694,452,903,349,694,1943,519,384,1090,62,1548,413,853,0,9,475
E02003244,8800,634,589,565,610,2017,575,308,686,82,958,366,802,0,22,586
E02003245,7658,256,586,212,480,1824,406,240,728,53,1193,328,786,0,7,559
E02003246,8863,233,575,264,480,2509,338,278,535,66,710,278,1614,5,10,968
E02003247,7799,345,659,380,800,1713,530,270,651,80,1065,273,570,3,8,452
E02003248,10161,344,447,333,618,3324,460,242,371,34,562,253,2131,23,17,1002
E02003249,10529,509,874,502,908,2488,492,520,745,51,1184,345,1106,7,25,773
E02003250,9924,449,920,238,504,2328,281,460,393,35,593,228,1876,44,19,1556
E02003251,6981,376,294,920,1048,2007,688,226,205,32,266,162,546,0,18,193
E02003252,10161,372,932,362,838,2836,446,528,607,41,806,283,993,8,7,1102
E02003253,8302,405,926,450,808,1719,458,546,759,43,737,260,405,0,11,775
E02003254,8646,417,525,836,1336,2446,888,494,453,49,374,223,280,7,8,310
E02003255,8807,521,521,784,990,2256,820,444,711,108,652,295,378,0,8,319
E02003257,8622,361,790,268,684,1904,514,356,818,52,1246,316,751,10,6,546
E02006877,7784,309,516,453,880,2268,445,432,651,37,826,169,369,0,15,414
E02006878,8978,97,658,118,640,3172,299,622,923,51,1173,141,553,7,2,522
E02003279,9310,635,434,1080,1058,2548,1034,302,557,97,526,360,332,0,43,304
E02003280,9715,680,596,828,1094,2288,935,398,810,94,746,385,425,0,70,366
E02003281,9173,807,539,1176,1078,2309,808,364,555,80,521,372,230,0,34,300
E02003282,9852,623,678,848,1012,2702,828,382,698,77,673,348,506,0,43,434
E02003283,10423,619,600,792,938,2794,915,412,941,84,796,404,548,8,60,512
E02003284,11196,551,840,577,924,2866,840,520,1123,98,1144,493,603,9,37,571
E02003285,10802,361,978,274,654,2972,685,740,1005,97,1111,416,769,0,27,713
E02003286,9102,576,486,858,1066,3308,718,454,452,66,392,206,251,2,25,242
E02003287,9631,629,522,1028,996,2578,700,310,718,92,953,326,407,0,50,322
E02003288,10877,632,1357,348,670,2204,460,604,1038,73,1361,473,740,32,47,838
E02003289,10014,586,1133,466,838,2798,562,796,866,56,697,249,369,0,35,563
E02003290,9378,555,1154,572,858,2316,491,710,527,47,416,225,576,17,48,866
E02003291,11143,562,890,600,1128,2680,851,606,1030,87,1268,462,556,0,43,380
E02003292,10984,554,1513,252,738,2037,517,766,1195,99,1368,387,628,55,27,848
E02003293,10559,705,1541,497,790,1676,345,864,781,41,795,328,638,83,34,1441
E02003294,9170,704,417,1164,1050,2622,776,316,497,47,388,271,445,0,44,429
E02003295,10160,472,457,790,992,3048,948,280,829,99,962,425,524,0,35,299
E02003296,7038,309,220,638,956,2062,1061,220,420,94,344,173,270,27,16,228
E02003297,7166,458,280,616,704,1778,890,164,587,86,648,313,331,78,14,219
E02003298,7039,406,293,590,822,1874,861,218,625,57,510,280,269,0,25,209
E02003299,6063,208,260,562,778,1992,624,294,388,45,270,145,266,0,10,221
E02003300,7652,317,476,492,868,1981,926,410,665,65,529,277,379,16,22,229
E02003301,9470,468,631,460,846,2672,750,384,822,112,800,354,641,4,22,504
E02003302,9932,397,975,297,698,2773,695,368,1060,116,1110,316,613,0,22,492
E02003303,7735,434,507,428,668,2094,727,284,710,102,614,297,525,2,16,327
E02003304,9307,644,299,658,862,2781,1076,194,725,133,628,276,629,0,23,379
E02003305,5760,341,218,548,672,1586,754,130,450,34,327,177,291,0,28,204
E02003307,9745,588,502,750,812,2308,1020,238,983,132,995,403,575,0,13,426
E02003308,6339,145,382,264,688,1850,687,306,544,48,556,213,407,2,11,236
E02003309,7420,423,397,469,810,2275,854,272,543,70,359,193,349,7,17,382
E02003310,11641,222,1186,190,940,2884,594,802,1254,62,1424,326,860,12,12,873
E02003311,8255,281,663,282,688,2363,499,500,667,75,608,221,663,2,10,733
E02003312,8086,164,942,148,576,2064,272,546,788,51,1039,239,581,2,4,670
E02003313,12989,458,832,384,878,3184,1167,408,1541,180,1824,503,921,8,33,668
E02006859,7378,27,467,74,644,3174,261,568,662,17,485,76,552,2,0,369
E02006926,8057,89,459,152,656,3447,564,428,719,48,399,121,651,0,2,322
E02003719,8992,363,976,394,696,1928,559,560,626,61,811,323,511,121,31,1032
E02003720,8916,443,912,496,716,1898,541,446,579,50,529,307,491,263,28,1217
E02003721,9239,420,927,466,856,1998,459,608,621,66,653,285,590,141,39,1110
E02003722,8331,369,959,456,860,2194,429,604,296,32,220,117,320,261,19,1195
E02003723,4529,292,475,304,504,1167,194,284,175,16,90,119,165,236,6,502
E02003724,9861,375,894,334,838,2061,510,546,874,54,842,319,611,203,3,1397
E02003725,7235,500,754,438,830,1830,238,504,290,12,208,141,256,383,21,830
E02003726,7564,284,948,156,650,1547,195,684,420,18,292,107,209,583,4,1467
E02003727,9206,313,862,216,740,1740,325,842,505,38,303,153,415,782,26,1946
E02003728,8977,487,800,397,642,2209,510,534,495,32,374,171,505,543,16,1262
E02003729,8780,498,575,564,886,2482,656,326,469,62,584,282,562,50,12,772
E02003730,7415,430,918,452,750,1915,294,454,333,31,355,178,359,184,16,746
E02003731,8300,420,654,670,776,2668,583,246,365,27,310,197,525,132,17,710
E02003732,8617,456,492,606,1058,2392,671,522,843,76,578,181,369,0,22,351
E02003733,8352,367,400,666,1286,2547,694,448,615,71,405,207,311,2,19,314
E02003734,11658,591,718,934,1348,3907,728,704,777,106,642,247,459,2,19,476
E02003735,8243,460,652,638,1138,2640,455,576,443,53,364,167,300,0,23,334
E02003736,9886,458,469,850,1496,3316,809,446,648,73,439,202,342,0,23,315
E02003737,11668,494,696,684,1446,3474,1074,772,1018,111,590,255,527,0,23,504
E02003738,6146,290,347,522,832,2043,560,280,380,42,268,128,210,0,17,227
E02003739,6296,362,364,544,772,2172,496,266,421,31,308,114,225,0,24,197
E02003740,5846,286,277,578,758,1819,520,254,400,33,239,149,248,0,17,268
E02006825,6344,353,361,570,954,2025,539,322,311,42,263,132,209,0,48,215
E02003742,6284,410,320,810,1066,1249,500,302,446,52,369,130,275,0,17,338
E02003743,9997,486,623,682,972,2074,625,414,1029,136,929,343,933,0,22,729
E02003744,12469,908,941,936,1292,2678,955,572,984,115,943,362,761,0,36,986
E02003745,9606,499,499,932,1466,2330,800,518,693,76,635,218,480,0,40,420
E02003746,7342,406,396,742,870,1856,543,316,680,70,566,176,334,0,30,357
E02003747,11097,707,709,1044,1552,2687,1023,430,778,79,954,311,431,0,37,355
E02003748,7410,618,524,834,930,1426,533,352,582,63,678,237,345,2,21,265
E02003749,5998,259,329,446,984,1632,482,320,467,66,398,128,260,0,11,216
E02003750,6850,553,396,806,906,1637,537,300,462,53,443,164,261,0,37,295
E02003751,6467,363,286,616,1072,1805,508,344,389,51,373,125,275,0,17,243
E02003752,10414,600,744,882,1340,2766,710,566,801,68,828,264,443,0,42,360
E02003753,10997,397,611,712,1440,3447,998,580,793,93,764,284,433,2,17,426
E02003754,5749,225,319,480,930,1782,518,218,371,37,358,149,169,3,20,170
E02003755,8447,451,520,648,1030,2343,801,442,627,78,491,265,367,0,27,357
E02003756,6436,291,342,514,876,2001,629,288,407,50,400,177,198,0,18,245
E02003757,6298,271,300,522,938,1988,582,250,411,49,353,160,210,0,14,250
E02003758,9286,333,543,632,1384,3049,730,502,673,41,536,188,310,2,25,338
E02003759,6108,245,247,508,956,2146,654,250,300,36,224,102,244,0,6,190
E02003760,8357,287,471,298,538,2042,547,262,939,70,972,303,822,8,12,786
E02003761,5824,260,312,554,816,1614,504,226,367,46,334,134,330,0,9,318
E02003762,8177,438,408,828,1202,2806,605,322,449,44,344,237,237,0,34,223
E02003763,9863,311,683,652,1300,2881,812,576,715,78,686,276,365,0,10,518
E02003764,9300,250,888,330,976,3032,498,730,797,28,647,198,416,0,11,499
E02003765,6481,517,504,582,714,1654,414,410,362,26,357,163,291,0,40,447
E02003766,6711,369,537,430,740,2182,490,406,474,32,325,151,224,0,16,335
E02003767,6459,257,282,578,1056,2488,518,270,255,12,263,120,204,0,6,150
E02003768,9273,502,489,1072,1430,2819,828,444,437,49,412,159,263,0,34,335
E02003769,6257,338,327,668,958,2005,487,268,322,59,313,126,175,20,11,180
E02003770,7872,255,407,603,1210,2461,627,512,672,42,486,166,229,2,11,189
E02003771,6225,449,505,519,662,1699,391,342,509,35,374,204,233,0,25,278
E02003772,6772,283,416,640,1044,2187,650,332,340,39,307,116,147,0,12,259
E02003773,10418,378,766,582,1184,2815,666,700,1052,97,861,356,412,8,27,514
E02003774,5642,282,425,442,710,1358,470,282,475,38,466,183,216,0,7,288
E02003775,6875,299,329,496,942,2531,533,320,433,80,291,142,193,8,14,264
E02003776,6457,356,333,515,818,2231,520,286,399,60,331,131,188,0,15,274
E02003777,6646,241,390,463,952,2257,527,376,418,22,348,143,236,0,23,250
E02003778,5515,235,348,412,772,2030,422,284,305,53,210,108,145,9,12,170
E02003779,5040,219,318,362,774,1481,481,298,298,32,229,112,202,0,21,213
E02003780,10444,530,576,682,1118,3271,711,518,667,110,651,215,441,30,17,907
E02003781,6321,232,450,426,780,2084,433,406,368,39,272,160,265,2,14,390
E02003783,6571,451,327,694,756,2196,438,316,345,32,231,116,199,43,13,414
E02003784,8641,318,415,724,1160,3292,693,322,459,48,441,169,327,2,29,242
E02003785,8572,417,588,668,1054,2914,588,468,395,50,410,204,389,2,17,408
E02003786,6089,438,362,700,788,1970,450,254,284,12,279,153,139,4,16,240
E02003787,7228,395,314,698,1182,2171,577,322,440,53,338,198,261,0,22,257
E02003788,6359,343,257,682,854,2265,519,238,291,34,233,152,212,3,30,246
E02003789,7106,402,357,602,928,1922,808,344,445,53,367,287,228,7,22,334
E02003790,9426,479,398,854,1340,3213,750,444,582,50,408,259,321,7,24,297
E02003791,7813,388,422,642,1078,2754,668,336,474,45,308,195,202,4,18,279
E02003792,9222,518,466,838,1292,3073,804,344,469,65,420,236,342,3,20,332
E02003793,7250,283,325,546,1022,2588,651,286,485,30,398,192,220,0,8,216
E02006873,7185,93,434,124,660,3398,148,428,634,18,571,69,317,2,2,287
E02006874,8019,262,464,510,1146,3186,517,386,449,42,325,175,316,0,21,220
E02004424,7122,267,268,658,906,2826,884,220,272,41,279,180,147,0,21,153
E02004425,7288,439,537,512,922,2421,643,338,353,37,473,250,139,0,29,195
E02004426,7815,480,446,702,814,2724,776,356,387,45,403,244,185,2,22,229
E02004427,7558,633,384,890,904,2416,767,276,293,24,319,251,174,2,22,203
E02004428,6049,431,421,636,644,1640,551,286,386,55,407,200,152,0,22,218
E02004429,7463,497,302,863,962,2032,996,256,385,66,286,245,313,0,11,249
E02004430,8049,330,407,582,988,2969,823,350,488,54,431,178,221,0,8,220
E02004431,9068,367,743,400,948,2917,703,600,774,51,661,269,374,0,12,249
E02004432,6887,304,310,629,768,1897,759,210,343,49,270,163,876,0,12,297
E02004433,8485,385,785,490,902,2240,609,480,681,37,855,293,350,2,17,359
E02004434,8265,315,722,318,864,2079,837,430,697,72,874,297,411,0,13,336
E02004435,8035,458,526,528,728,1953,734,276,802,44,860,336,453,0,23,314
E02004436,7640,344,643,268,620,1525,597,194,910,71,1196,401,445,0,15,411
E02004437,7849,559,751,496,894,1673,755,326,575,55,763,287,362,0,21,332
E02004438,8273,523,770,512,634,1956,628,316,712,57,961,341,435,4,35,389
E02004439,8779,300,684,300,570,1970,526,304,985,83,1772,307,528,0,19,431
E02004440,7880,460,568,580,674,1958,639,264,619,70,824,381,467,0,28,348
E02004441,7440,453,610,417,762,1543,741,234,649,62,837,369,407,0,16,340
E02004442,8185,398,680,330,532,1745,507,284,955,90,1469,367,475,0,14,339
E02004443,8145,435,528,734,792,2104,775,252,564,57,672,273,436,4,35,484
E02004444,8972,229,616,496,1132,3076,882,492,628,49,512,243,294,2,24,297
E02004445,8125,374,798,440,802,1657,679,416,759,87,970,337,400,0,14,392
E02004446,6875,284,291,602,1082,2212,668,266,384,25,367,177,260,2,18,237
E02004447,5835,301,290,670,1030,1664,485,276,282,45,281,130,171,0,17,193
E02004448,6266,354,357,610,912,1662,578,284,420,46,453,140,206,0,9,235
E02004449,8383,538,803,540,966,2034,512,482,814,50,824,285,267,0,23,245
E02004450,5993,328,306,620,950,1716,656,240,291,65,292,133,195,0,10,191
E02004451,8448,476,438,782,1168,2807,625,326,538,72,521,207,222,0,17,249
E02004452,8913,348,428,612,1124,2921,990,424,645,79,514,221,313,0,7,287
E02004453,7037,374,507,418,656,1615,559,282,789,79,875,321,260,0,23,279
E02004454,8825,548,1030,526,938,1934,566,626,736,40,675,236,205,2,26,737
E02004455,7623,226,296,570,1018,2934,769,234,421,66,496,177,228,4,17,167
E02004456,8878,405,762,504,900,2314,662,462,810,69,882,345,366,7,12,378
E02004457,10231,408,523,586,1160,3128,841,474,977,77,1008,333,332,9,15,360
E02004458,9425,284,394,594,1024,3841,804,358,621,47,712,180,255,10,16,285
E02004459,10248,637,567,826,1346,3520,890,438,495,58,586,286,259,0,24,316
E02004460,8825,448,548,622,1140,2361,817,368,679,58,752,343,330,5,10,344
E02004461,5820,192,351,214,562,1564,457,230,711,38,719,228,257,0,7,290
E02004462,9961,674,1037,638,1052,2434,705,676,769,57,770,320,289,3,22,515
E02004463,7877,399,385,718,1064,2359,798,340,499,45,447,240,237,0,21,325
E02004464,9674,460,300,1020,1184,3251,1188,268,507,80,466,238,430,0,23,259
E02004465,5950,428,351,730,650,1855,619,206,249,40,300,198,122,0,18,184
E02004466,8044,515,418,687,612,2464,911,260,549,84,695,292,248,2,20,287
E02004467,7359,397,470,454,668,2042,757,306,498,56,762,286,316,0,25,322
E02004468,10394,553,403,1257,1114,4212,1119,234,329,43,293,253,221,2,26,335
E02004469,6862,366,296,608,778,2294,681,258,315,56,299,200,346,0,34,331
E02004470,10548,653,1475,406,946,2736,578,966,665,43,812,266,290,6,17,689
E02004471,7810,485,597,516,696,2303,716,334,492,99,633,281,330,0,29,299
E02004472,6148,322,364,544,726,1980,734,278,302,57,238,212,201,0,7,183
E02004473,7674,367,307,786,872,2088,1003,282,566,59,518,279,279,0,23,245
E02004474,6980,480,330,843,838,1829,818,266,420,47,378,245,241,5,8,232
E02004475,6533,341,230,706,834,2017,831,170,388,51,292,178,280,0,19,196
E02004476,7967,393,243,888,1054,2396,987,240,523,68,384,230,287,6,21,247
E02004477,5946,441,231,930,884,1537,601,168,212,41,296,198,157,0,14,236
E02004478,6495,533,404,550,656,1680,655,272,375,32,514,222,265,10,38,289
E02004479,7828,470,366,768,990,2219,968,334,491,49,433,221,242,0,17,260
E02004480,7100,260,308,423,846,2014,989,216,564,92,502,240,384,0,23,239
E02004481,6733,687,419,996,878,1305,613,262,396,44,382,213,307,0,30,201
E02004482,8310,373,360,398,694,1980,986,202,782,120,1176,434,507,0,8,290
E02004483,8084,486,486,798,1056,1770,1181,284,505,137,379,267,389,0,22,324
E02004484,7735,518,491,710,948,1753,817,326,522,81,522,270,436,2,47,292
E02004485,6987,321,306,588,988,2347,657,284,471,30,364,198,209,0,16,208
E02004486,8012,389,435,799,1114,2643,733,328,332,68,323,230,213,32,31,342
E02004487,7048,408,402,533,836,1909,717,258,462,59,681,262,254,18,25,224
E02004488,8187,365,556,608,1044,2607,919,330,474,62,508,270,176,6,8,254
E02004489,9038,272,473,610,1048,3353,781,392,651,37,659,192,287,0,14,269
E02004490,7672,498,634,375,508,1760,493,274,692,73,1233,367,332,9,12,412
E02004491,7369,293,424,638,836,2581,733,356,337,51,416,198,221,4,14,267
E02004492,9290,328,841,360,950,3102,672,684,731,71,646,249,259,9,11,377
E02004493,9983,403,822,506,936,2761,637,698,757,55,709,364,461,68,26,780
E02004494,8904,518,1566,322,772,1510,350,1208,557,25,429,179,204,196,24,1044
E02004495,7879,545,386,1061,980,2093,892,290,405,44,398,254,212,16,43,260
E02004496,7245,302,360,620,708,2712,643,352,466,48,311,201,221,4,17,280
E02004497,7779,483,410,970,1030,2426,770,296,392,47,303,188,180,4,23,257
E02004498,9720,519,787,714,940,2688,658,498,651,75,1006,374,325,0,29,456
E02004499,6927,257,322,538,760,2338,856,252,434,83,430,261,169,4,11,212
E02004500,9094,387,396,954,1258,2998,967,250,473,34,505,252,293,5,18,304
E02004501,7243,385,385,726,910,2129,853,234,425,49,493,206,220,0,14,214
E02004502,6542,412,362,778,908,2055,693,240,256,24,262,123,208,0,30,191
E02004503,8087,336,452,516,1086,2561,960,320,513,34,516,243,291,12,6,241
E02004504,8294,268,612,291,970,2883,1054,388,515,76,608,264,127,0,5,233
E02004505,4882,302,216,600,670,1337,601,156,200,41,180,158,202,0,18,201
E02004506,6686,307,278,656,950,2243,661,278,344,44,270,152,232,6,12,253
E02004507,9916,251,998,308,998,3371,459,648,863,50,1086,215,330,9,17,313
E02004508,6480,307,263,618,930,2133,611,234,419,53,325,187,193,0,21,186
E02004509,10398,299,895,434,1122,3330,520,876,719,37,792,219,407,43,7,698
E02004512,9809,587,1513,476,906,1666,470,832,598,67,844,269,435,163,19,964
E02004513,10216,413,945,362,648,1770,481,380,711,52,1378,428,384,1653,6,605
E02004514,5444,330,325,612,574,1683,420,182,325,26,376,196,187,2,18,188
E02004515,7058,292,369,604,1084,2384,744,306,356,48,300,187,177,0,28,179
E02004516,9331,385,1306,266,750,1823,299,782,921,44,1095,288,303,328,13,728
E02004517,8157,481,550,726,942,2381,736,356,587,71,590,236,214,3,28,256
E02004518,6171,256,494,348,656,2156,355,276,443,35,464,137,172,23,20,336
E02004519,7347,514,281,932,898,2182,778,216,363,58,463,186,213,14,22,227
E02004520,8355,286,462,262,736,3470,505,274,537,26,865,262,368,17,12,273
E02004521,8712,464,840,468,936,2098,607,486,774,77,857,314,271,102,25,393
E02004522,7892,440,619,688,1030,1978,581,384,442,62,491,187,200,391,14,385
E02004523,8757,369,631,420,920,2270,747,456,794,75,994,325,338,11,26,381
E02004524,8127,319,300,802,1294,2733,818,284,439,58,363,253,228,0,30,206
E02004525,7558,518,394,852,1086,1922,883,274,410,44,459,260,168,0,34,254
E02004526,7172,655,359,1101,1104,1714,640,212,340,36,345,205,210,3,29,219
E02006922,13494,702,852,1268,1672,3386,1319,548,905,145,1126,362,433,175,34,567
E02004527,8586,473,590,694,1038,2443,910,484,576,61,516,223,286,0,26,266
E02004528,8031,440,319,852,1064,2247,1025,232,458,78,339,230,411,0,26,310
E02004529,6598,286,282,610,866,1974,752,208,376,62,317,170,383,0,14,298
E02004530,6251,407,312,614,690,1710,682,224,453,57,494,193,199,4,26,186
E02004531,6169,431,331,482,742,1671,625,262,423,54,481,246,213,0,18,190
E02004532,6128,404,472,546,758,1714,498,412,309,44,347,231,158,3,13,219
E02004533,7009,454,533,426,680,1712,795,214,570,88,640,336,338,2,17,204
E02004534,8678,370,741,442,798,2353,689,424,792,85,899,359,363,4,19,340
E02004535,5149,435,609,400,604,1127,371,274,315,56,297,157,227,0,18,259
E02004536,5991,389,354,542,704,1906,642,218,294,45,316,203,190,0,24,164
E02004537,8550,594,822,374,564,2103,704,360,688,57,942,439,304,138,38,423
E02004538,8889,385,481,690,804,2933,970,360,545,64,553,223,344,71,14,452
E02004539,7612,416,522,478,606,2136,708,286,591,86,720,339,279,84,32,329
E02004540,5948,306,373,392,586,1954,574,256,319,39,426,212,219,0,27,265
E02004541,11201,674,908,800,1118,3465,969,512,635,77,776,367,433,2,26,439
E02004542,6323,258,280,552,638,1955,928,152,155,43,327,154,524,3,19,335
E02004543,6510,267,367,426,474,1750,704,130,376,35,665,252,703,8,9,344
E02004544,6949,462,455,500,800,1818,590,378,470,31,604,228,229,0,18,366
E02004545,7133,433,512,430,584,1644,485,254,623,56,934,360,378,6,18,416
E02004546,7396,503,640,474,506,1711,590,302,582,95,809,318,388,18,11,449
E02004547,7885,357,692,458,648,1852,632,376,746,59,827,298,371,2,17,550
E02004548,8883,183,625,340,968,3440,443,494,890,46,767,191,272,4,12,208
E02004549,7622,451,551,580,616,1883,655,256,683,74,904,359,288,0,10,312
E02004550,7577,489,662,504,596,1811,602,284,627,48,809,288,347,53,18,439
E02004551,7188,500,557,491,696,1681,573,290,603,63,860,305,260,0,21,288
E02004552,6439,315,525,400,848,1747,743,226,392,59,470,191,304,0,10,209
E02004553,7264,301,489,464,612,1632,622,258,778,79,994,313,296,0,34,392
E02004554,7215,287,610,370,724,1765,676,300,592,57,810,261,404,2,7,350
E02004555,5944,315,324,543,984,1769,522,284,322,69,247,121,249,0,17,178
E02004556,7125,338,255,890,1130,2322,716,242,317,48,246,190,169,0,38,224
E02004557,8067,360,560,488,1004,2500,731,436,659,73,504,268,200,0,24,260
E02004558,6328,652,543,592,654,1364,436,312,463,30,510,246,189,3,23,311
E02004559,7759,391,353,718,968,2542,805,270,493,50,510,230,190,0,21,218
E02004560,8225,382,470,711,1128,2336,762,350,608,93,428,239,369,3,8,338
E02004561,9990,429,384,914,1510,3158,1144,338,531,80,394,249,392,0,24,443
E02004562,7659,584,583,844,1084,1947,704,342,537,35,399,182,164,3,24,227
E02004563,6523,451,250,886,950,1561,815,256,258,25,273,183,300,0,31,284
E02004564,7945,411,258,770,1010,2530,921,240,538,97,331,274,278,0,10,277
E02004565,14876,810,519,1680,1756,4848,1862,434,811,112,558,436,508,0,27,515
E02004566,5649,345,356,325,566,1294,440,248,612,48,689,187,306,0,21,212
E02004567,7909,398,253,930,1024,2710,950,230,370,41,275,186,265,0,13,264
E02004568,8506,335,454,452,952,2972,724,498,630,102,476,225,329,5,18,334
E02004569,7251,442,502,585,810,1879,655,402,573,71,459,214,280,0,31,348
E02004570,8621,664,326,850,944,2606,968,306,482,60,431,259,311,2,45,367
E02004571,7890,421,236,902,992,2396,1058,196,449,84,308,261,277,0,28,282
E02004572,7566,367,314,506,968,2313,827,288,534,84,491,225,338,0,28,283
E02004573,5980,462,745,358,558,1109,401,282,570,29,706,221,254,4,6,275
E02004574,7312,509,430,644,806,1779,625,266,670,58,821,249,241,0,22,192
E02004575,10985,693,746,1032,1534,2813,1079,526,669,59,678,262,459,2,43,390
E02004576,8754,539,383,1046,1302,2253,928,282,566,85,623,244,241,0,27,235
E02004577,5103,251,228,522,732,1510,556,170,265,36,240,148,219,0,16,210
E02004578,6912,851,466,1050,972,1171,365,226,394,39,530,195,315,0,78,260
E02004579,6810,472,380,830,1022,1678,633,242,311,50,390,203,319,0,44,236
E02004580,11574,1338,516,2222,1600,2245,919,310,508,89,707,284,411,0,86,339
E02004581,7259,434,319,914,1140,2037,684,260,364,45,341,235,222,0,41,223
E02004582,6683,702,335,1110,992,1098,556,202,327,85,559,239,238,0,42,198
E02004583,8204,636,584,892,980,1979,648,316,520,81,665,240,360,0,22,281
E02004584,6385,804,267,1431,1072,934,507,186,223,38,336,158,142,0,72,215
E02004585,7630,566,427,896,856,1693,710,212,649,51,706,273,329,0,29,233
E02004586,7893,697,577,960,794,1602,515,270,568,63,955,221,314,0,44,313
E02004587,7744,557,520,694,690,1521,539,242,763,59,1287,290,350,0,33,199
E02004588,5991,622,860,384,360,918,299,266,484,52,709,230,451,2,38,316
E02004589,7199,546,439,746,686,1522,595,220,525,82,834,287,343,0,64,310
E02004590,7449,861,783,1068,1066,966,532,282,446,42,544,283,236,0,66,274
E02004591,6797,320,319,593,880,2576,534,224,414,61,243,179,229,8,16,201
E02004592,11930,826,768,820,1292,3466,943,604,881,53,831,423,395,0,26,602
E02004593,8128,344,294,770,1172,3052,698,266,420,68,313,178,277,0,19,257
E02004594,7528,347,281,632,1004,2848,605,276,419,43,388,186,241,0,19,239
E02004595,11811,438,547,894,1624,3983,1197,626,717,91,540,269,391,0,13,481
E02004596,7617,248,367,532,900,2298,630,408,703,69,472,177,377,0,10,426
E02004597,7219,405,533,486,772,2411,548,354,506,32,512,180,212,0,32,236
E02004598,9963,413,344,844,1270,3569,785,374,671,57,453,195,576,0,25,387
E02004599,7302,332,246,608,826,2695,680,268,397,33,288,168,343,6,24,388
E02004843,7107,234,217,640,712,2197,954,216,539,61,490,249,332,5,12,249
E02004844,7186,274,389,420,542,2218,695,280,586,62,687,277,422,0,32,302
E02004845,7217,538,741,556,682,1730,520,396,634,81,524,261,199,0,14,341
E02004846,6203,309,216,666,696,2319,825,142,257,52,178,111,215,0,13,204
E02004847,9674,376,762,514,832,2585,842,496,870,69,1260,361,379,0,14,314
E02004848,7192,270,267,492,648,2226,856,172,535,50,753,279,390,4,8,242
E02004849,6836,225,222,536,642,2451,949,176,381,58,314,194,390,4,17,277
E02004850,7446,434,438,534,660,2073,779,270,619,71,665,286,367,3,7,240
E02004851,5749,256,377,362,546,1530,652,162,540,77,426,251,314,0,10,246
E02004852,7612,437,459,610,600,2142,820,292,564,60,619,299,324,0,21,365
E02004853,6305,408,317,484,470,1806,696,216,404,63,610,313,284,0,39,195
E02004854,7333,450,366,678,640,1945,761,256,450,100,623,274,406,0,27,357
E02004855,7407,373,715,272,496,1646,579,316,557,63,1089,319,529,6,28,419
E02004856,5323,245,370,370,652,1756,490,344,248,18,323,175,147,0,11,174
E02004857,5433,301,431,361,680,1848,435,258,323,20,311,157,154,0,12,142
E02004858,5072,266,327,338,508,1694,431,218,334,40,356,165,198,22,11,164
E02004859,5187,237,298,540,700,1985,442,206,222,36,181,105,86,2,16,131
E02004860,5765,104,679,158,686,1608,463,382,386,41,595,176,226,2,4,255
E02004861,5457,418,305,700,690,1869,410,214,199,18,205,100,140,0,13,176
E02004862,7558,290,644,268,872,1716,739,332,635,76,902,241,414,0,16,413
E02004863,7625,407,606,380,532,1683,571,320,748,74,983,314,561,9,13,424
E02004864,6243,382,560,540,782,2151,374,416,278,30,252,134,118,0,14,212
E02004865,5323,333,525,348,512,1510,348,306,385,26,440,136,215,0,9,230
E02004866,6513,371,393,422,624,1762,580,284,564,91,604,290,308,6,15,199
E02004867,6042,287,303,440,652,2333,459,188,361,51,410,169,210,0,10,169
E02004868,5679,342,374,412,494,1495,553,268,397,43,554,202,253,4,21,267
E02004869,5579,235,349,360,650,2114,396,292,287,20,394,154,157,0,8,163
E02004870,9238,528,840,536,790,2302,691,582,760,61,864,289,422,2,24,547
E02004871,5068,289,293,374,410,1462,613,216,361,50,372,191,261,0,8,168
E02004872,6955,344,297,738,776,1959,751,224,415,59,518,235,326,2,13,298
E02004873,10024,474,895,652,1106,2891,740,800,628,81,615,291,319,2,10,520
E02004874,6127,205,371,328,646,1799,579,234,426,56,605,288,279,14,27,270
E02004875,9237,417,478,474,666,2916,732,334,801,46,942,329,531,11,15,545
E02004876,8216,423,464,752,950,2924,761,350,411,38,373,185,319,0,33,233
E02004877,5181,309,266,426,576,1707,511,196,299,33,345,128,184,0,14,187
E02004878,6662,325,313,566,792,2323,678,244,387,47,365,179,228,0,15,200
E02004879,7678,312,379,742,1008,2735,673,286,438,60,355,162,279,0,8,241
E02004880,9052,329,435,615,1090,3833,692,332,461,50,440,174,299,4,13,285
E02004881,5660,366,522,490,616,1803,381,366,257,21,231,135,148,0,7,317
E02004882,7730,282,407,530,726,2629,671,286,437,48,562,211,272,2,20,647
E02004883,5628,273,336,426,700,2002,540,228,346,61,230,120,151,0,17,198
E02004884,9794,535,808,426,894,2949,753,626,757,72,809,321,275,4,30,535
E02004885,8757,260,398,450,886,3953,756,314,427,55,440,171,352,0,7,288
E02004886,5428,261,261,454,754,1801,502,194,372,29,307,144,143,0,23,183
E02004887,7119,329,383,595,990,2417,606,310,422,49,312,178,221,0,27,280
E02004888,8324,460,583,780,996,2554,743,410,474,54,486,181,245,0,24,334
E02004889,10333,537,809,730,954,3095,868,544,881,95,678,305,401,4,27,405
E02004890,8220,349,803,532,944,2574,709,610,498,65,414,197,207,9,15,294
E02004891,7403,458,563,622,864,2435,471,458,483,40,310,173,194,3,10,319
E02004892,5547,309,522,338,544,1529,401,248,456,33,657,185,120,3,15,187
E02004893,5453,161,358,180,488,2258,316,322,484,18,401,140,107,0,4,216
E02004894,8297,421,903,512,894,2382,554,626,529,33,624,182,171,0,15,451
E02004895,8677,412,560,604,1048,2967,772,468,600,66,450,238,211,0,10,271
E02004896,7725,585,352,924,750,2025,807,240,307,66,410,217,341,204,30,467
E02004897,6654,391,258,476,622,2346,730,222,315,51,409,208,246,110,5,265
E02004898,7215,439,450,554,652,1790,665,254,387,73,655,358,370,146,4,418
E02004899,5345,183,323,260,630,1922,423,170,351,44,424,134,252,4,7,218
E02004900,8148,340,382,842,814,3355,686,170,203,43,345,159,418,4,20,367
E02004901,8354,487,706,352,524,2175,740,210,672,59,947,444,548,0,28,462
E02004902,7916,385,535,346,586,2426,661,254,400,59,881,339,543,10,18,473
E02004903,6482,266,457,328,514,2017,627,226,423,44,564,261,317,19,6,413
E02004904,5868,209,611,184,472,1639,467,232,520,82,618,257,236,6,6,329
E02004905,6453,208,321,420,666,2419,591,162,199,37,371,149,585,9,13,303
E02004906,9541,379,612,340,800,2997,810,356,587,90,854,406,629,13,12,656
E02004907,9140,559,612,572,782,3075,872,300,515,65,684,292,431,0,25,356
E02004908,9637,609,489,1096,972,3356,888,264,365,56,441,265,445,3,28,360
E02004909,5070,270,381,288,542,1496,458,320,398,22,335,140,165,0,31,224
E02004910,10642,485,575,856,1530,3425,1012,556,615,38,504,335,268,0,28,415
E02004911,6538,508,479,650,606,1555,503,298,602,66,585,247,209,0,12,218
E02004912,10090,629,818,668,984,3365,799,542,746,56,680,234,296,0,12,261
E02004913,14600,495,792,906,1908,5251,979,872,852,83,885,292,621,0,39,625
E02004914,7261,387,593,411,720,1989,588,392,523,35,622,235,381,0,9,376
E02004915,5411,298,462,330,496,1437,390,266,520,38,531,185,228,0,19,211
E02004916,7183,430,306,734,842,2220,670,180,435,34,514,215,309,16,25,253
E02004917,6504,350,358,578,728,1752,621,158,402,71,651,238,364,4,4,225
E02004918,8073,313,944,336,740,2308,504,718,550,22,541,207,368,2,13,507
E02004919,7288,340,537,460,864,2198,605,326,413,70,535,288,297,0,10,345
E02004920,10466,682,882,826,1148,2984,720,476,659,47,822,347,364,0,29,480
E02004921,7499,426,541,636,822,2661,524,382,405,48,433,156,191,0,19,255
E02004922,9296,532,449,798,1256,2821,810,418,652,71,591,250,357,0,17,274
E02004923,9896,583,649,860,1220,3198,906,450,575,42,504,286,285,5,22,311
E02004924,7049,311,264,490,702,3475,538,180,230,17,378,136,161,0,2,165
E02004925,7489,324,405,480,696,3270,553,240,400,22,474,198,223,0,4,200
E02004926,7615,490,409,634,784,3471,472,278,233,19,227,138,216,6,34,204
E02004927,6397,361,268,640,704,2266,493,234,415,34,438,193,152,0,14,185
E02004928,6775,303,266,712,800,2906,613,168,315,29,198,131,174,0,12,148
E02004929,6156,310,345,626,728,2222,469,220,288,44,360,160,141,0,14,229
E02004930,6758,335,474,370,706,2427,613,320,365,48,356,221,228,0,13,282
E02004931,6497,326,367,566,618,2441,611,204,298,28,330,232,187,0,0,289
E02004932,7523,284,435,316,622,2993,542,322,443,68,605,240,313,0,2,338
E02004933,6887,219,239,484,730,3223,610,250,281,11,209,116,263,2,9,241
E02004934,7126,237,637,291,692,2489,316,656,301,28,348,154,353,12,9,603
E02004935,7489,363,1034,242,808,2119,229,1006,297,20,335,116,161,10,6,743
E02004936,6159,169,315,284,548,2616,447,320,320,16,295,149,364,0,2,314
E02004937,6339,390,332,700,894,2283,548,268,241,22,167,127,125,0,5,237
E02004938,5873,189,374,316,508,2353,507,240,332,56,457,121,151,8,9,252
E02004939,6569,372,418,487,516,1938,542,310,389,56,404,290,340,5,13,489
E02004940,7252,339,601,238,622,2285,434,452,418,42,501,300,531,0,14,475
E02004941,9440,353,711,398,808,3107,730,404,655,92,775,335,594,8,18,452
E02004942,6034,319,371,526,602,2043,552,264,335,43,365,179,197,6,30,202
E02004943,7631,396,333,866,882,2682,710,212,310,30,341,217,346,0,22,284
E02004944,6725,211,440,228,618,2028,403,238,606,48,806,197,516,4,5,377
E02004945,11614,459,768,738,1234,3362,966,588,948,73,1035,321,428,35,22,637
E02004946,6238,226,603,348,594,1718,544,244,462,38,746,207,289,3,3,213
E02004947,6290,207,511,378,772,2019,697,372,361,28,379,149,196,0,9,212
E02004948,5780,342,528,380,668,1388,488,294,391,47,568,234,153,2,2,295
E02004949,7968,594,835,536,694,1730,639,396,668,56,747,285,352,11,21,404
E02004950,6774,295,387,476,638,1984,558,212,595,58,711,263,343,0,10,244
E02004951,7009,449,662,387,456,1706,478,210,548,74,970,306,347,13,13,390
E02004952,6564,292,504,336,632,2038,563,244,567,49,623,224,250,0,13,229
E02004953,6210,327,351,334,512,1660,519,206,631,63,757,269,337,0,5,239
E02004954,6344,354,442,348,620,1624,499,264,575,33,643,269,319,11,4,339
E02004955,5889,327,341,395,608,1585,654,236,430,55,585,252,196,0,12,213
E02004956,8761,526,652,632,884,2720,777,420,589,66,543,252,319,0,16,365
E02004957,8680,350,698,386,764,2843,694,456,593,71,739,287,469,2,6,322
E02004958,7149,382,303,610,832,2517,684,222,426,45,350,221,235,0,23,299
E02004959,5533,346,300,488,590,1892,573,204,141,39,201,89,386,2,10,272
E02004960,5560,279,243,548,584,2386,498,154,202,3,215,111,156,0,11,170
E02004961,9241,476,446,672,970,3358,978,288,473,47,547,232,339,0,22,393
E02004962,8369,429,610,616,814,2944,663,412,479,43,483,250,248,7,22,349
E02004963,6991,299,392,376,572,2191,695,212,492,58,717,291,388,2,12,294
E02004964,5582,271,355,316,528,1537,467,316,443,41,494,235,273,0,11,295
E02004965,6504,461,350,662,596,1712,704,198,252,48,445,342,423,0,34,277
E02004966,6712,252,208,704,780,2220,988,116,108,3,158,157,639,3,8,368
E02004967,7242,362,748,208,428,1931,547,262,682,39,977,289,434,2,29,304
E02004968,7041,383,605,372,604,1979,568,296,491,49,672,334,364,5,28,291
E02004969,7156,288,430,458,608,2311,716,272,442,36,659,226,431,7,13,259
E02004970,7817,426,549,436,564,2053,713,294,664,70,932,327,402,0,23,364
E02004971,7417,292,474,274,466,2389,636,316,439,72,736,274,620,10,19,400
E02004972,6100,263,412,358,570,2058,744,242,229,53,255,168,374,0,19,355
E02004973,7444,181,839,136,594,1989,427,572,512,29,723,240,459,32,8,703
E02004974,7358,392,604,468,780,2175,573,456,344,39,414,164,394,4,7,544
E02004975,7761,271,404,576,688,2908,731,258,239,34,420,170,642,21,20,379
E02004976,8053,348,1399,146,696,1649,270,672,498,44,519,216,560,25,6,1005
E02004977,8202,173,644,166,488,2605,399,322,476,52,500,186,1205,35,11,940
E02004978,8494,277,861,240,532,2599,534,336,435,43,1018,326,670,0,26,597
E02004979,6722,361,516,342,560,2209,592,286,311,50,521,244,342,5,19,364
E02004980,5932,268,253,692,808,2178,497,188,238,32,214,133,204,2,12,213
E02004981,7141,338,412,579,718,2356,520,312,458,44,477,166,322,42,22,375
E02004982,5917,327,253,580,602,2003,473,188,407,35,444,210,165,0,32,198
E02004983,5964,343,453,460,606,1727,451,280,456,53,481,211,224,0,12,207
E02004984,6261,317,746,310,724,1893,527,404,361,57,391,157,135,4,9,226
E02004985,6745,593,437,676,672,2328,485,276,376,26,329,208,129,0,20,190
E02004986,7331,280,594,220,494,2050,431,280,877,78,1066,272,346,9,8,326
E02004987,6734,295,460,424,616,2251,497,250,560,70,571,217,261,0,22,240
E02004988,7384,380,503,376,618,2274,475,358,717,50,653,249,344,25,20,342
E02004989,9883,332,682,356,668,2184,614,458,598,78,745,247,560,1285,19,1057
E02004990,6276,353,444,408,592,1403,414,290,367,70,472,142,310,253,5,753
E02004991,7244,327,679,301,448,1321,302,270,444,64,638,211,399,1051,12,777
E02004992,8017,319,377,312,386,1321,453,170,403,59,582,193,473,1937,14,1018
E02004993,5157,381,418,412,468,1129,437,216,331,33,342,179,203,234,15,359
E02004994,5664,290,200,660,584,1980,651,162,228,29,246,156,210,46,20,202
E02004995,5180,284,195,718,650,1753,588,108,145,19,183,125,193,9,9,201
E02005503,6724,403,293,762,1100,1846,660,356,379,55,304,146,202,0,30,188
E02005504,8643,516,361,1078,1508,2109,810,316,603,40,440,211,320,0,37,294
E02005505,6971,454,329,706,870,1972,511,316,473,32,549,209,262,6,42,240
E02005506,6758,392,280,782,1006,1923,574,346,450,18,311,178,211,3,14,270
E02005507,11349,772,807,1151,1392,2640,674,726,987,94,929,333,425,0,19,400
E02005508,6587,372,347,690,1110,1824,558,282,361,89,250,166,279,0,11,248
E02005509,7001,660,353,1054,926,1308,540,248,485,65,520,226,242,0,30,344
E02005510,6587,479,288,942,1184,1579,525,298,418,22,313,139,180,0,26,194
E02005511,7069,585,389,1072,892,1503,514,308,481,65,445,163,273,4,34,341
E02005512,7894,279,396,610,1220,2215,716,380,678,37,423,143,429,0,10,358
E02005513,8860,576,553,866,1036,2216,601,512,729,45,638,244,351,0,36,457
E02005514,6462,370,359,702,1130,1647,538,320,432,44,322,150,182,0,28,238
E02005515,6104,278,276,526,838,1986,504,278,401,65,346,133,237,0,12,224
E02005516,6459,329,333,708,1004,1709,501,286,406,44,335,203,283,0,38,280
E02005517,5899,221,358,238,450,1342,337,186,694,47,820,210,542,0,5,449
E02005518,10494,398,604,734,1288,2955,781,700,753,86,588,232,635,0,31,709
E02005519,7771,381,359,530,758,1750,598,276,757,78,966,257,570,0,10,481
E02005520,7254,598,434,949,1156,1645,683,296,432,47,420,183,185,0,21,205
E02005521,8503,468,454,746,1280,2351,671,404,584,70,586,221,282,0,24,362
E02005522,5184,329,265,509,822,1381,368,250,358,46,258,170,202,0,25,201
E02005523,7612,265,361,578,1130,2457,664,370,555,84,436,187,272,0,25,228
E02005524,5374,316,312,598,810,1547,567,244,314,34,217,142,111,0,20,142
E02005525,9898,407,573,886,1346,3351,806,480,579,32,711,181,249,0,15,282
E02005526,5354,273,296,548,690,1716,392,272,337,19,387,141,127,0,19,137
E02005527,8034,372,320,1024,1214,2407,685,330,537,40,496,160,176,0,22,251
E02005528,8418,495,460,892,1202,2196,837,452,628,66,537,217,160,2,24,250
E02005529,5729,511,275,906,786,1259,703,236,282,44,266,189,82,0,9,181
E02005530,5084,358,259,646,692,1270,489,200,349,55,188,140,142,0,37,259
E02005531,5444,301,351,550,736,1330,518,272,413,50,388,167,160,0,12,196
E02005532,6829,581,337,1080,1054,1430,786,310,349,33,230,187,190,2,27,233
E02005533,8169,500,376,914,1346,2363,667,344,474,70,402,207,251,0,15,240
E02005534,7296,713,385,876,976,1981,644,316,426,52,354,189,126,0,25,233
E02005535,7087,269,523,458,860,2348,412,446,482,36,580,195,193,0,22,263
E02005536,5671,357,277,658,956,1426,502,298,310,37,296,140,169,0,22,223
E02005537,5991,414,302,652,870,1545,496,294,406,29,377,174,172,0,28,232
E02005538,8955,636,406,1141,1438,2020,911,372,559,71,498,225,299,3,35,341
E02005539,7478,429,324,798,1214,1795,804,322,505,78,427,165,296,0,23,298
E02005540,9022,750,492,1248,1272,1792,871,346,592,86,605,309,329,0,35,295
E02005541,6028,450,325,550,566,1257,529,212,572,66,560,270,336,0,12,323
E02005542,6683,385,756,352,500,1135,375,366,781,55,812,250,418,0,17,481
E02005543,8518,487,923,306,556,1306,310,452,1146,56,1225,300,643,0,19,789
E02005544,7105,291,555,268,552,1495,425,384,1068,79,926,251,408,0,10,393
E02005545,6394,368,314,809,862,1696,658,228,476,77,401,141,200,0,18,146
E02005546,7858,575,627,590,754,1306,587,394,956,89,1075,319,239,2,22,323
E02005547,8859,550,609,738,918,2069,703,338,855,64,909,257,365,2,39,443
E02005548,7193,574,335,610,702,1588,644,218,771,105,738,299,309,4,25,271
E02005549,5449,267,308,481,990,1224,562,240,445,53,257,141,247,4,18,212
E02005550,6688,482,353,798,918,1640,595,286,533,60,407,182,185,0,18,231
E02005551,5231,605,370,1041,770,749,305,212,242,22,286,155,154,0,42,278
E02005552,7015,600,418,1102,1256,1266,559,306,437,65,307,203,162,0,41,293
E02005553,8625,894,512,1520,1524,1524,586,322,455,44,445,212,267,4,60,256
E02005554,6874,590,390,1168,1138,1383,464,322,443,21,356,182,145,0,51,221
E02005555,6814,313,223,872,1052,2100,611,238,404,61,381,147,208,5,23,176
E02005556,7581,361,371,694,988,2020,742,368,664,97,504,204,251,0,24,293
E02005557,6031,295,364,239,382,1089,357,252,899,69,779,237,516,2,34,517
E02005558,6832,345,292,792,1058,1682,650,324,466,45,373,155,313,0,18,319
E02005559,6872,366,470,494,662,1667,574,344,627,57,477,229,495,10,23,377
E02005560,8418,315,533,436,746,2129,575,504,981,70,832,203,613,0,22,459
E02005561,9771,639,1093,562,750,1642,556,704,1081,109,706,308,573,12,68,968
E02005562,6978,442,348,790,1142,1749,610,326,493,74,318,189,175,0,41,281
E02005563,7377,349,293,742,1054,1799,804,320,561,55,381,198,445,0,20,356
E02005564,9392,406,308,1086,1554,3113,838,320,492,83,381,187,319,0,44,261
E02005565,6982,346,335,680,974,1831,665,342,535,67,410,165,366,0,26,240
E02005566,9503,524,410,1014,1490,2367,757,424,741,78,469,227,528,0,49,425
E02005567,9871,918,609,1599,1148,2086,556,476,751,51,618,213,310,0,64,472
E02005568,7188,395,329,844,1212,1876,638,328,377,69,289,243,255,0,43,290
E02005569,7898,356,389,702,1302,2442,544,362,540,47,396,204,324,2,27,261
E02005570,7158,800,412,1222,1096,1349,372,280,435,36,386,222,223,0,70,255
E02005571,5867,598,408,930,948,1062,481,210,326,35,324,141,166,0,32,206
E02005572,7423,765,700,1056,968,1129,519,378,547,68,406,193,262,0,54,378
E02005573,5341,699,302,1100,796,904,301,236,296,22,232,142,97,0,67,147
E02005574,6633,476,328,1062,1176,1326,523,262,344,78,242,182,253,0,52,329
E02005575,6872,517,361,900,1160,1580,590,310,426,56,353,153,195,0,49,222
E02005576,6560,535,368,1006,1082,1310,476,280,392,59,336,130,281,0,52,253
E02005577,5888,332,345,716,892,1464,492,266,430,54,344,145,150,0,28,230
E02005578,5715,388,375,620,854,1330,475,312,432,38,291,173,207,0,33,187
E02005579,12380,945,797,1534,1556,2853,965,492,947,92,950,345,394,0,55,455
E02005580,7512,648,499,950,962,1595,545,314,614,42,512,235,214,0,42,340
E02005581,7089,353,360,704,1234,1657,576,534,536,74,367,208,207,0,33,246
E02005582,6422,460,443,772,1006,1369,516,284,450,42,380,174,238,0,33,255
E02005583,8163,710,396,1418,1506,1517,614,342,416,77,293,240,237,0,43,354
E02005584,10479,458,1187,558,994,2290,691,704,1011,70,1054,345,434,32,20,631
E02005585,10601,511,1112,486,796,1936,552,642,1321,72,1463,340,407,107,22,834
E02005586,9838,378,1476,340,1010,1609,392,1172,863,40,884,280,292,118,14,970
E02005587,9420,668,710,926,870,1803,696,452,948,96,1066,416,335,25,23,386
E02005588,11622,451,830,511,1040,2708,723,590,1109,87,1284,421,455,769,27,617
E02005589,11499,457,975,520,1004,2271,566,540,1219,104,1389,324,539,680,32,879
E02005590,9412,958,2230,428,766,743,203,1052,536,22,697,251,189,247,43,1047
E02005592,9214,306,1057,306,778,1741,308,840,574,45,533,155,169,1366,8,1028
E02005593,7060,467,389,524,468,1394,486,168,607,33,752,252,208,862,24,426
E02005594,10290,859,1639,490,962,1614,354,872,462,61,650,261,209,787,26,1044
E02005595,8702,711,496,1170,1096,2264,649,314,425,64,372,268,208,260,33,372
E02005596,9284,738,918,586,848,1642,520,550,960,91,1141,362,328,17,32,551
E02006907,5006,379,1349,188,456,488,70,758,225,16,203,87,71,83,10,623
E02006908,5327,328,983,230,560,742,161,604,436,42,458,139,145,35,12,452
E02005597,12448,645,780,1298,1644,3045,984,914,1021,97,818,338,319,2,35,508
E02005598,7629,331,440,930,1082,2251,607,406,532,40,373,153,201,15,29,239
E02005599,5607,414,313,612,830,1631,415,258,344,14,365,169,106,0,16,120
E02005600,5461,311,259,584,860,1828,395,228,289,31,240,123,134,0,24,155
E02005601,5674,547,475,654,726,1326,407,356,331,27,391,185,93,0,20,136
E02005602,10296,620,491,1304,1500,3096,893,424,571,42,574,231,227,3,39,281
E02005603,8640,379,473,678,1038,2941,618,416,648,69,672,205,219,0,25,259
E02005604,8043,515,394,940,1166,2338,659,330,540,33,489,161,202,0,16,260
E02005605,10057,443,452,1034,1598,3059,834,510,653,61,562,205,277,0,29,340
E02005606,5579,289,242,578,894,1660,593,260,303,44,233,137,186,0,32,128
E02005607,10904,479,523,962,1676,3388,933,520,801,92,626,253,267,0,48,336
E02005608,7254,436,327,818,1184,1939,657,322,519,70,342,143,212,0,30,255
E02005609,6805,504,493,862,962,1457,548,378,532,54,409,191,169,0,36,210
E02005610,7897,362,386,828,1386,2082,654,452,532,52,285,202,304,0,28,344
E02005611,9925,832,715,1088,1202,2384,684,550,638,61,680,314,305,3,32,437
E02006227,5925,483,356,738,1026,1435,491,256,335,19,290,202,109,0,25,160
E02006228,5718,302,341,542,868,1587,494,244,388,27,367,149,188,0,31,190
E02006229,5613,437,368,658,840,1364,521,276,378,32,290,176,112,0,14,147
E02006230,10372,662,545,1028,1458,3358,845,310,597,62,682,259,265,0,26,275
E02006231,8205,331,682,580,1156,2407,671,528,554,41,493,224,262,0,10,266
E02006232,5650,303,261,686,924,1472,589,242,326,22,310,134,175,0,23,183
E02006233,10941,921,1017,920,1150,2401,709,634,967,63,958,417,304,0,53,427
E02006234,8773,383,478,660,1034,2640,710,410,814,69,730,263,235,0,20,327
E02006235,7855,473,390,947,1324,2394,620,286,364,34,312,188,225,0,43,255
E02006236,9979,562,393,1268,1564,3285,876,348,450,40,498,249,198,0,25,223
E02006237,7139,449,433,788,1038,2088,580,284,416,70,421,177,161,2,27,205
E02006238,9571,617,628,1004,1306,2127,658,488,812,89,644,291,444,0,37,426
E02006239,5500,248,365,482,896,1811,357,192,269,37,316,136,213,0,13,165
E02006240,8509,237,500,516,1202,3446,585,360,371,54,365,210,362,9,14,278
E02006241,8618,474,624,636,1158,2337,663,352,506,74,816,246,341,0,37,354
E02006242,7598,253,606,490,1154,2603,397,570,437,30,473,147,183,7,15,233
E02006243,8930,495,795,496,964,1956,561,706,780,46,767,260,404,3,32,665
E02006826,9449,585,811,732,992,1827,614,694,606,101,686,329,373,13,41,1045
E02006245,8037,501,350,788,750,1982,814,218,806,93,753,310,394,0,28,250
E02006246,7419,453,271,740,994,2192,847,270,491,47,378,223,221,0,24,268
E02006247,8879,345,759,440,916,2234,648,566,921,108,979,280,309,7,25,342
E02006248,8272,439,428,610,818,2847,646,282,664,59,660,250,371,3,26,169
E02006249,7608,527,636,606,886,2427,461,390,374,44,478,132,270,2,14,361
E02006250,9428,358,1351,194,654,2012,415,758,899,61,926,286,626,7,11,870
E02006251,9108,401,1569,232,750,2014,328,816,671,49,812,219,361,71,14,801
E02006252,8964,516,780,474,788,2531,553,546,971,43,810,226,294,6,28,398
E02006253,7003,504,316,942,926,2082,681,192,269,63,353,196,216,0,15,248
E02006254,8729,382,1041,350,716,1810,476,608,919,64,990,305,502,2,12,552
E02006255,7787,288,862,321,890,1763,492,658,633,45,606,234,322,25,14,634
E02006256,8406,395,1116,320,772,1744,472,636,726,59,943,239,382,0,16,586
E02006257,6645,519,452,732,770,1373,672,250,548,85,452,271,247,0,19,255
E02006258,8954,330,619,358,804,2262,639,502,924,103,1035,379,558,0,26,415
E02006259,7238,369,652,520,896,1511,640,286,754,82,767,261,239,2,20,239
E02006260,8785,436,542,478,832,2168,692,348,937,104,1050,395,454,0,27,322
E02006261,7564,434,381,834,1266,2172,608,296,444,29,386,209,267,0,10,228
E02006262,8610,432,429,890,1350,2566,721,432,536,34,464,221,269,0,29,237
E02006263,7278,417,311,903,1186,2026,576,358,470,45,378,157,228,0,27,196
E02006264,8135,373,372,804,1166,2662,705,370,495,44,402,192,271,0,18,261
E02006265,6942,405,352,760,1142,1997,641,268,435,51,384,167,125,0,31,184
E02006266,9127,558,380,1010,1524,2639,817,350,553,36,478,221,270,0,23,268
E02006267,8373,425,343,752,1314,2841,760,304,505,27,369,173,277,0,29,254
E02006268,6174,556,352,626,664,1477,497,172,505,36,677,202,240,0,10,160
E02006269,6743,304,361,594,1058,2251,527,314,389,50,368,138,155,0,13,221
E02006270,11334,407,879,628,1324,3451,775,796,1105,87,877,239,347,4,17,398
E02006271,7671,481,459,738,1296,2445,607,340,386,52,335,208,164,0,12,148
E02006272,7303,427,381,818,1132,1933,706,354,451,42,398,190,278,0,18,175
E02006273,6311,399,271,758,1000,1676,521,238,419,46,320,169,256,0,22,216
E02006274,6401,289,220,498,956,2315,490,228,424,29,366,160,211,0,15,200
E02006275,7195,400,395,535,592,1708,544,252,642,104,954,322,318,0,34,395
E02006276,6442,372,237,866,1028,1817,650,250,266,49,305,164,189,0,27,222
E02006277,7959,162,526,296,888,3169,523,596,471,23,576,160,199,2,12,356
E02006278,8258,641,1058,616,882,1506,379,750,498,52,574,228,265,4,19,786
E02006279,9021,608,518,955,1194,2229,718,360,652,46,656,272,262,3,24,524
E02006280,9008,470,361,1082,1454,2704,753,306,509,54,404,248,275,0,36,352
E02006281,8248,731,645,1020,1078,1824,661,368,501,55,420,216,250,0,39,440
E02006282,6173,425,292,838,1034,1684,512,256,264,45,248,153,149,0,38,235
E02006283,6023,316,272,698,992,1804,529,236,314,33,217,141,177,0,26,268
E02006284,7753,347,450,629,870,2291,590,320,667,68,635,209,334,2,27,314
E02006285,7916,218,397,372,800,2743,496,432,747,62,749,153,382,4,12,349
E02006286,11234,463,606,602,1178,2852,870,536,1169,84,995,371,681,0,15,812
E02006287,5838,444,344,834,1080,1231,450,278,277,27,233,152,220,0,29,239
E02006288,8535,549,445,952,1344,2590,748,306,401,52,474,208,230,0,52,184
E02006289,8196,578,504,1086,1210,2006,634,308,579,52,477,226,233,0,40,263
E02006290,7965,810,630,1054,1028,1645,527,456,575,46,505,214,141,0,35,299
E02006291,6988,535,448,804,1010,1934,597,254,443,47,383,165,179,0,35,154
E02006292,6505,340,254,754,1028,2078,679,248,302,43,240,150,174,0,30,185
E02006293,9783,441,553,864,1520,3142,655,504,591,60,555,193,332,0,26,347
E02006294,7920,843,565,1062,908,1886,468,322,433,42,650,227,238,0,44,232
E02006295,9260,592,446,1142,1136,2954,713,400,532,58,532,221,251,4,38,241
E02006296,12695,530,717,1050,1664,4756,839,502,825,73,715,220,386,0,42,376
E02006297,7965,342,320,958,1158,2927,757,296,337,45,243,117,255,0,35,175
E02006298,8799,426,560,736,1378,2476,844,428,596,55,547,229,276,3,23,222
E02006299,8234,716,330,1558,1386,1944,703,222,343,59,358,212,197,0,41,165
E02006300,7507,609,702,508,752,1591,514,336,688,67,901,294,295,9,13,228
E02006301,5601,506,566,438,582,1218,387,288,341,41,481,150,276,5,21,301
E02006302,6454,441,329,928,1112,1511,639,246,387,35,214,209,195,0,24,184
E02006303,7598,436,520,585,718,1807,541,276,780,79,894,317,368,0,21,256
E02006304,7407,601,306,1140,1088,1719,683,266,472,41,446,203,229,0,24,189
E02006305,9200,464,1015,344,762,1834,529,438,1195,82,1258,334,464,6,19,456
E02006306,7174,548,450,810,888,1579,615,302,621,48,551,189,230,0,47,296
E02006307,7275,507,268,1080,1270,1888,683,264,473,49,230,140,210,0,26,187
E02006308,6937,570,1044,378,618,1158,345,386,666,78,737,273,306,2,19,357
E02006309,6691,599,366,798,770,1345,484,248,543,101,627,223,354,0,33,200
E02006310,8007,344,422,632,958,2343,589,480,849,71,726,144,252,0,2,195
E02006311,8091,745,566,1077,984,1605,517,400,720,56,662,277,186,2,32,262
E02006312,8758,481,364,1032,1220,2437,760,354,589,93,563,215,373,0,23,254
E02006313,10110,713,550,1361,1430,2265,783,492,702,93,681,295,367,0,54,324
E02006314,7229,539,453,716,1016,1849,502,346,576,49,473,171,299,10,17,213
E02006315,5788,624,358,916,906,1053,405,224,364,35,338,163,177,0,26,199
E02006316,6800,688,434,1036,926,1295,588,336,524,39,370,202,192,0,30,140
E02000166,7916,438,868,352,530,1756,442,462,316,90,764,373,518,37,64,906
E02000167,7869,482,898,422,792,2370,343,602,261,40,231,155,487,9,51,726
E02000168,8040,290,984,216,476,1715,429,644,422,39,630,293,536,53,32,1281
E02000169,6981,332,637,416,648,2246,343,306,251,19,297,169,554,29,26,708
E02000170,8293,269,1032,221,712,1793,373,620,216,39,419,187,670,66,24,1652
E02000171,7789,369,941,196,486,1856,312,598,365,61,536,281,521,81,39,1147
E02000172,9919,435,1124,178,418,1788,399,418,482,58,1442,542,862,337,22,1414
E02000173,7565,363,1084,290,728,1882,182,598,214,18,234,193,576,91,18,1094
E02000174,8703,394,1043,134,418,1308,301,702,472,40,920,370,701,160,35,1705
E02000175,8846,309,1415,142,752,1522,240,858,265,12,605,300,378,87,23,1938
E02000176,6289,395,1121,174,726,1447,167,608,173,17,174,128,398,30,19,712
E02000177,8863,455,945,180,496,1674,365,524,279,43,1175,524,693,157,67,1286
E02000178,8823,393,1435,116,552,1172,296,870,250,42,1003,322,562,146,42,1622
E02000179,6305,323,824,174,432,1602,179,420,224,33,708,206,417,34,22,707
E02000180,7662,290,979,130,406,1257,267,588,362,44,769,272,600,334,16,1348
E02000181,7703,319,1026,150,760,1602,237,818,234,22,381,236,349,70,13,1486
E02000182,6638,332,722,256,592,1705,244,332,200,19,463,238,492,121,33,889
E02000183,7909,507,1269,248,622,1712,311,632,325,44,499,234,460,81,31,934
E02000184,8726,254,1030,145,328,1514,373,486,236,51,962,408,849,675,20,1395
E02000185,8213,555,1237,108,480,1734,309,462,228,33,1004,369,531,79,42,1042
E02000186,6491,261,1012,144,418,921,214,574,179,22,444,245,378,369,17,1293
E02000187,8064,360,861,132,260,1854,414,248,269,64,1061,402,758,592,21,768
E02000188,7939,338,826,118,258,1647,341,266,221,41,907,384,643,996,20,933
E02000189,5407,198,710,56,242,915,203,242,132,24,905,196,423,427,17,717
E02000190,5914,420,1327,102,316,765,191,334,130,17,597,200,297,478,21,719
E02000191,5545,275,1170,124,356,506,139,386,61,3,266,114,277,882,10,976
E02000192,7021,319,1187,121,434,1191,191,516,243,30,697,323,497,279,15,978
E02000193,7010,438,1711,144,494,614,197,476,116,19,279,205,529,603,9,1176
E02000001,7187,526,1946,274,1026,912,191,702,211,18,211,136,164,65,43,762
E02000345,8828,195,533,125,442,4509,316,192,176,15,487,178,898,18,30,714
E02000346,6021,255,690,82,206,1035,236,114,215,28,1126,476,571,120,26,841
E02000347,7884,228,610,124,408,3481,265,328,247,15,558,247,546,28,38,761
E02000348,8107,213,668,100,290,3384,296,206,175,18,979,293,763,8,30,684
E02000350,9474,178,951,79,442,2417,309,708,410,25,645,276,1060,23,15,1936
E02000351,8441,194,1174,93,502,1349,251,904,272,17,611,243,464,139,32,2196
E02000352,6833,295,685,106,276,1820,231,486,365,35,822,282,408,12,12,998
E02000353,7774,192,776,102,408,1670,300,674,466,42,476,266,571,57,14,1760
E02000354,9449,344,1239,108,320,1680,354,556,483,37,1426,413,910,33,16,1530
E02000355,8325,172,883,90,352,1470,395,454,439,41,753,369,965,44,26,1872
E02000356,7288,173,849,78,454,1520,254,660,477,32,614,262,422,33,22,1438
E02000357,6339,328,581,98,152,1307,285,92,333,50,1434,284,875,19,7,494
E02000358,11047,331,1294,116,486,1650,425,866,495,32,1339,531,805,91,23,2563
E02000359,6569,173,505,100,224,1249,328,264,377,23,902,348,711,45,18,1302
E02000360,11292,370,1319,96,384,2021,403,512,502,48,1931,575,1227,38,23,1843
E02000361,7632,207,1121,88,242,1081,272,586,307,18,1007,290,504,54,10,1845
E02000362,6266,253,698,94,262,1054,188,314,299,30,1095,287,551,54,13,1074
E02000363,10845,358,1173,150,346,2066,382,296,641,64,2265,618,1211,31,29,1215
E02000364,8848,285,1098,146,470,1415,306,726,461,48,1031,353,529,70,25,1885
E02000365,12708,460,1596,196,688,1696,456,1204,466,46,1122,512,726,140,25,3375
E02000366,8396,366,1110,140,376,1547,393,434,485,42,1220,444,735,11,24,1069
E02000367,9622,180,1135,86,444,1499,301,898,483,32,1380,341,644,67,11,2121
E02000368,9601,376,1093,90,388,1607,377,442,443,48,1565,532,902,57,22,1659
E02000369,11560,343,1485,138,420,1924,457,746,469,47,1675,567,931,129,18,2211
E02000370,8292,280,1181,58,410,1215,300,554,339,46,1282,401,602,214,21,1389
E02000371,11642,263,2054,90,550,1269,274,1036,341,57,1266,393,561,308,18,3162
E02006918,7611,169,934,70,282,1543,226,374,373,13,1567,276,880,36,9,859
E02006921,7739,240,779,98,322,2773,243,172,236,42,1152,330,641,6,17,688
E02000372,8831,307,1064,143,400,1713,497,286,286,82,1472,563,655,73,27,1263
E02000373,6658,193,452,56,208,1392,331,76,253,51,1490,455,828,21,27,825
E02000374,6712,251,488,154,302,1414,353,254,243,30,817,355,554,87,14,1396
E02000375,6998,263,1098,100,384,1107,259,394,209,12,811,311,419,76,21,1534
E02000376,6890,200,1036,59,414,917,196,562,276,16,653,283,452,85,22,1719
E02000377,7933,316,1132,86,476,1394,234,592,309,45,811,314,583,102,21,1518
E02000378,6514,252,1155,82,524,983,132,724,180,42,488,214,340,47,13,1338
E02000379,7411,318,849,148,528,1911,303,492,233,22,713,240,340,59,20,1235
E02000380,5811,252,676,104,422,1469,190,442,180,24,410,168,280,276,15,903
E02000381,7682,271,1103,120,630,1817,305,676,226,20,564,229,507,71,12,1131
E02000382,6146,245,856,160,480,1442,204,446,179,19,531,211,371,80,17,905
E02000383,9300,397,1470,180,688,1360,290,710,160,3,601,364,456,525,20,2076
E02000384,7120,314,975,138,432,1085,230,448,223,10,853,365,398,198,34,1417
E02000385,6142,184,1126,72,566,727,97,618,113,15,220,151,180,295,5,1773
E02000386,8117,257,1083,106,456,1365,314,466,200,50,1064,452,603,201,13,1487
E02000387,6240,231,984,97,322,976,217,262,150,41,585,294,363,357,23,1338
E02000388,8151,444,1061,124,596,1148,302,686,232,31,543,265,457,262,31,1969
E02000389,8248,379,755,232,600,1895,342,414,256,22,372,243,455,371,28,1884
E02000390,6442,258,743,94,488,1250,240,424,166,24,505,227,361,247,16,1399
E02000391,7712,379,932,185,564,2063,300,376,128,22,422,241,464,73,27,1536
E02000392,9537,296,1078,166,644,2230,278,662,283,35,787,307,535,98,23,2115
E02000393,6025,207,630,148,518,1498,213,468,126,9,205,146,244,101,11,1501
E02000394,7448,265,1089,128,538,1390,227,500,150,23,949,298,462,99,16,1314
E02000395,5951,360,647,210,504,1481,306,402,111,12,196,138,281,64,19,1220
E02000396,6633,219,608,156,412,1751,305,296,228,53,609,260,533,71,24,1108
E02000397,7798,292,899,132,510,1424,317,406,390,49,902,331,598,69,18,1461
E02000398,6999,202,689,116,274,1506,271,86,308,22,1555,453,869,17,3,628
E02000400,7648,278,626,186,402,1928,415,336,434,61,1036,395,489,61,25,976
E02000401,6734,220,326,107,254,1609,395,108,334,65,1407,481,938,27,14,449
E02000402,6697,199,465,104,242,1360,455,130,333,38,1588,416,777,15,22,553
E02000403,7194,195,714,150,494,1227,418,436,246,7,748,251,655,88,18,1547
E02000404,7304,211,486,170,318,1367,417,202,258,32,1120,366,987,65,4,1301
E02000405,6541,152,490,174,542,2292,414,442,443,25,359,176,346,20,25,641
E02000406,7025,203,527,110,282,1203,415,212,248,46,1221,407,718,107,5,1321
E02000407,7239,239,724,92,326,1333,309,218,368,14,1221,333,1146,168,15,733
E02000408,7577,231,522,122,278,1562,400,134,298,24,1516,341,920,13,22,1194
E02000409,6470,207,613,112,236,1259,373,146,299,23,1185,350,761,49,9,848
E02000410,6636,226,727,152,544,1946,364,508,379,21,359,146,390,19,21,834
E02000411,7450,200,592,127,292,1409,335,188,258,25,1312,360,816,27,10,1499
E02000412,6760,204,844,122,326,1057,290,282,254,49,943,343,697,134,15,1200
E02000413,7408,279,602,250,482,2671,412,300,442,37,598,306,393,6,30,600
E02000414,7156,179,542,110,270,1330,379,206,357,19,953,328,1217,47,17,1202
E02000415,6811,225,629,152,356,1194,457,380,241,28,600,224,761,109,9,1446
E02000416,7482,286,1016,116,540,1329,363,704,415,33,1026,352,422,10,24,846
E02000417,6584,229,705,222,538,1773,364,476,366,35,391,150,306,12,6,1011
E02000418,5509,245,374,198,490,1693,442,340,342,36,301,167,272,5,6,598
E02000419,8100,181,872,132,508,1336,363,504,387,31,696,328,535,164,17,2046
E02000420,7425,276,828,106,322,1252,308,292,387,32,988,320,970,59,11,1274
E02000421,6958,221,783,68,288,1268,279,204,293,38,1246,322,676,84,8,1180
E02000422,7783,219,693,120,274,1506,370,238,388,23,1099,374,967,46,22,1444
E02000423,6709,171,514,144,312,1003,347,344,264,7,520,249,662,147,12,2013
E02000424,7056,228,792,102,466,1618,271,690,472,32,707,249,395,13,11,1010
E02000425,7251,142,372,120,246,3305,361,110,213,43,514,236,852,27,9,701
E02000426,6650,309,621,336,600,1813,360,474,188,16,394,236,399,12,14,878
E02000427,6828,136,783,116,448,1076,195,526,321,37,516,195,556,132,28,1763
E02000428,7014,220,705,120,232,1422,354,234,303,28,1089,330,702,33,20,1222
E02000429,6803,305,914,186,710,1898,274,736,341,19,268,138,274,44,6,690
E02000430,7408,218,1073,86,566,1528,206,974,425,33,381,195,299,13,17,1394
E02000431,6531,243,903,234,610,1417,182,808,247,7,302,121,230,32,8,1187
E02000432,6421,139,835,76,432,1039,241,700,311,6,538,240,411,24,8,1421
E02006794,7277,264,750,110,278,1511,270,134,351,23,1661,370,791,10,14,740
E02000554,9132,344,1348,90,420,1539,367,578,415,34,1553,488,639,62,38,1217
E02000555,9355,348,1000,166,522,1745,480,576,428,64,1220,487,591,148,10,1570
E02000556,9990,310,1382,130,564,1472,357,928,454,34,1187,449,608,143,22,1950
E02000557,8066,448,1207,168,490,1194,323,646,304,38,997,402,475,132,37,1205
E02000558,8693,281,1202,86,358,1699,314,366,318,34,1665,438,726,92,8,1106
E02000559,8778,196,1018,120,654,1629,326,990,338,21,738,288,476,103,19,1862
E02000560,6888,193,984,110,404,839,249,676,219,28,565,248,352,254,29,1738
E02000561,7632,267,975,152,514,1536,302,690,427,48,546,240,413,251,29,1242
E02000562,7814,323,1045,148,490,1564,276,726,341,27,885,359,481,36,22,1091
E02000563,8028,335,1070,146,412,1158,292,556,345,51,1195,329,466,239,11,1423
E02000564,10465,307,1544,140,700,1268,262,1044,308,52,1157,374,472,242,10,2585
E02000565,7974,317,1061,114,396,1348,240,630,338,38,1248,306,658,31,19,1230
E02000566,8164,276,1004,140,670,1608,388,816,331,40,604,285,507,72,20,1403
E02000567,10358,410,1455,168,734,1467,379,1056,327,40,1344,431,596,66,13,1872
E02000568,8661,428,1315,194,396,1142,248,468,332,45,1387,455,574,429,20,1228
E02000569,10015,456,1396,262,642,1537,459,798,350,44,1481,482,505,60,45,1498
E02000570,8595,245,1251,204,884,1486,347,1056,317,33,631,211,416,122,4,1388
E02000571,7998,340,1110,198,508,1187,278,600,308,61,1184,458,423,65,20,1258
E02000572,8108,400,884,142,320,1361,402,352,208,55,1284,467,791,289,22,1131
E02000573,8507,355,1311,182,896,1282,311,920,202,22,681,313,346,93,19,1574
E02000574,7708,271,1314,160,598,961,328,782,246,48,646,326,423,234,14,1357
E02000575,10418,340,2344,172,938,1204,314,1042,321,43,991,344,416,324,20,1605
E02000576,8787,407,1423,202,506,1231,310,548,388,45,1246,384,468,347,32,1250
E02000577,7195,310,901,168,338,1446,494,314,221,19,1181,448,563,17,22,753
E02000578,5706,288,653,110,228,1249,303,166,238,48,1024,372,488,13,16,510
E02000579,8570,440,1247,188,502,1725,450,526,341,40,973,405,568,35,28,1102
E02000580,8619,443,1784,96,602,1147,330,726,219,56,1014,517,589,23,21,1052
E02000581,7292,499,934,184,334,1472,512,204,246,78,1112,496,597,23,22,579
E02000582,7317,413,1601,184,752,1508,181,668,190,30,295,171,401,37,40,846
E02000583,7290,346,1128,226,676,1765,353,570,194,38,366,265,592,44,4,723
E02000584,7952,429,1302,320,964,2093,307,540,177,24,215,196,530,63,15,777
E02000585,8361,329,1251,272,822,2001,299,470,193,39,559,273,719,84,32,1018
E02000586,7566,309,1361,206,818,2047,251,510,125,9,179,136,552,171,19,873
E02000587,7488,355,1091,288,896,1991,370,416,125,29,258,188,499,107,29,846
E02000588,8158,454,1825,324,1064,1587,286,548,127,3,207,176,509,133,10,905
E02000589,8138,327,1963,140,746,1722,191,570,109,9,290,160,296,533,27,1055
E02000590,7010,512,1611,264,674,1223,355,312,135,20,445,345,398,88,35,593
E02000591,6648,316,1463,94,596,1088,197,624,104,20,468,245,309,192,15,917
E02000592,6724,312,1484,180,786,1651,164,580,112,19,127,135,349,167,25,633
E02000593,7601,384,1576,162,736,1509,163,658,157,34,386,201,307,206,32,1090
E02000594,6958,544,1299,330,838,1455,366,442,122,15,235,241,399,38,6,628
E02000595,7107,514,1352,298,752,1587,326,406,151,21,253,195,412,61,31,748
E02000596,7119,294,1333,212,694,1603,222,504,178,28,287,232,388,110,23,1011
E02000597,7120,422,1125,156,452,1423,325,286,263,41,663,531,462,41,39,891
E02000619,7987,422,1171,130,394,1146,305,430,310,38,1232,410,603,133,22,1241
E02000620,9350,332,1356,168,500,1304,224,762,301,33,1399,398,592,123,16,1842
E02000621,10271,307,1880,108,734,1185,284,874,294,37,1056,350,551,210,26,2375
E02000622,8031,229,939,96,410,1092,270,596,212,42,903,326,594,116,6,2200
E02000623,7979,267,856,158,380,1362,309,420,347,46,1225,457,705,73,14,1360
E02000624,7933,238,997,90,326,1020,239,434,384,44,1263,438,655,75,9,1721
E02000625,8310,188,878,68,272,1296,282,356,368,35,1634,409,792,58,10,1664
E02000626,8256,207,1047,67,240,1276,218,266,478,46,1757,509,904,56,16,1169
E02000627,9496,245,1022,144,432,1176,271,608,307,44,1188,444,784,76,28,2727
E02000628,9676,319,1072,72,296,1519,363,400,418,26,1818,521,991,45,12,1804
E02000629,9004,220,1067,94,496,1327,240,872,314,16,749,225,490,29,24,2841
E02000630,7265,249,928,94,484,1153,219,758,227,24,554,281,411,38,6,1839
E02000631,8798,277,903,178,528,1817,346,592,446,32,848,322,763,145,23,1578
E02000632,9484,189,1057,84,478,786,222,978,256,25,660,290,331,58,8,4062
E02000633,8581,299,1208,74,346,1018,232,578,332,22,1325,382,764,55,15,1931
E02000634,6740,215,860,92,308,779,191,446,227,15,871,345,439,48,15,1889
E02000635,9138,189,1250,86,510,1327,232,820,466,36,1280,406,663,49,2,1822
E02000636,7613,166,624,100,566,1913,313,700,246,15,384,153,423,26,4,1980
E02000637,8637,235,1160,142,482,1231,217,814,407,32,775,223,436,75,15,2393
E02000638,9509,298,1124,112,364,1462,286,556,413,43,1318,411,813,68,16,2225
E02000639,8090,223,945,74,302,1332,276,324,382,54,1585,424,889,50,14,1216
E02000640,9110,289,791,180,664,1959,371,680,386,19,786,278,459,36,15,2197
E02000641,8638,220,871,85,292,1360,272,236,406,32,2086,509,1061,20,12,1176
E02000642,9617,374,1030,216,576,2118,437,668,575,40,1241,444,702,18,9,1169
E02000643,8347,293,936,114,454,1564,312,610,371,28,1026,259,676,34,30,1640
E02000644,8524,219,945,150,464,1745,340,510,548,48,1025,306,786,27,8,1403
E02000645,8992,270,1002,148,590,2167,327,666,485,25,1079,322,822,33,11,1045
E02000646,8983,319,936,188,584,1564,379,724,353,25,599,306,893,86,23,2004
E02000647,8325,309,799,210,460,2024,453,456,556,72,902,357,725,14,15,973
E02000648,7683,305,809,156,342,1409,254,284,565,54,1801,400,810,4,6,484
E02000649,10973,308,1503,92,744,1910,301,890,584,36,1267,290,1166,63,14,1805
E02000650,7424,210,880,148,470,1401,303,488,363,59,1362,426,576,7,33,698
E02000651,8456,239,889,194,468,1812,419,456,496,50,914,325,886,20,27,1261
E02000652,7324,239,337,260,324,1699,545,116,292,42,963,397,1047,33,19,1011
E02006801,7557,300,1411,170,602,857,335,520,236,36,559,329,373,441,13,1375
E02000653,8525,187,1028,76,408,1453,282,362,360,34,1547,299,812,149,10,1518
E02000654,8055,237,918,90,292,1433,253,260,332,33,1785,443,858,100,30,991
E02000655,7887,167,1017,70,424,1311,241,436,366,42,1260,322,925,209,10,1087
E02000657,8566,264,1146,134,368,1184,275,582,368,37,1069,339,608,334,15,1843
E02000658,8295,242,968,144,426,1415,359,524,494,32,894,348,691,261,31,1466
E02000659,7611,277,795,153,538,1839,259,608,295,39,1071,332,581,65,8,751
E02000660,7945,195,1126,98,610,1261,219,786,433,31,722,300,652,92,19,1401
E02000661,6275,363,957,246,640,1458,171,576,268,31,387,165,243,28,15,727
E02000662,8093,185,810,64,378,1413,339,510,717,20,1186,379,707,119,7,1259
E02000663,7186,200,693,108,464,1224,365,378,336,41,728,235,541,96,32,1745
E02000664,9797,424,1343,158,554,1559,292,570,504,52,1394,382,808,69,19,1669
E02000665,7907,335,938,182,522,1897,390,560,430,37,685,303,539,37,31,1021
E02000666,7214,195,653,142,374,1825,357,336,386,28,817,311,708,191,16,875
E02000667,6526,169,508,173,466,1728,395,348,401,23,493,320,611,31,11,849
E02000668,6647,270,626,244,494,1761,458,360,438,39,588,257,485,29,26,572
E02000669,7403,185,961,112,558,1399,292,500,406,20,847,266,762,34,9,1052
E02000670,6522,226,758,116,286,1484,300,218,379,47,1005,328,711,23,14,627
E02000671,8375,297,939,218,570,1906,405,504,523,58,840,389,638,23,4,1061
E02000672,8206,252,1100,150,416,1518,430,298,882,39,1055,320,754,45,15,932
E02000673,7988,219,939,244,648,1869,403,616,499,47,922,269,509,21,15,768
E02000674,7944,228,613,260,462,1934,607,204,462,59,1000,369,985,17,30,714
E02000675,8165,341,717,318,682,2012,741,308,354,60,882,359,743,2,15,631
E02000676,7694,242,770,144,562,1776,415,448,534,40,795,325,744,15,36,848
E02000677,7103,226,594,254,380,1741,573,194,338,52,620,322,1185,17,11,596
E02000678,6087,284,503,180,252,1503,336,142,377,47,1189,311,643,2,13,305
E02000679,7867,299,939,209,452,1556,502,340,455,38,1222,371,619,20,14,831
E02000680,6750,295,793,220,440,1370,284,372,401,29,1097,255,489,10,18,677
E02000681,8094,403,685,206,390,1778,599,188,464,64,1321,521,884,8,28,555
E02000682,8147,331,517,279,362,2011,731,140,546,42,1299,452,942,17,31,447
E02000683,6443,381,604,218,304,1322,452,256,406,78,1095,338,619,7,15,348
E02000685,7584,393,814,198,434,1525,465,400,482,46,1196,461,539,5,32,594
E02000686,6672,267,754,102,234,1481,326,168,350,44,1492,358,634,6,26,430
E02000687,7828,377,913,210,520,1554,445,392,537,33,984,304,587,21,20,931
E02006783,7208,331,515,216,358,1664,388,150,586,69,1474,430,685,2,25,315
E02006784,7358,494,705,288,394,1702,462,156,483,54,1133,454,554,15,26,438
E02006798,7375,213,1027,48,308,1178,266,320,320,57,1188,394,870,125,15,1046
E02000714,8131,181,518,88,290,2021,404,124,359,48,902,325,1351,113,13,1394
E02000715,7311,176,358,110,168,2218,383,60,142,32,881,263,1451,154,2,913
E02000716,7239,140,475,52,230,1856,343,92,194,23,756,307,1509,206,17,1039
E02000717,8101,161,334,92,272,2205,421,72,149,23,774,290,1840,240,8,1220
E02000718,6840,199,386,102,180,2137,284,68,253,27,1005,287,1330,79,16,487
E02000719,8141,236,678,86,316,1542,292,238,253,35,885,334,1343,369,18,1516
E02000720,7469,131,373,128,260,1822,565,98,221,7,494,240,1711,206,11,1202
E02000721,9398,148,500,112,228,2339,459,68,147,39,634,266,2449,314,26,1669
E02000722,8085,142,663,94,340,1484,297,274,285,22,818,277,1155,245,12,1977
E02000723,10591,147,252,166,220,2866,913,50,122,29,522,304,2765,285,14,1936
E02000724,9349,117,290,142,212,2639,696,44,115,16,596,258,2493,301,16,1414
E02000725,8773,281,1011,56,482,1427,279,456,212,52,752,312,901,289,16,2247
E02000726,8874,164,1014,96,460,1548,283,512,178,41,818,268,965,312,12,2203
E02000727,8301,117,293,98,198,2154,525,46,169,19,464,214,1978,174,7,1845
E02000728,8227,109,244,122,248,2271,588,60,131,25,529,165,2242,187,8,1298
E02000729,7062,139,398,90,236,1582,435,130,176,19,525,237,1603,127,9,1356
E02000730,8956,151,310,144,196,2252,613,56,72,0,462,282,2309,247,9,1853
E02000731,10073,204,346,122,248,2629,596,84,226,24,535,260,2334,336,6,2123
E02000732,7560,187,407,106,158,2181,382,62,254,22,770,327,1554,136,5,1009
E02000733,9752,232,777,130,386,2189,500,250,385,33,1286,435,1441,165,30,1513
E02000734,7640,220,613,87,246,1704,316,156,354,14,974,343,1346,162,22,1083
E02000735,7547,254,358,118,242,1786,332,68,229,12,618,272,1657,170,26,1405
E02000736,8531,184,353,126,230,2557,484,66,226,34,1074,338,1923,119,4,813
E02000737,9434,292,458,172,396,2821,469,112,338,40,1041,355,1824,97,25,994
E02000738,8466,179,364,120,324,2550,608,114,277,33,644,207,1768,185,14,1079
E02000739,6880,181,397,78,208,1588,374,126,193,22,846,270,1252,145,15,1185
E02000740,6768,154,665,52,268,1396,331,150,294,39,1043,346,927,175,16,912
E02000741,8223,194,489,116,312,2279,517,168,267,50,1002,257,1476,158,12,926
E02000742,7952,185,355,112,282,2268,357,72,419,39,979,283,1711,88,20,782
E02000743,7830,325,625,135,258,1644,410,128,296,25,1272,373,1232,103,20,984
E02000744,8025,270,612,140,286,1746,315,124,412,50,1223,292,1325,81,17,1132
E02000745,8135,149,561,88,318,1927,520,168,330,67,1152,370,1531,58,4,892
E02000746,6908,157,652,26,342,1576,341,208,245,37,1012,336,1153,92,3,728
E02000747,10630,297,1164,135,784,1739,396,634,391,58,1252,442,1289,200,24,1825
E02000748,5954,123,482,98,338,1454,306,194,299,18,753,214,1102,42,0,531
E02000749,8183,283,613,128,326,1686,381,156,383,88,1563,447,1257,63,6,803
E02000750,10670,192,1147,86,778,2094,310,568,524,52,1425,321,1038,129,9,1997
E02000807,8305,154,963,72,926,1357,331,758,322,32,552,216,365,189,8,2060
E02000808,8312,349,1372,120,796,906,258,862,213,66,646,274,373,225,11,1841
E02000809,11536,168,2054,112,1246,1323,161,1780,465,17,598,215,291,284,13,2809
E02000810,9131,331,1196,140,508,1217,324,590,493,55,1361,319,701,222,29,1645
E02000812,9697,296,1294,98,540,1330,204,718,363,24,1142,366,797,614,23,1888
E02000813,8561,314,998,156,536,1179,299,432,442,57,1282,327,836,191,35,1477
E02000814,8563,177,1060,86,876,1145,284,842,323,42,739,236,332,212,11,2198
E02000815,5774,117,688,46,264,927,132,488,171,24,499,168,476,268,3,1503
E02000816,9030,280,1120,204,482,1450,410,506,479,45,1269,444,818,195,30,1298
E02000817,6425,362,723,174,244,1012,288,186,360,53,1072,324,560,93,12,962
E02000818,7507,325,814,160,378,989,262,376,327,48,922,305,689,386,20,1506
E02000819,8301,286,954,104,354,1522,291,340,423,54,1114,325,936,344,23,1231
E02000820,8369,334,1131,98,380,1018,276,606,381,23,1060,412,704,206,23,1717
E02000821,8368,197,696,136,276,1483,339,178,587,57,1315,457,1252,175,14,1206
E02000822,8096,238,851,107,308,1390,286,252,512,30,1329,382,950,105,8,1348
E02000823,7726,282,746,104,360,1110,243,314,308,51,1060,361,911,181,22,1673
E02000824,9559,283,787,98,276,1803,366,184,591,56,1792,558,1412,127,26,1200
E02000825,9580,185,764,76,326,1720,326,252,616,69,1943,473,1567,55,12,1196
E02000826,8714,284,915,78,374,1407,289,400,553,50,1285,414,1114,175,20,1356
E02000827,10170,301,1259,90,410,1566,323,382,611,44,1623,483,1237,125,18,1698
E02000828,8345,204,766,72,292,1417,375,236,436,49,1350,453,1303,143,34,1215
E02000829,10232,376,1207,118,462,1541,427,524,538,76,1366,470,1058,177,20,1872
E02000830,8819,262,1022,180,586,1597,247,738,536,34,729,319,700,174,27,1668
E02000831,9281,290,994,140,554,1626,351,652,717,31,988,335,865,84,11,1643
E02000832,9851,417,1042,161,442,1848,454,422,578,82,1513,520,1099,65,14,1194
E02000833,7334,204,652,100,350,1436,218,394,464,46,1253,401,793,56,10,957
E02000834,9161,316,1182,162,778,1850,279,984,530,39,607,297,550,63,10,1514
E02000835,7194,228,592,166,436,1689,366,468,589,59,886,289,591,31,13,791
E02000836,8219,241,653,172,642,2264,467,752,616,36,505,276,526,52,17,1000
E02000837,9020,309,407,402,670,3525,561,418,504,29,420,207,714,25,23,806
E02000838,9120,292,860,208,662,2107,484,720,666,30,822,402,702,40,15,1110
E02000839,7869,373,677,343,632,1865,396,472,419,18,970,339,622,12,19,712
E02006802,6391,233,860,102,372,819,269,424,291,51,641,323,541,166,9,1290
E02000864,8296,379,831,176,398,1699,315,414,309,48,1078,392,797,154,31,1275
E02000865,6977,213,771,90,242,1808,227,288,253,38,634,253,751,96,17,1296
E02000866,9610,309,883,170,520,1897,431,648,415,51,837,300,667,306,20,2156
E02000867,9761,227,1216,104,646,1693,229,1024,236,27,1031,280,659,318,9,2062
E02000868,6416,154,696,66,288,1305,172,570,165,19,386,225,602,154,11,1603
E02000869,5679,222,722,90,310,1161,151,396,175,10,456,232,410,70,19,1255
E02000870,6430,218,625,102,188,1518,259,380,199,40,623,233,608,124,8,1305
E02000871,8591,172,800,80,372,2623,261,310,248,40,1015,290,1226,197,18,939
E02000872,7480,158,891,58,298,1472,193,476,189,6,596,283,722,136,8,1994
E02000873,7467,200,691,70,304,1930,209,328,170,25,554,255,853,698,6,1174
E02000874,6879,162,707,61,212,1972,280,240,109,26,600,227,1002,194,15,1072
E02000875,9379,165,914,76,328,2971,261,346,242,11,981,393,1141,219,4,1327
E02000876,6900,134,884,40,316,1630,213,436,83,15,453,158,864,210,13,1451
E02000877,9748,204,674,76,286,3110,256,264,286,34,935,345,1199,392,11,1676
E02000878,9451,192,1275,52,468,1936,376,684,116,6,377,275,1213,262,4,2215
E02000879,7417,309,721,126,304,2057,263,306,170,23,543,269,801,334,18,1173
E02000880,5634,173,549,56,196,1541,169,206,116,12,337,191,793,199,9,1087
E02000881,6909,172,551,46,234,2203,298,212,267,51,940,259,938,65,18,655
E02000882,8563,220,666,76,312,2947,287,312,265,24,800,315,1388,88,9,854
E02000883,7853,244,680,112,258,2314,331,180,279,44,1088,389,997,110,19,808
E02000884,9021,107,1166,36,482,1530,202,680,111,11,444,184,1115,382,9,2562
E02000885,6873,234,624,78,274,1928,258,222,127,12,778,311,973,94,10,950
E02000886,7326,162,980,78,606,1719,227,580,196,23,485,210,695,95,12,1258
E02000887,8585,209,739,96,330,2391,299,266,349,43,1181,305,1089,80,26,1182
E02000888,8210,139,1001,64,586,2323,224,610,185,22,586,171,903,199,5,1192
E02000889,6549,149,963,70,452,1523,185,436,192,7,337,218,571,101,8,1337
E02000890,5795,182,1237,114,750,906,136,790,142,10,164,110,222,50,9,973
E02000891,12678,126,1904,70,1272,2472,308,1140,358,38,1121,321,899,231,15,2403
E02000893,6783,225,780,98,542,1688,297,342,228,19,676,224,493,119,15,1037
E02000894,10137,118,1428,66,1226,1936,338,858,337,22,645,243,809,221,2,1888
E02006853,7063,121,1242,58,688,1396,149,596,222,13,728,158,593,88,0,1011
E02006854,5883,39,1198,36,918,1163,95,672,97,3,352,66,296,108,2,838
E02000923,7337,358,1090,222,722,1338,269,658,160,17,418,208,315,78,11,1473
E02000924,11128,369,1798,162,626,1301,364,800,365,62,1364,575,893,160,5,2284
E02000925,7811,307,925,140,352,1410,228,440,281,35,1259,363,607,137,8,1319
E02000926,8876,268,1338,178,826,1283,247,880,294,29,617,308,430,105,25,2048
E02000927,6790,288,850,148,498,963,291,592,242,43,637,333,282,27,26,1570
E02000928,8448,327,734,224,842,2515,385,788,284,27,286,245,285,44,22,1440
E02000929,7277,341,851,119,286,1132,259,330,302,27,1293,497,578,29,11,1222
E02000930,9649,218,1113,126,724,1568,253,1102,318,18,471,242,307,31,16,3142
E02000931,8474,174,796,116,754,2452,212,810,236,16,179,151,381,54,22,2121
E02000932,10296,280,1254,186,1066,2068,350,1362,244,24,261,153,287,51,10,2700
E02000933,8760,442,825,334,836,2365,511,716,154,25,333,249,423,56,12,1479
E02000934,9040,212,1249,128,826,1392,246,1192,199,32,534,322,355,36,14,2303
E02000935,5946,328,531,170,202,1139,192,164,325,10,1083,261,417,246,8,870
E02000936,8252,511,1039,238,796,1354,250,896,207,15,346,205,296,10,21,2068
E02000937,7711,186,686,108,680,2665,214,634,286,36,285,193,531,2,13,1192
E02000938,9271,525,906,319,620,1922,357,404,369,41,1147,413,626,148,46,1428
E02000939,7760,197,474,214,680,3129,375,414,274,3,310,134,526,24,25,981
E02000940,7814,271,888,112,588,1499,242,768,298,35,893,272,512,23,18,1395
E02000941,9841,257,939,216,890,3081,378,1008,283,34,421,246,596,43,27,1422
E02000942,9633,279,698,294,906,3269,560,620,301,23,330,257,517,41,33,1505
E02000943,8388,231,962,135,700,2063,291,888,162,10,280,244,393,25,14,1990
E02000944,6923,231,656,98,424,1607,291,358,283,31,939,338,506,41,9,1111
E02000945,7044,359,548,170,330,1315,309,182,296,24,893,301,516,539,13,1249
E02000946,7621,209,685,134,624,1651,307,772,311,44,569,272,498,20,20,1505
E02000947,8675,256,918,158,912,2483,358,842,404,34,336,199,346,7,30,1392
E02000948,9818,291,1128,130,744,1725,311,1396,252,13,502,213,430,17,31,2635
E02000949,9525,304,979,192,804,2789,388,960,327,14,290,196,472,12,22,1776
E02000950,7541,286,735,186,662,1943,324,506,295,16,516,259,385,30,18,1380
E02000951,6522,212,808,86,514,1234,279,670,162,20,365,182,400,37,4,1549
E02000952,6205,161,708,78,390,1501,268,564,145,31,349,203,470,8,13,1316
E02000953,6758,176,975,110,646,1681,258,658,216,16,369,169,308,66,13,1097
E02000954,6426,144,389,144,340,1513,437,294,273,20,426,294,683,63,7,1399
E02000955,6712,251,402,152,274,1432,388,296,282,38,754,321,756,236,30,1100
E02000956,7664,232,700,106,424,1270,276,436,264,27,885,282,631,580,22,1529
E02000957,10496,309,884,190,700,2223,438,746,340,27,849,337,940,215,32,2266
E02000958,8065,336,511,174,426,2362,572,232,456,38,725,313,887,26,22,985
E02000959,7151,259,749,96,402,1634,332,404,385,40,896,272,770,21,20,871
E02000960,6499,439,807,346,702,1754,330,210,75,27,326,206,503,56,18,700
E02000961,9380,438,1001,290,720,2800,464,482,185,31,922,321,589,68,22,1047
E02000962,8614,794,1436,350,764,1915,295,384,141,40,610,287,485,124,23,966
E02000963,10303,395,986,163,402,2430,625,370,357,69,1659,799,999,51,33,965
E02000964,12458,494,1727,130,624,2487,530,858,337,61,1733,637,912,82,31,1815
E02000965,8604,238,1188,108,708,1850,239,780,200,27,773,322,380,59,24,1708
E02000966,9661,394,1552,235,1140,2423,327,834,236,19,485,273,454,31,14,1244
E02000967,7093,316,1273,244,844,1164,201,530,116,6,225,192,337,359,30,1256
E02000968,14199,701,1450,254,528,3488,863,340,339,36,2367,858,1397,162,32,1384
E02000969,9060,332,987,120,334,2374,457,244,265,44,1538,535,662,30,33,1105
E02000970,8916,487,1874,344,1204,1397,254,662,188,23,231,174,375,190,33,1480
E02000971,8191,398,1769,235,794,1301,212,658,95,24,426,222,381,267,26,1383
E02000972,7617,454,2048,124,700,788,202,754,105,19,294,224,239,313,23,1330
E02000973,10031,455,2115,236,982,1800,348,932,201,47,588,314,442,70,21,1480
E02000974,8448,395,1826,242,704,1631,347,406,139,37,617,253,498,175,10,1168
E02000975,8391,317,1971,122,906,1343,202,950,142,14,352,161,233,168,18,1492
E02000976,9766,438,1940,167,862,1513,325,776,191,12,563,214,406,300,16,2043
E02000977,6719,451,1714,214,672,655,226,568,79,16,197,184,266,249,16,1212
E02000978,7862,426,1323,396,998,1637,377,354,102,10,286,165,582,93,19,1094
E02000979,7317,458,1411,214,968,1384,334,468,111,14,456,226,224,90,18,941
E02000980,8626,580,1542,214,780,1640,352,562,217,28,753,412,305,58,40,1143
E02000981,8866,436,1893,174,968,1300,277,930,171,41,378,249,299,105,22,1623
E02000982,8198,554,1444,208,614,1587,346,452,234,35,911,337,477,66,24,909
E02000983,8389,645,1581,298,618,1555,349,562,141,34,731,360,382,110,41,982
E02000002,6724,409,405,384,300,1554,449,134,482,58,1285,326,552,8,27,351
E02000003,10033,466,573,452,620,2721,990,226,432,55,1195,418,1079,19,28,759
E02000004,5937,323,286,366,458,1683,686,176,364,22,645,253,414,0,10,251
E02000005,8562,371,437,306,542,2224,656,188,643,93,1302,334,1001,2,6,457
E02000007,8672,429,635,269,414,1965,535,206,752,68,1736,361,840,13,20,429
E02000008,11564,615,783,394,632,2919,726,280,895,87,1875,537,1272,5,48,496
E02000009,8376,325,572,178,468,1921,553,196,593,78,1413,401,995,65,25,593
E02000010,8615,361,540,248,482,2200,545,174,686,87,1519,395,904,13,29,432
E02000011,6086,211,364,328,396,1659,591,188,294,43,752,212,710,11,12,315
E02000012,9879,403,388,382,504,3203,1013,128,288,54,687,301,1844,43,21,620
E02000013,8396,352,506,254,436,2138,609,184,705,43,1374,340,982,11,21,441
E02000014,9319,368,559,338,550,2245,717,178,828,63,1492,416,1074,7,17,467
E02000015,7549,357,783,198,422,1679,398,192,546,41,1539,285,717,8,26,358
E02000016,7670,102,703,34,496,2135,184,276,315,39,1138,193,1024,204,2,825
E02000017,8468,195,399,204,382,2237,618,132,231,28,596,250,1747,125,22,1302
E02000018,8884,350,535,234,446,2302,537,184,709,50,1609,343,980,23,8,574
E02000019,8234,253,469,246,472,2294,576,184,626,45,1354,306,943,8,15,443
E02000020,9274,424,557,248,432,2529,526,130,458,62,1399,454,1154,71,18,812
E02000021,7798,277,506,236,416,1965,610,204,547,77,1308,316,867,11,9,449
E02000022,8684,168,751,70,398,2421,196,188,512,13,2047,258,1045,54,6,557
E02000023,6482,142,589,116,244,1606,264,132,456,34,1360,229,905,7,0,398
E02006799,9695,446,528,286,496,2692,696,164,746,90,1596,375,846,13,32,689
E02000024,9969,562,663,588,894,3382,901,436,457,64,555,289,486,10,43,639
E02000025,7929,489,858,380,666,2309,600,426,304,63,661,371,329,13,23,437
E02000026,6276,297,389,432,502,2171,759,186,232,41,330,182,385,23,2,345
E02000027,9499,447,565,446,638,2735,770,238,501,98,1309,542,746,4,24,436
E02000028,6107,248,383,382,538,1826,644,248,263,17,494,242,339,18,17,448
E02000029,8507,363,691,360,638,2554,687,374,498,53,855,355,537,22,27,493
E02000030,9013,443,347,730,716,3050,1069,166,245,61,610,356,702,5,24,489
E02000031,7150,372,388,504,590,2479,668,196,236,13,343,263,453,20,49,576
E02000032,7825,291,242,476,578,2901,1122,104,215,30,389,235,655,38,23,526
E02000033,8438,325,609,346,578,2443,765,274,418,46,887,435,679,10,18,605
E02000034,8450,384,575,394,700,2486,806,272,346,21,839,294,570,2,37,724
E02000035,7783,437,715,396,684,2321,638,376,245,34,435,268,425,13,11,785
E02000036,10689,382,584,522,736,3696,954,186,251,60,1054,437,1001,9,53,764
E02000037,9741,363,326,562,722,3594,1284,94,175,26,860,339,825,2,19,550
E02000038,10285,336,816,338,742,2838,964,350,463,38,938,460,807,33,17,1145
E02000039,6675,233,358,383,518,2541,609,166,141,44,403,158,602,10,17,492
E02000040,7094,378,315,350,478,2301,464,192,235,42,784,272,546,2,5,730
E02000041,8762,368,399,414,592,2734,893,94,142,32,777,338,1031,36,33,879
E02000042,10458,498,983,403,806,2758,709,532,370,35,609,358,968,57,34,1338
E02000043,7616,231,274,380,548,3107,798,204,183,27,288,224,613,27,14,698
E02000044,8071,229,390,204,436,2189,654,170,326,64,1181,398,1049,32,40,709
E02000045,10226,316,977,210,550,2624,670,398,653,59,1367,489,676,23,25,1189
E02000046,7000,238,588,264,534,1878,472,390,191,17,368,192,473,32,21,1342
E02000047,11207,407,641,214,600,2877,778,220,432,51,1579,582,1644,33,31,1118
E02000048,9817,408,646,514,722,3462,799,354,233,43,604,291,915,47,34,745
E02000049,8503,189,629,146,308,2152,438,138,460,60,1753,413,1189,19,13,596
E02000050,10052,397,666,336,640,2734,715,396,409,44,946,458,1072,37,24,1178
E02000051,8569,503,619,608,648,2327,692,296,179,12,456,225,808,68,42,1086
E02000052,9698,505,830,288,732,2581,524,704,427,36,650,368,393,33,17,1610
E02000053,8250,220,804,204,576,2115,496,316,200,17,625,319,1013,126,19,1200
E02000054,7175,214,607,252,454,2034,556,196,170,21,397,249,798,159,19,1049
E02000055,10893,463,738,464,692,2982,626,342,171,30,590,358,1081,377,28,1951
E02000056,9042,376,457,632,780,3339,751,222,170,25,398,174,871,12,20,815
E02000057,7437,222,296,294,442,3120,490,144,95,26,304,203,574,110,38,1079
E02000058,10177,557,642,562,798,3745,638,320,187,28,465,230,575,66,27,1337
E02000059,10442,339,883,294,606,2565,827,242,288,42,895,469,1454,155,14,1369
E02000060,10693,431,466,376,546,4795,613,180,144,10,396,215,817,73,36,1595
E02000061,7875,291,672,408,588,2176,509,368,142,17,327,207,648,103,20,1399
E02000062,6302,215,494,114,254,1462,399,162,231,34,856,298,791,39,14,939
E02000063,6886,199,487,200,330,1969,502,204,198,30,669,252,799,32,22,993
E02000064,6016,241,538,200,316,1514,277,228,144,24,643,246,534,62,23,1026
E02000065,7652,124,579,128,392,2246,452,206,559,36,1151,224,1119,49,4,383
E02000066,9599,327,919,241,554,2071,678,190,639,66,1677,476,1137,31,16,577
E02000067,8737,404,770,260,534,2019,556,364,755,82,1360,308,756,17,29,523
E02000068,7388,286,707,168,502,1768,446,306,664,92,1193,263,574,28,21,370
E02000069,6144,338,408,432,480,1395,569,218,407,54,734,274,472,5,26,332
E02000070,7875,462,376,659,750,2258,896,260,451,61,541,266,503,5,21,366
E02000071,7300,295,353,424,592,2019,806,194,536,102,818,347,558,7,22,227
E02000072,11726,423,1018,356,672,2768,629,374,1079,72,2503,454,847,28,31,472
E02000073,10724,498,317,884,984,3566,1280,224,728,82,626,364,704,8,32,427
E02000074,7573,445,598,380,524,1665,712,272,673,74,1085,387,464,3,22,269
E02000075,7920,465,280,782,834,2454,1026,202,381,66,377,345,332,0,44,332
E02000077,7760,349,293,473,624,2477,979,202,502,63,555,284,597,9,19,334
E02000078,7665,336,362,604,860,2246,952,250,540,59,515,269,376,0,12,284
E02000079,7713,507,486,592,668,2147,744,320,458,55,538,329,451,10,28,380
E02000080,9430,495,440,704,792,2720,1135,276,568,70,726,412,581,8,50,453
E02000081,7486,543,396,592,666,2139,875,220,474,62,619,290,316,4,34,256
E02000082,8876,410,335,604,818,2757,1110,240,583,70,551,346,641,12,29,370
E02000083,9750,519,710,497,752,2750,782,434,813,81,1035,375,523,4,26,449
E02000084,10635,565,488,852,1046,3163,1415,360,650,105,619,369,561,0,17,425
E02000085,7893,409,372,528,616,2348,959,260,606,63,748,275,414,24,25,246
E02000086,7323,294,295,542,654,2380,1104,200,558,61,454,265,274,28,25,189
E02000087,7559,485,381,827,744,2277,853,258,437,55,374,252,236,6,17,357
E02000088,7737,355,294,744,686,2501,962,252,462,90,411,289,309,47,32,303
E02000089,7635,373,233,666,750,2671,965,208,423,54,387,236,377,39,28,225
E02000090,8469,729,786,590,754,1935,698,516,505,59,548,287,317,210,28,507
E02000091,9542,836,735,790,856,2572,861,330,367,54,648,399,479,126,28,461
E02000092,6407,356,514,406,460,1449,481,218,527,53,885,303,421,14,33,287
E02006785,6384,364,352,490,536,1559,704,198,436,56,603,285,460,0,32,309
E02000093,10776,269,387,402,446,2806,1555,110,188,34,687,403,2044,15,28,1402
E02000094,8640,222,325,260,330,2417,999,104,183,24,735,322,1594,18,31,1076
E02000095,9783,262,360,402,426,2472,1289,74,121,38,555,350,1917,73,34,1410
E02000096,7535,319,185,432,506,2074,1116,40,79,32,254,279,1195,78,29,917
E02000097,8958,307,328,336,408,2727,977,134,198,41,541,371,1477,33,22,1058
E02000098,7917,298,346,296,426,2104,761,66,119,47,543,337,1402,56,32,1084
E02000099,8651,208,346,220,464,2416,729,112,188,38,755,288,1581,65,43,1198
E02000100,7718,172,538,388,448,1924,1138,82,145,37,286,297,1244,87,15,917
E02000101,9162,322,619,252,418,2413,743,168,291,40,1071,379,1349,50,29,1018
E02000102,7783,224,400,192,232,2142,657,104,238,23,970,350,1379,7,20,845
E02000103,8705,256,500,285,332,2380,730,140,259,23,1077,427,1244,33,46,973
E02000104,6665,271,255,244,336,1403,737,62,148,13,488,249,1354,63,41,1001
E02000105,9160,235,467,202,386,2421,766,136,219,30,620,333,1890,56,24,1375
E02000106,10208,231,672,226,368,2383,807,122,356,28,1165,392,1724,97,22,1615
E02000107,10625,223,1053,174,480,2094,509,560,349,49,929,327,1182,160,38,2498
E02000108,6565,221,282,202,270,1647,576,70,146,26,453,252,1289,34,23,1074
E02000109,9693,259,513,282,522,2439,926,172,277,48,705,358,1502,81,33,1576
E02000110,8083,223,595,176,418,1646,617,356,235,45,666,291,822,85,28,1880
E02000111,9696,195,371,222,350,2289,805,90,171,54,492,388,2440,58,28,1743
E02000112,9326,175,411,243,362,1999,1006,62,164,16,536,364,1962,73,37,1916
E02000113,9655,253,623,112,214,2387,608,94,295,49,2128,662,1422,5,13,790
E02000114,8997,240,863,96,468,1775,424,502,284,24,774,328,919,134,36,2130
E02000115,8298,411,1219,129,494,1419,240,688,293,23,572,280,462,98,29,1941
E02000116,8146,238,740,82,288,1712,333,222,229,27,1202,317,1168,59,39,1490
E02000117,11944,354,1176,170,360,2618,577,176,581,36,2386,724,1535,15,30,1206
E02000118,9419,174,403,210,318,2208,917,98,206,27,666,396,2438,34,26,1298
E02000119,7222,257,582,66,182,1855,316,100,224,25,1403,538,1088,9,10,567
E02000120,9204,302,1339,152,652,1481,307,894,342,32,701,342,587,86,39,1948
E02000121,8932,170,313,226,330,1925,960,84,121,25,402,316,2439,54,32,1535
E02000122,8063,313,573,250,382,2054,611,252,303,31,565,350,887,34,51,1407
E02000123,14657,372,1697,188,506,2900,557,460,631,76,2472,673,1828,84,28,2185
E02000124,10168,264,1150,169,618,2138,413,660,368,34,917,401,731,65,20,2220
E02000125,10803,278,1066,264,542,2234,719,450,520,24,910,515,1175,56,41,2009
E02000126,7738,290,1111,86,256,1707,269,282,273,33,1307,455,781,29,20,839
E02000127,8435,470,763,432,580,1811,528,328,621,100,1423,439,480,7,11,442
E02000128,7230,400,472,438,700,2206,678,310,449,71,585,268,312,8,8,325
E02000130,7889,316,896,303,672,1947,552,454,522,60,818,302,428,16,38,565
E02000131,8894,265,1895,110,668,1530,244,842,520,22,1290,300,447,9,17,735
E02000132,8486,673,1589,366,906,1447,381,914,328,28,717,226,257,10,34,610
E02000133,9403,525,563,1012,1002,3169,914,446,363,34,378,209,434,6,21,327
E02000134,10614,668,1388,364,984,2681,525,828,598,61,919,331,455,13,27,772
E02000135,9614,356,1473,110,510,1634,383,406,682,77,2035,500,772,20,27,629
E02000136,5323,341,311,483,456,1511,610,152,285,25,517,172,234,0,24,202
E02000137,7679,501,893,576,758,2089,580,494,352,21,447,257,264,2,29,416
E02000138,7927,708,1021,776,896,1875,496,604,298,47,304,228,187,0,28,459
E02000139,7266,301,778,249,722,2172,438,472,388,37,568,306,329,3,6,497
E02000140,8041,427,680,386,432,1976,510,236,641,90,1461,362,539,0,22,279
E02000141,6918,302,827,186,594,1700,446,324,547,66,773,267,423,7,22,434
E02000142,8075,374,530,465,776,2854,673,374,458,34,500,289,339,5,16,388
E02000144,8663,408,872,485,784,2668,675,506,455,57,584,312,282,2,32,541
E02000145,8076,375,696,374,564,1784,532,278,676,72,1595,323,495,0,24,288
E02000146,8170,480,677,382,654,2595,647,392,541,44,621,277,378,0,17,465
E02000147,7951,444,422,758,840,3079,902,158,283,37,328,171,231,0,23,275
E02000148,6554,375,272,632,718,2267,664,170,322,25,346,194,302,18,27,222
E02000149,7706,406,567,449,726,1839,696,292,587,63,1064,310,440,0,16,251
E02000150,8235,395,332,554,638,3087,961,160,470,57,583,330,401,0,20,247
E02000151,7574,393,229,852,950,2694,825,194,299,27,325,184,308,0,27,267
E02000152,6561,373,361,333,456,1730,533,176,480,49,993,387,333,0,32,325
E02000153,7755,362,209,586,698,3034,987,148,414,43,435,275,303,0,30,231
E02000154,7917,442,473,646,780,2437,869,300,337,35,516,262,400,8,38,374
E02000155,6905,518,450,782,714,1624,777,264,376,60,494,291,282,6,22,245
E02000156,12022,768,439,1112,1090,4271,1496,218,559,60,663,402,450,9,48,437
E02000157,7964,571,313,954,870,2721,825,176,368,25,443,219,225,0,32,222
E02000158,7364,402,318,780,690,2021,785,176,393,37,861,274,371,0,19,237
E02000159,6812,387,275,760,760,2103,739,220,374,37,384,179,346,3,17,228
E02000160,7725,402,290,582,804,2827,950,200,455,67,407,191,260,0,20,270
E02000161,8378,446,410,748,862,3151,893,220,383,52,406,283,246,0,32,246
E02000162,6647,510,406,680,638,1994,565,192,314,26,563,218,254,0,51,236
E02000163,7650,417,311,746,908,2378,833,218,372,38,387,249,420,2,27,344
E02000165,7045,232,318,392,798,2144,856,272,586,89,485,251,300,0,4,318
E02006782,7565,383,485,466,694,1979,742,202,382,44,897,358,537,6,20,370
E02006787,7575,355,457,370,676,2657,722,284,501,76,559,272,314,3,17,312
E02006789,6415,385,298,650,898,1644,747,178,392,53,413,164,343,0,34,216
E02000194,8536,389,1272,176,594,1692,363,656,455,49,1310,363,493,11,14,699
E02000195,9112,326,557,458,608,2482,911,244,391,73,727,361,1097,16,28,833
E02000196,7366,215,399,274,326,1734,813,82,273,51,802,406,1087,33,25,846
E02000197,9072,352,584,326,388,2238,732,232,411,53,1208,450,1095,35,25,943
E02000198,8021,283,897,152,322,1654,475,170,493,70,1649,342,876,23,12,603
E02000199,8423,212,636,178,434,2011,591,144,502,54,1477,416,1029,20,16,703
E02000200,8192,293,1257,204,536,1531,455,378,437,30,1322,339,703,16,10,681
E02000201,8281,328,1221,156,428,1483,335,264,414,61,1780,322,764,21,46,658
E02000202,8503,277,479,262,348,2039,837,114,297,67,995,392,1384,71,17,924
E02000203,7494,277,787,176,340,1474,533,190,348,78,1231,316,934,34,18,758
E02000204,9310,255,463,254,376,2224,1032,90,279,51,1220,390,1729,26,23,898
E02000206,9399,306,1096,156,420,1889,462,312,560,50,2003,434,909,77,15,710
E02000207,8977,283,867,198,390,2091,503,208,658,105,1847,421,759,9,10,628
E02000208,9645,264,923,136,434,2241,343,230,448,38,1906,386,1211,105,14,966
E02000209,8411,179,488,204,320,2529,629,128,387,55,1334,355,1174,32,7,590
E02000210,8300,236,747,212,670,2246,577,344,514,45,1073,364,638,7,15,612
E02000211,8000,485,421,636,772,2170,877,226,438,80,594,351,519,0,31,400
E02000212,8522,192,515,164,312,2276,446,118,376,48,1317,366,1475,61,14,842
E02000213,9495,300,1235,144,528,1897,354,334,495,9,1680,393,1049,86,15,976
E02000214,6219,243,274,372,524,1851,777,174,286,53,439,242,489,0,22,473
E02000215,10414,536,1555,206,870,2054,411,688,504,28,1079,277,741,44,49,1372
E02000216,6622,495,654,376,710,1954,445,232,198,18,350,199,459,10,40,482
E02000217,9688,310,1138,164,726,2189,464,558,544,69,1489,373,614,25,13,1012
E02000218,6640,225,218,320,452,1902,723,102,375,31,1153,267,566,6,15,285
E02000219,7650,463,291,718,778,2237,1154,172,281,54,332,193,544,2,27,404
E02000220,9509,468,1665,162,798,1613,247,730,408,43,1166,281,602,36,30,1260
E02000221,9630,374,777,270,564,2382,624,318,504,67,1756,410,826,2,29,727
E02000222,7806,270,934,356,770,1952,448,634,391,30,626,227,471,8,8,681
E02000223,8371,239,287,229,260,1697,490,92,1044,65,2391,494,781,17,19,266
E02000224,7646,307,782,218,646,2030,550,472,487,40,712,222,504,32,14,630
E02000225,7534,266,299,335,500,1780,840,118,561,78,1285,471,619,7,25,350
E02000226,7350,342,226,696,808,2225,1022,138,292,56,322,235,614,0,22,352
E02000227,11411,575,995,648,994,2810,953,480,852,133,1198,501,687,0,33,552
E02000228,7539,374,274,792,882,2613,909,192,251,28,228,160,469,0,25,342
E02000229,6315,322,316,242,348,1303,456,118,679,96,1315,351,495,0,9,265
E02000230,9745,458,689,526,980,2808,868,462,395,50,738,276,717,0,32,746
E02000231,7441,206,194,554,662,2727,1045,118,228,24,255,161,722,0,22,523
E02000232,6178,311,185,548,578,1889,703,122,344,59,421,231,461,0,6,320
E02000233,5977,204,401,364,556,1842,392,256,374,89,612,197,347,0,7,336
E02000234,7980,337,508,432,738,2252,783,294,471,57,715,266,644,6,22,455
E02000235,6900,244,344,438,794,2396,669,216,382,42,550,237,293,0,17,278
E02000236,7631,305,275,484,764,2589,892,206,468,40,568,266,403,0,11,360
E02000237,7455,522,307,726,798,2320,797,190,395,59,519,257,247,4,47,267
E02006788,7520,259,504,150,392,1705,484,194,520,62,1633,493,711,4,9,400
E02000238,9381,251,477,250,472,2766,852,122,298,55,803,385,1452,5,23,1170
E02000239,9000,253,301,376,470,2285,1092,118,185,48,459,334,1575,26,27,1451
E02000240,10265,362,617,314,554,2581,750,176,487,87,1653,488,1312,8,13,863
E02000241,6639,201,349,266,426,1721,582,104,277,68,597,225,962,18,28,815
E02000242,6763,144,269,202,318,1945,785,54,123,11,408,242,1224,18,23,997
E02000243,8467,311,519,300,454,2163,684,164,362,48,680,456,1333,9,26,958
E02000244,7172,230,463,226,554,1915,633,182,222,18,519,245,1000,18,17,930
E02000245,8144,347,723,132,412,2150,511,156,383,39,1383,346,937,8,13,604
E02000246,8748,328,488,242,342,2534,722,96,412,38,1337,438,1096,16,10,649
E02000247,10090,356,720,262,514,2958,673,202,412,49,1405,404,1242,16,15,862
E02000248,7334,260,628,276,550,1921,482,284,149,19,526,273,735,29,14,1188
E02000249,7678,305,438,310,362,2099,623,128,208,33,575,332,1205,30,15,1015
E02000250,6367,295,419,334,570,2404,461,220,235,18,308,184,315,12,15,577
E02000251,7944,174,267,266,326,2215,1036,66,165,29,560,342,1538,15,7,938
E02000252,9647,266,921,188,440,1927,467,314,244,45,1206,445,838,119,9,2218
E02000253,9565,557,656,278,420,2669,579,158,380,71,1321,585,1041,23,18,809
E02000254,8827,194,198,198,244,2490,1226,34,103,39,430,352,2047,22,9,1241
E02000255,9329,323,704,334,650,2925,655,376,302,47,988,350,699,42,13,921
E02000256,8651,295,993,270,744,2308,450,582,262,17,422,250,531,64,38,1425
E02000257,13210,636,1508,360,1208,3225,584,1054,292,30,617,323,870,60,44,2399
E02000258,6659,207,573,174,376,1901,445,228,175,29,585,223,541,162,21,1019
E02000259,6275,161,364,224,386,2025,576,170,310,29,472,235,604,7,11,701
E02000260,8532,232,246,192,230,2133,1016,36,86,27,449,373,2103,46,21,1342
E02000261,10752,355,956,202,564,2364,622,360,336,39,1183,503,1113,167,32,1956
E02000262,8755,347,1094,132,536,1883,361,474,296,42,846,273,797,71,20,1583
E02000263,11575,257,302,252,242,2665,1139,42,115,19,625,394,3537,87,19,1880
E02000264,7979,268,733,264,654,2036,426,388,178,23,392,221,609,86,32,1669
E02000265,10981,440,1304,198,820,2585,536,618,420,20,1026,334,825,62,44,1749
E02000266,11638,241,653,184,344,3242,992,116,318,39,1651,623,2004,24,18,1189
E02000267,6913,243,689,146,468,1872,287,356,428,36,561,273,580,33,8,933
E02000268,9125,385,814,254,794,2354,560,602,278,37,631,369,556,64,27,1400
E02000269,8003,280,676,212,670,2544,485,578,359,28,319,188,392,67,33,1172
E02000270,8040,359,872,140,370,1951,346,322,249,36,1194,404,724,68,37,968
E02000271,6757,267,633,214,658,2254,370,408,236,26,284,149,276,79,31,872
E02000272,6703,267,392,290,540,2069,655,276,357,33,320,212,426,44,11,811
E02000274,12724,195,370,222,354,3402,1191,46,165,45,1095,463,2891,105,10,2170
E02000275,6923,196,300,172,260,1671,806,44,150,21,407,220,1610,25,5,1036
E02000276,6459,265,499,168,480,1930,304,490,346,29,290,184,352,55,35,1032
E02006791,6711,275,873,116,624,1611,298,592,249,14,439,190,288,101,6,1035
E02000277,7038,246,408,324,414,1938,868,158,343,45,1002,353,612,0,19,308
E02000278,8771,371,509,322,388,2240,696,132,436,58,1913,453,753,6,28,466
E02000279,11289,244,938,242,706,2753,663,332,670,71,2348,549,1181,7,13,572
E02000280,8464,433,560,446,700,2536,715,328,444,73,869,385,511,8,14,442
E02000281,8705,320,733,302,528,2414,614,274,569,71,1331,425,633,21,22,448
E02000282,9112,258,747,222,406,2445,553,172,389,55,2033,344,970,15,6,497
E02000283,8408,202,325,354,410,2395,881,136,533,70,1478,416,763,0,15,430
E02000284,8152,448,672,368,726,2258,679,416,500,47,774,287,370,3,14,590
E02000285,6568,291,254,474,552,2500,857,136,266,40,384,243,317,0,18,236
E02000286,7940,573,967,646,844,1902,611,520,326,36,414,265,284,14,28,510
E02000287,6494,418,251,564,558,2070,794,142,179,42,328,184,465,55,10,434
E02000288,10462,380,640,288,518,2902,868,212,505,60,1695,412,1192,24,32,734
E02000289,6569,317,198,596,494,2281,880,92,278,33,367,233,417,30,18,335
E02000290,7242,215,677,162,276,1937,424,96,307,38,1604,279,805,12,2,408
E02000291,8809,533,959,382,676,2104,539,442,476,30,1121,352,523,20,8,644
E02000292,9495,366,521,412,558,2760,977,230,488,48,1200,447,856,12,25,595
E02000293,6274,335,295,586,572,2098,756,156,233,19,330,178,349,5,34,328
E02000294,8700,299,395,332,432,2524,923,92,361,53,1233,375,1062,20,27,572
E02000295,8287,395,559,444,606,2505,858,302,355,17,811,314,493,29,33,566
E02000296,9406,484,737,508,652,2196,738,420,337,40,913,387,614,277,26,1077
E02000297,9235,435,405,614,706,2772,1487,234,327,65,541,392,670,6,22,559
E02000298,7909,320,435,546,688,2779,973,314,284,35,347,223,350,12,22,581
E02000299,9262,336,668,278,356,2458,807,150,399,55,1688,466,988,16,9,588
E02000300,8102,222,617,244,364,2229,801,112,357,50,1303,360,870,12,9,552
E02000301,10070,346,865,228,416,2603,690,162,388,68,2205,494,983,5,13,604
E02000302,8276,373,458,396,554,2311,922,202,301,40,810,347,878,22,12,650
E02000303,8372,296,654,202,338,2273,567,94,364,76,1627,403,918,15,18,527
E02000304,7997,324,346,482,686,2737,1026,212,244,29,358,248,532,34,30,709
E02000305,8473,340,697,272,670,2352,730,450,379,29,498,299,616,108,27,1006
E02000306,9149,366,809,154,316,2270,494,130,457,42,2068,494,906,15,4,624
E02000307,9873,282,385,406,448,3059,1226,132,342,72,1247,493,1116,7,22,636
E02000308,7661,223,525,306,438,1727,705,242,254,44,767,401,768,88,27,1146
E02000309,10412,256,711,190,426,2713,661,158,437,45,2084,553,1219,14,20,925
E02000311,9861,292,612,344,594,2525,1048,232,293,39,1174,475,1108,63,19,1043
E02000312,10404,363,932,317,692,2224,863,516,495,61,760,415,714,117,23,1912
E02006793,8825,206,787,175,358,2200,516,126,364,38,1810,461,1100,13,13,658
E02000313,6563,155,743,94,342,1586,290,112,516,47,1129,238,719,4,0,588
E02000314,12265,157,917,102,556,3555,347,354,916,62,2250,257,1660,61,2,1069
E02000315,9039,334,727,268,378,2078,537,164,752,55,1656,420,1131,16,15,508
E02000316,10698,275,1741,78,704,1966,295,790,578,31,1389,283,1001,195,12,1360
E02000317,8293,219,788,118,338,1875,431,204,542,55,1553,387,1094,76,11,602
E02000318,9842,278,604,200,444,1996,586,152,428,30,1138,332,2197,156,13,1288
E02000319,10825,204,922,112,572,2127,573,316,613,45,1310,329,1906,92,11,1693
E02000320,6603,205,512,196,370,1600,517,186,485,42,961,240,851,22,3,413
E02000321,7147,206,804,144,332,1467,361,196,469,30,1122,344,950,52,13,657
E02000323,10631,277,1030,122,402,2253,425,234,723,47,1689,439,1589,139,25,1237
E02000324,7181,314,562,202,388,1486,438,206,466,59,1060,292,879,79,35,715
E02000326,7063,255,641,181,568,1703,301,406,423,56,815,252,623,75,2,762
E02000327,6436,124,597,70,296,1879,267,168,309,19,1141,222,890,30,10,414
E02000328,6512,372,859,290,592,1674,294,508,337,45,359,160,328,56,15,623
E02000329,6169,278,380,256,390,1511,675,146,356,65,638,287,616,45,13,513
E02000331,7805,313,759,284,480,1586,540,358,479,55,998,293,739,129,18,774
E02000332,7239,277,620,327,582,1757,600,280,489,58,692,275,693,26,14,549
E02000333,6152,328,877,338,616,1507,270,622,268,17,296,143,247,39,6,578
E02000334,6463,273,517,266,488,1565,597,190,374,57,669,272,590,40,34,531
E02000335,6549,342,358,417,618,2043,674,238,478,83,392,250,286,29,31,310
E02000337,7906,328,451,298,526,1863,719,262,622,82,883,492,834,19,16,511
E02000339,5963,400,433,377,476,1857,669,182,336,23,294,235,310,16,14,341
E02000340,6086,475,591,498,524,1335,552,298,310,48,329,228,365,30,34,469
E02000341,7683,301,556,272,518,1663,633,190,593,73,1253,392,780,6,21,432
E02000342,5379,279,450,228,388,1112,412,234,415,36,698,257,393,93,24,360
E02000343,6658,397,475,378,484,1499,696,146,384,76,698,316,649,0,17,443
E02000344,6277,341,314,434,588,1794,708,190,458,88,339,245,421,53,10,294
E02006786,6894,242,503,170,342,1597,547,172,525,55,951,304,973,49,21,443
E02006927,8241,447,599,421,574,1978,671,308,467,80,858,366,917,27,15,513
E02006928,6410,121,960,46,454,1051,125,552,317,9,965,218,417,152,9,1014
E02006929,7489,273,893,172,608,1358,254,600,381,28,880,288,548,171,10,1025
E02006930,6557,228,714,120,576,1423,299,584,292,27,329,214,364,224,24,1139
E02006931,8973,400,1055,260,904,1892,267,838,453,28,806,266,524,91,31,1158
E02000433,7558,655,425,908,762,1954,722,144,161,27,358,236,619,14,49,524
E02000434,8525,400,374,550,680,2468,997,130,166,16,562,278,1050,14,47,793
E02000435,7322,340,327,530,594,2129,751,94,177,47,587,292,819,10,36,589
E02000436,5721,269,137,570,552,1923,786,72,77,24,189,151,556,5,7,403
E02000437,8298,459,300,484,606,2445,1050,122,213,48,670,327,907,16,28,623
E02000438,7821,445,362,460,550,2422,730,176,263,57,728,286,761,5,29,547
E02000439,8206,263,315,288,386,2210,942,96,152,26,597,361,1369,19,21,1161
E02000440,9518,241,220,506,674,3425,1260,98,121,48,562,275,1273,17,20,778
E02000441,6680,410,400,506,614,1856,629,184,176,34,599,302,525,0,2,443
E02000442,8706,155,164,258,352,2530,1070,50,119,36,615,279,1819,35,23,1201
E02000443,9431,326,438,256,434,2802,784,172,310,51,997,427,1357,20,33,1024
E02000444,8418,237,224,294,436,2659,1108,60,162,18,539,308,1498,44,14,817
E02000445,10211,324,521,288,572,2712,878,218,247,36,1181,411,1482,65,21,1255
E02000447,7052,227,236,388,502,2346,972,80,226,24,454,207,760,2,33,595
E02000448,6606,412,363,600,644,2328,599,226,152,22,306,186,386,14,29,339
E02000449,8131,252,193,274,312,2145,1129,62,113,33,621,331,1536,45,13,1072
E02000451,6531,275,207,429,488,2195,947,130,138,13,260,207,679,16,27,520
E02000452,8125,189,581,164,590,2113,565,342,286,22,503,259,984,89,19,1419
E02000453,7606,224,466,259,566,2326,669,264,219,19,472,227,877,54,9,955
E02000454,7079,295,169,526,618,2970,851,88,117,19,308,223,558,4,7,326
E02000455,8050,353,638,300,764,2066,616,308,161,37,553,283,750,156,27,1038
E02000456,7028,212,353,272,514,2095,664,192,290,27,476,247,892,29,35,730
E02000457,6309,205,204,434,504,2176,857,68,125,26,272,206,778,16,4,434
E02000459,8227,343,557,254,574,2417,572,172,304,49,850,327,1027,20,24,737
E02000460,6488,178,280,154,298,2162,545,90,215,26,770,359,898,8,12,493
E02000461,6066,252,536,252,638,1860,405,344,192,16,253,190,488,23,4,613
E02000462,6624,231,258,279,344,2036,715,96,163,23,423,211,1188,12,10,635
E02000463,8422,261,277,216,426,2804,927,124,241,59,804,395,1243,9,22,614
E02006795,8108,240,209,316,480,2832,998,84,169,36,372,281,1313,27,14,737
E02006882,14103,312,289,622,826,3968,2088,96,164,33,661,547,2639,66,22,1770
E02000464,6338,411,425,386,490,1514,539,178,543,83,772,306,430,5,36,220
E02000465,7929,419,664,316,508,1955,723,276,683,97,1033,371,546,5,24,309
E02000466,8188,374,470,524,658,2011,908,252,633,53,1081,373,495,9,10,337
E02000467,9604,546,1007,318,540,2163,658,292,943,90,1543,474,642,3,27,358
E02000468,7705,422,404,555,662,1943,942,258,597,76,739,374,448,8,23,254
E02000469,6332,352,490,362,496,1432,518,194,468,55,858,330,459,2,14,302
E02000470,7854,513,595,686,948,1925,786,420,479,46,492,259,335,2,29,339
E02000471,7449,439,227,876,860,2185,1129,130,335,77,364,272,321,0,19,215
E02000472,8954,475,412,642,788,2680,1167,288,620,69,570,371,471,5,23,373
E02000473,9555,527,480,740,816,2903,1117,366,593,100,636,389,490,20,29,349
E02000474,8297,482,593,506,718,2126,721,348,576,78,928,396,407,0,14,404
E02000475,9107,475,719,736,994,2445,981,426,489,67,619,276,369,5,30,476
E02000476,8330,510,1181,377,668,1732,527,578,466,49,907,305,441,25,45,519
E02000477,9347,449,460,770,1004,2882,1172,320,496,95,451,375,420,0,29,424
E02000478,5811,278,171,736,600,1637,976,98,118,19,185,135,552,0,20,286
E02000479,8022,409,836,307,650,1934,717,458,608,37,810,338,362,0,18,538
E02000480,9676,372,675,492,714,2581,968,362,706,55,1083,400,702,46,15,505
E02000481,7672,629,343,858,696,2271,924,164,368,58,522,312,323,0,28,176
E02000482,6374,433,211,782,612,2286,885,132,200,42,203,144,217,2,37,188
E02000483,7562,705,525,606,714,2004,843,310,460,32,537,278,238,0,35,275
E02000484,8187,382,408,524,776,2642,1091,244,443,93,484,291,423,5,30,351
E02000485,7956,512,487,642,708,2354,878,328,397,66,619,308,269,20,38,330
E02000486,7300,417,430,644,710,1846,1057,276,414,62,514,314,312,2,19,283
E02000487,7748,418,172,866,920,2860,1202,142,246,51,231,171,234,0,34,201
E02000488,7431,412,289,672,834,2266,1116,218,341,43,391,287,281,2,25,254
E02000489,7884,483,372,536,656,1989,993,222,459,76,772,382,502,0,31,411
E02000490,7828,546,313,704,656,1849,1040,186,552,67,855,389,390,0,21,260
E02000491,8774,446,676,590,662,1949,896,204,742,43,1145,404,615,0,24,378
E02000492,6247,396,259,676,582,1540,971,146,354,71,461,237,323,0,28,203
E02000493,6210,267,422,276,456,1520,660,208,456,62,898,251,421,15,8,290
E02000494,7388,396,516,754,820,2270,805,192,162,33,302,249,466,6,12,405
E02000495,9348,642,792,585,934,2636,722,384,335,36,633,348,615,18,29,639
E02000496,7181,390,509,412,680,1820,621,374,529,66,604,294,486,0,26,370
E02000497,8468,487,466,572,768,2697,729,294,439,79,656,317,516,10,18,420
E02000498,6020,375,416,448,618,1746,624,256,312,43,497,206,247,0,15,217
E02000499,7765,442,265,685,694,2590,983,218,272,38,362,281,520,0,18,397
E02000500,7664,413,346,688,824,2409,877,362,287,48,267,223,402,5,27,486
E02000501,8197,400,369,470,682,2647,931,324,498,33,552,297,543,0,26,425
E02000502,7512,369,487,420,724,2326,650,382,382,62,595,256,400,6,26,427
E02000503,8560,312,372,426,884,2881,879,324,572,64,561,293,513,6,9,464
E02000504,7359,437,261,726,720,2651,812,200,273,63,299,194,381,0,16,326
E02000506,7455,336,251,616,660,2438,1182,146,194,65,169,206,656,68,20,448
E02000507,7943,262,251,290,538,2673,888,154,490,69,714,352,713,23,13,513
E02000508,7014,384,700,234,674,1744,429,428,330,38,443,241,351,368,20,630
E02000509,7651,349,653,202,570,1573,505,398,414,27,616,215,548,913,23,645
E02000510,8554,379,371,472,638,2435,891,250,321,52,702,271,735,274,16,747
E02000511,9357,307,315,476,466,3000,1084,166,415,72,810,381,1102,108,35,620
E02000512,7989,307,460,298,446,2066,654,178,434,96,1094,384,687,237,25,623
E02000513,8967,269,538,201,442,2445,553,174,581,71,1516,401,1056,34,11,675
E02000514,9791,230,298,298,498,2997,986,104,369,46,804,308,1802,63,6,982
E02000515,10388,385,992,346,892,2216,722,468,708,34,1120,309,772,610,17,797
E02000516,8263,153,380,160,464,2334,779,172,364,40,1036,320,1341,46,9,665
E02000517,8570,278,370,216,446,2533,712,148,438,58,1174,329,1210,58,18,582
E02000518,8593,366,359,278,498,2148,756,262,592,53,1133,419,810,145,10,764
E02000519,8645,340,367,215,414,2487,724,112,312,78,1009,334,1400,49,18,786
E02000520,11068,286,505,242,476,3052,968,184,333,47,1414,384,1813,97,20,1247
E02000521,9904,255,491,221,518,2902,741,224,503,72,1389,430,1329,69,11,749
E02000522,8581,338,475,364,604,2094,617,304,575,48,1229,320,794,94,14,711
E02000523,9535,205,295,234,414,2782,783,110,254,49,990,409,1942,47,8,1013
E02000524,6271,246,466,238,506,1360,490,234,325,40,580,199,627,55,15,890
E02000525,8822,241,511,254,548,2362,593,208,398,77,1055,263,1229,49,14,1020
E02006796,8404,374,490,394,698,2473,722,346,467,61,831,353,648,0,4,543
E02000526,8292,317,800,236,808,2452,422,600,244,36,349,206,492,70,27,1233
E02000528,10603,463,1299,232,804,2036,576,610,495,36,1512,585,759,32,28,1136
E02000529,8448,226,380,182,384,2462,885,112,228,19,790,309,1463,47,10,951
E02000530,6836,204,354,134,262,2017,563,52,224,43,935,361,1027,28,15,617
E02000531,9472,426,1170,266,816,2087,626,628,457,46,756,385,621,63,17,1108
E02000532,9149,424,977,306,878,2684,555,480,402,39,646,301,560,38,30,829
E02000533,8406,440,954,265,826,2437,347,506,377,42,537,285,374,56,12,948
E02000534,8029,225,470,342,582,2280,820,242,250,18,431,197,1015,33,14,1110
E02000535,9287,244,271,300,350,2450,1209,76,109,44,547,322,1877,65,27,1396
E02000536,9189,222,350,232,400,2601,1087,100,157,45,674,363,1609,65,20,1264
E02000537,8612,218,340,346,506,2217,880,100,155,26,344,252,1528,143,24,1533
E02000538,8680,182,284,194,342,2292,912,64,136,22,710,387,1779,42,21,1313
E02000539,10662,355,916,238,846,2864,656,568,613,81,1179,403,869,49,16,1009
E02000540,9211,448,611,274,638,2513,619,292,323,65,585,308,1008,111,22,1394
E02000541,8866,257,352,264,382,1891,785,104,212,53,701,411,1895,105,3,1451
E02000542,9298,281,480,208,486,2388,744,148,258,45,682,350,1617,114,12,1485
E02000543,11652,217,713,232,910,3364,702,300,287,51,854,364,1614,181,8,1855
E02000544,8199,270,314,353,456,2358,963,166,251,60,461,319,1204,45,14,965
E02000545,8137,258,730,212,546,2047,596,458,404,54,924,421,760,61,20,646
E02000546,9568,176,385,180,440,2890,900,108,280,49,852,316,1665,85,9,1233
E02000547,9360,408,528,355,636,2439,742,260,544,91,920,387,1153,12,34,851
E02000548,9085,357,658,298,682,2168,638,374,654,95,1124,373,917,15,19,713
E02000549,10865,421,501,454,696,2882,1114,216,521,85,1030,482,1311,19,20,1113
E02000550,10403,249,650,148,786,3091,678,272,754,99,1470,417,1031,16,23,719
E02000551,8614,338,638,225,472,2186,584,202,546,81,1348,392,1028,27,17,530
E02000552,8098,249,625,248,714,2476,540,382,650,71,780,278,538,24,14,509
E02000553,6605,280,444,330,472,1678,645,198,458,94,717,282,570,13,8,416
E02006792,8335,496,1140,268,814,1748,287,776,234,20,414,252,361,44,25,1456
E02000598,7837,317,396,444,658,3365,690,224,336,30,419,228,310,26,27,367
E02000599,6688,261,200,441,548,2495,696,132,189,13,237,178,569,165,12,552
E02000600,8084,327,643,276,684,2411,359,482,410,18,552,242,434,505,21,720
E02000601,10277,329,875,268,974,3816,528,616,518,36,636,245,382,315,16,723
E02000602,9213,438,920,208,662,2124,442,586,433,40,751,344,456,751,16,1042
E02000603,7809,225,404,224,500,2438,632,192,350,62,792,327,729,238,25,671
E02000604,8558,376,518,386,726,3010,664,262,270,36,462,243,762,58,28,757
E02000605,7782,375,437,376,690,2826,774,188,251,30,384,219,525,62,27,618
E02000606,9827,442,1453,290,1000,1847,319,1022,288,27,340,192,367,946,37,1257
E02000607,6117,260,471,264,558,2055,320,330,265,43,231,179,255,350,16,520
E02000608,6104,317,1021,104,732,1171,108,908,229,11,287,115,144,209,18,730
E02000609,7380,343,314,532,540,2424,854,142,256,55,483,250,703,7,34,443
E02000610,7441,518,1099,276,740,1563,194,922,297,17,453,104,198,374,6,680
E02000611,7313,337,186,576,680,2668,1084,112,315,41,200,168,496,48,10,392
E02000612,7936,334,374,554,792,2589,1012,208,227,46,375,245,654,2,28,496
E02000613,7660,340,567,352,670,2439,504,470,420,50,498,215,405,123,14,593
E02000614,8359,299,400,332,596,2492,748,206,395,67,776,310,912,114,24,688
E02000615,7471,332,377,478,690,2441,729,230,446,52,466,283,434,22,16,475
E02000616,6013,217,320,326,572,1790,657,298,446,60,470,220,306,2,12,317
E02000617,8489,375,461,418,690,2557,775,284,712,59,941,278,462,5,26,446
E02000689,8239,207,579,216,754,2951,509,482,339,19,411,175,379,19,11,1188
E02000690,5527,341,337,494,638,1990,434,166,120,3,174,124,315,2,22,367
E02000691,7168,224,642,156,700,2260,366,598,206,23,315,144,276,10,16,1232
E02000692,7567,559,928,317,982,2054,349,642,163,12,175,148,241,33,17,947
E02000693,8935,199,1049,190,892,1777,489,972,269,35,437,241,562,102,6,1715
E02000694,8714,310,906,194,948,2475,237,812,361,30,445,196,354,21,20,1405
E02000695,8269,278,337,262,386,2100,813,178,294,54,472,354,1260,105,13,1363
E02000696,8072,149,797,112,546,1867,392,428,404,63,781,323,931,56,16,1207
E02000697,8134,254,844,142,868,2225,232,948,240,23,257,176,303,53,21,1548
E02000698,7699,380,538,388,786,3093,606,356,200,15,269,209,368,2,23,466
E02000699,7666,275,602,270,876,2361,451,660,322,19,230,211,380,26,13,970
E02000700,8290,228,799,136,578,1818,428,368,438,61,1042,402,802,39,9,1142
E02000701,8410,279,493,214,424,2288,641,180,320,46,976,321,1311,16,14,887
E02000702,7626,279,594,218,412,1885,546,190,429,58,1025,376,967,27,17,603
E02000703,7825,341,353,520,664,2676,741,278,294,25,307,213,555,19,25,814
E02000704,7633,372,804,264,834,1804,508,512,307,40,386,233,428,35,23,1083
E02000705,8083,294,370,296,468,2049,796,178,368,51,842,343,1284,11,10,723
E02000706,8605,337,634,188,380,2219,490,200,459,63,1237,390,1218,25,31,734
E02000707,7482,215,482,230,328,1977,566,114,407,51,1299,372,1008,6,7,420
E02000708,8262,283,315,416,670,2862,769,274,319,34,457,257,761,23,26,796
E02000709,7681,364,301,510,692,2462,949,182,263,24,296,254,658,11,30,685
E02000710,8062,403,569,452,566,1990,627,228,470,39,786,293,927,22,23,667
E02000711,8133,345,538,228,578,2257,467,244,374,52,798,358,899,51,37,907
E02000712,8681,455,492,390,538,2454,674,210,557,58,824,407,878,20,24,700
E02000713,7454,324,296,450,672,2338,882,202,439,56,443,306,580,22,22,422
E02000751,10265,678,606,868,1070,3366,1063,356,360,37,377,272,596,4,63,549
E02000752,6815,401,565,340,402,1718,502,198,397,66,1088,341,455,4,27,311
E02000753,6088,253,429,278,450,1706,485,146,399,61,875,310,431,9,24,232
E02000754,6440,288,460,252,540,1836,593,258,337,44,634,301,479,0,13,405
E02000755,5211,234,400,311,344,1491,554,212,300,53,538,221,300,6,15,232
E02000756,12625,547,853,608,998,3691,1225,378,561,89,1211,496,1240,11,11,706
E02000757,11474,542,1049,482,1168,3692,838,788,499,58,598,329,480,10,10,931
E02000758,5953,277,236,360,422,1752,781,72,177,40,526,248,776,0,15,271
E02000759,12020,419,842,440,904,3943,929,548,543,81,1094,433,1048,17,27,752
E02000760,6915,353,347,408,466,2156,604,124,311,35,646,280,761,19,16,389
E02000762,6273,268,190,398,396,2047,802,32,84,28,248,191,1029,40,12,508
E02000763,6910,250,301,254,420,2322,638,108,225,22,635,265,942,12,8,508
E02000764,11690,892,1260,564,1028,2944,792,848,546,40,536,274,766,14,65,1121
E02000765,6313,238,256,310,394,2075,723,88,80,15,431,226,989,29,8,451
E02000767,7475,284,306,318,472,2647,736,136,175,33,618,222,967,47,15,499
E02000768,5660,247,357,338,462,1833,530,246,235,16,321,195,407,4,18,451
E02000769,14146,418,909,496,826,4598,1260,284,607,80,1603,539,1768,19,20,719
E02000770,7542,231,307,230,326,2602,748,68,155,22,649,188,1356,34,13,613
E02000772,7783,163,413,150,410,2453,640,86,210,9,821,232,1379,106,11,700
E02000773,9193,145,324,222,450,3379,810,120,224,14,826,282,1667,46,16,668
E02000774,7180,145,302,184,268,2090,721,144,162,17,603,177,1437,125,2,803
E02000776,6338,149,322,118,302,2261,618,84,165,13,449,202,1019,20,17,599
E02000777,5852,293,431,260,542,1775,571,194,230,29,411,201,507,2,26,380
E02000779,7658,179,640,108,400,2228,476,194,243,22,732,145,1450,75,17,749
E02000780,14643,284,535,270,654,4713,1073,118,329,43,1529,377,2685,265,13,1755
E02000781,13646,451,385,486,694,4455,1472,94,231,48,1185,447,2533,64,29,1072
E02000782,9141,173,412,108,324,2781,535,82,186,26,1288,252,1595,164,32,1183
E02000783,7196,171,293,108,184,2105,444,42,151,20,1322,263,1308,90,5,690
E02006800,13014,254,729,272,618,3964,1216,160,304,25,1226,346,2461,67,22,1350
E02006924,12623,357,502,468,630,3610,1366,112,243,33,693,404,2590,119,37,1459
E02006925,13241,408,275,716,660,4657,1771,64,261,42,687,362,2320,20,37,961
E02000784,10248,533,782,504,924,3497,656,468,350,34,572,340,571,31,36,950
E02000785,9585,522,945,524,1058,3353,504,696,303,25,270,202,363,17,27,776
E02000786,10865,584,1178,358,1112,3422,514,778,502,40,751,270,330,19,29,978
E02000787,10768,564,1086,326,1058,3299,564,880,491,24,722,355,470,20,36,873
E02000788,8676,455,652,354,884,3194,523,484,414,24,440,259,312,24,27,630
E02000789,6106,411,822,232,672,1900,288,530,219,18,290,132,206,9,16,361
E02000790,6193,198,567,196,656,2457,241,506,344,9,285,125,203,17,14,375
E02000791,5846,376,888,276,778,1536,221,672,154,12,193,83,195,17,18,427
E02000792,6832,335,875,288,874,2278,283,588,282,13,212,114,171,6,18,495
E02000793,7990,390,444,452,712,2608,726,240,438,54,462,305,472,55,17,615
E02000794,6577,301,404,312,686,2302,483,360,341,21,235,125,362,81,15,549
E02000795,6544,390,347,538,590,2587,453,172,266,34,317,181,301,16,24,328
E02000796,10284,453,542,612,716,2977,1129,254,603,72,880,383,870,53,33,707
E02000797,6894,287,899,170,790,2076,251,774,343,12,250,99,181,126,18,618
E02000798,10479,474,715,376,950,3666,694,564,684,57,682,384,449,99,18,667
E02000799,5657,246,503,264,642,2079,383,332,254,22,270,141,201,24,10,286
E02000800,5184,318,355,220,400,1427,466,160,313,62,508,280,306,16,18,335
E02000801,6599,269,669,254,742,2362,359,436,366,16,294,170,187,124,14,337
E02000802,6615,332,568,336,594,2485,466,376,272,23,372,204,199,22,13,353
E02000803,9346,504,838,572,860,2558,891,432,603,63,846,391,362,5,22,399
E02000804,7013,382,748,306,720,2417,367,522,331,12,307,140,197,102,15,447
E02000805,9929,581,1062,426,970,3544,497,560,485,33,593,218,318,101,34,507
E02000806,9868,529,685,580,1058,3333,779,514,476,71,600,341,380,5,26,491
E02000840,8146,355,578,195,490,2285,483,220,709,134,1331,366,622,2,12,364
E02000841,8624,376,558,253,436,2249,723,222,837,108,1280,420,648,8,22,484
E02000842,7666,347,320,454,638,2385,1042,200,447,53,494,286,562,9,16,413
E02000843,7495,287,859,290,636,2067,521,456,595,50,750,271,384,4,12,313
E02000844,7779,353,537,316,632,2284,611,296,645,61,855,341,501,0,26,321
E02000845,8850,345,500,368,850,3061,662,402,565,74,658,291,552,4,6,512
E02000846,6956,307,345,452,622,2323,735,208,326,46,486,245,494,10,32,325
E02000847,8708,523,449,672,762,2788,986,282,456,74,388,254,546,6,24,498
E02000848,7889,324,287,460,658,2869,903,202,500,57,476,266,499,12,19,357
E02000849,7432,342,585,341,672,2208,586,352,514,89,689,301,367,3,2,381
E02000850,10301,445,582,518,946,3367,1009,370,726,69,726,442,610,2,13,476
E02000851,8297,575,1221,336,742,1836,405,514,441,26,844,300,442,0,28,587
E02000852,7424,273,672,371,752,2332,673,374,448,50,509,245,341,8,18,358
E02000853,7592,341,597,292,630,2314,519,350,614,34,638,322,454,0,31,456
E02000854,7067,342,512,368,700,2295,688,346,441,29,447,223,286,0,23,367
E02000855,7767,406,361,584,658,2836,819,260,347,60,349,222,450,0,26,389
E02000856,8137,402,774,416,746,2410,747,400,415,71,491,251,550,0,33,431
E02000857,7646,585,1276,314,774,1897,283,594,318,24,471,191,266,4,17,632
E02000858,7686,308,736,229,426,1973,449,268,586,38,1424,326,547,0,13,363
E02000859,7986,554,585,604,762,2233,782,300,427,28,599,267,416,2,20,407
E02000860,7423,589,1301,272,730,1559,267,606,392,25,648,204,330,7,13,480
E02000861,7479,260,240,658,882,2725,971,158,225,65,294,173,384,0,23,421
E02000863,6283,224,246,444,614,2022,826,138,287,32,408,192,517,0,13,320
E02006836,8062,340,425,760,914,2889,774,286,224,46,298,153,500,0,19,434
E02000895,7962,678,366,616,522,2043,762,206,436,86,838,374,584,2,37,412
E02000896,8719,599,695,580,728,2402,1025,342,428,49,619,305,427,8,27,485
E02000897,7991,498,598,448,528,1898,736,282,546,68,1048,452,523,5,31,330
E02000898,7677,417,469,432,564,1988,779,208,539,108,887,326,528,4,36,392
E02000899,7866,451,416,484,594,2048,915,156,432,113,751,366,589,15,24,512
E02000900,8062,327,465,332,460,2119,778,196,451,90,1078,458,862,5,11,430
E02000901,9302,366,558,425,700,2980,1052,296,610,115,681,338,700,12,14,455
E02000902,8229,279,607,280,510,2283,686,188,442,58,1065,367,920,2,25,517
E02000903,9043,285,548,186,326,2445,619,194,384,91,1389,566,1195,17,32,766
E02000904,8213,188,532,238,414,2375,644,206,380,54,960,229,1025,8,15,945
E02000905,9512,275,644,202,464,2459,556,304,504,80,963,305,1436,175,10,1135
E02000906,9246,250,782,180,432,2290,462,414,424,54,1080,372,1292,21,18,1175
E02000907,9634,416,1006,182,410,2747,391,314,478,48,1466,371,861,13,42,889
E02000908,10516,322,1185,166,538,2279,427,494,505,40,940,295,1209,90,23,2003
E02000909,8635,306,825,198,566,2358,428,482,570,44,648,305,997,23,21,864
E02000910,10647,298,949,180,590,2560,557,500,446,39,786,309,1600,72,24,1737
E02000911,10868,252,1046,168,552,2601,552,406,572,33,1091,294,1511,108,8,1674
E02000912,9143,265,580,216,386,2458,563,240,514,34,953,394,1429,55,10,1046
E02000913,8660,243,533,214,392,2201,739,218,288,30,644,322,1370,74,38,1354
E02000914,10499,295,880,152,370,2528,621,222,385,49,1198,428,1648,62,22,1639
E02000915,8399,210,847,128,514,1701,497,446,355,43,720,285,827,95,23,1708
E02000916,9482,209,804,160,392,2398,507,282,767,38,1186,316,1382,36,13,992
E02000917,9148,226,731,140,402,2372,356,366,523,41,901,283,1125,79,23,1580
E02000918,9041,241,800,148,428,1939,484,402,543,25,852,301,1008,164,14,1692
E02000919,9200,210,617,182,404,1929,607,342,325,26,546,317,1355,102,9,2229
E02000920,9471,228,781,150,370,1921,515,268,362,35,1170,456,1238,116,22,1839
E02000921,10979,305,864,108,418,2352,626,294,492,60,1593,464,1550,143,16,1694
E02000922,10471,240,749,174,476,2310,531,298,520,21,1029,469,1420,605,24,1605
E02003352,5805,330,357,648,786,2108,350,220,216,9,234,130,192,9,16,200
E02003353,8564,290,604,400,1126,3051,569,626,482,43,507,170,345,2,15,334
E02003354,9800,268,611,428,1182,4051,582,560,565,39,567,225,377,2,18,325
E02003355,6369,327,525,350,546,1715,476,292,476,59,680,294,295,0,6,328
E02003356,6589,298,421,456,790,2290,536,300,366,31,459,158,155,3,17,309
E02003357,8924,495,875,500,768,2167,622,506,665,65,826,302,483,7,21,622
E02003358,9024,436,1000,450,812,2281,612,466,703,43,913,246,523,14,29,496
E02003359,6409,181,745,132,706,1875,437,556,405,67,540,184,264,3,7,307
E02003360,9493,247,439,422,1014,2799,877,480,759,57,934,324,561,7,15,558
E02003361,7404,294,614,380,830,2131,598,388,446,67,590,278,389,11,8,380
E02003362,6565,241,548,264,810,1827,593,296,495,50,601,197,286,3,13,341
E02003363,5854,379,423,486,728,1905,501,242,249,16,289,127,216,0,13,280
E02003364,6529,157,358,266,714,2309,659,350,388,31,488,219,328,0,2,260
E02003365,6513,273,366,508,850,2206,609,282,369,30,361,151,237,2,9,260
E02003366,6670,232,373,298,732,2491,643,322,311,62,432,152,390,0,8,224
E02003491,7679,428,343,518,692,2275,672,260,604,85,759,306,339,36,26,336
E02003492,5928,252,318,238,344,1163,479,138,475,57,736,196,386,677,17,452
E02003493,7778,586,406,764,810,2333,605,316,510,71,475,189,280,8,36,389
E02003494,6503,337,337,504,608,2007,559,292,491,56,477,222,264,55,9,285
E02003495,7200,347,387,472,732,1922,610,348,638,55,795,321,259,7,21,286
E02003496,7430,512,420,668,654,1922,583,220,598,50,772,333,369,21,20,288
E02003497,7224,340,288,615,722,2606,662,222,383,23,435,170,397,20,31,310
E02003498,8237,463,748,324,414,1266,374,288,671,78,1227,331,319,954,36,744
E02003499,7986,301,353,290,372,1446,669,158,814,81,1160,326,441,945,8,622
E02003500,8316,208,463,168,560,2726,399,410,936,38,661,183,342,530,23,669
E02003501,8201,410,832,423,764,2349,382,606,575,33,565,191,338,55,25,653
E02003502,7451,426,481,395,672,1920,538,316,632,64,918,294,347,18,28,402
E02003503,8900,518,403,516,702,2601,814,270,678,61,942,330,559,24,31,451
E02003504,8251,358,1101,170,612,1832,249,854,572,42,547,129,275,300,24,1186
E02003505,8970,246,1082,113,454,1108,177,756,538,34,539,115,237,1617,10,1944
E02003506,6720,276,583,166,502,1899,204,500,624,21,809,202,281,36,27,590
E02003507,9783,558,359,816,1020,2407,968,306,773,112,1007,382,535,37,33,470
E02003508,8734,244,653,230,472,1546,307,578,705,58,602,202,266,1618,8,1245
E02003509,8607,594,1607,220,668,1307,183,1118,511,21,642,173,160,81,33,1289
E02003510,8240,526,1154,260,642,1791,231,802,578,21,550,162,253,91,16,1163
E02003511,7941,400,593,314,662,2467,465,378,622,36,661,239,407,12,21,664
E02003512,8832,295,941,118,446,1201,173,744,794,29,633,170,280,1339,16,1653
E02003513,6330,470,647,306,526,1856,263,378,410,26,380,177,229,28,35,599
E02003514,8407,372,2027,98,666,847,60,1578,435,28,402,125,143,272,18,1336
E02003515,9046,401,750,353,438,1664,527,240,1059,76,1657,469,728,112,28,544
E02003516,8329,529,2036,150,760,791,71,1366,329,13,435,143,127,133,17,1429
E02003517,10412,414,1792,168,778,945,159,1122,409,35,666,164,210,1205,17,2328
E02003518,7223,627,1493,360,700,1027,157,890,365,15,358,107,211,44,38,831
E02003519,8579,353,2196,128,690,646,88,1494,295,10,447,107,148,312,10,1655
E02003520,8568,521,1826,188,552,769,163,826,372,39,728,254,240,563,18,1509
E02003521,7716,830,1470,272,710,833,143,878,423,28,363,152,186,270,28,1130
E02003522,6777,515,1081,304,616,837,246,632,366,50,551,179,265,185,22,928
E02003523,9761,811,656,1085,1194,2421,674,552,544,46,605,289,303,9,53,519
E02003581,7735,556,847,460,818,1843,323,508,639,63,708,269,278,0,31,392
E02003582,8136,579,423,920,1068,2406,560,272,537,41,481,241,281,8,31,288
E02003583,6334,456,407,658,944,1311,370,282,563,41,533,243,273,6,15,232
E02003584,5925,448,1041,285,570,951,301,462,427,37,642,205,205,2,28,321
E02003585,6539,585,325,976,1016,1513,487,282,355,34,323,161,253,0,33,196
E02003586,7461,485,492,712,916,1923,539,242,565,44,744,247,264,2,26,260
E02003587,8305,471,661,479,782,1988,461,372,883,67,1043,330,395,0,42,331
E02003588,6659,428,470,565,736,1557,533,328,550,36,584,276,235,7,37,317
E02003589,7357,447,710,400,654,1583,407,402,771,76,916,233,337,11,17,393
E02003590,7228,818,453,1228,1140,1425,482,220,275,34,360,210,245,0,51,287
E02003591,9111,490,455,748,1058,2362,764,366,758,64,844,283,448,2,45,424
E02003592,9243,935,629,1448,1414,1539,609,290,530,60,691,248,386,8,73,383
E02003593,5263,360,260,695,974,1181,397,200,224,41,218,149,269,0,29,266
E02003594,8871,528,645,837,1082,1848,569,366,720,64,908,316,512,9,36,431
E02003595,8043,640,376,1088,1238,1805,735,274,373,54,549,249,288,0,50,324
E02003596,8348,789,764,853,920,1586,547,364,596,60,775,286,379,0,50,379
E02003597,5610,392,267,698,936,1337,407,212,349,53,276,158,272,11,22,220
E02003598,7545,648,677,844,1094,1351,516,326,420,66,627,227,331,0,28,390
E02003314,6241,393,441,508,946,1516,501,274,429,41,409,231,321,5,9,217
E02003315,5550,203,252,313,768,1767,690,194,344,33,370,148,292,0,8,168
E02003316,9678,431,499,662,1222,2828,861,420,811,119,731,236,501,18,11,328
E02003317,5814,297,253,472,642,1712,591,268,450,37,379,163,267,0,8,275
E02003318,5998,245,185,534,748,1940,665,182,365,37,333,212,337,4,15,196
E02003319,7620,316,642,279,638,1759,545,426,901,67,934,277,381,15,17,423
E02003320,7388,219,751,196,752,2217,304,470,552,33,742,158,286,277,8,423
E02003321,6069,322,372,412,514,1451,591,176,575,101,642,309,303,10,15,276
E02003322,6364,201,589,174,410,1405,390,278,540,20,749,200,327,571,4,506
E02003323,7206,226,482,220,580,1939,421,316,775,76,1027,238,504,12,22,368
E02003324,8989,329,596,346,730,2381,760,498,1112,99,1023,327,423,0,13,352
E02003325,6972,306,810,160,430,1404,272,378,711,28,954,258,446,205,27,583
E02003326,7698,301,506,262,568,2237,644,264,755,72,843,340,402,21,24,459
E02003327,7219,469,1014,284,636,1628,251,554,534,46,672,232,201,102,15,581
E02003328,7950,379,1097,204,564,1754,265,452,523,37,682,222,540,339,25,867
E02003329,6602,232,541,184,526,1890,372,312,562,47,702,244,390,60,10,530
E02003330,6721,258,495,304,632,1707,501,366,610,46,746,257,325,59,15,400
E02003331,8789,615,482,652,790,2160,861,262,632,126,851,387,551,8,27,385
E02003332,5937,216,262,352,574,1819,685,168,439,34,486,222,373,0,11,296
E02003333,6677,266,844,182,378,1462,334,338,702,60,847,242,455,28,16,523
E02003334,5903,197,396,202,440,1631,497,212,482,41,527,228,456,124,25,445
E02003335,7104,209,489,174,478,1822,424,322,882,51,1125,258,487,41,10,332
E02003336,5838,409,216,678,752,1483,691,184,341,29,336,209,252,9,28,221
E02003337,6285,350,406,468,620,1708,561,260,539,54,549,276,226,6,9,253
E02003338,7030,456,543,401,732,1728,587,324,611,92,793,284,202,8,4,265
E02003339,6155,325,263,484,628,1728,725,160,492,43,433,251,383,0,17,223
E02003340,7679,437,558,484,704,1987,698,282,736,60,795,259,424,0,4,251
E02003341,5446,262,269,384,768,1772,510,238,424,53,304,132,169,0,21,140
E02003342,6240,396,266,524,756,1877,706,228,329,44,377,220,277,4,22,214
E02003343,5937,280,163,681,898,1903,803,150,213,32,211,124,259,0,20,200
E02003344,7022,271,437,258,726,1892,722,276,793,59,700,263,376,6,4,239
E02003345,5903,167,315,262,788,1782,649,252,525,47,469,190,240,0,10,207
E02003346,6184,340,318,590,742,1702,628,208,378,35,473,214,344,0,8,204
E02003347,6228,118,401,226,626,2030,514,410,695,47,564,135,235,0,5,222
E02003348,7922,366,292,762,1236,2518,980,188,358,67,300,190,376,6,28,255
E02003349,7445,402,394,612,850,2015,852,274,559,72,625,283,248,0,28,231
E02003350,6284,323,283,524,688,1771,678,196,476,62,517,208,276,0,14,268
E02003351,7901,336,444,462,870,2279,872,334,665,58,716,274,320,0,4,267
E02003459,8636,492,520,702,1248,3037,595,402,484,52,411,185,246,2,15,245
E02003460,9186,393,471,784,1484,2739,773,474,606,47,509,168,406,0,18,314
E02003461,7256,330,314,529,1042,2006,832,276,501,46,522,212,302,0,7,337
E02003462,7694,366,552,418,924,2275,770,470,592,64,512,246,176,0,8,321
E02003463,6707,275,336,380,902,1788,754,294,404,50,507,233,394,0,11,379
E02003464,6744,245,404,204,578,1695,493,234,561,70,972,328,533,2,4,421
E02003465,6200,412,400,455,830,1632,536,332,346,58,305,164,365,0,16,349
E02003466,7242,267,538,226,674,1969,453,428,661,36,608,209,587,8,16,562
E02003467,6213,344,398,240,568,1485,448,222,396,40,745,245,558,11,4,509
E02003468,7327,381,558,498,934,1778,624,496,551,47,421,213,278,2,19,527
E02003469,5801,218,381,344,784,1486,611,318,376,48,383,184,289,5,14,360
E02003470,5610,170,445,124,342,1368,320,176,597,40,1135,226,414,2,14,237
E02003471,6556,254,443,196,564,1687,609,272,479,64,643,255,584,0,2,504
E02003472,8586,186,1276,126,738,1448,308,636,447,56,990,235,634,24,2,1480
E02003473,5683,160,484,264,622,1885,581,292,248,49,373,148,310,0,4,263
E02003474,8613,158,534,278,944,2767,558,410,570,54,793,211,584,2,2,748
E02003475,14713,134,1123,222,1404,5226,536,1060,1412,45,1395,239,814,21,4,1078
E02003476,8382,231,588,186,540,1941,414,266,595,44,1318,325,1113,4,6,811
E02003477,10860,257,647,314,1062,4085,644,610,833,41,867,212,636,2,10,640
E02003478,6823,238,408,254,736,2482,436,348,452,28,493,171,387,2,11,377
E02003479,7436,173,511,134,590,2097,425,270,643,29,773,234,696,22,0,839
E02003480,8178,131,829,226,854,2922,351,478,713,43,850,196,253,0,7,325
E02003481,7100,304,774,226,516,1578,321,284,653,46,1022,285,541,0,10,540
E02003482,6138,264,376,432,792,2240,452,304,310,30,353,125,214,0,3,243
E02003483,10893,152,598,136,876,4848,530,526,876,36,1027,174,690,4,11,409
E02003484,7221,225,541,254,810,2356,561,362,528,66,669,199,383,0,6,261
E02003485,8025,354,444,580,844,1983,815,260,560,55,924,324,519,7,13,343
E02003486,8876,145,616,214,838,3545,474,464,690,70,780,202,455,0,9,374
E02003487,7231,390,307,586,810,1780,840,212,492,64,710,253,423,3,39,322
E02003488,7020,461,342,520,724,1745,577,260,465,63,619,283,487,4,24,446
E02003489,6811,314,365,585,834,1703,610,340,497,70,520,201,456,0,16,300
E02003490,6954,178,421,226,524,1623,349,258,798,55,1279,335,607,0,12,289
E02003524,7986,345,452,273,608,1880,657,216,826,102,1250,360,571,5,39,402
E02003525,6207,255,405,238,404,1289,462,200,625,70,1145,279,450,15,27,343
E02003526,6392,482,245,760,814,1867,763,162,277,28,282,161,282,2,17,250
E02003527,5869,338,459,364,718,1397,396,268,441,51,658,185,240,10,14,330
E02003529,7637,403,364,470,682,2394,716,256,571,42,751,235,375,20,25,333
E02003530,7467,406,435,412,820,2144,635,348,591,51,759,229,294,15,28,300
E02003531,7945,358,534,582,936,2276,785,368,562,82,640,228,279,9,24,282
E02003532,7506,326,661,288,666,1920,533,428,607,50,645,211,509,9,32,621
E02003533,5548,328,448,214,446,1153,323,276,608,75,740,236,255,4,16,426
E02003534,8817,315,588,361,776,2531,818,416,729,91,796,236,586,14,26,534
E02003535,9482,284,693,296,708,2432,587,508,951,78,1381,308,564,34,17,641
E02003536,7496,546,642,256,442,1384,383,206,684,61,1432,367,476,93,30,494
E02003537,10250,510,625,614,854,2939,905,482,817,83,1061,322,481,26,27,504
E02003538,10164,440,1007,306,688,2080,440,614,837,84,1184,267,497,710,32,978
E02003539,10185,621,1502,334,562,1593,346,478,880,56,1411,441,598,637,34,692
E02003540,8403,534,598,658,812,1972,757,332,597,88,807,250,322,129,34,513
E02003541,11334,737,1032,295,476,1831,218,422,775,40,1154,333,723,2240,32,1026
E02003542,9456,376,613,342,556,1774,376,526,440,64,697,199,373,2053,13,1054
E02003543,8923,273,787,196,524,1129,275,592,438,20,354,209,304,2739,13,1070
E02003544,6450,282,598,220,528,1407,307,454,546,42,776,196,256,250,29,559
E02003545,6798,512,1149,248,522,934,192,758,201,19,282,112,219,769,21,860
E02003546,8441,437,852,560,920,2325,420,508,432,29,755,227,244,148,31,553
E02003547,8208,630,1428,549,908,1057,193,912,281,24,356,137,324,613,25,771
E02003548,6584,264,748,270,520,1510,185,512,332,14,298,111,228,693,17,882
E02006821,6504,332,272,661,788,2266,539,216,353,35,398,143,224,13,31,233
E02003389,7775,360,378,710,920,2461,744,292,448,52,375,217,442,14,6,356
E02003390,7584,311,206,690,928,3344,601,194,374,35,209,159,303,0,14,216
E02003391,7969,464,428,628,858,2959,630,336,350,20,413,246,274,8,15,340
E02003392,8116,345,860,286,798,1959,338,698,605,47,867,289,328,12,20,664
E02003393,7806,398,409,546,906,2413,809,280,495,88,523,239,342,0,21,337
E02003394,7409,291,525,236,606,2017,475,278,553,39,1085,307,546,0,20,431
E02003395,9453,195,978,154,668,2332,300,706,565,23,896,211,1033,29,16,1347
E02003396,9192,323,1008,312,780,2145,535,612,610,39,895,283,634,18,23,975
E02003397,7435,470,357,566,702,2108,697,204,510,62,746,314,333,9,22,335
E02003398,10517,264,1033,124,598,2263,316,618,376,22,702,243,1290,1085,10,1573
E02003399,11491,295,2279,128,1238,2266,183,1344,406,18,759,211,542,101,16,1705
E02003400,8375,189,645,174,498,1824,261,398,272,22,361,124,460,1929,20,1198
E02003401,7959,371,962,372,766,1770,407,608,471,32,721,240,516,7,6,710
E02003402,8620,238,1051,194,710,1734,278,744,294,22,428,173,716,549,8,1481
E02003403,8447,548,579,614,690,2128,746,276,553,67,870,367,531,6,26,446
E02003404,5797,269,450,264,432,1385,276,176,359,31,770,231,464,226,18,446
E02003405,9929,309,731,248,598,2457,582,440,775,121,1609,407,802,94,37,719
E02003406,7456,314,404,330,662,1863,650,250,526,66,888,297,745,2,22,437
E02003407,9364,392,725,290,498,2653,610,210,744,57,1576,447,730,0,22,410
E02003408,10334,234,648,226,464,3250,901,182,324,46,964,282,1814,5,14,980
E02003409,10326,305,974,344,780,3115,736,478,623,48,1166,363,768,18,19,589
E02003410,11447,264,371,196,416,3729,952,132,345,46,972,398,2423,38,10,1155
E02003411,10912,409,678,316,528,3399,865,188,332,60,1006,419,1831,40,16,825
E02003412,9436,310,770,326,684,2938,885,316,560,45,825,309,873,0,14,581
E02003413,12290,225,688,214,566,3433,842,230,333,25,1071,351,2613,86,16,1597
E02003414,12105,246,1126,200,904,4128,630,520,590,70,1235,282,1407,33,8,726
E02003415,11936,219,1023,184,682,3338,514,282,506,32,1238,299,2106,63,6,1444
E02003416,8075,252,615,324,662,2453,774,286,345,49,565,276,842,7,19,606
E02003417,9337,322,919,238,612,2812,715,346,301,15,487,222,1427,16,13,892
E02003418,9479,374,594,270,602,2902,842,196,498,49,998,354,1222,4,19,555
E02003419,8501,330,614,330,516,2749,521,218,431,53,950,348,857,8,21,555
E02003420,6155,131,689,166,484,1624,401,318,311,42,667,232,598,0,0,492
E02003549,6633,320,568,500,786,1531,429,304,262,33,298,164,387,458,29,564
E02003550,7878,314,480,452,1014,2233,718,326,504,80,703,292,439,11,9,303
E02003551,4841,382,535,312,444,902,244,234,400,56,500,152,271,66,12,331
E02003552,6168,445,445,286,672,1496,485,206,466,68,698,237,291,3,17,353
E02003553,7009,190,311,170,420,1307,375,208,345,46,509,230,405,1595,12,886
E02003554,5951,403,466,490,642,1419,459,314,292,27,297,123,367,122,18,512
E02003555,7325,502,538,388,726,1592,648,328,672,71,852,266,326,17,19,380
E02003556,5941,283,372,520,650,1589,470,218,477,30,573,180,283,17,16,263
E02003557,6673,420,530,388,520,1276,259,354,151,28,144,78,266,1446,29,784
E02003558,6595,368,665,330,602,1472,279,322,503,39,763,215,470,46,14,507
E02003559,7752,400,402,498,828,2668,637,282,433,42,376,168,483,49,10,476
E02003560,7165,361,644,302,548,1463,430,240,891,66,1180,313,417,0,24,286
E02003561,7817,286,841,208,428,1022,215,530,383,32,435,187,422,1887,27,914
E02003562,8025,362,918,416,794,2008,522,586,512,46,572,192,371,35,14,677
E02003563,7638,524,777,370,646,1746,427,466,567,55,740,226,355,28,33,678
E02003564,7944,484,615,580,804,2014,577,370,569,52,822,266,383,7,20,381
E02003565,6533,173,718,96,302,539,124,498,143,6,205,92,296,2224,7,1110
E02003566,6025,475,377,536,590,1309,513,202,493,36,604,272,304,14,14,286
E02003567,7613,295,487,306,618,2024,531,328,736,60,951,305,495,6,27,444
E02003568,8034,204,1375,224,648,1565,227,892,364,44,330,132,398,420,10,1201
E02003569,7401,350,1079,178,600,1255,318,748,490,50,608,190,499,102,15,919
E02003570,9809,177,1170,78,370,2541,238,306,309,36,811,216,1429,552,8,1568
E02003571,6743,345,992,150,252,464,71,484,96,18,156,92,162,2251,18,1192
E02003572,6084,283,366,424,624,1752,575,286,357,56,416,219,364,7,18,337
E02003573,7434,498,579,544,688,1533,548,236,670,66,953,368,400,4,28,319
E02003574,7752,481,580,675,906,1986,706,408,527,86,563,191,311,2,25,305
E02003575,6348,366,638,342,508,1244,378,260,653,65,951,249,366,2,19,307
E02003576,8041,365,763,332,676,2081,627,426,730,95,785,255,430,12,20,444
E02003577,9365,279,1966,162,712,1423,148,1170,391,13,672,203,419,531,19,1257
E02003578,6272,329,448,383,628,1775,511,382,566,71,401,224,287,4,17,246
E02003579,7637,319,737,428,838,1827,549,500,641,65,648,258,344,29,21,433
E02003580,6013,300,576,228,536,1213,378,202,708,52,1014,302,303,3,25,173
E02003367,5994,206,266,448,942,2229,381,258,315,25,335,122,258,0,19,190
E02003368,5528,287,422,442,824,1624,373,300,333,34,232,156,184,0,23,294
E02003369,5853,292,319,554,806,2142,471,262,198,30,248,139,185,4,5,198
E02003370,6490,260,342,588,924,2232,643,262,254,50,296,160,210,0,20,249
E02003371,5933,266,195,516,710,2077,693,190,348,37,268,147,246,0,15,225
E02003372,7657,311,299,610,896,2324,911,220,433,75,622,226,422,0,18,290
E02003373,7920,227,269,596,1102,3277,566,304,433,43,405,161,290,0,14,233
E02003374,5717,171,409,252,732,1717,577,320,388,40,512,178,199,9,7,206
E02003375,5777,255,423,358,732,1781,452,310,363,12,460,131,214,0,13,273
E02003376,5669,406,459,466,784,1416,474,352,385,31,371,122,192,0,19,192
E02003377,9414,397,536,708,1420,3207,695,442,505,59,478,190,352,2,16,407
E02003378,7680,585,576,660,856,1909,630,424,472,20,496,243,314,6,31,458
E02003379,6746,217,516,314,776,1770,543,436,557,26,598,201,357,0,5,430
E02003380,7848,236,445,382,992,2436,811,404,611,85,452,272,342,0,17,363
E02003381,5883,181,277,380,852,2325,429,230,225,27,334,131,253,3,11,225
E02003382,7501,433,525,386,714,2289,568,322,667,36,737,203,290,4,7,320
E02003383,6918,219,382,306,796,2648,689,334,482,66,388,155,181,0,12,260
E02003384,6286,283,317,464,1026,2127,551,296,320,38,259,146,206,0,16,237
E02003385,7468,431,975,362,798,1872,325,650,452,29,484,197,301,11,11,570
E02003386,7906,404,721,460,846,2247,599,458,556,39,651,245,239,3,7,431
E02003387,9081,455,328,848,1176,3231,904,268,457,48,460,196,256,4,36,414
E02003388,5609,298,302,504,798,1900,386,230,291,38,368,114,160,0,25,195
E02003421,5560,254,241,486,666,1914,524,158,170,24,336,108,404,4,21,250
E02003422,11311,548,635,1112,1560,3710,872,502,517,62,553,293,469,0,37,441
E02003423,6046,255,281,382,504,1884,545,184,422,69,448,244,467,0,4,357
E02003424,7935,406,585,761,1088,2482,670,438,249,32,264,162,350,6,22,420
E02003425,10810,589,1085,486,974,3070,515,746,628,24,675,273,810,5,6,924
E02003426,9447,422,476,694,942,3748,877,378,451,48,446,173,351,7,26,408
E02003427,7540,254,427,422,628,2324,532,290,566,41,522,259,628,0,17,630
E02003428,9022,340,473,586,998,3004,1024,332,551,79,509,339,390,6,9,382
E02003429,7341,316,402,585,994,2546,596,248,314,64,311,175,373,2,33,382
E02003430,5500,344,673,300,660,1382,427,414,253,39,245,173,249,2,10,329
E02003431,6556,304,544,358,718,1949,654,324,287,33,459,150,401,0,12,363
E02003432,6490,410,741,285,642,1856,281,500,426,33,390,169,210,5,8,534
E02003433,6611,414,326,588,716,2101,549,204,326,31,424,236,327,0,7,362
E02003434,8613,499,697,504,718,2307,613,380,637,56,817,332,445,0,23,585
E02003435,6893,273,496,484,826,2494,459,338,323,34,334,169,282,3,7,371
E02003436,8270,487,381,764,902,2479,972,324,376,51,319,254,472,0,30,459
E02003437,7092,279,528,474,764,2697,556,226,284,40,426,182,282,3,27,324
E02003438,10028,532,637,840,1148,3696,770,294,423,23,573,254,399,0,15,424
E02003439,5288,326,297,646,738,1744,433,218,195,15,218,105,140,0,2,211
E02003440,8786,442,469,728,1192,3354,598,498,388,44,326,196,268,0,14,269
E02003441,7536,359,266,756,878,2609,842,222,309,58,390,221,343,6,20,257
E02003442,7107,200,409,372,756,2995,580,358,375,36,431,181,196,3,7,208
E02003443,5942,454,261,604,476,1737,587,176,351,24,354,219,388,0,11,300
E02003444,8890,403,309,680,776,3150,795,228,298,30,410,233,917,70,16,575
E02003445,7911,293,376,634,938,2569,951,268,399,42,373,270,394,0,16,388
E02003446,8072,278,317,590,962,3326,888,232,313,25,291,187,356,6,4,297
E02003447,9237,209,466,440,972,3600,723,438,585,42,638,232,453,4,13,422
E02003448,6668,248,291,498,898,2418,673,290,270,44,286,148,248,0,13,343
E02003449,7463,175,773,208,826,2976,536,558,396,29,295,164,236,0,9,282
E02003450,10593,312,649,510,1262,3542,835,598,643,58,708,269,540,35,11,621
E02003451,7792,684,749,610,810,1962,522,572,414,19,628,191,206,0,19,406
E02003452,6068,219,278,576,822,2410,502,254,254,12,228,167,156,2,9,179
E02003453,6512,167,229,468,846,2941,771,148,209,33,246,137,153,0,8,156
E02003454,7408,311,449,648,982,2694,610,346,339,14,310,163,275,0,12,255
E02003455,6642,260,365,426,932,2403,543,324,342,50,308,128,247,0,9,305
E02003456,6398,231,323,392,908,2348,480,240,368,32,419,157,218,0,19,263
E02003457,9740,275,346,770,1416,4253,890,264,395,43,323,168,238,0,26,333
E02003458,7687,318,298,784,1056,2971,721,224,281,38,335,154,275,0,15,217
E02003652,7808,290,379,546,972,2911,672,292,398,45,419,222,307,58,15,282
E02003653,6138,346,386,414,714,1860,444,278,402,72,465,149,141,129,9,329
E02003654,5522,252,229,438,880,1946,548,216,198,45,210,90,224,0,9,237
E02003655,9421,356,441,644,1370,3542,823,400,451,49,412,225,380,2,19,307
E02003656,5674,370,339,566,796,1628,466,270,311,24,313,193,210,0,19,169
E02003657,5971,264,274,544,918,2098,507,270,247,27,201,121,293,0,11,196
E02003658,6901,336,324,576,1048,2242,633,330,404,41,332,184,199,2,14,236
E02003659,8321,302,434,504,974,3063,595,468,646,64,616,139,225,0,26,265
E02003660,9523,406,474,686,1290,3493,758,440,617,69,469,237,314,0,15,255
E02003661,5202,212,261,422,702,1959,447,228,255,15,195,110,202,0,13,181
E02003662,6219,213,568,234,650,1910,359,368,442,29,544,174,396,0,15,317
E02003663,5413,153,321,142,456,1531,419,238,429,71,707,242,396,2,11,295
E02003664,6060,306,408,220,500,1675,419,312,522,36,649,226,423,0,18,346
E02003665,5514,196,342,366,570,1691,379,280,460,45,410,173,282,0,16,304
E02003666,6678,405,716,249,514,1557,321,496,396,28,482,183,633,0,12,686
E02003667,9344,161,853,192,1068,3006,426,868,836,67,672,214,379,10,4,588
E02003668,8757,450,356,988,976,3217,889,228,388,44,336,222,346,0,41,276
E02003669,6893,262,370,196,414,2156,419,258,505,58,730,318,647,0,27,533
E02003670,8644,306,772,386,946,2576,736,506,617,46,598,262,403,2,26,462
E02003671,5882,151,536,136,582,1730,355,348,442,58,645,211,337,0,7,344
E02003672,9463,414,462,806,1366,3252,914,356,455,59,399,259,310,4,26,381
E02003673,8006,465,375,818,1258,2605,755,258,246,45,327,231,218,0,49,356
E02003674,5257,274,197,538,784,1929,435,202,209,19,185,149,126,0,26,184
E02003675,8040,531,374,648,978,3086,550,224,415,34,510,222,206,0,34,228
E02003676,7969,366,343,884,1084,3025,775,224,323,46,204,185,223,2,24,261
E02003677,9576,454,481,648,972,3252,790,300,677,64,604,309,497,9,11,508
E02003678,5474,237,321,436,606,1935,466,254,258,60,217,150,318,0,6,210
E02003679,6311,427,528,384,622,1727,391,326,474,61,515,198,241,0,7,410
E02003680,9983,595,386,1062,1194,3723,867,214,513,47,522,242,231,0,26,361
E02003681,10051,650,345,934,946,4021,722,264,408,32,520,259,420,3,23,504
E02003682,7306,357,421,584,954,2779,555,308,313,49,287,185,214,3,21,276
E02003683,6285,333,260,664,664,2419,482,202,266,29,344,165,201,2,26,228
E02003685,7957,443,325,804,918,3112,724,234,348,29,350,188,236,0,24,222
E02003686,6858,366,235,734,792,2656,697,148,215,24,315,154,222,0,14,286
E02003687,5592,301,222,482,552,2198,552,128,257,23,317,169,151,0,26,214
E02006823,8509,447,336,974,1104,3218,906,224,323,44,315,178,202,0,21,217
E02003688,11786,683,575,1116,1178,4495,919,356,522,50,584,257,498,60,29,464
E02003689,8525,416,271,812,878,3318,777,176,243,12,249,124,760,2,15,472
E02003690,6374,511,396,580,672,1494,664,258,372,37,390,237,331,2,28,402
E02003691,6665,364,356,612,690,2333,611,218,273,34,298,149,342,0,18,367
E02003692,8328,472,472,736,916,2314,844,262,387,41,358,254,780,0,28,464
E02003693,6105,317,306,634,880,1871,583,256,234,42,171,152,326,0,18,315
E02003694,7837,426,553,506,752,2399,648,368,509,62,684,299,301,12,17,301
E02003695,10199,519,499,646,904,2957,1213,304,629,77,601,369,879,4,18,580
E02003696,7954,682,427,902,932,2365,668,306,410,55,401,257,235,5,19,290
E02003697,6041,249,227,642,910,2390,465,192,193,17,249,118,216,0,11,162
E02003698,8332,342,229,984,1218,3089,860,206,285,42,289,178,277,15,34,284
E02003699,5533,265,323,434,694,1650,544,260,315,48,363,149,218,0,16,254
E02003701,10864,342,637,642,1054,3731,915,470,609,60,725,296,694,141,18,530
E02003702,7940,284,466,692,1126,2761,664,338,375,45,302,162,343,5,20,357
E02003703,7608,245,613,404,718,2142,562,396,357,17,481,183,613,253,4,620
E02003704,5909,223,300,458,758,2400,555,210,265,30,234,129,162,3,12,170
E02003705,6917,253,419,138,444,2239,476,328,265,24,567,204,744,216,12,588
E02003706,6562,294,483,362,576,1897,416,336,429,41,637,204,367,41,20,459
E02003707,6197,166,579,214,562,1948,416,284,386,32,462,166,458,29,2,493
E02003708,9387,166,644,170,376,2816,396,322,346,26,738,235,1715,272,8,1157
E02003709,5804,205,409,242,416,1555,348,264,438,44,817,247,465,19,8,327
E02003710,9299,256,647,504,830,2795,715,418,300,18,498,180,948,296,19,875
E02003711,8475,357,1022,292,794,2132,456,722,605,55,770,202,352,68,17,631
E02003712,7621,515,499,584,844,2129,607,302,379,45,517,279,475,0,14,432
E02003713,5960,330,220,692,716,2010,554,170,304,24,317,153,241,2,7,220
E02003714,6595,302,553,380,714,1962,548,364,436,49,543,205,224,5,3,307
E02003715,6710,260,234,635,978,2891,594,142,224,12,203,137,273,0,5,122
E02003716,5467,386,419,574,616,1583,498,314,224,14,296,162,156,2,14,209
E02003717,8716,617,469,876,956,2850,769,368,370,65,458,225,305,2,30,356
E02003718,5518,310,409,372,606,1651,362,304,327,57,356,187,255,0,25,297
E02006824,9549,498,363,930,1128,3575,980,218,441,51,479,247,307,4,8,320
E02004356,7479,354,436,480,668,1789,595,260,656,88,1035,326,460,0,24,308
E02004357,7689,335,426,372,750,1887,659,276,716,125,1103,330,410,0,20,280
E02004358,7771,634,504,952,892,1616,552,294,574,81,778,275,303,5,60,251
E02004359,7790,572,494,944,880,1693,628,236,587,66,699,312,301,8,59,311
E02004361,7874,523,409,911,882,2210,633,222,509,63,624,215,314,9,40,310
E02004362,8684,515,549,504,696,2554,594,350,658,47,793,284,427,102,37,574
E02004363,6203,652,908,577,596,1191,302,408,210,27,247,157,290,50,51,537
E02004364,8041,909,708,700,760,1915,439,378,496,34,622,198,322,47,51,462
E02004365,7342,419,1193,175,486,1063,164,540,482,35,632,225,420,618,37,853
E02004366,6321,901,1110,682,550,661,66,570,314,3,306,141,138,176,51,652
E02004367,6333,953,510,1245,798,1057,344,278,191,22,269,87,140,60,71,308
E02006857,8470,674,586,880,944,2012,573,404,652,63,618,315,292,15,38,404
E02006858,6971,290,734,556,978,1609,334,464,540,21,677,155,196,19,24,374
E02004368,7987,327,500,580,922,2458,681,360,575,58,597,202,387,0,34,306
E02004369,9473,774,427,1341,1406,2191,893,330,590,62,470,271,390,7,38,283
E02004370,7698,391,628,354,722,1747,516,288,769,101,1133,356,371,0,26,296
E02004371,6944,368,535,424,774,1423,465,310,736,59,899,261,360,4,24,302
E02004372,6495,330,631,248,494,1208,346,286,829,43,1179,250,394,10,20,227
E02004373,8481,514,619,552,818,2100,571,402,677,90,918,343,410,6,39,422
E02004374,7648,440,882,412,734,1578,408,452,665,55,968,269,335,9,32,409
E02004375,8341,482,1160,381,782,1548,393,510,701,62,888,281,472,36,24,621
E02004376,6916,462,1588,192,486,954,159,566,655,30,786,144,257,48,27,562
E02004377,9979,599,921,702,1116,2317,622,544,826,77,854,348,505,2,30,516
E02004378,8600,717,2486,236,608,959,130,736,571,26,869,237,360,26,18,621
E02004379,7540,360,278,702,1044,2547,605,268,440,31,439,219,243,0,17,347
E02004380,8451,509,382,962,1070,2727,808,252,363,53,367,199,344,3,31,381
E02004381,9547,669,900,574,958,2434,633,522,737,86,863,308,279,19,27,538
E02004382,6361,472,311,703,814,1602,470,260,492,69,372,254,232,0,24,286
E02004383,7369,462,456,578,674,2326,501,246,580,24,622,225,316,0,21,338
E02004384,7375,507,433,610,818,1946,656,282,499,43,490,236,355,6,62,432
E02004385,7585,588,497,792,858,1662,668,368,529,88,585,252,357,0,40,301
E02004386,6235,413,419,622,722,1363,476,312,425,54,509,207,281,16,43,373
E02004387,5928,278,460,262,536,1425,415,278,638,61,763,194,294,2,17,305
E02004388,6382,439,398,634,718,1326,425,314,540,47,550,263,291,4,45,388
E02004389,9219,806,386,1518,1332,2037,895,366,535,65,384,249,301,2,52,291
E02004390,7834,658,299,1228,1064,1769,589,246,464,52,532,267,291,0,44,331
E02004391,6054,693,671,600,702,1085,342,384,392,37,474,190,128,0,39,317
E02004392,8907,480,447,786,1152,2867,738,336,574,70,527,229,400,0,9,292
E02004393,6042,481,351,825,1004,1321,452,254,377,43,307,181,214,0,17,215
E02004394,7571,420,427,824,1124,2197,614,296,337,66,374,196,384,0,33,279
E02004395,7552,784,606,810,1018,1343,518,364,449,45,548,245,425,0,39,358
E02004396,8446,640,400,1308,1476,1633,805,346,407,49,362,212,449,0,46,313
E02004397,7790,588,425,780,1008,2145,540,288,510,37,638,180,355,0,24,272
E02004398,8631,645,603,568,770,1912,580,270,916,58,1228,321,490,3,25,242
E02004399,7342,877,454,1030,1008,1586,500,252,404,22,497,232,227,0,28,225
E02004400,10013,958,381,2133,1666,2005,758,298,344,37,279,266,395,0,86,407
E02004401,7548,1035,396,1546,990,1476,498,266,303,34,312,216,199,0,63,214
E02004402,8307,1176,1315,715,776,1090,288,596,501,38,730,223,315,0,52,492
E02004403,6330,337,357,562,696,1878,559,164,369,52,467,211,274,0,17,387
E02004404,6407,289,289,638,888,2310,539,204,305,21,321,130,244,0,39,190
E02004405,5801,335,208,572,732,1942,560,196,356,22,305,148,191,3,12,219
E02004406,6864,471,333,914,1066,1981,725,208,257,35,302,153,129,0,21,269
E02004407,7642,541,424,810,1018,2415,594,246,378,66,394,189,271,0,30,266
E02004408,7637,354,456,494,824,2391,651,318,576,71,619,290,250,0,19,324
E02004409,5223,256,259,558,846,1604,462,172,247,16,189,160,201,0,22,231
E02004410,7725,382,322,804,1222,2390,723,296,418,42,217,186,369,4,41,309
E02004411,8479,583,487,693,1036,2428,750,388,553,52,618,302,250,0,18,321
E02004412,7699,521,465,710,886,2340,638,328,446,58,553,208,236,0,24,286
E02004413,6658,404,332,654,998,1973,601,228,367,48,323,192,266,0,35,237
E02004414,5928,263,364,338,694,2089,449,270,328,30,415,191,264,0,12,221
E02004415,6063,248,247,608,778,1760,634,240,425,40,307,131,296,0,20,329
E02004416,6353,384,330,700,876,1749,588,230,396,29,340,171,263,0,16,281
E02004417,5563,491,326,694,710,1459,420,258,311,29,299,127,189,6,30,214
E02004418,5428,347,284,594,630,1485,461,192,416,37,477,126,195,0,8,176
E02004419,5849,410,341,536,592,1432,377,168,565,45,667,217,230,0,27,242
E02004420,10049,742,520,1524,1510,2458,858,462,445,52,506,226,341,0,52,353
E02004421,7489,795,509,1008,1060,1537,499,350,440,49,502,239,210,0,48,243
E02004422,9431,670,467,1186,1386,2610,548,340,511,71,576,250,353,9,66,388
E02004423,7421,739,397,1262,1028,1724,558,288,331,22,355,197,174,0,64,282
E02004675,7339,380,449,566,928,2117,695,284,519,34,524,224,289,0,10,320
E02004676,7973,350,527,752,1136,2481,765,326,358,39,385,195,360,0,20,279
E02004677,7031,252,244,558,1056,2630,578,256,402,41,331,111,236,2,10,324
E02004678,7374,383,436,672,1120,2275,651,308,345,25,366,209,266,0,25,293
E02004679,8318,330,473,618,1238,3020,520,488,486,24,430,174,243,0,16,258
E02004680,6806,126,616,232,924,2629,463,504,443,39,354,110,172,2,6,186
E02004681,11233,341,940,372,1026,2972,561,652,1059,68,1264,376,844,12,6,740
E02004682,7892,247,606,293,996,2541,548,474,518,36,606,205,353,0,9,460
E02004683,6757,330,503,412,580,1811,457,352,502,34,685,255,368,0,8,460
E02004684,8948,281,646,432,934,2679,573,562,837,59,776,287,400,2,15,465
E02004685,6910,315,947,340,754,1608,412,560,398,30,506,150,295,7,12,576
E02004686,7928,351,833,346,858,2013,395,600,470,35,579,206,455,3,12,772
E02004687,7012,216,446,338,678,1812,432,326,696,64,899,245,406,0,16,438
E02004688,7661,508,691,600,712,1717,586,322,571,57,762,332,341,2,37,423
E02004689,5432,311,195,598,1026,1592,608,172,176,14,196,140,230,0,17,157
E02004690,7846,272,492,478,930,2553,655,416,474,47,562,250,336,0,2,379
E02004691,7691,393,356,873,1246,2576,589,330,257,42,295,199,255,0,5,275
E02004692,7274,390,228,940,1268,2253,873,162,307,54,203,139,228,0,13,216
E02004693,7164,303,599,228,746,1991,506,398,605,68,857,235,307,5,10,306
E02004694,6689,370,434,566,956,2121,509,322,390,35,346,160,228,2,13,237
E02004695,8971,80,435,168,996,4194,588,472,636,31,667,128,286,3,3,284
E02004696,6219,361,312,606,980,1996,474,288,302,24,289,133,221,0,12,221
E02004697,5524,236,256,478,846,1986,411,212,290,15,238,122,194,0,23,217
E02004698,5474,501,466,304,460,1310,309,240,390,46,593,240,306,4,2,303
E02004699,10525,570,592,922,1456,3522,782,486,441,70,553,316,272,12,22,509
E02004700,5586,190,358,158,630,2153,301,208,379,45,460,189,283,0,7,225
E02004702,8129,258,543,420,888,2527,729,450,616,63,574,263,405,0,27,366
E02004703,10582,380,367,1170,1646,3639,1003,370,467,38,410,239,358,0,50,445
E02004704,5662,239,300,497,794,1716,507,240,295,26,370,173,210,0,21,274
E02004705,8389,540,468,732,958,2842,745,300,350,57,568,248,246,0,34,301
E02004706,7246,430,387,628,990,2337,566,294,365,43,396,201,286,0,30,293
E02004707,10972,581,542,1157,1552,3886,862,364,463,45,490,221,376,0,65,368
E02004708,8609,714,663,672,872,2436,566,456,540,34,718,260,225,4,57,392
E02004709,7379,318,295,798,1166,2384,686,316,382,43,396,153,202,0,23,217
E02004710,6383,288,289,528,862,2088,699,232,266,44,381,173,284,0,13,236
E02006829,6423,399,291,876,968,1829,634,238,240,60,238,150,215,0,26,259
E02006838,6511,443,278,888,1110,1935,557,214,208,28,230,119,197,0,16,288
E02004712,8664,481,278,1190,1090,3361,757,176,292,37,368,137,207,7,20,263
E02004713,7845,411,378,624,1140,2351,949,250,341,55,440,238,351,4,15,298
E02004714,7632,501,479,730,1170,2263,610,368,294,42,382,194,262,14,12,311
E02004715,8046,383,610,452,966,2039,818,500,492,68,574,262,389,4,9,480
E02004716,8780,406,457,670,952,2570,899,376,660,106,709,247,354,10,12,352
E02004717,9613,533,599,496,830,2374,720,562,937,75,1048,362,505,2,14,556
E02004718,8851,327,835,262,780,2323,579,680,772,47,822,293,372,14,6,739
E02004719,10033,426,475,831,1298,3575,1019,358,500,67,506,219,382,2,18,357
E02004720,10609,613,828,950,1506,2878,962,604,558,66,585,316,337,2,19,385
E02004721,9204,196,535,330,948,3760,555,618,654,48,771,156,284,0,10,339
E02004722,7135,524,448,588,804,2024,634,338,431,42,567,201,255,0,27,252
E02004723,9282,393,436,937,1292,3067,874,384,467,54,492,245,283,0,21,337
E02004724,7629,313,520,558,958,2138,676,398,599,45,652,189,295,2,22,264
E02004725,5246,378,464,390,634,1287,402,264,368,19,370,172,221,4,20,253
E02004726,5697,305,402,510,778,1556,363,384,297,51,440,108,201,11,8,283
E02004727,8847,197,357,578,1180,3664,659,438,486,17,515,167,256,9,14,310
E02004728,8480,360,474,532,1062,2822,645,466,562,52,605,230,306,6,23,335
E02004729,7357,385,392,588,798,1884,707,324,546,50,737,288,294,2,19,343
E02004730,8558,455,309,1164,1294,2553,940,276,335,59,341,210,298,17,25,282
E02004731,7871,381,420,686,1116,2783,737,322,346,35,329,143,238,14,18,303
E02004732,7923,395,357,884,1044,2640,713,316,341,46,440,183,240,22,24,278
E02004733,7319,336,480,636,1046,2250,643,384,388,41,423,196,249,0,8,239
E02004734,9978,536,730,832,1256,2677,804,576,592,48,697,269,366,4,40,551
E02004735,7396,470,315,1024,1196,1997,726,308,313,68,203,227,271,0,18,260
E02004736,7820,530,361,1005,1158,2095,878,278,397,54,316,199,224,0,30,295
E02004737,7375,515,570,423,652,1700,501,434,765,55,750,305,302,0,21,382
E02004738,7362,558,334,776,966,1741,808,268,454,41,523,272,305,0,35,281
E02004739,6727,524,235,942,980,1791,694,170,320,39,343,215,226,2,29,217
E02004740,7112,536,302,1038,1034,2118,784,184,284,26,311,164,175,0,20,136
E02004741,7755,455,332,634,920,1863,810,238,516,45,724,383,417,5,9,404
E02004742,7491,464,470,642,974,1686,641,312,557,57,645,276,359,0,25,383
E02004743,7622,360,434,552,1010,2143,760,304,518,72,549,222,345,0,22,331
E02004744,8605,161,569,226,686,2706,358,302,901,68,1642,272,411,4,4,295
E02004745,8998,397,795,346,940,2222,560,576,903,66,995,318,330,0,17,533
E02004746,10746,734,562,1104,1522,3375,771,396,572,47,690,219,334,5,35,380
E02004747,6526,345,561,428,808,1570,478,366,521,38,636,189,232,0,15,339
E02004748,9517,637,1403,406,814,1347,363,772,900,65,1431,274,449,6,33,617
E02004749,6948,545,330,1016,1030,2052,511,182,328,53,337,140,212,0,12,200
E02004750,7558,474,538,678,1018,1909,611,370,492,55,545,219,314,5,20,310
E02004751,8162,381,363,796,1004,2537,861,292,483,58,491,224,331,0,12,329
E02004752,8313,255,355,538,1124,2945,1109,270,442,57,374,173,333,0,8,330
E02004753,10003,368,428,860,1138,3060,1086,338,607,64,476,312,604,0,36,626
E02004754,6044,382,293,594,920,1919,474,236,266,45,249,177,252,0,8,229
E02004755,11533,472,816,526,1134,4675,506,834,773,70,501,208,384,0,11,623
E02004756,8220,306,378,432,1108,3230,723,332,403,42,498,174,289,0,22,283
E02004757,8031,370,236,1032,1006,2948,932,222,325,55,216,171,226,0,10,282
E02004758,7705,330,360,796,1038,2654,652,240,391,36,304,216,272,0,25,391
E02004759,8007,366,412,729,968,2960,684,306,461,47,363,187,249,0,36,239
E02004760,7689,225,360,534,996,3306,457,340,379,33,404,103,263,0,31,258
E02004761,5662,260,245,470,800,2363,393,210,206,33,235,81,166,0,13,187
E02004764,7790,575,370,1113,1102,1978,786,290,330,70,383,192,312,0,41,248
E02004765,6011,309,425,584,828,1750,630,308,272,45,343,162,138,0,16,201
E02004766,6304,442,368,436,544,1694,469,226,492,37,685,246,329,0,25,311
E02004767,5861,215,321,288,448,1336,424,204,720,63,982,270,331,0,19,240
E02004768,5562,260,357,322,614,1485,497,250,421,63,546,180,281,0,14,272
E02004769,6388,246,380,251,418,1375,437,210,864,109,1090,250,470,7,9,272
E02004770,6906,352,540,425,524,1452,600,236,726,70,932,263,398,8,22,358
E02004771,8968,415,537,492,784,1898,722,316,1139,110,1206,417,428,11,33,460
E02004772,9118,562,487,878,1190,2509,882,354,558,62,536,252,408,0,20,420
E02004774,9278,896,504,1396,1308,2313,663,356,438,47,469,292,242,0,35,319
E02004775,8744,650,626,922,1166,2279,616,408,485,64,550,277,289,2,34,376
E02004776,5793,389,279,856,880,1396,532,210,303,50,243,206,202,0,23,224
E02004777,5275,519,419,776,690,976,358,244,316,30,420,162,120,0,40,205
E02004778,5864,472,431,818,940,1002,470,298,337,37,344,177,204,7,30,297
E02006822,8672,483,395,879,1116,2224,921,326,536,105,495,333,382,0,41,436
E02006830,6700,267,530,469,570,1631,478,298,713,49,928,196,313,0,14,244
E02006831,6188,418,236,772,884,1598,695,202,374,60,348,176,211,0,30,184
E02004779,10679,748,519,1322,1606,2981,944,448,490,68,550,221,300,0,61,421
E02004780,6000,361,357,500,684,1506,610,218,419,70,512,229,230,0,19,285
E02004781,8147,263,584,422,994,2576,788,410,610,28,660,170,291,3,27,321
E02004782,7575,550,472,648,808,1934,668,322,495,57,569,256,356,0,38,402
E02004783,7037,290,415,592,854,2120,629,348,396,67,554,196,244,0,13,319
E02004784,5430,289,210,722,894,1495,635,186,149,31,140,150,244,0,34,251
E02004785,5344,375,356,650,878,1301,404,228,210,31,191,120,236,0,24,340
E02004786,8696,254,646,482,1204,2782,677,436,582,30,720,203,331,0,13,336
E02004787,7372,614,471,1128,1198,1694,619,274,366,35,394,164,120,0,29,266
E02004788,7071,370,279,748,1072,2309,586,232,302,35,352,172,306,0,18,290
E02004789,10399,699,479,1086,1318,2760,1019,326,611,61,847,349,405,0,54,385
E02004790,7570,605,558,740,774,1973,510,418,438,38,642,275,218,8,38,335
E02004791,5594,259,245,402,628,1428,479,158,564,78,618,233,296,0,9,197
E02004792,8640,492,434,1018,1404,2001,920,314,437,66,572,259,321,0,35,367
E02004793,7100,509,304,1038,1112,1904,560,216,258,23,274,160,362,0,42,338
E02004794,6760,375,289,786,1070,1972,637,196,311,33,288,187,251,0,46,319
E02004795,8258,840,620,1117,1180,1768,567,398,337,63,420,178,244,2,54,470
E02004796,9587,742,332,1702,1440,2326,851,324,428,53,419,233,281,0,46,410
E02004797,7853,579,598,662,834,1968,593,382,584,93,756,248,177,3,29,347
E02004798,6075,454,415,514,578,1354,448,230,553,54,744,171,274,0,37,249
E02004799,7707,1010,544,1204,866,1335,556,278,402,53,490,258,244,6,41,420
E02004800,7145,804,297,1826,1184,1172,486,258,158,18,211,183,147,3,75,323
E02004801,7452,941,363,1674,1134,1577,415,230,217,29,205,151,135,0,48,333
E02004802,6752,281,300,390,534,1839,479,236,594,75,630,301,699,0,16,378
E02004803,7546,228,398,192,442,1895,527,190,645,46,922,302,1118,4,16,621
E02004804,7213,200,366,392,850,2357,774,362,412,46,396,213,424,0,15,406
E02004805,8171,372,458,614,954,2762,748,406,408,44,362,189,366,0,11,477
E02004806,8173,226,440,406,968,2973,733,446,545,34,506,152,350,0,11,383
E02004807,9043,430,635,640,948,2493,702,474,638,72,592,291,498,3,34,593
E02004808,10176,396,823,360,1060,3514,618,542,677,54,650,218,519,11,24,710
E02004809,7520,124,629,84,688,3409,200,404,298,10,413,87,766,7,7,394
E02004810,7533,195,513,274,672,2178,535,444,609,59,695,219,527,0,2,611
E02004811,7339,438,664,370,770,1901,549,448,435,45,375,191,548,13,31,561
E02004812,6419,161,293,338,736,2045,732,288,358,47,356,156,450,9,4,446
E02004813,6005,359,362,306,594,1532,438,250,433,56,613,291,347,29,13,382
E02004814,7022,255,362,496,1164,2420,518,330,395,49,342,148,223,0,22,298
E02004815,7612,175,441,268,598,1894,405,286,941,85,1243,271,469,0,6,530
E02004816,8966,546,731,630,1060,2402,599,468,561,61,654,255,420,0,21,558
E02004817,7616,402,491,522,876,2007,523,472,520,54,604,257,368,2,24,494
E02004818,10070,453,478,877,1400,3267,818,444,624,72,589,221,439,4,21,363
E02004819,7644,404,496,646,982,2328,555,456,455,41,394,182,292,0,21,392
E02004820,7091,266,311,580,1258,2651,533,298,284,54,239,126,228,0,4,259
E02004821,5129,268,227,562,928,1633,485,216,171,33,155,103,132,0,6,210
E02004822,7794,429,331,854,1268,2395,668,296,399,42,323,174,305,0,21,289
E02004823,8901,449,536,925,1278,2780,822,368,352,62,525,242,265,8,19,270
E02004824,5714,768,445,640,612,1192,390,276,242,15,457,175,199,0,28,275
E02004825,10505,583,471,1172,1548,3166,1035,406,470,60,598,274,366,4,34,318
E02004826,6420,295,287,718,1022,1874,637,168,293,46,247,144,284,0,23,382
E02004827,7713,155,309,358,946,3592,643,336,301,39,392,163,248,0,4,227
E02004828,6281,254,237,574,986,1853,728,264,231,40,300,165,360,0,15,274
E02004829,5617,219,211,446,962,2172,468,222,209,43,203,89,162,0,11,200
E02004830,6203,312,345,566,988,2111,438,242,311,34,282,121,187,12,4,250
E02004831,8163,543,304,1198,1022,2900,616,208,302,26,296,158,170,10,42,368
E02004832,8499,579,360,994,1192,2820,663,282,424,33,426,173,237,6,28,282
E02004833,8537,485,425,694,906,3031,530,334,369,38,448,179,328,289,14,467
E02004834,6843,532,665,399,620,1504,321,416,435,39,602,217,220,338,31,504
E02004835,8998,735,1138,532,928,2495,264,772,340,21,390,126,179,301,28,749
E02004836,5886,277,322,262,434,1308,312,176,381,30,466,135,222,1047,28,486
E02004837,7554,364,418,690,976,2619,516,336,289,61,306,152,288,159,13,367
E02004838,8911,443,486,848,1258,3193,715,374,423,64,322,179,269,3,5,329
E02004839,8124,405,305,900,1340,2850,728,270,350,47,297,128,224,2,31,247
E02004840,9399,564,526,862,1280,3013,750,432,451,49,508,215,322,0,21,406
E02004841,10833,417,728,776,1398,3484,708,710,679,40,632,263,460,22,36,480
E02004842,7975,422,307,757,1122,2634,747,354,439,43,355,145,369,0,45,236
E02004996,7917,442,453,726,980,2499,531,352,579,39,529,172,304,2,21,288
E02004997,7478,462,322,782,1172,2034,614,298,486,67,351,210,321,0,63,296
E02004998,6634,340,266,646,862,2162,531,244,413,53,425,184,255,0,31,222
E02004999,12482,570,825,790,1272,3682,893,600,946,82,1210,385,614,7,36,570
E02005000,9385,448,781,396,756,2373,600,478,896,63,1158,283,488,10,22,633
E02005001,8777,411,481,678,1128,2623,883,348,574,68,586,254,371,0,27,345
E02005002,8920,405,731,490,888,2127,685,488,767,65,1047,320,517,0,15,375
E02005003,8525,238,436,278,616,2456,643,362,1018,91,1208,258,541,0,21,359
E02005004,12001,236,673,388,1086,4291,693,668,1236,79,1275,249,603,0,19,505
E02005005,7340,309,277,732,1158,2081,723,340,374,33,350,183,457,0,13,310
E02005006,5444,273,230,546,788,1635,474,208,347,39,330,129,252,0,15,178
E02005007,8493,416,430,790,1110,2652,603,448,686,29,495,184,295,0,33,322
E02005008,8012,761,443,1124,1106,1973,614,224,395,29,581,223,221,0,49,269
E02005009,5585,343,240,606,720,1526,584,220,393,47,321,166,192,0,20,207
E02005010,7088,628,969,366,616,1476,352,380,480,42,889,214,266,6,13,391
E02005011,7175,588,291,1042,1050,1668,630,236,370,53,403,173,361,18,48,244
E02005012,8574,631,425,757,910,2223,700,298,705,63,792,274,467,6,18,305
E02005013,8101,648,441,932,984,1821,636,284,607,48,786,271,354,7,27,255
E02005014,8427,595,361,1314,1266,2216,766,302,358,41,402,193,313,18,54,228
E02005015,8329,367,402,716,1138,2459,687,336,602,32,656,214,379,16,31,294
E02005016,7686,575,429,778,832,2033,551,294,524,57,671,246,347,17,36,296
E02005017,7050,462,743,504,724,1634,378,482,605,22,690,215,244,46,26,275
E02005018,7923,488,372,992,1182,2118,649,268,389,51,538,220,336,20,39,261
E02005019,5832,247,342,440,780,1652,458,254,396,48,480,141,344,8,15,227
E02005020,7042,406,318,650,800,1609,670,234,586,52,581,223,386,91,24,412
E02005021,6296,388,290,700,862,1642,429,214,253,30,285,142,218,453,24,366
E02005022,8306,315,371,396,526,1267,376,152,373,28,565,170,366,2820,12,569
E02005023,7819,409,655,204,460,1593,238,246,437,57,791,210,373,1423,11,712
E02005025,8173,492,643,548,776,1840,418,358,333,27,440,216,285,1053,25,719
E02005026,7417,309,397,574,1062,2190,510,370,485,53,538,215,312,24,37,341
E02005027,5306,346,239,532,684,1735,404,216,273,23,272,111,242,12,22,195
E02006855,5744,235,443,205,398,984,298,360,431,32,559,162,218,659,21,739
E02006856,10274,726,1099,486,748,1394,331,726,443,15,745,250,412,1698,16,1185
E02005028,7380,417,685,352,526,1686,351,282,833,47,1137,256,500,2,24,282
E02005029,9268,154,1056,230,940,2644,476,790,864,48,860,261,445,2,16,482
E02005030,9774,357,924,398,728,3023,684,664,764,87,749,319,488,26,15,548
E02005031,7436,318,794,318,586,1733,550,472,729,53,1030,247,308,0,8,290
E02005032,8896,304,1068,304,728,2293,618,618,751,68,767,344,515,10,13,495
E02005033,6529,299,739,256,572,1641,450,418,576,56,670,234,282,6,14,316
E02005034,7644,281,267,596,772,2800,924,218,472,65,379,264,344,0,16,246
E02005035,7762,314,454,478,744,2594,861,264,481,62,563,250,388,2,15,292
E02005036,6304,365,406,274,440,1622,566,254,531,55,834,337,406,0,0,214
E02005037,6955,336,247,859,726,2060,768,194,499,68,487,157,301,6,24,223
E02005038,5666,356,258,520,686,1699,639,182,377,43,298,162,225,0,25,196
E02005039,6665,290,376,462,760,1870,604,314,484,71,601,236,308,7,16,266
E02005040,6097,325,253,844,834,1778,688,184,229,55,222,134,302,0,18,231
E02005041,6906,364,350,613,984,2041,594,272,492,64,336,202,273,0,34,287
E02005042,8806,703,618,966,1222,2225,594,332,436,76,597,303,339,0,42,353
E02005043,7249,604,543,716,882,1599,580,354,438,75,567,310,279,0,24,278
E02005044,6759,632,886,584,826,1276,349,406,392,56,412,209,390,0,26,315
E02005045,7905,466,434,640,888,2010,743,312,721,105,668,278,299,0,22,319
E02005046,6485,344,359,442,720,1595,517,244,680,46,591,243,416,0,22,266
E02005047,7463,620,445,780,864,1670,652,266,559,81,704,275,271,0,32,244
E02005048,6381,335,288,665,1148,1602,612,230,378,54,306,145,319,0,21,278
E02005049,6798,554,421,1122,1196,1449,587,254,304,37,245,168,213,0,33,215
E02005050,8883,467,456,872,1284,2572,857,322,634,64,497,229,343,0,27,259
E02005051,13293,563,1126,486,1074,2900,897,562,1814,94,1962,522,676,2,20,595
E02005052,7322,622,974,488,648,1650,357,442,431,67,454,264,453,4,37,431
E02005053,8625,448,939,340,686,2018,553,408,980,102,883,352,421,8,15,472
E02005054,6587,345,370,732,1198,1608,675,314,441,26,229,130,192,0,34,293
E02005055,7743,242,722,230,494,1916,431,390,745,51,1119,261,657,8,9,468
E02005056,9815,608,1471,282,578,1803,462,612,794,56,767,268,1128,12,31,943
E02005057,10572,381,804,502,766,2916,758,458,767,91,1036,308,990,9,27,759
E02005058,7682,349,430,258,570,1955,609,350,723,102,800,346,739,2,38,411
E02005059,9822,513,476,644,914,2887,1049,334,621,70,661,261,729,0,27,636
E02005060,7205,421,350,588,616,1996,684,244,464,71,648,296,486,3,29,309
E02005061,7126,388,393,410,578,1819,695,188,668,42,749,296,610,0,26,264
E02005062,6982,262,214,630,704,2197,900,176,439,50,527,240,380,0,8,255
E02005063,6566,325,210,418,604,2041,798,178,489,88,510,225,471,0,15,194
E02005064,6581,409,225,772,918,1863,678,204,289,45,350,183,364,0,32,249
E02005065,7221,383,457,434,568,1797,557,272,827,67,930,310,411,3,4,201
E02005066,7765,432,240,1026,1032,2415,815,162,394,61,308,244,295,0,34,307
E02005067,5896,205,221,570,832,1846,595,192,301,52,309,162,292,0,12,307
E02005068,6967,204,353,370,956,2251,747,356,489,47,395,181,316,10,15,277
E02005069,8462,348,465,640,1002,2521,811,464,488,37,577,198,327,22,23,539
E02005070,8483,602,340,1185,1100,2659,744,302,380,39,338,259,243,0,29,263
E02005071,9486,437,1202,260,822,1988,387,838,806,35,954,275,479,44,13,946
E02005072,7613,355,306,670,1070,2748,851,236,329,46,366,162,218,8,18,230
E02005073,10279,375,1318,374,958,2301,502,976,753,53,838,228,476,144,24,959
E02005074,7903,475,395,838,1010,2519,737,338,469,19,410,172,223,6,24,268
E02005075,9274,332,561,452,854,2917,705,460,714,69,1038,229,384,47,14,498
E02005076,8460,264,616,352,764,2223,570,566,799,75,960,237,480,18,10,526
E02005077,7795,385,324,498,810,2218,727,276,574,80,799,269,501,9,18,307
E02005078,7876,409,333,758,1116,2287,786,330,407,69,395,222,396,5,42,321
E02005079,7819,438,321,888,1112,2541,777,308,357,20,321,193,279,0,23,241
E02005080,10909,623,705,666,808,2341,734,334,1294,92,1875,461,526,2,15,433
E02005081,6594,431,336,868,992,1851,592,244,310,45,294,151,220,6,47,207
E02005082,9465,372,440,718,1298,2763,945,500,656,51,693,260,408,0,24,337
E02005083,6669,394,278,792,896,1937,730,300,361,57,354,188,158,0,19,205
E02005084,6230,319,303,620,864,1773,567,240,309,21,378,194,366,5,10,261
E02005085,6356,275,300,562,878,2113,481,240,369,35,359,212,289,0,16,227
E02005086,5805,261,257,466,778,2021,560,214,290,28,386,137,200,2,21,184
E02005087,6970,345,316,656,822,2073,886,258,400,59,412,271,258,0,19,195
E02005088,8998,584,732,592,762,1989,862,324,859,69,1026,418,446,0,21,314
E02005089,6256,303,329,628,626,1860,787,222,368,59,374,209,270,4,17,200
E02005090,5723,406,218,750,792,1617,681,172,231,46,244,159,238,0,26,143
E02005091,6579,467,472,548,752,1856,691,342,444,58,312,183,193,0,17,244
E02005093,6029,379,272,668,826,1541,741,206,350,51,212,188,328,0,21,246
E02005094,8436,450,536,616,936,2736,686,416,495,69,535,299,309,0,21,332
E02005095,7373,393,254,873,862,2741,623,240,339,53,351,230,210,0,16,188
E02005096,9400,524,692,616,992,3110,667,504,725,51,623,284,243,8,25,336
E02005097,9206,356,236,836,1032,4421,736,214,390,39,320,139,232,0,34,221
E02005098,9267,683,550,780,1052,3691,645,388,319,24,295,175,276,10,18,361
E02005099,7718,394,451,666,1070,2385,617,374,494,46,457,252,211,0,18,283
E02005100,8811,538,554,642,1096,2423,657,496,719,90,601,301,316,0,25,353
E02005101,6695,326,334,554,936,2440,539,260,349,37,266,157,248,0,27,222
E02006832,6161,238,365,330,772,1870,723,234,432,40,460,235,267,0,19,176
E02005102,6251,428,279,698,1036,1594,598,244,336,45,271,152,274,0,35,261
E02005103,9507,291,428,555,1050,3210,576,442,917,51,826,233,564,0,16,348
E02005104,8348,506,440,604,786,2131,587,302,812,80,890,363,519,4,35,289
E02005105,7695,349,774,238,534,1752,308,390,971,45,1160,362,403,18,18,373
E02005106,9093,466,524,524,826,2851,621,310,682,100,794,322,718,2,22,331
E02005107,11874,701,791,1049,1328,3089,967,538,787,99,872,350,671,4,31,597
E02005109,6306,520,327,1018,974,1530,489,242,262,32,281,151,234,2,32,212
E02005110,6709,401,316,808,1066,1794,654,204,360,76,236,178,311,0,39,266
E02005111,7157,867,673,847,890,1205,461,290,535,69,551,302,172,6,34,255
E02005112,6836,520,373,902,1000,1335,617,268,479,51,364,222,319,0,52,334
E02005113,6781,492,370,854,926,1443,601,258,476,63,374,185,345,2,28,364
E02005114,6487,397,418,676,826,1334,464,266,636,84,525,210,333,3,31,284
E02006879,6628,543,1682,226,462,675,139,494,517,19,829,173,311,61,17,480
E02006880,6479,635,1280,440,566,819,136,576,442,41,547,159,240,10,15,573
E02005115,5773,244,558,160,354,1007,354,242,722,42,1130,203,376,0,16,365
E02005116,6076,412,454,272,458,1203,447,210,739,70,967,258,354,6,25,201
E02005117,5805,372,272,638,940,1234,581,202,413,58,378,192,299,0,27,199
E02005118,9030,417,530,614,960,2311,750,500,782,112,983,231,493,0,13,334
E02005119,5690,350,321,542,752,1117,490,230,523,51,637,210,235,0,17,215
E02005120,6369,361,397,524,908,1304,512,298,456,62,665,199,385,0,22,276
E02005121,12334,243,734,440,1290,4040,769,698,1381,115,1353,305,562,2,7,395
E02005122,6886,329,328,612,994,1943,709,272,494,57,404,178,331,0,16,219
E02005123,10809,361,638,679,1286,3162,826,578,991,112,925,284,544,3,28,392
E02005124,8174,612,797,414,634,1671,561,390,935,89,1068,235,380,2,11,375
E02005125,7534,379,503,488,800,1821,737,332,746,33,682,246,393,0,15,359
E02005126,7644,446,327,890,942,2021,718,246,598,75,549,237,285,0,28,282
E02005127,8594,347,357,862,1140,2811,856,320,517,44,517,176,359,0,24,264
E02005128,8254,421,493,716,1048,2351,639,370,722,36,695,199,300,0,15,249
E02005129,10897,773,887,776,1214,2460,751,582,996,94,1043,369,451,0,29,472
E02005130,8015,424,449,710,1066,1995,689,402,606,86,659,227,391,0,16,295
E02005131,5496,306,286,528,758,1579,433,242,392,26,375,132,252,0,12,175
E02005132,9172,579,1434,330,532,1346,275,568,927,28,1377,246,824,12,25,669
E02005133,8283,736,420,1292,1056,1852,662,274,512,37,379,221,419,13,47,363
E02005134,6963,341,818,202,448,1478,324,350,827,41,1138,250,340,24,13,369
E02005135,7582,403,637,400,670,1804,512,264,755,63,940,240,464,33,40,357
E02005136,7751,471,391,638,880,2001,769,264,600,55,557,229,528,6,52,310
E02005137,7769,412,528,492,612,1657,465,244,951,69,1268,338,415,5,25,288
E02005138,8162,773,869,748,872,1699,449,420,585,48,753,264,346,13,38,285
E02005139,8409,1063,467,1476,1280,1450,606,306,350,40,447,292,248,9,73,302
E02005140,7386,689,428,987,1058,1683,444,246,373,36,609,223,311,18,62,219
E02005141,6587,555,605,661,850,1587,394,286,334,42,445,217,252,14,42,303
E02005142,7069,588,357,828,870,1551,689,252,466,80,545,249,304,47,30,213
E02005143,8104,472,508,546,846,1835,506,380,765,65,1083,293,380,4,49,372
E02005144,8343,434,635,434,690,1783,562,282,981,69,1265,391,508,6,21,282
E02005145,6714,457,399,664,1038,1633,435,324,521,57,485,152,299,0,26,224
E02005146,7510,335,604,270,666,1741,453,318,793,60,1167,229,392,48,21,413
E02005147,8443,738,1484,354,706,1197,270,564,651,50,1118,243,423,58,38,549
E02005148,7508,603,413,980,1176,1704,633,266,446,53,410,187,343,16,37,241
E02005149,10252,389,577,748,1352,3098,921,534,865,106,694,244,368,0,29,327
E02005150,10122,449,768,602,996,2514,915,618,1081,109,957,341,369,0,23,380
E02005151,12557,523,543,834,1426,3905,1293,580,949,151,997,439,441,0,36,440
E02005153,8483,473,324,786,1090,2358,757,362,723,78,643,252,349,0,36,252
E02005154,10835,580,409,1058,1326,3866,792,352,635,69,666,291,338,0,38,415
E02005155,10915,196,426,548,1168,5009,600,418,856,49,785,189,340,0,11,320
E02005156,7154,385,347,666,878,2239,676,244,457,78,434,198,218,0,34,300
E02005157,6555,407,307,766,574,1783,671,152,541,46,534,224,264,0,17,269
E02005158,6477,328,229,636,830,2452,566,162,297,32,325,158,254,0,8,200
E02005159,7766,524,230,1002,812,2530,722,174,432,45,513,255,309,0,22,196
E02005160,9985,485,725,618,952,3048,634,596,813,78,786,256,366,0,18,610
E02005161,8193,339,523,374,880,2758,609,484,575,47,560,235,299,5,27,478
E02006833,10107,557,510,916,1388,2871,926,470,592,64,664,262,412,0,36,439
E02005162,10670,525,444,787,1212,3596,1089,396,676,76,652,300,386,0,27,504
E02005163,8174,314,372,482,792,3104,773,338,556,49,487,184,344,3,20,356
E02005164,7752,461,577,515,780,2254,563,440,629,73,598,274,270,0,15,303
E02005165,7606,397,381,618,922,2528,736,302,457,51,382,214,318,0,15,285
E02005166,6986,312,550,294,506,1849,531,296,782,71,807,317,307,0,16,348
E02005167,7657,361,283,750,928,3084,699,190,371,31,270,171,322,0,17,180
E02005168,7414,345,566,472,732,2818,441,526,379,33,328,129,230,6,18,391
E02005169,8779,475,1695,288,788,1839,217,1074,437,42,442,170,367,32,8,905
E02005170,9158,564,691,660,962,3040,529,626,541,45,497,242,220,2,22,517
E02005171,6101,355,526,374,498,1573,352,340,551,54,630,250,166,5,17,410
E02005172,8372,357,354,652,998,3207,699,264,553,75,380,197,290,0,18,328
E02005173,8477,455,665,810,1064,2765,511,532,393,28,330,194,253,2,21,454
E02005174,7290,446,291,640,870,2311,624,268,415,73,566,253,278,0,13,242
E02005175,8186,451,474,730,890,2660,701,366,543,35,470,219,311,0,16,320
E02005921,5234,266,259,590,950,1533,478,258,205,18,182,111,155,0,18,211
E02005922,8450,219,585,332,1002,2499,574,580,737,52,834,199,427,0,8,402
E02005923,5825,308,318,290,498,1479,335,268,478,44,538,279,593,7,4,386
E02005924,10725,515,1333,356,842,2487,451,938,794,47,970,226,742,11,17,996
E02005925,8470,342,379,400,640,2185,613,210,881,127,1224,374,633,5,24,433
E02005926,7492,448,423,902,902,2020,719,320,451,56,383,256,278,3,25,306
E02005927,5363,239,372,360,648,1734,465,268,310,27,334,140,213,10,25,218
E02005928,7267,318,315,774,1078,2450,694,278,310,34,368,159,211,2,43,233
E02005929,6744,336,326,684,1070,2265,562,240,293,41,317,157,202,2,15,234
E02005930,7581,360,364,674,1128,2578,528,360,367,54,382,188,261,33,16,288
E02005931,8744,240,396,476,1146,3673,633,426,495,30,393,157,288,0,20,371
E02005932,7014,94,477,182,652,2992,437,536,477,46,480,119,262,0,0,260
E02005933,7414,260,419,432,858,2270,688,350,536,60,497,264,317,0,12,451
E02005934,9155,318,401,682,998,2722,1000,360,686,74,606,312,506,0,21,469
E02005935,7209,365,642,262,694,2516,348,584,515,41,474,167,199,0,0,402
E02005936,8179,350,408,769,1186,2569,647,356,547,43,335,250,316,0,22,381
E02005937,6536,412,311,676,780,1646,594,300,315,51,328,242,396,25,16,444
E02005938,5554,262,199,478,508,1576,657,220,304,27,384,203,364,11,14,347
E02005939,5960,315,413,542,666,1545,713,350,365,50,325,166,244,13,26,227
E02005940,5847,408,468,461,618,1760,337,270,255,13,333,158,281,9,20,456
E02005941,6296,447,604,344,586,1881,294,300,224,18,461,149,267,35,23,663
E02005942,5519,272,634,340,620,1836,219,276,170,11,271,91,285,98,7,389
E02005943,6222,368,352,467,508,1750,483,232,243,23,403,177,378,138,19,681
E02005944,6956,322,571,240,468,1554,404,226,486,60,1055,303,605,89,13,560
E02005945,8883,483,796,526,704,2401,456,410,326,26,302,192,489,589,49,1134
E02005946,7969,409,580,412,774,2362,482,406,382,24,458,186,475,167,11,841
E02005947,5112,275,1050,184,522,871,144,398,84,12,237,83,150,435,5,662
E02005948,6150,297,792,166,558,1058,162,514,254,26,301,141,165,655,12,1049
E02005949,6161,285,572,233,332,1053,400,202,252,49,691,184,472,592,8,836
E02005950,10596,288,1058,158,542,1066,323,618,330,24,410,213,479,2904,20,2163
E02005951,5912,286,651,228,462,1331,199,362,224,19,328,172,260,328,12,1050
E02005952,13772,386,1155,430,932,2832,712,700,709,39,1113,331,1368,478,27,2560
E02005953,5649,170,477,92,382,1188,210,284,292,23,354,161,452,504,25,1035
E02005954,9530,523,656,458,684,2211,667,440,486,35,674,233,943,71,30,1419
E02005955,9700,389,793,420,696,2203,698,462,567,58,1302,341,806,20,21,924
E02005956,6085,242,459,280,298,1227,491,118,515,72,1094,275,542,20,10,442
E02005957,6882,199,599,160,326,1676,330,210,751,67,1479,226,521,7,20,311
E02005958,5675,251,337,326,616,1944,562,310,345,49,327,181,208,0,5,214
E02005959,5428,265,254,510,700,1677,599,234,253,42,218,153,194,11,15,303
E02005960,5836,369,286,538,698,1941,448,256,306,56,297,154,234,2,22,229
E02005961,6593,336,338,679,852,2021,621,370,297,48,284,178,264,4,24,277
E02005962,8264,346,333,733,1212,2678,1012,268,416,64,423,214,230,0,22,313
E02005963,8013,354,472,626,962,2349,777,362,555,80,414,206,434,2,40,380
E02005964,7255,371,313,720,922,2456,662,304,335,55,310,212,250,0,15,330
E02005965,5402,302,255,512,786,1852,383,238,277,23,211,181,166,0,15,201
E02005966,8039,100,580,142,918,3230,349,682,631,52,542,156,235,2,9,411
E02005967,5585,283,297,434,600,1646,568,222,399,48,446,148,167,5,13,309
E02005968,6559,248,260,520,984,2844,459,208,262,23,197,129,192,0,3,230
E02005969,9021,560,653,748,990,2869,676,458,487,59,545,243,284,2,28,419
E02005970,5635,152,601,204,484,1499,379,374,455,65,541,185,211,2,3,480
E02005971,5727,371,239,516,528,1666,542,218,397,35,367,181,261,0,3,403
E02005972,7896,394,328,808,1076,2624,706,372,396,52,342,212,262,2,32,290
E02005973,5501,536,451,592,568,1356,379,276,248,29,335,170,178,0,8,375
E02005974,6018,373,461,554,582,2026,318,316,315,9,366,150,192,3,12,341
E02005975,7564,407,286,888,1118,2706,730,218,228,50,305,151,211,0,20,246
E02005976,5795,244,217,612,852,2232,481,186,187,19,198,120,212,0,30,205
E02005977,5677,308,203,730,656,1922,568,166,305,19,263,169,134,0,25,209
E02005978,6592,349,309,678,910,2014,654,282,234,18,287,159,293,9,14,382
E02005979,8845,588,453,908,1006,2613,791,390,442,59,331,246,394,13,21,590
E02005980,9902,506,428,930,1332,3590,849,348,425,54,411,189,332,4,23,481
E02005981,8984,261,495,586,1214,3391,1047,344,369,58,425,216,273,0,12,293
E02005982,5843,239,394,504,674,2030,474,328,322,20,301,167,163,5,9,213
E02005983,10448,616,1113,669,1086,2703,596,764,665,44,949,240,329,3,23,648
E02005984,6871,291,320,738,1066,2336,628,286,258,41,309,121,218,0,15,244
E02005985,7556,443,481,614,810,1783,724,322,544,54,718,233,326,7,23,474
E02005986,8918,460,665,628,1100,2743,527,494,662,67,573,267,405,4,23,300
E02005987,7596,408,427,668,856,2325,728,342,423,35,432,236,337,0,32,347
E02005988,7178,287,395,674,880,2359,699,280,467,44,398,193,199,0,25,278
E02005991,9657,535,603,826,1062,2994,838,492,721,54,561,274,250,6,16,425
E02005992,8918,502,476,886,1226,2925,657,394,444,28,498,229,276,0,34,343
E02006886,10736,462,559,944,1594,4000,800,394,466,40,409,222,361,24,48,413
E02005993,6283,457,437,546,760,1672,493,360,393,59,444,170,228,6,24,234
E02005994,5801,288,335,528,864,1923,479,278,285,35,227,137,158,0,13,251
E02005995,5850,362,323,633,894,1890,489,232,307,49,214,133,145,0,13,166
E02005996,7973,554,439,832,1050,2541,561,370,385,31,449,199,219,14,25,304
E02005997,5537,365,319,614,828,1530,526,198,298,23,276,181,191,0,19,169
E02005998,5716,288,263,626,794,1916,611,234,256,25,161,122,166,0,21,233
E02005999,6110,295,284,624,880,1906,565,258,304,77,249,164,262,0,10,232
E02006000,11686,424,752,780,1362,3774,896,690,851,79,774,270,466,0,20,548
E02006001,5613,167,375,298,608,1844,443,338,496,34,426,154,179,0,9,242
E02006002,10004,674,718,808,1022,2482,741,616,630,56,745,291,410,7,37,767
E02006003,5395,299,247,554,634,1572,565,240,332,23,329,187,165,0,11,237
E02006004,5436,364,336,608,958,1508,386,288,275,29,235,126,125,2,3,193
E02006005,9020,131,564,324,1202,3508,495,614,619,54,641,190,273,10,20,375
E02006006,5495,282,388,420,668,1770,537,220,271,42,328,139,182,5,9,234
E02006007,6496,369,313,650,980,2144,538,256,302,49,261,159,192,2,18,263
E02006317,6007,317,367,466,644,1759,483,250,382,62,388,222,298,2,10,357
E02006318,6271,336,468,458,722,2341,445,342,284,13,156,150,201,2,9,344
E02006319,6708,398,483,346,572,1922,636,300,509,54,532,272,329,4,14,337
E02006320,6511,256,623,252,584,1852,454,406,566,39,585,251,255,0,22,366
E02006321,6182,294,319,356,680,2593,376,328,320,26,245,127,274,6,12,226
E02006322,6313,297,334,356,692,2598,450,300,313,23,296,151,216,21,7,259
E02006323,6790,412,583,484,722,2041,456,470,321,34,371,179,254,8,16,439
E02006324,7339,238,323,454,722,2894,699,272,417,46,478,201,286,0,19,290
E02006325,8915,385,213,628,884,4320,675,218,321,14,328,181,430,14,11,293
E02006326,6461,352,448,488,692,2288,491,310,305,38,294,167,257,3,13,315
E02006327,6305,386,410,578,670,2506,413,248,242,26,254,121,193,4,14,240
E02006328,8867,553,886,476,924,3211,459,588,354,42,482,235,257,4,15,381
E02006329,6698,299,354,506,684,2609,561,238,292,22,368,176,270,2,16,301
E02006330,9178,665,520,796,886,3152,718,298,442,59,503,285,431,5,12,406
E02006331,7094,431,247,596,708,2931,565,222,261,16,331,213,309,0,25,239
E02006332,6291,242,451,382,780,2464,386,256,248,15,292,137,340,0,12,286
E02006333,9223,532,528,732,868,3572,649,294,429,45,566,299,363,0,37,309
E02006334,8330,350,268,768,914,3908,607,212,225,35,266,175,393,5,14,190
E02006335,7831,443,385,704,836,2504,922,260,291,23,343,263,373,7,31,446
E02006336,6793,290,385,336,558,2239,630,214,505,55,637,327,317,0,16,284
E02006337,8741,372,263,821,972,3197,1161,188,418,55,326,272,316,2,30,348
E02006338,6791,339,227,506,714,2264,702,214,408,54,345,255,378,15,33,337
E02006339,8783,244,557,322,760,2940,658,418,636,66,773,291,500,62,15,541
E02006341,9498,508,600,599,790,3053,723,364,486,36,561,358,464,320,13,623
E02006342,6948,628,772,452,630,1806,256,488,311,24,369,188,214,205,45,560
E02006343,8238,402,342,674,966,3215,680,242,346,24,418,204,349,10,28,338
E02006837,10403,520,453,1030,1120,3828,1129,344,402,38,360,260,400,30,19,470
E02006344,8151,390,385,796,1034,2898,721,270,389,30,346,220,255,0,19,398
E02006345,6159,250,232,484,934,2507,424,222,272,28,224,107,222,19,22,212
E02006346,9684,558,310,1068,1282,3859,842,240,341,37,371,200,279,14,21,262
E02006347,7126,272,569,550,938,2215,552,478,410,31,384,208,194,19,18,288
E02006348,8449,401,435,776,1030,2571,740,328,419,60,420,237,354,97,24,557
E02006349,7798,268,514,248,800,2582,501,460,480,38,458,193,218,314,29,695
E02006350,6179,259,353,290,520,1514,467,288,409,59,499,215,393,117,15,781
E02006351,8239,413,601,482,790,3111,647,380,321,50,511,204,362,50,15,302
E02006352,6077,236,246,328,510,1777,608,252,317,35,247,165,209,559,6,582
E02006353,6127,330,404,432,764,1641,475,346,404,35,467,214,256,0,9,350
E02006354,8871,455,468,852,902,3686,726,320,261,27,337,190,236,9,14,388
E02006355,6292,239,345,302,436,1345,442,196,426,66,533,231,313,713,13,692
E02006356,10352,467,1464,362,952,2275,344,1160,425,19,441,184,263,465,20,1511
E02006357,6133,280,439,478,930,1922,496,294,264,55,278,186,219,2,14,276
E02006358,6187,289,393,286,566,1644,434,308,201,13,199,137,225,754,15,723
E02006359,5858,351,427,512,722,1971,378,336,219,17,184,94,154,92,22,379
E02006360,7787,414,387,736,952,2891,552,366,293,35,317,204,308,5,35,292
E02006361,5451,288,290,526,754,1888,436,206,205,17,198,130,267,13,10,223
E02006362,6600,427,255,740,744,2548,651,134,280,28,281,140,130,0,20,222
E02006363,5741,351,249,564,670,2133,474,196,212,38,204,163,235,0,17,235
E02006364,6976,367,821,293,688,1731,418,444,558,48,616,251,240,5,16,480
E02006365,5679,455,381,616,710,1933,448,216,197,13,206,104,135,0,27,238
E02006366,7909,350,292,928,956,2926,867,206,312,51,283,214,290,2,22,210
E02006367,5741,421,285,784,646,1973,493,136,209,17,280,133,175,0,14,175
E02006368,5572,431,267,680,648,1816,555,164,204,18,258,139,194,0,28,170
E02006369,6398,473,402,781,894,2013,470,298,225,24,241,181,126,5,52,213
E02006370,5956,429,463,426,692,2050,444,334,234,22,261,150,160,6,16,269
E02006371,6800,502,552,509,798,2054,497,328,374,36,362,149,240,3,7,389
E02006372,6349,328,457,444,714,1765,516,298,490,73,581,217,185,0,20,261
E02006373,7467,339,399,620,996,2530,595,348,424,49,381,203,295,0,15,273
E02006374,6797,379,402,604,932,2057,568,334,351,42,290,198,318,2,18,302
E02006375,6189,267,211,536,724,2300,732,224,257,46,243,165,295,2,12,175
E02006376,7829,574,423,790,836,2507,767,286,393,56,432,201,169,0,29,366
E02006377,5782,299,215,612,704,1918,623,152,330,27,229,183,257,0,9,224
E02006378,8681,283,416,622,962,3142,874,318,506,66,457,208,424,3,16,384
E02006379,5830,389,479,276,490,1587,383,268,508,41,624,214,325,0,20,226
E02006380,6906,406,282,744,834,2526,667,240,263,34,231,159,206,0,14,300
E02006381,6751,336,358,668,898,2114,724,274,287,54,226,161,334,3,20,294
E02006382,6404,325,436,234,624,2001,538,280,547,65,544,223,311,0,12,264
E02006383,8716,530,682,796,1016,3064,530,570,395,24,310,185,224,5,31,354
E02006384,9943,522,809,584,866,3226,726,516,596,41,689,326,389,19,22,612
E02006385,9823,257,1031,330,1100,3149,483,1016,598,21,571,205,394,2,29,637
E02006386,7760,403,468,468,842,3195,479,390,403,23,377,152,216,2,10,332
E02006387,6427,340,330,418,652,2247,442,224,465,34,533,237,278,0,6,221
E02006388,8728,352,607,422,942,2979,673,462,549,58,582,252,359,2,13,476
E02006389,6737,361,357,486,796,1988,707,268,475,63,435,190,295,0,14,302
E02006390,7848,355,375,544,908,2327,785,284,545,52,604,334,317,3,5,410
E02006391,5907,191,296,322,744,1998,566,352,401,47,325,187,219,0,2,257
E02006392,8085,533,665,494,808,1879,739,554,582,38,522,267,298,4,13,689
E02006393,6384,386,549,338,502,1484,340,332,208,16,318,132,215,1075,15,474
E02006394,8208,496,542,474,664,2188,522,264,324,56,341,176,346,1350,18,447
E02006395,9080,467,662,456,934,2513,859,444,571,69,671,324,398,64,23,625
E02006396,5551,327,422,468,696,1533,514,254,277,56,252,188,205,4,26,329
E02006397,5801,283,295,518,726,2139,441,218,185,11,213,143,274,9,13,333
E02006398,7558,448,669,458,754,1998,556,478,560,64,509,243,333,4,15,469
E02006399,10547,596,806,811,1186,2971,800,494,680,111,721,305,466,19,37,544
E02006400,5558,284,366,498,742,1823,415,216,229,43,269,127,200,32,2,312
E02006401,9117,543,749,634,978,2657,809,424,595,61,581,267,353,13,11,442
E02006402,9542,515,431,820,1114,3067,1008,352,470,76,534,296,349,0,17,493
E02006403,6035,228,676,300,554,1392,509,276,406,60,552,271,411,5,12,383
E02006404,6563,239,365,316,442,1720,619,212,496,82,707,265,584,0,19,497
E02006405,10050,433,503,709,1068,2946,1115,412,630,57,492,299,615,15,44,712
E02006406,7811,325,894,368,874,2227,494,480,381,45,422,196,322,15,31,737
E02006407,8771,519,471,717,806,2632,1046,318,567,64,480,288,384,0,20,459
E02006408,8223,421,613,612,736,2370,730,418,596,31,553,258,385,2,36,462
E02006409,6714,410,362,404,552,1972,666,220,488,73,557,290,328,0,30,362
E02006410,7987,354,486,382,650,2317,748,336,657,80,738,319,415,0,28,477
E02006411,7095,453,381,750,824,2206,768,326,278,60,269,218,225,8,11,318
E02006412,6790,417,342,636,770,2084,718,272,371,40,331,173,277,2,28,329
E02006413,5999,383,346,532,576,1775,569,186,400,55,365,244,294,3,14,257
E02006414,6139,315,332,514,656,1724,692,244,363,56,445,257,242,0,9,290
E02006415,6660,534,460,835,768,1747,599,300,320,43,305,205,178,0,28,338
E02006416,8117,434,390,862,1118,2932,624,344,297,51,275,239,239,0,11,301
E02006417,5508,275,409,336,700,1746,427,282,323,35,274,160,251,0,10,280
E02006418,6756,320,351,648,898,2465,601,316,306,66,221,138,220,0,12,194
E02006419,7902,321,421,476,670,2390,558,328,577,89,675,343,518,0,14,522
E02006420,7282,284,269,740,834,2787,700,254,296,25,215,132,407,0,12,327
E02006421,7948,284,326,560,890,3248,809,266,370,53,328,174,308,2,22,308
E02006422,6026,217,264,418,742,2342,546,260,297,61,300,146,236,0,2,195
E02006423,10143,480,646,682,962,2864,846,484,562,94,594,349,773,0,28,779
E02006424,6159,236,204,658,826,2186,693,156,230,32,195,151,296,0,15,281
E02006425,6074,236,304,508,592,1909,584,214,363,54,351,213,460,6,11,269
E02006426,5717,249,274,380,722,1995,652,236,312,33,249,149,196,0,4,266
E02006427,6808,312,361,464,874,2457,623,282,334,57,257,157,310,3,23,294
E02006429,7209,318,650,548,824,1992,632,438,510,60,377,241,278,0,18,323
E02006430,8793,312,547,458,794,2967,665,420,710,47,738,333,356,4,30,412
E02006431,9978,559,681,722,1154,3105,786,506,671,68,537,306,389,6,36,452
E02006432,5319,368,261,478,602,1716,537,166,290,32,274,121,243,0,16,215
E02006433,9226,606,352,895,1086,3415,717,316,387,42,414,221,334,0,38,403
E02006434,6006,276,269,484,630,2110,579,200,403,52,427,208,168,4,21,175
E02006435,5664,285,362,402,748,1788,452,230,351,39,309,162,306,2,15,213
E02006436,5832,315,295,484,654,1790,463,268,429,51,401,170,276,0,25,211
E02006437,7791,448,394,640,994,2548,673,322,421,79,264,224,375,0,46,363
E02006438,7711,382,398,785,1032,2326,729,362,415,39,262,141,428,0,33,379
E02006790,7387,507,324,640,800,2139,752,296,466,83,456,266,269,0,28,361
E02006439,5851,349,336,554,806,1849,456,228,322,37,320,163,183,6,20,222
E02006440,7126,291,341,582,896,2317,617,292,390,34,479,224,305,76,12,270
E02006441,7161,566,643,497,722,1794,332,492,452,17,336,193,260,376,16,465
E02006442,5819,300,231,668,710,2425,393,156,188,15,196,94,243,4,15,181
E02006443,7210,512,477,504,764,1968,639,332,444,52,533,241,299,0,31,414
E02006444,6679,368,356,561,716,2573,421,220,295,45,342,194,248,65,11,264
E02006445,6497,331,619,472,916,2054,356,510,278,15,245,161,90,3,21,426
E02006446,6561,445,314,680,854,2478,504,172,297,30,216,148,165,3,10,245
E02006447,5994,288,297,579,678,2336,429,202,297,31,300,163,158,30,8,198
E02006448,7146,299,334,510,904,2776,541,300,382,29,427,133,226,5,20,260
E02006449,6880,468,354,710,762,2375,557,288,313,24,321,200,218,9,27,254
E02006450,6488,292,274,544,932,2505,491,208,293,28,277,160,269,0,8,207
E02006451,10163,672,589,1142,1248,3173,936,338,466,58,528,281,288,5,41,398
E02006453,7556,570,351,808,1116,2611,563,228,226,33,284,236,232,16,18,264
E02006454,6521,498,299,662,778,2368,445,274,320,30,284,169,159,0,20,215
E02006455,5634,334,461,328,686,1982,394,284,274,29,301,159,176,0,6,220
E02006839,7933,435,404,826,1114,2972,647,278,250,52,252,153,266,3,17,264
E02006456,7662,455,409,498,726,2376,638,410,476,78,591,239,343,0,22,401
E02006457,9019,463,352,984,1080,3584,816,252,306,33,274,178,273,6,17,401
E02006458,9009,359,375,836,1070,3513,946,288,301,43,310,176,356,0,16,420
E02006459,10563,306,643,214,660,3385,673,340,336,85,627,321,1632,21,11,1309
E02006460,9484,434,798,333,916,2977,858,522,636,108,715,265,518,2,6,396
E02006461,6566,315,425,558,784,2243,530,308,173,35,238,138,372,10,26,411
E02006462,8412,301,525,404,882,2989,637,436,564,77,506,247,410,3,27,404
E02006463,9445,595,1026,412,1032,2893,424,746,377,40,340,210,416,22,25,887
E02006464,6847,360,444,470,788,2023,641,320,434,62,385,204,328,0,10,378
E02006465,6091,288,366,486,792,2134,579,330,169,24,171,105,288,5,14,340
E02006466,8691,386,444,456,812,2899,682,340,634,104,605,323,458,9,44,495
E02006467,6493,239,191,578,764,2626,565,242,243,30,276,130,317,2,19,271
E02006534,8497,561,387,799,870,2187,878,298,642,68,545,341,448,0,35,438
E02006535,6568,419,317,756,934,2002,634,284,312,33,264,171,200,2,24,216
E02006536,6816,410,330,606,962,1844,684,282,427,51,388,232,291,0,39,270
E02006537,9988,692,710,646,816,2350,693,412,994,120,1103,404,498,3,28,519
E02006538,8464,642,845,654,972,1868,501,612,681,46,644,238,258,0,27,476
E02006539,7038,469,486,760,852,1604,631,324,401,38,539,238,354,4,40,298
E02006540,5654,494,365,646,618,1169,490,272,371,90,458,189,209,0,32,251
E02006541,7399,774,652,790,838,1403,455,418,512,58,553,257,239,7,64,379
E02006542,5608,466,431,654,800,1424,349,284,220,14,311,131,220,0,19,285
E02006543,5528,406,298,654,790,1405,435,212,366,46,275,149,206,0,25,261
E02006544,9849,593,470,976,1358,2937,913,372,466,56,499,315,471,7,45,371
E02006545,8240,422,572,488,892,1979,592,318,751,85,946,306,461,6,35,387
E02006546,9526,808,458,1184,1126,2550,649,326,565,77,710,300,390,0,47,336
E02006547,5462,302,321,478,782,1489,415,226,408,49,396,108,236,0,23,229
E02006548,9394,675,559,926,1056,2663,694,436,595,54,808,286,292,3,43,304
E02006549,5798,668,284,1312,902,1134,402,204,143,30,145,140,153,8,50,223
E02006550,9327,774,443,1218,1200,2060,929,262,577,75,674,303,381,4,45,382
E02006551,7559,1173,443,1712,1208,1162,469,292,185,31,212,156,149,0,105,262
E02006552,6778,568,1075,360,626,1081,309,488,480,34,627,178,462,4,18,468
E02006553,7273,492,407,688,870,1769,610,342,545,39,517,215,339,19,47,374
E02006554,6657,665,401,962,908,1568,413,228,326,41,475,169,211,0,39,251
E02006555,7362,461,563,457,636,1640,434,394,626,65,719,275,355,138,32,567
E02006556,8154,725,387,1212,1074,2085,726,268,367,51,385,192,301,14,61,306
E02006557,7017,331,477,358,546,1724,505,284,611,54,699,285,541,31,20,551
E02006558,9102,931,1467,634,768,1199,381,744,524,55,642,247,424,95,41,950
E02006559,8031,840,265,1807,1310,1578,600,278,265,61,273,198,219,0,75,262
E02006560,9079,930,469,1582,1254,1848,675,354,483,53,510,251,288,4,61,317
E02006561,6480,327,321,578,906,2425,462,204,321,38,343,137,188,6,17,207
E02006562,5855,303,231,704,854,1994,531,200,245,38,221,97,215,0,21,201
E02006563,5549,345,296,658,892,1724,440,190,200,18,217,141,174,8,37,209
E02006564,7145,729,526,854,896,1715,564,356,388,52,453,218,135,0,23,236
E02006565,7799,570,501,904,1164,2232,586,272,336,36,376,251,229,4,29,309
E02006566,7499,577,428,1098,976,1944,537,230,310,28,394,254,262,96,60,305
E02006567,7404,441,386,836,1058,2226,572,272,342,35,399,209,293,0,33,302
E02006568,10336,834,1001,714,916,2023,554,460,643,71,798,405,382,698,34,803
E02006569,7203,527,449,842,1048,2278,429,276,319,46,280,144,262,4,38,261
E02006570,8065,841,997,606,898,1390,353,538,466,19,498,245,238,286,34,656
E02006571,7519,567,434,880,976,2074,644,322,331,35,417,186,257,27,37,332
E02006572,8984,523,612,652,1044,2384,563,416,594,83,727,264,420,143,34,525
E02006573,10538,983,584,1630,1454,2342,819,370,511,73,499,288,441,8,67,469
E02006574,10461,1045,570,1562,1440,2145,800,372,483,77,698,272,442,2,70,483
E02006575,8119,323,430,362,488,2170,705,200,437,58,667,314,1026,15,25,899
E02006576,7946,315,530,462,920,2531,794,354,489,41,405,234,331,2,5,533
E02006577,7766,529,539,504,682,2013,622,294,574,35,720,262,423,3,10,556
E02006578,9610,473,900,510,772,2352,599,624,525,41,670,344,702,2,21,1075
E02006579,7864,419,527,514,746,2114,620,340,445,61,695,238,469,0,12,664
E02006580,7935,373,528,574,740,2071,770,362,473,50,691,294,483,0,13,513
E02006581,8380,468,777,464,734,1946,524,370,501,37,720,299,587,5,17,931
E02006582,7932,125,446,252,970,3419,470,420,510,41,487,102,311,0,3,376
E02006583,8879,469,703,602,904,2579,777,482,482,49,629,220,414,3,7,559
E02006584,7442,175,638,148,614,1983,661,254,622,72,974,263,545,4,3,486
E02006585,7770,475,374,582,604,2134,653,210,522,48,712,363,576,0,4,513
E02006586,7836,92,431,114,488,2534,599,268,604,58,803,324,868,0,2,651
E02006587,8380,232,838,146,728,1951,576,386,787,62,1132,282,594,2,10,654
E02006588,7322,336,700,450,942,2225,577,378,361,75,397,162,345,0,25,349
E02006589,11206,430,582,828,1528,4494,1036,422,469,52,545,226,322,3,23,246
E02006590,8474,468,618,652,978,2677,653,418,509,46,571,232,235,8,10,399
E02006591,7902,465,624,571,842,2488,579,452,443,38,529,227,253,4,22,365
E02006592,5925,299,309,514,888,1985,577,184,307,38,248,109,209,0,12,246
E02006593,10213,846,958,722,938,2857,563,558,595,65,638,332,493,0,44,604
E02006594,6701,354,474,529,936,2079,525,302,356,52,372,205,217,0,14,286
E02006595,7662,342,345,896,1230,2572,644,296,347,35,242,159,236,0,12,306
E02006596,8692,291,439,464,962,3717,734,410,448,68,464,204,238,2,17,234
E02006597,9313,533,592,783,1162,3106,662,442,528,74,538,251,289,0,29,324
E02006598,5398,220,278,426,808,1870,495,206,272,46,225,120,197,2,7,226
E02006599,6975,465,211,1237,1338,1768,657,184,195,48,234,144,193,0,37,264
E02006600,9201,844,638,1036,1294,2220,623,448,573,67,508,242,299,0,45,364
E02006601,7933,617,425,900,956,2096,696,276,501,41,525,231,359,0,38,272
E02006602,7225,282,317,756,1060,2403,634,312,300,44,369,166,264,0,30,288
E02006603,8491,664,510,1050,1116,2497,728,314,382,60,442,202,263,0,33,230
E02006604,12302,845,1084,756,1196,3268,1053,582,744,77,931,417,503,2,42,802
E02006605,6109,249,322,470,756,1983,618,224,253,36,327,186,334,0,25,326
E02006606,8069,313,485,608,1014,2664,819,402,439,49,439,280,230,2,14,311
E02006607,7436,347,321,814,918,2618,782,250,286,50,312,205,221,4,13,295
E02006608,5749,309,237,550,794,1786,652,176,237,40,253,175,278,0,36,226
E02006609,6777,342,314,602,892,2321,620,254,382,43,258,161,321,0,13,254
E02006610,6851,333,393,530,800,2565,495,308,335,36,263,150,288,0,24,331
E02006611,10026,633,411,1080,1284,3672,921,366,440,41,356,253,213,0,39,317
E02006612,9888,623,1113,492,1132,2950,510,826,458,27,472,235,333,11,26,680
E02006613,7218,397,515,406,684,2334,618,340,500,46,503,278,272,0,14,311
E02006614,9990,490,615,913,1234,3533,759,398,525,53,545,240,270,0,28,387
E02006615,6714,216,360,328,694,2564,543,380,505,29,473,178,221,2,7,214
E02006616,8051,395,372,698,962,2652,814,310,485,41,465,257,236,0,16,348
E02006617,8989,549,731,530,924,2719,664,436,618,67,606,314,328,0,25,478
E02006618,5996,236,210,692,796,2060,711,166,298,13,235,188,165,10,18,198
E02006619,7982,342,452,528,936,2894,596,320,540,46,458,239,314,0,29,288
E02006620,9144,802,412,1128,1056,2810,788,346,474,55,454,255,233,0,48,283
E02006621,7488,574,296,1162,1260,1881,628,270,296,38,247,172,321,4,47,292
E02006622,7648,571,577,804,938,1969,533,272,456,61,534,246,301,0,45,341
E02006623,7836,517,470,602,854,1947,668,330,641,85,784,277,325,6,13,317
E02006624,7135,379,338,633,796,2615,643,234,345,25,348,168,314,2,35,260
E02006625,8002,390,594,362,768,2714,599,384,590,45,591,264,323,0,17,361
E02006626,7403,321,526,406,638,1970,510,330,653,59,872,331,441,0,10,336
E02006627,8404,532,645,848,982,2171,606,332,529,43,617,347,313,8,31,400
E02006628,8936,495,980,275,656,2355,436,496,798,47,1029,245,447,52,42,583
E02006629,7735,478,735,410,670,2009,510,358,618,65,703,311,453,12,33,370
E02006630,7405,854,1330,488,666,1299,275,670,424,21,466,177,251,4,44,436
E02006631,8939,734,1819,389,746,1379,213,834,530,31,762,187,351,72,46,846
E02006632,7878,756,738,820,864,2027,509,386,425,35,393,194,274,13,53,391
E02006633,7943,859,382,1326,1058,1936,589,256,351,29,362,206,250,0,64,275
E02002985,5147,326,299,424,550,1352,526,206,354,42,409,195,202,11,20,231
E02002986,4972,519,336,475,468,1235,413,198,399,17,451,156,128,6,19,152
E02002987,5371,405,257,704,652,1683,536,156,193,24,304,139,130,11,23,154
E02002988,5413,335,446,421,564,1660,348,262,311,6,417,169,130,50,23,271
E02002989,5281,437,301,563,488,1460,433,234,291,18,367,124,188,69,33,275
E02002990,5887,224,835,278,586,1296,175,544,374,33,422,131,125,347,9,508
E02002991,9794,749,1993,706,978,1465,233,886,247,22,434,171,176,696,32,1006
E02002992,5831,465,371,394,544,1870,353,214,256,27,361,121,196,247,13,399
E02002993,5269,279,922,206,476,823,187,504,210,7,275,73,113,582,25,587
E02002994,9914,647,540,1110,1330,3044,786,430,425,61,541,264,296,25,33,382
E02002995,5193,266,497,253,352,970,287,196,516,38,857,245,223,120,13,360
E02002996,7941,487,676,650,896,1759,326,368,261,22,241,169,221,1250,34,581
E02002997,5823,228,329,272,436,903,321,266,271,24,223,138,101,1646,19,646
E02002998,5819,286,366,288,386,1141,305,224,280,31,386,138,139,1301,4,544
E02002999,5529,336,339,405,596,1237,517,198,501,33,530,138,210,138,17,334
E02003000,9042,583,391,1154,1314,2724,931,278,411,68,330,227,288,9,33,301
E02003001,5410,285,288,482,674,1720,424,202,256,32,247,142,125,231,16,286
E02003002,5380,403,352,454,464,1426,357,192,348,49,510,184,186,203,24,228
E02003003,5681,271,361,373,558,1435,466,280,303,33,569,215,210,117,8,482
E02003004,6173,258,260,528,826,2127,657,194,349,31,290,139,254,0,18,242
E02003005,6152,304,267,682,872,2057,667,134,206,23,263,136,289,6,21,225
E02003006,8474,366,508,636,1036,2765,678,408,629,59,564,212,301,10,36,266
E02003007,8140,436,408,652,1168,2427,856,342,496,59,470,234,274,41,17,260
E02003008,5607,236,361,353,572,1499,502,296,516,45,640,158,204,2,13,210
E02003009,5857,289,360,498,680,1723,530,270,430,24,431,157,201,6,14,244
E02003010,5807,234,276,352,666,1669,650,314,542,45,503,159,202,5,9,181
E02003011,5070,338,204,610,644,1384,550,162,279,56,366,130,158,0,7,182
E02003172,6225,456,357,608,624,1333,541,202,490,50,608,282,310,7,52,305
E02003173,6595,492,420,770,790,1119,500,314,522,70,666,294,210,15,38,375
E02003174,8021,562,468,868,890,2120,659,318,411,66,526,243,331,83,47,429
E02003175,8925,457,623,547,918,2854,569,418,678,45,678,290,458,7,38,345
E02003176,7012,409,556,384,596,1460,463,234,725,64,969,340,382,60,15,355
E02003177,7971,399,414,530,858,2557,683,314,474,29,483,215,397,143,37,438
E02003178,8292,448,513,589,772,1890,614,374,595,93,717,267,491,365,57,507
E02003179,6425,481,401,576,554,1443,468,234,471,73,711,285,418,16,29,265
E02003180,9410,378,676,286,578,1756,462,436,550,51,620,265,459,2024,32,837
E02003181,8380,365,525,434,802,2343,600,340,476,51,508,218,433,511,18,756
E02003182,6503,305,433,498,798,2057,561,216,317,45,296,225,314,50,26,362
E02003183,6869,303,444,548,694,1500,462,274,256,48,251,169,342,840,41,697
E02003184,7751,241,733,183,496,1306,293,534,534,28,454,163,544,1089,26,1127
E02003185,7498,321,465,446,782,2382,493,282,551,39,611,279,322,7,24,494
E02003186,8795,259,916,184,642,1791,343,500,753,31,900,224,600,437,39,1176
E02003187,8962,400,1051,468,698,1855,393,512,632,58,744,278,538,394,43,898
E02003188,9183,923,2078,408,724,961,160,1014,358,24,324,114,273,389,46,1387
E02003189,7918,700,971,626,814,1497,456,524,410,28,496,217,378,85,49,667
E02003190,9406,524,2487,284,752,1115,178,960,592,21,716,176,367,179,8,1047
E02003191,7862,778,607,1136,1056,1794,528,400,264,30,346,200,240,0,35,448
E02003192,9154,701,1721,696,836,1069,149,764,314,25,474,175,326,533,26,1345
E02006883,5299,653,1071,408,514,523,83,670,169,13,180,120,158,81,20,636
E02006885,6682,609,1296,730,828,712,176,682,196,12,199,107,116,144,38,837
E02003012,10582,624,1025,674,1072,2053,696,540,937,73,1468,382,505,10,32,491
E02003013,11824,691,829,568,904,2603,804,438,970,164,1729,490,824,34,19,757
E02003014,7715,433,659,348,590,1520,441,248,851,67,1403,351,426,17,13,348
E02003015,5737,336,371,374,518,1460,364,270,278,34,659,212,283,95,15,468
E02003016,7481,244,653,200,524,1473,436,448,415,37,1053,282,357,392,23,944
E02003017,5877,541,437,514,692,1808,362,352,241,21,253,160,153,10,20,313
E02003018,5728,339,358,436,632,1376,497,208,407,68,613,192,308,19,40,235
E02003019,9261,539,688,600,994,2073,722,554,730,96,935,335,434,0,38,523
E02003020,5892,496,225,626,776,2412,411,152,173,16,149,119,121,13,28,175
E02003021,6737,236,479,228,492,1448,317,462,389,27,479,178,274,530,9,1189
E02003022,5856,371,222,623,682,2382,489,160,198,31,191,105,128,15,45,214
E02003023,5880,427,492,412,620,1319,424,282,266,28,506,195,253,270,27,359
E02003024,8061,619,709,482,638,1639,571,438,441,34,802,251,396,433,25,583
E02003025,6701,383,488,354,460,1302,410,266,344,92,1061,261,589,74,21,596
E02003026,7261,484,481,930,1032,2308,524,298,260,26,303,152,185,26,21,231
E02003027,11554,366,872,246,884,3450,454,936,794,46,523,215,301,704,28,1735
E02003028,8312,354,732,376,724,2966,319,508,420,6,364,117,194,351,2,879
E02003029,6203,291,418,240,474,1618,394,238,502,42,943,245,494,46,18,240
E02003030,7122,254,871,270,542,1836,340,448,410,18,608,230,479,208,6,602
E02003031,10083,196,1073,170,700,2643,357,866,573,23,429,144,382,841,14,1672
E02003032,7200,355,630,352,630,1675,520,430,481,53,859,245,368,85,32,485
E02003033,8896,215,998,168,608,1250,161,920,170,18,220,65,256,2311,17,1519
E02003034,12190,292,1947,112,512,1736,151,972,538,32,1964,370,841,273,18,2432
E02003036,7934,174,1591,109,508,1022,101,986,240,12,353,86,182,1309,10,1251
E02003037,8654,301,1312,132,694,1103,142,1050,210,6,197,45,120,1775,20,1547
E02003038,6331,362,570,348,562,1577,488,396,457,51,614,209,273,7,21,396
E02003039,7936,460,803,418,652,1856,535,434,557,50,1004,241,383,7,25,511
E02003040,9023,415,1312,272,764,1594,292,784,717,36,1068,251,414,44,32,1028
E02003041,5853,325,941,254,596,805,124,710,137,25,157,44,140,612,8,975
E02003043,10166,245,1802,114,600,649,100,1026,181,6,297,112,207,3185,32,1610
E02003044,5784,241,490,433,654,1414,540,416,391,34,436,169,263,4,12,287
E02003045,6099,240,1017,166,570,779,110,754,215,10,241,83,167,831,10,906
E02003046,9200,369,954,361,994,2064,631,772,752,33,833,310,416,7,14,690
E02003047,9852,445,1106,320,796,2144,418,1028,643,48,618,210,279,201,18,1578
E02003048,6497,193,1057,158,600,1154,285,822,473,38,539,181,134,25,4,834
E02003049,7163,415,501,550,774,1750,618,396,598,40,692,253,199,8,22,347
E02003050,8360,544,1295,316,700,1171,355,968,440,46,563,249,270,55,28,1360
E02003051,6664,238,590,188,510,1376,284,626,666,34,715,216,256,31,18,916
E02003052,6497,355,432,400,680,1423,476,562,521,37,419,165,186,54,37,750
E02003053,8012,407,588,476,802,2156,662,402,663,43,498,256,438,13,35,573
E02003054,6391,280,503,370,688,1727,654,376,493,27,435,195,276,0,13,354
E02003055,8300,350,434,338,566,1863,616,268,960,110,1380,358,648,2,17,390
E02003056,7202,320,470,278,538,1543,533,234,757,88,1347,257,415,9,25,388
E02003057,5771,370,313,484,572,1297,649,270,400,40,489,225,294,11,35,322
E02003058,8873,519,650,618,890,1843,886,464,786,100,1086,290,367,21,23,330
E02003059,5638,365,307,472,576,1259,532,208,581,52,687,207,197,0,19,176
E02003060,10661,662,705,1076,1140,2533,1109,372,746,113,958,355,445,4,42,401
E02003061,5747,373,424,330,420,972,432,188,603,66,1112,289,296,2,13,227
E02003062,5768,295,509,388,376,1177,412,158,590,61,931,253,338,3,24,253
E02003063,7036,412,273,798,938,1562,1023,256,429,65,488,290,225,9,10,258
E02003064,6524,351,598,350,402,948,397,208,859,74,1474,320,301,24,25,193
E02006887,6025,276,1462,80,386,635,44,754,153,13,726,109,216,328,32,811
E02006888,6792,255,862,108,236,1424,180,250,294,25,1514,273,632,30,24,685
E02006889,7347,323,798,118,268,1559,140,218,342,33,1776,252,776,21,30,693
E02006890,8561,306,1009,172,392,1958,270,464,577,39,1336,314,636,68,10,1010
E02003892,6253,429,377,681,1016,1536,472,268,402,46,337,156,249,6,19,259
E02003893,6481,344,364,680,1178,1637,557,312,367,12,316,141,235,0,26,312
E02003894,8017,450,522,766,1148,2009,538,374,595,36,590,223,339,7,29,391
E02003895,7965,457,458,684,1078,2179,546,378,592,48,611,241,359,0,29,305
E02003896,5593,426,518,520,652,1211,352,252,414,31,495,219,239,6,13,245
E02003897,5412,218,257,504,946,1762,486,212,320,29,240,118,152,0,8,160
E02003898,6606,376,343,788,1196,1784,577,304,259,21,288,159,227,0,26,258
E02003899,5251,419,328,480,784,1242,517,188,312,36,384,183,153,2,18,205
E02003900,7163,396,498,584,932,1952,691,306,423,50,520,227,279,8,40,257
E02003901,7451,580,464,896,1202,1566,639,304,430,28,375,214,376,0,25,352
E02003902,5408,367,383,444,660,1338,456,224,443,26,483,184,206,0,15,179
E02003903,6404,403,419,660,1052,1579,489,302,440,50,384,170,202,0,22,232
E02003904,5269,423,434,678,856,1011,404,288,324,37,247,103,208,0,25,231
E02003905,6173,275,381,454,818,1784,548,330,418,55,363,145,285,0,15,302
E02003906,5406,362,342,512,682,1184,444,274,365,42,297,168,336,0,42,356
E02003907,7565,589,493,716,920,1927,525,424,538,41,455,188,308,6,37,398
E02003908,7860,538,494,576,792,2191,552,356,609,44,743,252,249,15,22,427
E02003909,8989,533,583,753,1050,2162,651,448,594,58,698,384,341,104,55,575
E02003910,6059,569,653,480,598,1239,346,484,397,29,444,158,170,34,31,427
E02003911,8381,567,390,1120,1178,2339,748,302,379,48,319,178,362,6,19,426
E02003912,7704,644,487,858,1212,2014,581,306,379,27,307,212,310,0,38,329
E02003913,5804,423,313,781,906,1406,464,204,227,24,244,148,229,137,37,261
E02003914,7093,345,631,532,746,1485,461,484,544,54,614,193,276,276,17,435
E02003915,7725,519,557,532,616,1278,423,356,527,82,774,345,330,700,33,653
E02003916,6614,500,707,480,608,952,308,352,265,22,283,145,246,1121,32,593
E02003917,7456,479,405,712,894,1954,631,276,485,56,506,221,341,123,27,346
E02003918,6740,460,373,672,1036,1518,588,318,458,48,392,189,288,3,25,372
E02003919,6740,459,579,442,686,1498,455,346,655,81,682,209,345,0,25,278
E02003920,7063,379,541,570,874,1715,498,428,605,43,492,224,292,2,18,382
E02003921,5816,386,311,520,876,1482,425,300,444,26,312,162,271,0,32,269
E02003922,7686,368,590,530,860,1908,629,406,673,69,603,232,380,12,28,398
E02003923,7141,390,521,520,816,1579,483,334,661,45,765,264,347,20,18,378
E02003924,6856,611,455,676,822,1445,554,258,528,49,520,284,306,12,42,294
E02003925,7067,348,388,522,866,1656,613,250,665,59,700,241,391,0,35,333
E02003926,7764,352,367,594,1164,2273,674,336,452,56,330,214,481,8,28,435
E02003927,8422,621,443,1004,1256,2041,683,366,498,26,296,188,374,167,32,427
E02003928,11633,614,664,996,1456,3718,778,506,720,49,1023,317,360,4,24,404
E02003929,6585,497,398,754,1004,1509,555,288,401,55,323,182,258,2,28,331
E02003930,8150,581,430,995,1286,1847,728,320,532,47,409,205,359,0,38,373
E02003931,9716,771,716,1182,1230,2240,617,404,680,27,752,297,353,10,57,380
E02003932,6797,373,338,734,1086,1727,674,262,425,27,232,169,335,2,41,372
E02003933,6750,472,487,786,1102,1518,478,262,452,46,330,194,268,0,35,320
E02003934,6571,335,311,666,1014,1598,556,288,499,28,346,204,369,0,29,328
E02003935,8977,524,716,640,1032,2239,553,520,767,70,763,249,374,9,29,492
E02003936,7949,448,410,930,1396,2000,690,328,491,45,262,169,317,11,35,417
E02003937,5257,461,329,666,728,1262,456,192,345,39,194,133,185,0,32,235
E02003938,6433,456,391,698,820,1584,459,278,458,51,375,185,313,0,30,335
E02003939,6529,550,437,702,748,1635,511,276,403,50,495,199,202,6,45,270
E02003940,5982,336,313,684,938,1467,592,248,304,66,245,181,314,0,12,282
E02003941,7264,333,535,650,822,1710,541,398,670,55,620,204,342,19,23,342
E02003942,7211,462,545,530,704,1591,503,342,774,53,727,232,337,0,18,393
E02003943,7343,587,650,700,826,1566,506,388,470,97,519,299,318,8,39,370
E02003944,9225,644,618,826,1066,2244,730,394,765,69,709,343,381,11,44,381
E02003945,5736,420,389,744,908,1192,425,296,362,32,292,146,228,0,42,260
E02003946,8482,548,530,861,1204,2186,692,366,547,44,521,248,326,2,53,354
E02003947,6270,411,385,556,916,1486,582,306,359,49,425,170,265,0,44,316
E02003948,8106,634,634,742,916,1736,523,340,778,75,782,295,325,0,26,300
E02003949,6476,691,978,376,606,961,326,396,515,42,700,289,201,0,12,383
E02003950,5223,375,464,444,728,1138,435,288,323,30,367,181,187,0,14,249
E02003951,6027,545,465,814,798,1092,497,292,369,52,491,195,164,0,32,221
E02003952,6434,402,443,640,782,1522,434,396,433,47,387,198,369,0,34,347
E02003953,10310,463,573,826,1298,2727,858,518,892,63,698,262,603,0,39,490
E02003954,6600,456,687,476,684,1322,364,522,445,35,552,154,334,20,12,537
E02003955,9155,503,704,814,1018,2063,730,464,601,63,867,275,395,11,52,595
E02003956,7013,320,381,508,990,1762,640,350,686,57,479,210,321,2,30,277
E02003957,9930,537,611,822,1350,2487,804,462,982,70,691,233,419,6,29,427
E02003958,7815,369,404,598,1010,2094,659,334,725,48,579,251,374,0,39,331
E02003959,6718,398,408,498,758,1602,522,290,720,47,682,231,286,0,25,251
E02003960,5622,478,328,679,866,1247,426,246,341,33,348,157,202,0,36,235
E02003961,9183,467,465,1022,1252,2403,797,404,755,61,646,267,310,6,30,298
E02003962,6017,330,397,492,766,1557,432,300,446,36,479,185,239,11,24,323
E02003963,9058,751,782,856,896,1796,577,402,745,76,842,366,413,7,41,508
E02003964,7488,590,447,1058,1192,1703,587,292,404,27,307,191,358,4,56,272
E02006781,2123,150,186,214,348,480,129,124,125,26,59,26,82,8,23,143
E02003065,8450,596,804,761,1068,2215,562,556,520,44,571,186,219,4,12,332
E02003066,5974,366,279,852,1038,1833,544,238,192,16,238,102,104,0,23,149
E02003067,7494,408,487,538,940,2668,451,366,538,31,512,158,194,0,24,179
E02003068,6058,381,378,686,846,1701,529,252,302,19,337,187,168,13,19,240
E02003069,5176,377,327,768,824,1399,446,240,135,30,224,97,101,0,22,186
E02003070,12018,539,580,1226,1678,4321,851,560,627,70,612,212,341,0,38,363
E02003071,7530,628,650,764,888,1866,538,376,461,37,525,236,215,4,18,324
E02003072,9045,781,542,1172,1234,2399,870,290,472,55,521,262,185,2,25,235
E02003073,6546,315,254,678,942,2262,805,188,232,19,375,138,138,2,12,186
E02003074,7967,400,621,518,1048,2417,734,392,606,63,561,227,160,0,19,201
E02003075,5747,308,182,666,728,2101,489,154,248,13,351,125,194,2,28,158
E02003076,9177,420,499,826,1216,2823,913,340,581,56,548,263,350,0,18,324
E02003077,5974,337,312,694,752,1810,560,222,333,23,245,149,262,13,10,252
E02003078,6717,325,336,608,1052,1882,474,258,384,42,463,132,298,117,18,328
E02003079,9599,400,559,539,1234,3026,898,416,727,46,844,262,334,5,16,293
E02003080,8580,808,485,1034,1042,1850,616,262,628,59,838,311,319,0,51,277
E02003081,9166,676,533,1226,1348,2402,777,352,461,40,496,279,282,2,46,246
E02003082,7985,742,1426,794,1022,1078,435,612,363,9,451,196,311,33,35,478
E02003084,8956,734,1571,610,708,1501,411,438,623,33,875,260,488,64,41,599
E02003085,7492,418,768,332,546,1531,466,226,851,83,1278,330,317,9,26,311
E02003086,5665,500,720,550,634,1264,334,248,290,10,386,132,256,8,18,315
E02003087,9157,632,410,1224,1524,2299,701,394,560,44,544,184,266,0,46,329
E02003088,8042,588,325,1004,1274,2307,723,244,396,33,341,180,249,83,31,264
E02003089,5700,411,327,766,726,1165,394,160,406,90,607,181,250,0,26,191
E02006845,7906,305,611,444,934,2345,371,556,728,42,779,167,342,0,17,265
E02006846,7104,128,606,176,620,2323,215,520,734,38,1095,126,260,5,8,250
E02003122,6644,410,243,920,1142,1880,623,226,227,36,285,157,199,0,47,249
E02003123,8018,480,525,748,908,1768,697,316,745,46,926,369,242,8,15,225
E02003124,7758,399,586,552,762,1834,593,354,913,71,917,324,215,14,7,217
E02003125,5971,300,517,413,724,1217,530,338,596,49,600,236,257,0,15,179
E02003126,6779,361,414,438,1126,1602,877,224,430,41,552,219,261,9,25,200
E02003127,7506,409,428,454,762,1689,583,268,878,61,909,359,444,18,14,230
E02003128,8553,515,727,592,886,1826,606,406,879,68,968,315,295,21,32,417
E02003129,6518,480,283,656,884,2187,506,148,286,32,501,173,202,7,18,155
E02003130,10224,542,739,666,1184,2304,896,416,968,69,1151,440,392,6,31,420
E02003131,7499,433,415,616,954,1852,641,314,620,37,767,301,271,6,21,251
E02003132,7891,471,524,628,956,2059,668,360,587,49,678,257,310,3,23,318
E02003133,7315,372,325,690,926,1956,754,282,520,49,682,231,297,11,25,195
E02003134,6921,352,362,344,646,1507,626,220,720,97,1018,303,360,8,30,328
E02003135,7264,272,531,246,644,1470,401,340,1154,75,1146,280,341,5,32,327
E02003136,7655,508,323,992,1044,2126,731,252,430,49,481,185,294,0,32,208
E02003137,7613,430,368,692,1066,2515,656,276,399,51,352,161,287,28,27,305
E02003138,7445,330,565,322,788,2232,446,554,471,39,480,216,293,173,37,499
E02003139,6506,122,320,336,954,2257,600,386,477,54,528,156,130,3,18,165
E02003140,7582,422,341,726,978,2444,748,252,517,38,451,214,190,5,35,221
E02003141,7819,290,1093,286,788,1465,433,664,681,75,709,233,353,45,12,692
E02003142,9014,463,739,488,882,2096,807,510,808,76,878,377,413,36,19,422
E02003143,7718,478,441,572,1026,2298,786,328,457,54,579,210,242,8,19,220
E02003144,8293,221,921,190,452,779,146,784,244,26,245,93,203,2743,55,1191
E02003145,6674,322,764,372,668,1360,440,476,459,55,466,192,321,198,25,556
E02003146,8801,266,804,284,510,1254,337,682,513,48,536,191,412,1469,16,1479
E02003147,7575,378,1149,188,470,1493,323,390,949,62,1200,300,306,2,21,344
E02003148,8485,572,1650,264,534,665,126,728,410,21,498,217,228,1745,40,787
E02003149,9213,421,1276,240,636,1251,330,762,603,38,767,207,454,1160,31,1037
E02003150,11277,738,2397,432,810,1418,300,1068,734,58,929,301,462,545,45,1040
E02003151,7333,549,250,1159,1154,1935,734,192,306,39,354,185,194,4,64,214
E02003152,9363,562,486,996,1260,2608,906,296,549,63,566,300,396,2,48,325
E02003153,7873,535,408,752,976,2626,611,324,516,41,467,191,188,2,31,205
E02003194,5795,374,189,744,970,1695,640,146,200,45,217,164,203,0,17,191
E02003195,5510,172,299,386,692,1525,521,232,405,54,427,215,304,0,26,252
E02003196,10206,702,269,1452,1386,3520,1056,210,302,45,369,208,348,0,34,305
E02003197,6815,294,415,390,904,2021,693,262,419,59,534,223,242,0,17,342
E02003198,7205,264,453,498,736,2021,695,330,559,48,649,190,413,8,12,329
E02003199,9167,573,547,836,1184,2366,746,444,667,66,652,331,346,0,13,396
E02003200,9937,584,523,798,1050,1963,813,416,748,135,1042,448,609,86,33,689
E02003201,10563,662,696,661,982,2523,823,492,883,90,859,382,688,16,31,775
E02003202,5863,380,498,458,658,1255,412,360,333,47,389,209,272,142,22,428
E02003203,7409,376,530,416,814,1813,506,452,552,103,552,250,411,5,18,611
E02003204,8536,580,606,767,932,2083,643,420,498,75,635,270,387,0,41,599
E02003205,8234,503,364,746,968,2461,772,258,452,54,440,290,483,6,34,403
E02003206,9441,477,745,692,1038,2961,497,540,507,27,551,253,449,10,24,670
E02003207,7041,301,445,504,728,1882,500,282,576,57,728,269,455,0,10,304
E02003208,10121,873,1174,732,1022,1795,515,780,674,33,706,307,510,7,47,946
E02003209,5994,366,456,456,798,1331,475,344,364,72,531,233,204,10,14,340
E02003210,9030,874,779,1046,1068,2321,471,474,460,41,495,204,228,2,49,518
E02003211,8236,1040,751,1684,1184,1366,390,390,180,25,250,155,194,40,44,543
E02003090,6548,380,382,788,868,2101,565,200,278,31,385,189,152,9,12,208
E02003091,6573,385,345,640,796,1912,613,208,445,29,450,217,212,2,18,301
E02003092,7342,232,294,572,1004,2730,674,216,392,23,441,141,314,4,16,289
E02003093,6514,391,244,940,982,1921,660,170,257,30,259,145,203,18,19,275
E02003094,8299,338,391,688,1082,2638,735,354,475,59,639,207,302,0,32,359
E02003095,6947,235,348,516,958,2431,794,242,346,65,350,138,303,7,24,190
E02003096,6451,240,549,374,730,1841,483,324,550,61,625,162,240,0,13,259
E02003097,6155,381,347,778,854,1754,556,242,299,35,325,223,160,4,16,181
E02003098,10021,172,999,202,1080,3990,472,788,614,32,720,129,395,7,6,415
E02003099,6770,403,369,596,776,1728,706,234,486,51,548,229,306,0,29,309
E02003100,10494,548,768,838,1136,2409,986,506,805,66,950,377,503,12,23,567
E02003101,10560,137,925,300,1134,4143,507,782,730,85,859,207,337,16,8,390
E02003102,6495,309,216,774,816,2198,657,214,300,42,426,123,215,0,26,179
E02003103,7198,188,448,276,684,2384,669,356,609,46,703,221,252,0,9,353
E02003104,7654,357,534,476,898,2343,822,350,476,49,610,257,229,4,10,239
E02003105,6207,399,229,816,642,1946,609,158,315,28,439,164,233,3,28,198
E02003106,8577,268,725,484,986,2616,539,494,444,22,604,153,315,272,10,645
E02003107,10531,674,763,746,1000,2364,734,462,580,57,785,294,560,471,30,1011
E02003108,9144,451,514,886,1186,2617,809,422,568,55,619,241,353,4,36,383
E02003109,5985,389,196,758,742,2198,582,182,295,9,199,146,136,6,13,134
E02003110,10360,225,601,536,1172,4662,674,586,665,38,652,122,175,2,2,248
E02003111,6206,490,403,565,646,2036,527,262,313,44,264,139,238,6,14,259
E02003112,6381,419,314,536,552,1652,553,230,515,59,683,288,240,5,23,312
E02003113,10117,482,554,1004,1380,3172,1009,346,478,65,571,208,366,6,22,454
E02003114,6956,523,494,702,778,1724,616,316,506,33,503,246,182,15,27,291
E02003115,9000,445,803,736,830,2107,760,592,753,73,849,303,316,13,26,394
E02003116,7482,511,506,624,664,1606,640,312,649,103,845,325,335,0,12,350
E02003117,8462,420,631,624,822,2170,782,466,715,80,745,248,333,16,26,384
E02003118,10091,405,803,484,1134,3025,1039,598,760,71,846,292,315,0,14,305
E02003119,10259,426,560,722,1132,2881,1069,456,739,109,1062,400,322,3,22,356
E02003120,8333,540,407,990,980,2445,916,298,425,71,468,245,243,0,43,262
E02003121,10095,538,591,1066,1362,2923,1262,458,455,73,481,259,305,0,33,289
E02003212,8212,565,498,776,1198,2260,800,322,510,46,482,220,260,12,14,249
E02003214,6328,378,526,332,482,1187,389,224,949,64,1035,261,288,0,8,205
E02003215,6960,360,479,742,1056,2062,608,324,358,42,373,167,137,0,16,236
E02003216,9070,536,579,882,1132,2457,774,392,593,75,626,287,334,0,32,371
E02003217,6487,415,460,426,678,1602,508,296,626,49,569,239,292,3,8,316
E02003218,6566,354,389,338,574,1642,508,212,752,71,867,192,378,0,15,274
E02003219,6462,219,241,620,992,2192,607,242,309,48,320,135,210,0,18,309
E02003220,10082,527,715,1024,1220,3103,902,480,665,79,497,183,327,0,21,339
E02003221,6448,361,649,278,626,1486,400,356,583,58,488,210,385,0,40,528
E02003222,6306,113,510,136,748,2347,493,350,446,65,556,87,264,0,11,180
E02003223,9672,396,1004,450,1020,2446,640,722,834,66,615,239,467,5,17,751
E02003224,8742,472,549,950,1192,2393,933,474,513,76,410,286,231,2,16,245
E02003225,5954,148,628,230,758,1843,681,336,388,38,336,156,189,0,2,221
E02003226,8313,288,982,182,452,1745,358,464,382,22,428,129,1655,28,10,1188
E02003227,6328,350,735,280,386,1385,344,216,646,36,969,256,373,2,16,334
E02003228,6585,317,486,490,612,1913,527,286,392,43,403,150,467,7,16,476
E02003229,5661,104,433,116,802,1824,559,318,431,30,510,143,204,2,5,180
E02003230,7088,259,1261,158,624,1359,214,708,442,17,384,182,380,17,19,1064
E02003231,8452,428,579,426,630,1929,576,252,776,95,1234,408,645,0,31,443
E02003232,7882,248,879,352,910,2339,466,668,487,43,473,157,260,9,11,580
E02003233,8859,488,786,471,1006,2147,779,364,741,84,898,253,422,0,13,407
E02003234,8655,395,607,534,1194,2121,858,296,627,109,827,280,385,2,6,414
E02003235,7276,507,598,856,918,2058,460,398,402,18,322,161,234,7,14,323
E02003236,10396,629,540,1102,1346,3208,849,406,618,81,563,341,355,0,34,324
E02006847,9257,42,665,114,1026,3943,360,794,879,26,669,122,322,2,3,290
E02006848,6789,52,734,118,650,2188,181,742,765,25,604,87,241,2,3,397
E02006849,9028,88,592,224,1174,3800,397,598,724,48,616,73,394,0,5,295
E02003154,7154,435,425,708,738,1562,508,230,638,38,837,356,323,8,29,319
E02003155,5585,476,430,468,588,1219,382,270,388,30,570,160,250,0,35,319
E02003156,9380,464,546,666,1116,2632,642,418,755,37,959,275,418,0,38,414
E02003157,6088,347,719,256,590,1100,429,316,538,41,739,236,373,8,27,369
E02003158,5287,534,445,542,512,985,346,220,335,49,511,200,286,0,31,291
E02003159,5624,263,511,308,538,1278,355,280,455,52,680,207,309,7,26,355
E02003161,6461,467,1328,316,566,752,234,590,456,24,687,163,268,2,19,589
E02003163,7369,822,1025,1075,1134,987,356,540,219,26,360,163,184,0,80,398
E02003164,8634,688,431,1035,1200,2126,632,312,431,61,521,298,419,8,51,421
E02003165,7020,411,423,710,898,1743,502,286,507,41,540,238,323,0,42,356
E02003166,10475,574,629,778,1146,2569,737,412,854,60,1206,379,610,10,51,460
E02003167,8432,922,1227,722,834,1285,325,508,514,34,743,239,473,20,51,535
E02003168,6866,553,397,806,916,1734,576,224,335,54,480,223,256,3,35,274
E02003169,6593,610,241,1190,1050,1340,641,182,262,25,302,198,178,0,56,318
E02003170,9216,899,698,1330,1350,1689,680,410,448,57,655,297,270,3,50,380
E02003171,7252,569,387,844,880,1605,544,274,517,51,639,260,284,0,40,358
E02006840,10472,645,651,1052,1276,2711,793,356,759,69,829,321,431,2,39,538
E02006634,8484,444,437,746,1282,2852,716,340,347,36,407,187,331,2,31,326
E02006635,7561,575,546,728,870,2214,651,384,310,30,546,201,179,0,37,290
E02006636,6804,456,487,650,1004,1840,515,322,396,32,467,171,189,0,24,251
E02006637,10604,473,744,767,1278,3169,691,570,871,60,1030,269,263,0,31,388
E02006638,6241,566,638,730,784,1289,497,284,415,30,457,156,106,0,31,258
E02006639,8066,417,324,884,1400,2310,725,334,457,56,525,176,181,0,16,261
E02006640,7013,343,354,686,1134,2417,490,366,309,51,318,153,173,0,12,207
E02006641,6988,364,410,633,1086,2086,609,250,393,31,527,179,178,0,19,223
E02006642,5714,280,290,500,1026,1762,502,222,242,20,338,135,194,0,9,194
E02006643,12151,275,596,322,1406,5614,616,550,704,74,1018,219,388,0,23,346
E02006644,6694,328,309,610,1030,2062,572,250,386,43,467,199,195,0,18,225
E02006645,7104,350,455,516,922,2332,527,370,422,28,491,221,186,21,13,250
E02006646,5447,293,227,588,828,1852,421,206,291,20,283,95,153,0,10,180
E02006647,5884,214,207,566,1046,2060,593,214,218,18,173,114,236,6,22,197
E02006648,5788,302,284,536,900,2221,352,196,228,32,268,91,160,2,27,189
E02006649,6759,418,491,492,846,1776,592,328,375,54,582,247,302,0,13,243
E02006650,10739,424,500,920,1854,4027,864,380,377,65,475,250,257,0,30,316
E02006651,6945,294,295,636,1066,2705,516,260,282,35,259,117,263,0,12,205
E02006652,9422,362,523,560,1034,3502,645,374,696,57,724,238,372,0,9,326
E02006653,9795,405,551,676,1202,3156,918,436,599,51,857,276,331,0,20,317
E02006654,9150,654,898,770,940,2220,519,592,608,72,882,275,258,2,36,424
E02006655,6853,269,254,562,1096,2340,567,300,353,28,347,159,258,0,29,291
E02006656,7062,214,531,264,786,2688,552,402,525,39,491,152,167,0,18,233
E02006657,9782,371,624,548,1134,3226,643,496,830,63,983,211,346,4,18,285
E02006658,7111,426,511,632,1016,1915,513,380,529,36,552,186,205,0,23,187
E02006659,7312,341,349,538,1114,2716,527,284,367,34,483,172,152,0,13,222
E02006660,12726,729,782,1073,1678,3657,1042,524,836,59,1101,423,384,2,19,417
E02006661,7596,180,250,344,1248,3811,433,182,221,26,363,124,235,0,5,174
E02006662,5898,259,280,450,792,1740,646,188,359,67,475,191,184,0,21,246
E02006663,10535,436,587,654,1264,3317,801,452,782,64,941,309,449,2,24,453
E02006664,6384,324,258,754,1114,1890,547,236,296,14,319,150,238,0,21,223
E02006665,6454,499,370,868,1120,1466,502,260,429,17,361,168,174,0,30,190
E02006666,5566,335,285,464,690,1871,409,194,307,6,433,182,148,0,15,227
E02006667,6369,238,360,270,542,1548,525,234,694,59,911,241,343,0,15,389
E02006668,5937,418,282,566,726,1687,566,192,321,44,313,241,222,0,25,334
E02006669,9699,682,578,1152,1464,2494,770,388,482,54,538,326,277,0,49,445
E02006670,6575,386,709,372,676,1467,372,550,485,48,451,156,230,2,20,651
E02006671,5738,453,645,362,578,1230,277,434,329,27,400,162,215,8,12,606
E02006672,6497,361,321,752,794,1971,423,274,377,23,460,155,242,0,20,324
E02006673,4922,600,401,566,532,1095,319,264,202,27,267,156,139,7,25,322
E02006674,5569,384,376,396,590,1686,349,234,350,24,510,151,181,0,14,324
E02006675,7901,394,302,948,1176,2577,673,336,312,26,357,174,315,0,25,286
E02006676,5827,443,356,715,970,1447,446,260,270,38,294,157,164,4,42,221
E02006677,7662,443,309,896,1140,2323,680,322,312,32,423,190,227,6,39,320
E02006678,7344,352,409,588,894,1996,512,356,630,65,733,230,293,0,17,269
E02006679,9519,440,409,916,1414,2991,861,346,546,66,582,190,337,0,25,396
E02006680,7239,550,569,616,828,1907,587,302,489,35,596,210,259,0,27,264
E02006681,5827,409,293,740,850,1845,440,228,292,23,279,100,141,4,30,153
E02006682,9385,768,622,1110,1206,2599,694,412,532,51,590,270,234,0,36,261
E02006683,7715,259,392,579,1068,2567,549,414,511,24,619,153,256,0,10,314
E02006684,6098,343,652,384,506,1388,423,422,447,22,532,173,311,0,18,477
E02006685,7558,449,434,622,976,2332,457,392,482,24,552,164,314,2,9,349
E02006686,5358,257,249,436,626,1520,578,132,370,22,596,184,172,2,7,207
E02006687,7289,273,538,364,856,1803,517,358,752,44,885,165,375,2,11,346
E02006688,5655,292,415,412,644,1394,456,312,492,35,475,166,227,15,17,303
E02006689,6252,286,275,746,1014,1901,546,212,327,26,316,161,231,0,23,188
E02006690,6716,367,335,756,1116,1812,504,318,409,53,356,151,283,0,20,236
E02006691,13345,602,907,832,1558,3656,837,774,1281,105,1489,336,451,4,26,487
E02006692,5504,359,249,478,716,2085,367,162,234,17,341,177,163,0,15,141
E02006693,5713,303,335,496,792,1454,532,270,350,45,485,180,224,2,11,234
E02006694,5816,496,514,604,692,1175,454,326,372,34,489,194,196,0,21,249
E02006695,6293,381,354,792,1090,1686,517,252,252,32,294,131,262,0,21,229
E02004129,5449,338,262,789,884,1378,423,190,253,24,187,148,283,0,47,243
E02004130,5881,624,478,699,672,1119,449,318,340,27,395,251,195,0,30,284
E02004131,5507,375,287,636,766,1547,392,260,375,23,393,130,123,0,10,190
E02004132,8203,419,326,842,1322,2594,655,284,439,41,374,152,376,0,33,346
E02004133,8060,690,521,1034,1082,1804,540,360,515,78,500,248,305,0,46,337
E02004134,6793,355,349,674,938,2174,538,304,303,52,263,197,338,0,23,285
E02004135,7917,667,367,1254,1316,1891,548,272,401,49,347,193,257,0,54,301
E02004136,7894,541,374,1100,1060,2476,541,242,427,51,409,179,218,4,30,242
E02004137,5272,401,260,848,900,1237,455,202,231,18,158,135,188,0,22,217
E02004138,6902,868,507,1398,970,1228,357,290,269,26,309,185,146,6,69,274
E02004139,6353,676,329,1130,830,1276,496,148,345,34,465,224,132,0,48,220
E02004140,4905,780,279,1150,702,826,240,126,142,24,174,105,114,0,30,213
E02004141,5673,387,279,698,840,1561,429,238,315,41,309,145,136,0,36,259
E02004142,5088,343,218,722,798,1442,388,204,191,27,249,132,151,0,22,201
E02004143,6233,404,274,768,970,1730,522,188,361,32,349,155,247,0,18,215
E02004144,6670,500,341,886,932,1744,507,290,384,26,351,159,256,0,41,253
E02004145,5844,729,305,1265,824,1156,333,178,290,20,258,127,172,0,18,169
E02004146,7166,426,400,558,912,1858,574,256,489,54,700,308,287,0,26,318
E02004147,6926,464,825,363,654,1317,307,508,535,33,678,275,326,17,17,607
E02004148,6792,841,460,1098,846,1236,337,250,366,44,406,191,312,3,37,365
E02004149,6177,339,402,720,878,1406,470,282,250,25,195,180,321,316,24,369
E02004150,6816,308,577,348,550,1338,535,258,497,46,695,237,248,696,13,470
E02004151,7925,473,385,730,898,2092,697,312,529,67,724,268,340,24,26,360
E02004152,7726,235,873,170,424,744,100,436,200,15,272,108,166,3205,4,774
E02004153,7522,270,623,354,874,1924,537,490,622,59,774,236,324,29,8,398
E02004154,7798,343,661,308,512,1681,393,458,409,21,491,222,346,963,17,973
E02004155,7533,582,497,552,744,1850,600,262,650,63,753,287,258,11,35,389
E02004156,8615,676,1862,284,566,758,181,852,385,46,645,171,208,949,12,1020
E02004157,6182,402,804,384,706,1553,221,468,284,21,333,115,203,91,20,577
E02004158,7772,380,638,346,652,1799,513,526,542,67,716,272,496,36,26,763
E02004159,9232,411,607,696,1186,2712,713,580,597,54,674,222,233,19,9,519
E02004160,7021,469,417,756,866,1766,642,280,505,58,493,165,260,16,29,299
E02004161,7915,456,586,409,660,1798,522,310,852,99,894,327,474,34,18,476
E02004162,7007,414,681,492,798,1643,499,536,405,26,562,184,228,13,18,508
E02004163,6567,710,474,748,796,1412,464,304,362,40,468,212,222,6,43,306
E02004164,6529,326,301,732,1108,1641,575,282,438,38,271,142,338,0,37,300
E02004165,7990,480,386,1002,1196,2237,571,356,447,32,443,159,323,0,32,326
E02004166,6476,389,319,597,882,1904,568,316,385,50,329,134,290,0,29,284
E02004167,6977,405,555,486,706,1688,420,354,812,44,736,256,253,0,24,238
E02004168,6040,450,517,448,628,1402,374,274,589,39,500,174,228,3,29,385
E02004169,7065,361,296,678,924,2303,612,324,405,53,391,144,303,0,39,232
E02004170,7522,418,504,613,922,2014,631,404,614,52,494,197,361,8,16,274
E02004171,7492,441,398,752,986,2316,654,300,403,41,442,135,291,5,18,310
E02004172,6099,352,294,586,1034,1603,624,246,334,57,313,152,244,0,21,239
E02004173,7212,327,341,668,1090,2155,681,296,450,51,312,173,316,12,23,317
E02004174,7464,525,610,712,844,1939,553,424,489,66,553,208,170,13,27,331
E02004175,5312,373,571,373,602,1010,294,280,537,49,524,170,230,0,22,277
E02004176,5345,401,329,666,896,1109,392,220,323,45,269,137,269,0,49,240
E02004177,5797,339,461,459,712,1261,449,254,618,37,485,200,283,0,23,216
E02004178,5342,293,297,676,736,1492,434,166,297,22,225,150,275,0,15,264
E02004179,8520,644,425,974,1076,2562,611,328,475,52,506,229,249,0,30,359
E02004180,5795,230,233,586,856,1769,484,214,261,39,200,153,461,0,26,283
E02004181,5794,422,399,421,726,1359,502,312,416,42,494,185,229,0,29,258
E02004182,6176,494,677,438,496,1111,348,354,509,48,736,222,350,0,15,378
E02004183,5706,470,459,680,710,1139,523,236,323,31,385,184,212,4,33,317
E02004184,8552,347,596,528,888,2370,620,394,837,72,958,293,293,0,14,342
E02004185,5724,435,218,896,904,1277,511,186,339,38,267,143,185,0,51,274
E02004186,8201,415,394,903,1144,2330,600,366,606,65,510,202,323,0,44,299
E02004187,9104,610,531,920,1248,2289,730,434,561,53,591,285,424,8,40,380
E02004188,6224,447,336,798,974,1522,476,246,283,34,272,138,327,0,33,338
E02004189,5663,208,399,348,940,1609,532,378,348,21,367,107,183,2,11,210
E02004190,7741,464,433,722,1106,2277,564,326,464,38,421,213,314,0,16,383
E02004191,8024,755,750,642,806,1679,444,380,531,42,798,298,316,10,19,554
E02004192,7143,537,384,912,1322,1845,576,284,229,26,296,177,254,0,27,274
E02004193,11703,585,563,836,1474,4083,1093,454,750,68,886,254,305,0,23,329
E02004194,6163,360,389,570,882,1685,515,296,352,54,314,171,239,0,31,305
E02004195,5315,509,474,632,812,1010,355,306,306,35,340,163,114,9,15,235
E02004196,7034,471,409,794,1206,1960,568,288,345,47,279,158,220,0,25,264
E02004197,6229,465,341,1002,1110,1472,432,268,252,25,272,126,190,0,53,221
E02004198,6341,569,488,664,806,1486,440,298,374,26,469,200,195,4,27,295
E02004199,5350,504,282,990,956,1063,362,180,237,30,219,138,168,0,27,194
E02004200,5099,546,357,842,900,920,329,242,206,13,200,118,183,0,25,218
E02004201,5121,314,271,684,842,1239,445,218,233,35,143,110,266,0,37,284
E02004202,7677,496,431,704,1094,2365,556,430,362,49,428,190,255,2,18,297
E02004203,5519,326,314,668,938,1447,410,226,251,40,245,142,201,0,20,291
E02004204,9227,607,566,974,1324,2731,628,406,543,78,500,223,247,0,45,355
E02004205,6301,445,349,714,872,1509,546,228,459,49,359,175,262,0,34,300
E02004206,6450,687,554,859,910,1064,435,310,359,49,429,161,298,0,43,292
E02004207,5943,365,280,748,844,1707,408,280,357,42,318,133,237,0,30,194
E02004208,7724,486,400,1070,1232,1829,608,316,445,58,414,237,261,4,42,322
E02004209,8253,524,459,723,1060,2385,693,388,575,68,585,242,212,0,35,304
E02004210,6526,676,746,514,650,1031,398,318,588,49,689,258,243,0,31,335
E02004211,6363,463,407,956,1128,1410,489,300,328,32,285,128,188,0,35,214
E02004212,5881,335,328,450,760,1602,565,246,426,50,446,192,168,6,11,296
E02004213,4792,233,262,434,696,1309,359,266,340,27,329,126,173,0,19,219
E02004214,5906,492,662,238,490,1100,322,374,616,60,631,214,271,14,24,398
E02004215,5407,386,431,398,520,1292,428,256,470,28,495,139,259,2,18,285
E02004216,5562,351,252,676,776,1290,578,216,377,38,357,205,209,0,19,218
E02004217,7607,480,576,662,932,1728,566,316,648,80,687,243,307,4,33,345
E02004218,5659,382,301,662,824,1516,423,232,319,46,290,164,241,0,31,228
E02004219,5419,333,252,732,816,1632,399,164,296,45,251,98,205,0,15,181
E02004220,6145,599,492,780,934,1166,450,258,385,37,394,223,153,0,32,242
E02004221,5608,496,438,978,948,974,399,252,245,39,291,120,159,0,36,233
E02004222,5641,441,686,444,654,1205,419,280,410,19,430,171,197,6,11,268
E02004223,11259,564,793,794,1382,2740,881,574,1125,73,1120,301,447,0,39,426
E02004224,6182,363,328,736,982,1612,516,260,320,40,246,139,358,8,18,256
E02004225,5619,376,384,448,650,1453,445,236,500,33,525,140,215,0,15,199
E02004226,6852,446,389,826,1264,1655,540,302,274,42,252,133,348,0,38,343
E02004227,8809,491,445,908,1334,2403,870,322,480,47,440,189,394,5,29,452
E02004228,6772,351,320,782,1138,1707,621,294,343,18,232,158,415,0,26,367
E02004229,7798,418,378,836,1198,2050,662,406,431,43,324,180,456,0,31,385
E02004230,7382,464,522,672,884,1916,507,424,604,38,495,223,291,0,25,317
E02004231,6228,397,320,638,1000,1554,553,302,334,33,329,146,283,0,36,303
E02004232,6418,305,301,680,1032,1786,550,270,341,26,273,120,383,0,33,318
E02004233,11876,919,904,1305,1620,3033,905,520,750,60,773,320,304,2,44,417
E02004234,5983,372,315,744,1048,1467,554,224,297,43,297,148,230,0,33,211
E02004235,6229,433,366,670,1062,1722,479,238,297,24,330,180,204,0,22,202
E02004236,5723,372,258,664,788,1461,588,244,282,39,295,184,244,0,21,283
E02004237,7688,495,276,860,798,2521,682,230,443,52,384,246,367,0,41,293
E02004238,7015,1000,282,1620,888,1259,504,198,239,30,245,144,274,0,54,278
E02004239,5552,575,265,1134,712,1291,454,174,198,33,202,144,139,0,40,191
E02004240,6072,371,476,340,536,1454,471,274,555,76,635,253,315,2,17,297
E02004241,8925,840,628,928,884,2065,519,456,672,40,545,330,514,11,32,461
E02004242,6323,711,307,1340,966,1201,501,184,238,21,222,156,166,0,46,264
E02004243,6403,340,227,618,1002,2070,613,230,350,51,291,171,216,0,28,196
E02004244,7207,430,306,1096,990,2115,528,286,382,38,447,154,187,0,23,225
E02004245,7562,356,226,886,908,2478,657,216,451,73,461,203,359,0,24,264
E02004246,6660,466,223,1467,1342,1274,667,192,193,33,127,135,226,0,44,271
E02004247,5877,269,221,596,996,1795,629,236,240,31,222,122,267,0,30,223
E02004248,7414,765,276,1519,1106,1410,649,242,350,38,340,188,211,0,37,283
E02004249,5393,288,177,746,848,1719,578,148,219,20,176,135,143,0,22,174
E02004250,7547,832,364,1346,1020,1490,569,218,371,54,446,242,214,0,23,358
E02004251,6277,445,248,898,950,1495,647,208,284,15,306,240,230,0,52,259
E02004252,6911,806,582,806,650,1603,390,364,385,56,494,223,169,0,22,361
E02004253,8816,760,295,1722,1268,2158,890,176,293,51,268,245,308,0,35,347
E02004254,10126,496,422,1014,1260,3247,997,260,558,78,649,312,346,0,27,460
E02004255,7378,632,516,873,920,1824,513,354,537,33,463,174,176,0,34,329
E02004256,9027,457,429,996,1400,2706,657,380,554,64,487,180,323,0,34,360
E02004257,7139,543,551,692,828,1864,529,378,526,56,448,193,225,0,22,284
E02004258,10235,768,558,1353,1488,2554,851,414,541,54,604,237,362,4,32,415
E02004259,6257,426,310,858,1070,1649,563,220,218,40,298,165,223,0,25,192
E02004260,8178,348,375,732,1312,3051,609,310,393,47,324,191,187,0,23,276
E02004261,9834,640,811,788,1310,2483,722,560,739,91,628,245,341,4,24,448
E02004262,7524,368,363,857,1430,2067,604,318,326,50,351,173,320,0,33,264
E02004263,5673,374,286,598,918,1571,492,220,320,41,301,173,180,0,13,186
E02004264,7983,483,380,744,1028,2204,786,342,566,65,570,270,232,0,18,295
E02004265,8227,661,444,1014,1050,1835,713,334,488,61,494,296,386,0,28,423
E02004266,8055,430,411,698,1086,2601,711,326,507,48,512,188,200,0,28,309
E02004267,4978,364,265,753,872,1090,422,180,253,20,196,147,156,0,8,252
E02004268,9418,941,660,1336,1248,1814,720,410,522,86,494,348,348,0,30,461
E02004269,8420,1014,700,1148,960,1721,522,318,571,47,593,254,178,6,63,325
E02004270,7371,494,328,1130,1208,2058,691,256,340,34,260,152,177,0,11,232
E02004271,9658,747,567,1322,1628,2335,710,396,549,50,454,234,287,0,54,325
E02004272,11315,699,630,1296,1850,3220,896,442,638,48,499,224,401,3,58,411
E02004273,6893,700,462,1111,1122,1454,405,244,369,39,345,156,195,3,31,257
E02004274,6383,565,526,748,786,1367,448,286,491,50,407,202,227,0,31,249
E02004275,7386,560,404,1068,1258,1543,612,320,480,46,347,192,248,0,38,270
E02004276,5568,584,515,790,764,884,448,216,396,33,347,161,139,0,42,249
E02004277,9739,817,909,854,1024,2431,699,456,622,54,801,267,263,7,25,510
E02004278,8750,677,527,898,1162,2507,710,336,568,59,522,269,222,0,21,272
E02004279,7539,453,383,980,1314,1904,642,338,411,33,350,160,230,0,19,322
E02004280,7574,489,411,976,1100,1918,709,296,455,39,453,206,227,0,40,255
E02004281,7295,381,626,458,848,1683,510,352,710,65,806,268,315,0,11,262
E02004282,8454,699,421,1394,1436,1898,745,334,415,21,342,198,201,0,45,305
E02004283,8582,608,439,968,1112,2015,720,308,574,63,645,289,463,6,24,348
E02004284,9121,754,1366,686,1004,1184,411,618,698,65,752,271,351,18,57,886
E02004285,7358,514,578,566,752,1630,577,368,539,64,644,269,367,0,22,468
E02004286,5140,234,294,462,626,1302,416,198,487,57,413,158,217,0,14,262
E02004287,5560,346,340,503,732,1360,453,214,427,33,498,160,247,0,14,233
E02004288,4674,288,424,296,548,918,316,230,424,36,549,157,260,0,7,221
E02004289,7189,374,452,594,1046,1799,662,298,567,34,590,180,234,0,11,348
E02004600,5693,216,488,348,728,1410,542,302,374,32,442,183,230,46,9,343
E02004601,5101,432,264,744,800,1418,390,204,214,37,155,118,102,27,16,180
E02004602,6320,338,552,300,636,1280,421,388,634,80,844,230,287,13,14,303
E02004603,7202,266,706,310,536,834,286,472,360,36,446,183,269,1486,12,1000
E02004604,7946,292,901,345,536,1688,430,368,934,58,1100,412,427,27,8,420
E02004605,5717,366,475,296,496,1284,432,226,496,73,596,267,315,25,23,347
E02004606,9597,408,948,448,868,2026,600,684,705,68,632,267,391,444,18,1090
E02004607,9360,502,1595,449,988,1878,326,1008,386,15,336,182,213,279,17,1186
E02004608,8890,611,1987,496,812,1247,237,1228,274,14,285,154,171,218,23,1133
E02004609,7251,343,517,692,896,2111,582,406,401,51,416,192,232,14,9,389
E02004610,7339,663,760,683,910,1862,324,552,332,6,316,122,148,121,23,517
E02004611,10937,616,654,918,1254,3838,672,468,709,25,693,287,278,23,18,484
E02004612,9419,630,624,872,1212,2867,613,460,549,54,593,256,299,19,24,347
E02004613,6175,489,393,714,840,2099,387,190,307,19,261,127,167,7,15,160
E02004614,5201,373,326,522,692,1975,297,254,223,3,185,91,93,10,8,149
E02004615,7833,635,447,1188,1208,1997,555,284,370,17,402,193,251,3,24,259
E02004616,8540,810,630,1036,1218,2141,563,396,456,51,395,231,205,2,56,350
E02004617,7607,535,500,858,1138,2135,557,362,450,24,358,181,193,0,12,304
E02004618,7099,340,393,670,1210,2284,630,326,319,41,233,136,240,0,27,250
E02004619,7218,428,464,784,1200,2068,575,338,376,33,247,170,223,0,22,290
E02004620,7685,389,415,596,998,2403,732,286,524,38,485,248,217,103,10,241
E02004621,5831,723,731,604,566,1200,262,412,305,16,339,119,77,137,20,320
E02004622,6553,369,432,514,842,1909,447,344,491,21,383,165,197,178,12,249
E02004623,7894,555,408,896,1204,2288,643,280,401,69,435,221,193,4,28,269
E02004624,5872,287,346,570,886,1859,489,274,317,40,262,141,146,37,22,196
E02004625,9187,537,585,886,1528,2736,717,432,519,59,410,215,208,4,26,325
E02004626,8736,469,387,1046,1408,2425,782,332,397,36,335,205,463,32,37,382
E02004627,5276,368,309,480,702,1272,489,250,315,36,304,194,272,11,40,234
E02004628,7647,413,416,608,1070,2147,693,340,606,50,423,259,310,0,40,272
E02004629,12201,759,808,934,1640,2850,1051,624,1109,92,856,447,512,10,38,471
E02004630,6307,333,312,638,914,1732,604,298,378,26,227,166,342,9,19,309
E02004631,4944,248,288,534,868,1323,435,220,261,45,217,105,203,0,25,172
E02004632,9957,653,662,928,1250,2544,897,490,775,72,652,298,327,6,24,379
E02004633,8144,410,427,782,1204,2199,819,380,616,47,413,226,306,0,41,274
E02004634,9919,652,618,914,1176,2614,914,426,834,70,717,329,342,6,34,273
E02004635,6909,395,299,732,1122,2149,521,258,347,36,310,195,281,0,18,246
E02004636,7882,436,383,696,994,2481,821,388,529,31,429,198,254,0,13,229
E02004637,8361,608,959,576,836,1775,412,580,472,26,446,264,375,202,28,802
E02004638,5670,284,251,426,698,1838,550,202,411,57,368,151,206,14,12,202
E02004639,7842,454,1374,394,662,1319,252,656,470,36,439,183,510,141,7,945
E02004640,7828,292,617,214,474,2380,468,262,513,38,863,239,862,34,15,557
E02004641,7235,609,382,966,928,1978,653,286,319,75,360,231,198,2,18,230
E02004642,11853,386,662,640,1218,3802,1049,482,949,91,1105,382,616,5,26,440
E02004643,7771,277,529,254,524,1924,555,380,827,118,989,280,563,15,19,517
E02004644,8652,380,620,466,786,2136,663,416,768,123,858,377,569,10,10,470
E02004645,9471,341,636,582,1260,3028,813,562,628,98,646,208,299,13,15,342
E02004646,8436,524,772,558,814,1662,782,358,804,117,973,318,392,7,19,336
E02004647,5749,349,329,544,752,1316,502,208,567,49,501,170,247,5,7,203
E02004648,5829,366,320,690,814,1415,486,222,454,29,432,148,184,0,31,238
E02004649,6990,124,539,220,818,2429,467,532,641,42,598,116,229,0,7,228
E02004650,10386,255,637,358,1022,3421,577,708,1266,45,1019,186,421,10,4,457
E02004651,7586,303,474,586,1056,2196,603,520,557,52,425,166,349,0,14,285
E02004652,6299,484,302,962,1056,1737,450,236,264,28,233,120,198,0,22,207
E02004653,6457,304,260,556,938,2099,651,252,356,58,255,172,219,0,14,323
E02004654,11159,649,703,916,1372,3167,821,516,819,65,783,352,496,9,18,473
E02004655,7422,449,486,540,880,2018,676,410,580,47,485,252,251,5,14,329
E02004656,10917,608,1190,614,976,2715,723,700,909,109,810,348,503,14,33,665
E02004657,6858,288,425,673,874,2135,602,388,459,32,291,139,282,10,11,249
E02004658,6498,326,336,552,880,2352,417,310,403,40,376,139,185,0,15,167
E02004659,6231,387,282,700,964,1760,585,236,364,35,282,155,203,8,26,244
E02004660,6306,494,248,918,958,1745,462,214,299,25,274,157,209,0,46,257
E02004661,8162,592,450,830,1212,2247,679,334,561,53,444,230,235,0,20,275
E02004662,5978,347,343,526,886,1804,556,262,301,77,220,142,206,0,16,292
E02004663,6518,419,448,462,882,1825,493,322,491,35,393,178,274,2,22,272
E02004664,6605,339,566,484,722,1769,536,402,622,33,528,192,188,4,6,214
E02004665,8507,499,471,776,1092,2759,731,342,473,80,463,212,330,0,27,252
E02004666,11464,349,668,600,1552,3944,841,694,907,74,731,305,431,0,14,354
E02004667,10244,807,914,952,1350,2273,750,608,788,102,571,297,309,0,26,497
E02004668,8242,592,452,1132,1334,2322,639,342,395,22,345,198,238,0,25,206
E02004669,6516,305,278,800,1076,1904,572,298,265,15,171,170,312,17,24,309
E02004670,12647,878,800,1298,1572,3724,942,612,871,81,844,316,271,0,35,403
E02004671,5802,282,335,568,998,1569,575,282,308,46,179,137,252,8,18,245
E02004672,12249,696,803,1096,1556,4051,978,496,691,49,735,339,356,4,21,378
E02004673,5323,439,264,656,714,1244,441,192,321,34,252,207,297,0,35,227
E02004674,8566,425,571,650,1080,2246,599,474,685,104,636,302,439,0,16,339
E02006047,8163,392,502,720,1188,2482,675,350,465,57,502,177,304,0,40,309
E02006048,6564,326,360,570,946,1930,599,262,407,53,397,167,289,2,41,215
E02006049,7323,398,428,740,1090,1968,718,354,505,59,471,179,149,0,26,238
E02006050,8105,460,822,428,768,2010,494,456,703,50,869,263,316,0,27,439
E02006051,7308,464,348,944,1018,2079,599,254,426,55,339,192,282,2,27,279
E02006052,7422,435,472,670,1018,2222,528,382,446,46,440,175,285,2,20,281
E02006053,9053,495,632,596,1006,2286,754,468,874,44,845,252,399,2,39,361
E02006054,7543,814,632,896,878,1670,488,304,468,55,545,283,171,0,18,321
E02006055,8708,383,745,505,950,2285,681,550,813,74,733,265,288,0,10,426
E02006056,7200,464,386,646,1118,2067,544,330,503,50,362,162,262,0,24,282
E02006057,7152,486,785,613,810,1391,538,376,561,53,657,246,247,2,11,376
E02006058,7540,331,358,769,1048,2251,693,294,480,59,543,161,240,0,20,293
E02006059,6408,323,314,680,1020,1897,595,226,314,30,302,137,240,0,16,314
E02006060,7542,583,671,602,740,1863,536,356,590,31,827,210,219,4,19,291
E02006061,8753,608,505,834,1212,2762,654,332,553,43,466,197,233,0,27,327
E02006062,10435,650,428,1334,1558,2828,891,416,590,65,497,228,506,0,60,384
E02006063,6939,351,245,780,1014,2345,637,212,335,40,278,101,358,0,18,225
E02006064,7489,827,648,920,962,1389,469,358,418,53,504,208,282,0,41,410
E02006065,8421,573,577,710,1028,1934,582,420,712,87,762,295,323,0,28,390
E02006066,7669,525,334,846,1232,1996,738,354,464,38,386,181,252,0,39,284
E02006067,6819,469,317,808,1128,1839,596,276,357,49,312,165,213,0,31,259
E02006068,7518,344,496,437,694,1582,470,344,1018,79,1035,283,334,8,28,366
E02006069,9655,517,1107,426,902,1828,512,650,1069,83,1007,344,430,12,25,743
E02006070,6772,324,522,522,964,1814,554,414,538,43,456,168,202,2,16,233
E02006071,8312,435,379,818,1062,2467,698,380,653,39,477,171,356,0,17,360
E02006072,9033,476,356,1016,1534,2543,885,346,517,66,388,252,303,0,38,313
E02006073,6905,452,549,350,658,1613,472,302,777,49,766,265,307,0,20,325
E02006074,8336,403,427,720,1156,2328,656,454,620,39,550,228,344,0,32,379
E02006075,4844,301,298,504,720,1455,296,188,327,22,330,98,139,0,25,141
E02006076,8341,600,465,934,1294,2366,685,310,434,57,445,165,251,0,34,301
E02006077,5354,425,335,704,760,1247,424,206,375,22,352,140,182,0,11,171
E02006078,5572,344,320,624,792,1418,473,226,374,20,334,150,248,0,24,225
E02006079,6925,506,418,722,1138,1716,448,356,484,34,404,183,233,0,25,258
E02006080,5909,339,312,558,964,1844,487,220,307,31,321,125,204,0,18,179
E02006081,5278,369,191,618,850,1416,470,184,324,36,265,151,164,0,28,212
E02006082,6450,389,443,638,986,1729,524,306,360,49,412,154,199,4,6,251
E02006083,5677,365,354,598,846,1540,511,254,355,25,335,115,189,0,16,174
E02006084,7044,543,378,898,1084,1746,575,350,411,50,385,156,210,0,33,225
E02006085,5875,322,353,560,854,1535,502,224,397,43,502,161,161,3,23,235
E02006086,6764,260,342,526,924,2270,570,290,465,46,415,162,219,2,23,250
E02006087,6057,292,523,378,614,1595,377,418,626,37,593,174,169,0,5,256
E02006088,7330,439,582,508,680,1824,534,294,703,50,837,259,237,2,15,366
E02006089,6203,371,841,310,540,1304,274,404,607,22,487,161,360,0,25,497
E02006090,6838,380,513,534,808,1925,518,336,464,28,526,186,233,6,10,371
E02006091,9715,686,547,1166,1422,2723,761,378,566,92,497,211,326,4,38,298
E02006092,6103,326,422,550,970,1879,556,316,358,34,225,98,134,0,15,220
E02006093,8331,636,494,990,1166,2082,651,432,485,40,621,198,211,0,28,297
E02006094,5300,345,279,698,858,1391,435,258,225,41,246,167,175,0,16,166
E02006095,7782,596,576,932,1142,1823,597,368,565,50,442,208,241,0,32,210
E02006096,6650,391,381,702,884,1699,540,308,617,36,476,131,235,0,23,227
E02006097,6283,557,522,666,660,1262,421,252,675,55,478,191,203,0,24,317
E02006098,7278,481,339,962,1230,1803,675,302,331,37,240,181,311,0,29,357
E02006099,6765,305,356,530,868,2371,420,234,462,43,498,152,246,2,21,257
E02006100,6994,372,391,628,906,2091,542,362,390,35,399,186,302,0,32,358
E02006101,5519,375,359,570,732,1594,444,216,311,46,356,112,203,0,22,179
E02006102,7125,534,486,520,618,1723,569,250,629,67,793,316,318,0,22,280
E02006103,7164,507,311,876,1108,2045,580,234,375,62,365,176,219,0,30,276
E02006104,7452,376,583,572,892,2194,613,420,486,34,533,201,190,0,25,333
E02006105,10173,538,1105,500,992,2311,429,852,754,30,758,243,397,68,30,1166
E02006106,6900,377,425,669,900,1839,496,408,440,64,560,200,266,0,19,237
E02006107,8064,433,660,398,802,1729,536,284,889,78,1170,362,358,0,21,344
E02006108,7898,853,839,868,844,1711,309,500,358,21,430,208,276,58,50,573
E02006109,7717,608,345,1056,928,2462,656,256,344,35,334,177,174,2,35,305
E02006110,7730,585,606,530,854,1967,498,356,639,57,765,226,303,0,16,328
E02006111,10116,619,460,1186,1596,2919,848,358,539,67,574,225,317,0,32,376
E02006112,7235,406,367,806,1182,2171,623,322,369,51,266,159,221,0,15,277
E02006113,6927,749,547,840,816,1416,423,324,426,40,426,176,286,0,57,401
E02006114,5933,614,374,1068,852,1038,347,204,435,35,368,166,145,0,51,236
E02006115,7154,580,494,814,964,1534,485,294,556,57,492,253,217,0,62,352
E02006116,7805,573,398,1016,1508,1625,602,358,405,47,279,178,379,0,31,406
E02006117,5463,525,358,825,904,1015,451,246,261,39,253,147,179,0,34,226
W02000001,8597,588,646,802,1058,1963,792,252,689,31,646,308,402,13,31,376
W02000002,6480,535,373,830,878,1373,685,218,385,24,319,253,291,3,34,279
W02000003,10207,669,1132,590,918,2026,747,386,1067,102,1247,410,480,4,43,386
W02000004,7315,525,439,900,1076,1740,682,226,413,51,443,209,304,4,34,269
W02000005,8666,677,618,1142,1180,1874,696,366,528,56,465,319,317,11,48,369
W02000006,6619,457,416,494,700,1619,637,230,610,79,616,254,227,0,28,252
W02000007,7011,424,486,526,788,1811,640,286,604,43,487,288,324,2,20,282
W02000008,6340,464,427,572,700,1522,573,228,488,40,365,241,250,117,11,342
W02000009,7706,463,549,650,940,1936,752,306,581,45,470,314,301,10,35,354
W02000010,7210,325,661,244,314,863,203,268,261,33,411,157,280,2387,12,791
W02000011,7665,399,433,450,600,1991,596,192,584,44,695,290,446,494,26,425
W02000012,8312,426,687,486,806,2098,709,408,831,53,701,319,387,4,33,364
W02000013,6499,350,461,416,688,1930,595,342,543,41,426,195,207,26,13,266
W02000014,6865,432,533,392,626,1753,606,328,727,39,503,285,296,17,15,313
W02000015,7993,516,706,584,690,1739,689,216,747,88,922,375,387,34,22,278
W02000016,6310,459,478,492,662,1633,564,276,570,46,440,192,235,5,27,231
W02000017,7629,513,586,612,900,1864,650,318,711,68,661,251,239,0,28,228
W02000018,6442,506,669,514,672,1288,470,282,637,69,608,259,223,8,15,222
W02000019,6888,593,615,768,806,1426,533,260,651,53,420,225,226,10,38,264
W02000020,6813,539,452,627,726,1772,626,266,521,39,368,252,341,18,36,230
W02000021,7896,658,733,738,802,1803,682,252,831,68,498,306,232,8,50,235
W02000022,6041,616,474,754,858,1119,407,228,515,43,370,165,248,4,21,219
W02000023,5898,566,443,693,732,1361,466,174,406,34,309,150,334,0,23,207
W02000024,5659,408,490,476,652,1397,511,266,419,37,373,187,196,3,26,218
W02000025,6484,616,712,560,838,1192,480,248,607,41,494,187,219,0,33,257
W02000026,7370,779,714,1099,1108,1323,488,280,491,35,359,192,171,2,36,293
W02000027,8147,878,1082,698,802,1198,523,448,499,48,612,331,398,4,54,572
W02000028,6881,531,459,794,704,1454,483,184,523,28,796,273,340,2,18,292
W02000029,6082,543,320,880,846,1541,406,238,336,23,372,191,153,0,49,184
W02000030,5922,761,488,930,690,1071,423,218,347,33,311,184,183,0,44,239
W02000031,8340,555,450,894,1064,1754,664,314,765,60,690,281,461,0,65,323
W02000032,7690,670,485,1104,958,1735,675,246,477,43,490,264,260,0,39,244
W02000033,6429,495,738,426,520,1394,378,248,503,27,649,263,400,2,22,364
W02000034,7499,494,524,676,872,2071,562,242,595,42,648,196,353,0,39,185
W02000035,8792,478,643,652,1004,2093,712,352,739,74,962,319,386,0,34,344
W02000036,10444,989,706,1609,1402,1886,729,402,659,93,831,344,355,2,82,355
W02000037,6955,436,463,652,784,1557,645,292,542,57,660,249,312,0,42,264
W02000038,6042,454,475,641,736,1441,506,264,394,48,417,186,249,0,13,218
W02000039,7823,540,629,612,914,1732,633,374,693,55,614,268,364,0,30,365
W02000040,6795,353,412,581,956,1953,754,250,461,54,190,214,332,0,23,262
W02000041,8690,571,675,760,1044,2015,856,400,698,50,613,294,320,0,41,353
W02000042,5706,512,358,720,658,1171,463,220,420,31,498,188,244,3,35,185
W02000043,5317,355,288,512,482,1249,450,130,467,50,562,183,368,3,38,180
W02000044,5172,465,317,660,658,1157,490,182,274,22,350,202,214,0,24,157
W02000045,8530,649,1141,644,772,1414,458,336,705,72,890,296,614,2,45,492
W02000047,5383,259,305,210,326,1120,370,182,739,72,937,276,358,3,23,203
W02000049,6449,332,400,538,798,1753,513,268,571,26,576,220,262,3,19,170
W02000050,6382,389,416,616,778,1589,549,304,512,53,543,216,197,0,26,194
W02000051,5111,354,343,542,666,1278,479,178,388,36,294,157,229,0,13,154
W02000052,5122,290,502,306,450,1027,388,252,525,29,664,269,153,0,25,242
W02000053,6321,373,324,540,820,1981,658,234,388,54,313,213,177,2,23,221
W02000054,5829,315,312,588,936,1799,539,222,277,28,243,143,245,2,10,170
W02000055,5282,442,395,526,550,1370,437,224,466,21,391,195,133,0,8,124
W02000056,5219,264,320,418,690,1488,513,232,388,35,281,191,213,0,23,163
W02000057,6043,428,517,642,788,1284,568,294,362,28,387,191,247,5,27,275
W02000419,10617,720,629,1032,1278,2416,1028,400,915,81,948,462,353,10,24,321
W02000058,5159,373,341,494,676,1206,469,220,408,18,336,187,209,0,25,197
W02000059,6494,348,326,518,814,1703,625,256,535,70,484,266,288,3,30,228
W02000060,10598,610,798,634,960,2456,978,424,1028,111,1206,424,479,0,46,444
W02000061,6561,484,517,390,524,1226,512,228,653,59,842,325,448,0,23,330
W02000062,6255,200,263,412,720,1959,821,210,416,77,489,196,267,0,4,221
W02000063,8339,464,410,740,1316,2320,939,348,442,44,342,287,327,9,39,312
W02000064,6104,340,492,342,562,1317,575,232,567,35,794,217,322,0,0,309
W02000065,7468,256,398,566,852,1996,818,368,600,55,636,250,351,0,7,315
W02000066,9630,553,811,562,820,2106,765,448,895,84,1090,377,546,0,13,560
W02000067,6314,250,219,596,930,2270,657,196,305,39,318,179,171,0,9,175
W02000068,5605,350,438,388,570,1200,504,290,401,40,525,256,274,0,4,365
W02000069,6062,279,345,510,872,1841,615,230,436,49,398,169,170,3,9,136
W02000070,10512,506,518,874,1346,3768,982,384,597,66,631,247,289,2,29,273
W02000071,7312,380,322,720,1152,2063,767,250,374,59,455,263,255,0,21,231
W02000072,11106,555,697,620,1204,2783,1082,640,983,89,1153,427,415,0,33,425
W02000073,9986,683,637,856,1076,2755,801,354,734,61,888,441,362,0,39,299
W02000074,9254,579,732,738,1034,2119,831,438,821,92,860,332,331,0,12,335
W02000075,5551,226,250,458,784,1885,661,194,318,38,285,154,127,0,10,161
W02000076,7422,403,443,720,1078,1950,713,252,439,35,438,303,374,0,18,256
W02000077,5947,361,320,514,746,1616,651,272,362,52,381,227,262,0,9,174
W02000080,7918,395,483,476,914,2093,824,342,778,51,670,310,341,6,22,213
W02000081,5626,226,381,244,658,1573,528,284,448,45,578,207,276,8,15,155
W02000082,7419,371,566,392,712,1895,686,402,704,54,798,305,292,2,9,231
W02000083,8591,441,648,454,920,2189,856,480,914,35,767,308,329,5,14,231
W02000084,5109,338,257,682,764,1415,665,190,185,24,198,116,143,0,13,119
W02000085,8808,598,671,924,1014,2198,723,382,541,43,509,303,303,147,17,435
W02000086,5105,407,320,442,464,1100,481,172,444,43,476,249,257,14,15,221
W02000087,7334,290,565,274,402,1393,516,172,998,80,1605,388,376,4,10,261
W02000088,8075,329,795,384,772,1639,545,492,560,69,525,279,414,337,41,894
W02000089,8313,478,920,346,782,1661,583,424,725,64,842,262,444,128,8,646
W02000090,5861,294,362,394,800,1568,587,178,517,28,512,183,302,0,11,125
W02000091,6139,327,409,518,754,1678,598,250,534,41,460,194,214,0,12,150
W02000092,6953,467,609,368,658,1554,523,294,853,45,798,260,315,0,10,199
W02000093,6612,333,462,474,848,1856,573,312,509,53,468,194,288,0,9,233
W02000094,9048,524,605,584,912,2083,822,292,1104,81,1004,386,364,3,21,263
W02000095,6484,371,295,608,926,1989,633,234,329,27,389,200,221,4,18,240
W02000096,6580,400,450,514,886,1720,635,212,499,43,500,260,248,4,42,167
W02000420,13269,745,685,1272,1910,4283,1342,446,748,82,598,342,423,0,31,362
W02000097,9012,593,532,937,1294,2263,830,376,606,30,445,293,404,0,41,368
W02000098,6295,375,304,676,878,1884,592,282,385,28,263,165,229,0,30,204
W02000099,6456,536,572,459,624,1415,475,298,619,70,538,192,314,0,25,319
W02000100,6153,427,445,568,884,1513,457,278,484,66,346,191,181,4,22,287
W02000101,5461,355,293,634,760,1605,435,212,355,27,289,151,146,0,24,175
W02000102,6293,354,350,586,944,1700,588,278,412,63,357,160,254,0,32,215
W02000103,5663,326,253,570,876,1624,480,230,374,34,259,117,250,0,32,238
W02000104,6109,453,623,470,732,1360,422,326,468,22,512,213,176,0,14,318
W02000105,5117,226,454,206,380,1201,294,198,692,24,878,188,188,0,24,164
W02000106,6562,482,459,704,886,1572,618,272,484,49,394,161,224,3,29,225
W02000107,9852,712,622,1190,1388,2305,794,494,591,50,629,321,316,0,64,376
W02000108,6952,555,456,905,1070,1546,542,316,404,30,413,185,214,0,57,259
W02000109,5211,475,605,574,510,990,263,298,446,49,470,147,184,2,12,186
W02000110,6948,458,490,668,926,1767,545,316,490,31,474,236,244,0,29,274
W02000111,8293,604,632,802,1032,1787,682,358,706,77,535,305,326,0,51,396
W02000113,7887,651,633,644,882,1956,465,274,629,46,719,296,290,0,34,368
W02000114,6845,457,366,752,1048,1733,511,216,303,30,357,226,394,0,33,419
W02000414,5930,356,347,596,906,1652,578,236,302,35,243,148,268,0,28,235
W02000416,10008,806,722,945,1166,2373,1198,386,582,58,840,367,311,0,35,219
W02000116,7553,448,561,644,908,2046,630,330,623,76,488,218,240,28,29,284
W02000117,7721,387,991,330,364,760,144,442,224,13,174,131,176,2840,26,719
W02000118,6621,402,531,410,524,1387,415,304,597,43,499,233,264,581,30,401
W02000120,7276,540,521,743,984,1748,686,278,464,50,352,208,317,22,52,311
W02000122,6701,448,406,765,988,1455,579,272,419,37,342,215,406,4,48,317
W02000123,7787,532,561,730,944,1635,619,290,514,38,578,268,452,95,41,490
W02000124,8823,810,777,942,980,1911,630,366,611,44,656,269,340,9,68,410
W02000125,7402,544,488,700,1086,1552,669,250,572,58,504,268,318,15,58,320
W02000421,11560,767,742,1136,1510,3089,1029,476,700,39,558,317,563,84,73,477
W02000126,8135,488,556,788,1100,1827,739,322,496,66,614,225,454,0,68,392
W02000127,9649,808,776,1004,1238,2068,699,366,662,39,805,359,404,3,70,348
W02000128,7083,488,448,794,954,1775,554,266,528,39,465,248,255,6,18,245
W02000129,6678,380,327,712,878,1926,680,242,362,27,388,198,264,0,34,260
W02000130,6901,394,747,357,544,1800,429,304,587,32,900,225,247,2,14,319
W02000131,6896,481,454,576,758,1620,578,274,538,59,723,234,278,3,24,296
W02000132,6287,417,367,564,806,1629,595,228,336,22,483,195,256,0,35,354
W02000133,7801,486,409,804,1172,1827,757,270,483,46,523,194,410,3,44,373
W02000134,8469,468,508,836,1232,2225,697,326,618,36,658,202,371,0,18,274
W02000135,6908,486,568,590,764,1527,574,202,711,45,672,243,267,0,24,235
W02000136,8401,626,432,1118,1178,2006,660,246,444,57,550,227,407,18,52,380
W02000137,6958,468,492,575,724,1485,617,220,718,43,800,309,276,0,23,208
W02000138,9672,520,790,652,1000,2256,715,378,848,62,1269,342,411,4,37,388
W02000139,7659,477,406,1003,1186,2008,665,254,429,53,444,199,326,0,24,185
W02000140,6908,408,571,522,760,1536,473,218,536,66,961,297,286,0,22,252
W02000141,6140,583,563,662,732,1241,415,262,362,38,560,224,243,0,22,233
W02000142,5570,321,377,491,700,1348,502,212,390,25,504,156,220,10,20,294
W02000143,5638,426,357,548,798,1154,541,232,350,18,394,228,311,23,19,239
W02000144,7628,465,436,740,1082,1788,714,300,472,45,531,262,443,2,32,316
W02000145,7019,516,479,706,874,1788,691,260,310,24,526,247,266,2,49,281
W02000146,6581,364,304,618,982,1869,610,226,305,36,384,205,292,0,37,349
W02000147,7744,435,484,636,738,2086,625,322,514,41,616,257,425,154,42,369
W02000148,5100,346,399,380,520,1086,423,224,435,43,566,168,230,28,15,237
W02000149,6025,554,589,616,684,1217,470,270,320,28,487,224,163,35,35,333
W02000151,7380,459,504,559,850,1681,662,330,564,46,796,286,319,11,34,279
W02000152,7881,523,450,740,1026,2106,742,250,480,37,598,209,391,2,22,305
W02000153,7691,523,448,756,1152,1771,864,258,475,40,444,233,353,4,34,336
W02000154,7480,508,613,636,790,1791,631,262,566,26,777,247,339,4,45,245
W02000156,8100,406,462,646,968,2131,826,338,694,62,606,268,311,0,37,345
W02000157,8933,635,472,772,1136,2324,930,318,527,69,652,319,385,3,45,346
W02000158,5649,313,343,395,786,1457,616,204,355,36,438,204,239,0,22,241
W02000159,6040,382,360,470,752,1453,596,182,493,28,566,238,286,11,28,195
W02000160,7441,470,351,782,1096,2071,746,254,420,42,497,215,279,0,20,198
W02000161,5513,330,362,380,544,1459,457,164,399,44,719,186,270,0,23,176
W02000162,8508,670,507,982,932,1955,779,256,572,61,698,366,408,0,35,287
W02000163,5396,386,411,402,484,1200,476,152,356,33,674,214,328,3,35,242
W02000164,6830,452,498,672,760,1604,677,234,391,41,652,264,283,2,27,273
W02000165,6626,377,481,410,650,1562,672,192,491,66,796,238,291,0,28,372
W02000166,8650,415,569,536,888,2211,802,360,823,86,1044,331,324,3,21,237
W02000167,9709,641,1169,453,840,1701,668,432,820,69,1387,373,527,11,66,552
W02000418,12095,735,693,1138,1590,2914,1240,460,733,48,752,447,717,0,48,580
W02000168,6217,356,449,430,606,1665,566,284,455,32,694,254,239,2,17,168
W02000169,9316,554,697,712,1020,2252,948,330,703,73,881,346,425,2,32,341
W02000170,9073,461,638,776,1028,2289,1175,312,514,44,802,325,391,4,13,301
W02000171,7890,307,571,510,950,2811,656,316,421,76,550,263,239,0,9,211
W02000172,9700,603,736,658,904,2579,984,382,618,93,1022,400,364,4,36,317
W02000173,7345,246,489,364,922,2338,651,362,581,42,614,205,316,5,10,200
W02000174,9105,535,542,792,1102,2601,1091,294,468,60,678,319,307,8,30,278
W02000175,7694,364,786,480,636,1572,739,294,686,47,1079,329,302,6,25,349
W02000176,8802,592,731,890,950,1761,978,278,569,71,911,422,313,17,15,304
W02000177,7032,269,533,484,778,1784,632,344,574,63,777,253,287,8,8,238
W02000178,8855,350,922,316,546,1857,510,252,1086,73,1705,459,433,15,29,302
W02000179,6677,370,381,552,832,1960,718,218,388,29,545,224,249,0,19,192
W02000180,8059,398,626,444,698,1666,758,284,821,50,1182,401,346,12,17,356
W02000181,6732,370,616,424,672,1227,640,282,626,50,834,344,352,4,42,249
W02000182,7926,484,639,472,716,1915,845,316,607,37,874,352,327,14,34,294
W02000183,9155,450,1159,414,738,1633,813,440,720,50,1247,442,398,55,27,569
W02000184,6927,454,682,570,690,1638,672,250,542,32,651,284,213,6,31,212
W02000185,5190,316,258,524,630,1520,594,144,259,49,321,192,176,0,15,192
W02000186,8696,463,843,282,502,1470,572,250,964,75,2015,472,436,31,31,290
W02000187,5712,307,267,666,702,1734,551,164,285,26,417,231,155,10,22,175
W02000188,7187,413,787,428,610,1315,614,384,556,28,861,304,353,88,10,436
W02000189,7722,747,729,732,798,2126,651,212,352,41,521,288,212,70,17,226
W02000190,4561,345,272,646,514,1284,434,148,176,13,256,123,136,79,8,127
W02000191,9524,448,956,444,720,1697,477,476,383,40,382,205,386,2015,14,881
W02000192,8609,588,2385,292,606,765,232,752,177,45,323,202,193,1130,31,888
W02000193,9396,449,903,288,384,931,287,352,151,25,275,168,317,3605,41,1220
W02000194,5410,448,320,780,730,1383,528,172,130,25,176,133,131,162,22,270
W02000195,5854,541,311,908,792,1668,466,132,219,24,241,151,218,16,18,149
W02000196,6390,629,514,763,696,1454,534,198,317,43,519,240,187,24,19,253
W02000197,6249,383,287,884,832,1791,552,122,330,26,271,158,297,9,34,273
W02000198,7358,627,589,1008,950,1861,659,276,249,26,337,233,172,49,25,297
W02000200,5191,338,321,396,598,1233,692,146,428,43,419,215,191,0,26,145
W02000201,5384,341,331,490,580,1119,692,182,461,34,534,216,229,0,37,138
W02000202,11454,690,722,814,1324,3001,1323,418,818,78,977,422,447,2,36,382
W02000203,6692,375,399,449,754,1847,716,252,513,40,523,306,307,0,35,176
W02000204,6900,392,352,782,914,2118,703,236,314,68,424,210,226,0,23,138
W02000205,5927,371,386,582,708,1424,629,192,326,51,575,264,215,0,12,192
W02000206,6673,613,839,514,642,1154,678,268,405,30,626,380,211,0,28,285
W02000207,5135,241,256,482,786,1467,679,152,271,29,261,159,179,0,15,158
W02000208,8900,483,551,580,936,2225,967,490,728,77,695,394,366,0,36,372
W02000209,5258,321,375,356,550,1054,608,130,512,63,631,237,223,0,15,183
W02000210,6474,312,426,364,532,1673,589,214,570,84,736,327,411,10,15,211
W02000211,7921,504,735,526,740,1680,723,340,685,28,854,412,309,0,43,342
W02000212,7653,452,533,588,970,1858,806,238,600,74,689,287,292,2,22,242
W02000213,6769,412,379,734,816,1722,870,266,410,72,411,239,256,3,18,161
W02000214,9722,636,590,690,862,1700,1096,282,777,102,1280,600,656,3,22,426
W02000215,9224,629,919,562,786,1685,985,390,885,74,965,458,403,8,42,433
W02000216,7009,399,523,466,768,1722,857,268,470,59,471,245,360,0,16,385
W02000217,6383,281,460,448,746,1635,716,266,462,53,593,230,264,0,14,215
W02000417,10013,606,766,638,1118,2363,1058,468,714,78,919,456,503,0,18,308
W02000218,6995,372,482,470,648,1453,720,248,633,66,915,322,374,0,7,285
W02000219,7413,438,555,486,818,1803,816,224,586,59,748,307,280,0,6,287
W02000220,7954,460,579,512,906,1731,839,352,800,122,742,323,341,0,30,217
W02000221,7784,381,486,474,834,1675,730,302,900,86,834,337,414,0,23,308
W02000222,6201,355,306,574,806,1571,796,136,388,42,461,235,294,0,19,218
W02000223,5357,261,400,306,658,1325,527,230,461,58,485,203,161,0,21,261
W02000224,6014,292,422,342,652,1457,637,278,414,46,616,303,312,0,8,235
W02000225,8872,500,597,547,942,1967,994,334,670,82,976,368,485,0,37,373
W02000226,10023,496,512,834,1362,2836,1050,400,625,59,680,349,407,4,16,393
W02000227,6992,353,511,458,764,1396,631,376,670,78,904,315,302,0,27,207
W02000228,5528,313,280,572,706,1565,537,218,289,17,349,209,225,17,20,211
W02000229,6107,380,386,500,626,1458,655,196,409,46,587,298,298,4,17,247
W02000230,5288,264,197,590,754,1634,575,160,237,42,303,158,182,0,19,173
W02000231,8137,597,779,601,764,1527,617,408,594,81,751,391,412,9,16,590
W02000232,5918,181,370,354,738,1828,548,336,447,30,465,157,228,0,22,214
W02000233,6185,207,479,322,648,1546,590,324,459,71,785,251,220,0,7,276
W02000234,10412,422,525,610,1112,3846,975,446,683,43,782,251,380,0,14,323
W02000235,8801,848,524,1208,1050,2096,929,236,362,31,486,279,318,0,47,387
W02000236,6861,539,423,684,870,1522,681,202,486,40,434,265,310,0,31,374
W02000237,5281,260,201,592,852,1596,599,114,227,19,237,139,213,0,16,216
W02000238,6132,444,319,818,944,1879,569,190,186,24,231,193,140,0,28,167
W02000239,6631,301,291,714,976,2318,587,200,329,12,252,176,241,0,24,210
W02000240,8646,523,495,690,866,2392,868,276,570,71,760,372,409,0,40,314
W02000241,9541,640,1147,661,956,2515,642,662,470,48,586,323,293,14,26,558
W02000242,7751,560,343,950,970,2034,831,220,386,41,575,231,267,3,24,316
W02000243,9097,478,628,578,682,1765,725,252,1200,55,1577,404,437,0,29,287
W02000244,9965,698,598,1006,1192,3060,837,316,521,61,613,332,377,0,49,305
W02000245,8527,314,721,382,896,2233,769,416,854,82,942,244,365,2,6,301
W02000246,5477,346,251,612,814,1407,725,142,286,22,320,173,216,0,5,158
W02000247,8597,513,435,900,1048,2335,896,258,515,52,634,348,331,0,22,310
W02000248,10822,434,1021,408,878,2362,858,494,1136,73,1597,426,587,0,18,530
W02000249,8733,569,867,478,724,1908,639,362,949,52,1092,393,382,0,17,301
W02000250,10635,410,655,674,1376,3277,837,406,912,44,853,284,463,0,25,419
W02000251,8424,567,822,548,932,1828,632,476,658,72,808,298,417,0,28,338
W02000367,5965,301,293,714,800,2213,538,180,176,14,268,119,161,0,9,179
W02000368,5946,197,481,334,646,2005,559,384,400,42,397,122,212,7,2,158
W02000369,7968,119,544,232,842,2959,557,570,519,31,682,175,432,4,6,296
W02000370,6509,657,289,1008,744,1908,581,196,241,17,244,197,196,0,29,202
W02000371,9033,628,767,512,826,2191,696,490,712,66,868,335,450,10,24,458
W02000372,7575,334,344,612,956,2739,637,320,396,40,544,184,235,2,2,230
W02000373,6541,340,422,330,522,1403,639,192,565,57,1010,337,402,3,16,303
W02000374,5683,358,200,590,696,1948,567,130,259,28,238,177,267,6,10,209
W02000375,6954,167,595,170,592,1656,538,330,653,52,1159,301,469,2,13,257
W02000376,6692,449,620,442,638,1827,611,290,426,69,548,221,293,11,9,238
W02000377,7045,179,575,254,790,2140,478,376,524,59,846,208,369,7,14,226
W02000378,7377,459,423,750,794,2585,600,260,345,46,330,178,212,15,32,348
W02000379,6270,219,537,142,418,1183,301,224,784,51,1513,279,416,2,20,181
W02000380,6999,209,338,596,960,2502,778,232,339,37,438,138,222,0,4,206
W02000381,6271,458,571,450,444,1330,591,194,462,63,740,305,340,32,6,285
W02000382,5616,287,495,330,328,1092,480,110,541,59,931,294,432,0,23,214
W02000383,7219,288,693,404,598,1723,652,220,614,42,939,267,482,8,22,267
W02000384,5636,335,272,476,696,2044,555,208,251,27,150,154,180,12,20,256
W02000385,6039,404,282,590,624,2178,603,162,213,16,276,145,249,25,31,241
W02000386,7740,576,485,735,800,2520,848,248,377,36,319,255,186,23,34,298
W02000387,5725,315,355,490,634,1749,598,232,337,53,261,172,173,15,31,310
W02000388,5842,352,277,384,660,1437,693,162,405,67,529,220,337,7,24,288
W02000389,8317,442,646,400,706,1974,656,380,653,68,1079,418,486,2,45,362
W02000390,5634,412,242,656,670,1672,538,206,169,31,271,149,319,37,31,231
W02000391,6459,211,438,176,334,1175,324,316,257,26,295,190,379,1061,18,1259
W02000392,8555,559,710,641,996,2621,886,392,466,41,385,237,300,16,36,269
W02000393,6335,426,737,316,470,1221,497,332,473,68,860,309,317,2,38,269
W02000394,8324,168,484,122,288,730,169,366,129,3,173,105,271,3646,14,1656
W02000395,6219,264,688,274,572,1673,374,428,272,19,303,183,377,150,23,619
W02000396,7891,173,714,118,362,1230,229,510,220,6,317,122,493,1673,12,1712
W02000397,6639,522,600,446,576,1432,558,202,420,67,781,329,390,4,19,293
W02000398,9198,135,1188,99,308,525,90,476,60,4,149,75,147,4665,10,1267
W02000399,9770,297,1740,154,492,1000,229,870,302,18,438,188,349,1713,25,1955
W02000400,6337,273,1061,132,578,1308,177,840,342,50,261,102,272,33,23,885
W02000401,5933,336,631,276,572,1630,389,406,364,35,357,175,246,10,21,485
W02000402,8653,271,1521,110,454,1519,266,662,481,36,944,287,599,251,26,1226
W02000403,7213,285,734,180,518,1454,456,374,678,50,1294,289,403,12,26,460
W02000404,5997,315,824,150,390,1055,340,326,513,54,789,302,353,21,19,546
W02000405,7507,311,532,230,362,1323,478,190,850,82,1922,421,500,9,28,269
W02000406,8227,348,862,352,652,1873,567,546,506,53,673,248,561,28,26,932
W02000407,6299,307,529,290,452,1253,411,202,623,83,1221,306,345,13,10,254
W02000408,7136,264,1040,142,358,1704,257,384,276,12,588,208,929,173,23,778
W02000409,5886,348,440,406,486,1283,507,196,468,62,967,300,231,0,30,162
W02000410,8133,248,728,206,364,2250,402,270,487,31,933,273,1078,47,18,798
W02000411,6386,232,655,256,504,1368,472,232,605,56,1053,285,400,0,6,262
W02000412,6775,257,748,254,450,1723,418,294,404,42,674,240,661,25,22,563
W02000422,6043,66,1759,48,572,555,80,1374,230,9,219,61,81,84,8,897
W02000423,8040,335,1596,125,598,1318,156,944,288,31,636,263,476,94,30,1150
W02000252,8936,499,537,588,1070,1967,964,256,873,59,1003,397,399,66,26,232
W02000253,6138,398,462,472,654,1363,599,208,495,54,738,293,204,11,7,180
W02000254,7632,454,592,570,878,1992,871,286,505,50,655,244,298,28,24,185
W02000255,6156,396,472,492,756,1515,662,182,489,34,569,199,216,0,18,156
W02000256,9798,617,833,683,914,2167,883,308,948,68,1195,371,437,22,19,333
W02000257,7289,490,622,520,796,1547,716,194,544,70,908,292,294,63,31,202
W02000258,5679,447,468,458,514,1096,615,164,564,28,633,269,243,4,26,150
W02000259,5746,331,385,378,518,1150,655,160,573,55,808,228,324,5,6,170
W02000260,5847,425,480,394,622,1031,660,146,565,81,733,223,239,5,25,218
W02000261,7581,532,565,628,734,1610,881,244,583,65,841,329,288,13,44,224
W02000262,5205,351,422,388,532,1132,616,186,446,42,536,225,150,19,26,134
W02000263,6377,363,423,382,610,1337,680,220,683,49,756,306,289,38,14,227
W02000264,5989,353,563,396,532,969,570,136,671,64,964,249,251,80,20,171
W02000265,9024,589,661,604,880,1682,1065,306,934,112,1025,420,382,47,28,289
W02000266,7523,412,517,430,762,1858,858,258,649,72,876,308,307,8,17,191
W02000267,6510,403,459,480,600,1381,701,218,660,90,710,240,246,118,17,187
W02000268,9060,583,750,682,886,2060,1011,270,774,68,892,409,317,64,34,260
W02000269,8430,556,548,508,828,1779,965,270,921,83,910,325,346,119,29,243
W02000270,6536,359,534,446,724,1542,699,306,514,34,661,229,224,13,29,222
W02000271,5607,333,488,344,552,1112,583,154,519,41,759,224,240,30,17,211
W02000272,9846,612,714,726,1038,2400,891,468,724,76,892,355,364,152,30,404
W02000273,9226,440,676,374,600,1435,594,294,578,63,1012,356,356,1767,31,650
W02000274,9703,463,550,528,892,2632,992,330,865,124,1103,374,547,7,22,274
W02000275,5882,316,373,422,656,1404,672,242,457,67,632,223,228,0,24,166
W02000276,5749,370,326,676,778,1310,620,168,362,51,455,215,221,0,26,171
W02000277,6891,393,605,478,794,1557,687,352,496,54,573,338,273,27,25,239
W02000278,9342,230,469,504,1236,3363,927,420,689,67,620,210,353,4,14,236
W02000279,7660,300,520,444,912,1923,812,258,742,58,854,319,258,0,14,246
W02000280,8012,307,495,394,1006,2265,754,424,735,71,682,240,336,7,20,276
W02000281,7526,417,544,624,936,2085,754,276,497,63,577,245,242,21,37,208
W02000282,10985,434,649,770,1412,3850,796,472,677,87,735,287,432,6,19,359
W02000284,9724,494,584,550,888,1931,1266,376,910,125,1134,401,570,0,48,447
W02000285,8232,367,430,636,1026,2164,1017,320,531,77,624,336,360,7,26,311
W02000286,6500,505,558,384,536,1146,609,270,430,40,734,407,464,0,20,397
W02000287,8127,385,534,581,794,2154,925,314,689,86,630,349,365,0,42,279
W02000288,8199,499,573,538,752,1634,1097,264,754,82,917,354,429,0,38,268
W02000289,8187,341,429,508,942,2011,954,318,754,88,782,305,429,0,30,296
W02000415,9365,435,425,492,650,1695,1029,214,986,107,1563,506,789,10,27,437
W02000290,8779,508,697,541,896,1719,933,272,877,99,1138,424,350,0,27,298
W02000291,7512,427,508,476,722,1685,748,214,929,64,790,275,403,0,24,247
W02000292,5667,357,375,356,610,1157,645,182,564,45,622,241,293,3,9,208
W02000293,6149,346,430,389,596,1226,704,252,672,68,745,264,259,0,10,188
W02000294,5683,263,344,474,712,1452,617,174,463,55,485,217,254,0,18,155
W02000295,9344,457,434,688,1102,2773,1139,316,647,91,830,324,291,2,26,224
W02000296,7697,448,437,540,806,1702,895,216,784,94,866,278,405,0,23,203
W02000297,7806,350,444,551,896,1950,918,322,738,35,704,308,375,0,16,199
W02000298,7270,356,337,448,786,2199,755,240,649,52,687,289,229,0,6,237
W02000299,6413,395,387,520,764,1534,664,222,652,65,580,264,183,0,14,169
W02000300,8493,487,435,616,972,2011,937,306,788,80,834,317,376,3,38,293
W02000301,7705,332,389,414,858,1995,824,250,795,92,786,314,419,0,24,213
W02000302,9629,530,591,790,1172,2513,897,438,831,88,843,312,367,0,38,219
W02000303,6995,322,467,481,784,1632,697,360,812,71,611,259,273,0,23,203
W02000304,5485,375,413,396,606,1265,539,246,535,44,459,204,199,0,10,194
W02000305,6464,264,468,460,724,1621,736,272,518,59,641,302,182,0,5,212
W02000306,5194,383,445,392,524,1211,617,250,301,29,386,264,233,0,14,145
W02000307,6778,273,504,316,624,1687,622,300,768,80,883,226,271,0,24,200
W02000308,9279,370,560,572,936,2178,972,336,887,92,1104,395,507,2,11,357
W02000309,6818,393,375,566,730,1809,779,216,486,49,551,255,333,0,37,239
W02000310,5450,185,342,395,644,1557,464,248,426,40,576,185,226,0,8,154
W02000311,9502,479,690,641,1002,1981,834,400,883,112,1309,404,430,4,17,316
W02000312,7478,410,399,564,836,1930,852,284,591,63,684,277,335,0,3,250
W02000313,10165,433,582,742,1172,3259,909,554,768,69,636,319,385,12,28,297
W02000314,7028,387,465,592,730,1522,815,234,655,73,748,319,286,4,11,187
W02000315,5402,321,528,392,542,1153,548,206,459,71,536,223,240,0,17,166
W02000316,7098,458,448,518,724,1512,827,202,645,75,807,359,280,0,24,219
W02000317,7640,501,468,518,804,1752,908,238,637,98,803,352,297,0,28,236
W02000318,9410,525,608,630,910,2229,1002,346,857,124,1021,423,390,0,25,320
W02000319,7900,559,752,554,742,1623,802,346,615,66,940,371,258,0,12,260
W02000320,8465,495,687,488,870,2062,831,370,833,91,771,291,383,0,22,271
W02000321,9029,580,715,622,870,1933,1104,294,844,91,977,362,338,4,30,265
W02000322,7267,484,627,486,724,1352,761,296,767,55,826,406,213,0,34,236
W02000323,6026,412,470,412,634,1404,527,262,651,53,545,220,267,0,9,160
W02000324,7029,396,405,451,766,1691,585,238,780,74,747,318,330,0,28,220
W02000325,7144,355,459,402,652,1630,708,254,851,71,762,334,375,0,8,283
W02000326,8896,508,618,563,1070,2030,936,398,831,69,767,343,447,0,20,296
W02000327,5961,389,357,670,832,1588,646,176,315,34,373,181,208,0,20,172
W02000328,7119,361,494,604,808,1935,772,274,604,52,563,256,198,0,8,190
W02000329,7469,438,538,524,688,1707,793,304,571,71,772,387,351,0,20,305
W02000330,7259,664,435,916,760,1707,667,264,465,52,530,312,229,0,25,233
W02000331,6737,269,406,314,558,1408,584,200,882,79,1083,325,414,0,7,208
W02000332,6746,538,659,474,648,1277,527,288,624,56,739,309,321,0,32,254
W02000333,6482,238,370,384,796,1768,668,252,518,50,670,222,353,0,17,176
W02000334,6791,229,385,428,916,2045,722,284,510,21,500,251,265,0,11,224
W02000335,6701,452,318,680,774,1930,669,234,413,40,405,175,355,0,22,234
W02000336,7997,628,599,869,1074,2003,793,332,388,29,416,225,291,0,30,320
W02000337,7483,593,528,568,770,1819,576,314,737,52,664,345,248,0,19,250
W02000338,7562,523,453,950,1026,1923,764,240,360,30,492,235,240,0,47,279
W02000339,10104,749,733,1023,1152,2734,747,424,701,56,809,288,344,0,39,305
W02000340,7078,416,289,773,1150,2001,749,264,285,47,274,188,305,0,36,301
W02000341,7922,494,433,864,1072,2403,739,326,344,37,453,170,339,2,23,223
W02000342,9505,414,340,990,1494,3356,814,352,514,47,320,189,377,0,18,280
W02000343,8482,517,675,530,864,2061,593,470,737,65,872,321,351,0,20,406
W02000344,7497,373,283,760,1072,2431,811,288,340,45,273,177,337,0,33,274
W02000345,8120,532,407,764,928,1885,877,326,641,66,681,317,330,0,40,326
W02000346,7944,276,337,538,1024,3071,743,310,405,37,468,192,306,0,25,212
W02000347,7925,490,484,756,950,2333,836,240,332,56,608,268,243,72,27,230
W02000348,7925,472,437,791,886,2001,848,252,563,70,745,321,263,6,15,255
W02000349,7556,376,710,528,588,1320,614,244,795,120,1141,330,433,2,28,327
W02000350,7320,344,327,652,1026,2130,753,264,380,50,494,254,397,2,32,215
W02000351,6072,437,520,408,578,1418,530,198,451,38,707,261,243,5,42,236
W02000352,6562,373,692,296,586,1226,534,344,509,85,982,296,245,61,33,300
W02000353,7059,337,508,394,678,1750,637,272,517,34,821,242,317,145,27,380
W02000354,5918,454,355,640,566,1481,561,172,323,64,577,250,257,0,20,198
W02000355,8380,433,350,776,1068,2953,827,234,465,68,538,216,248,0,24,180
W02000356,5389,380,357,390,354,880,447,134,605,57,941,256,355,2,18,213
W02000357,7841,365,713,410,616,2027,578,308,501,65,804,284,523,116,18,513
W02000358,5867,391,367,644,698,1775,555,212,232,10,213,133,300,5,30,302
W02000359,9792,293,1061,250,660,2201,673,512,850,96,1404,254,866,55,11,606
W02000360,5969,330,927,240,428,1161,310,346,343,37,439,181,433,178,10,606
W02000361,10086,484,495,684,890,2241,852,302,1145,81,1624,406,559,0,27,296
W02000362,5981,391,432,502,632,1887,511,220,369,22,466,143,201,0,16,189
W02000363,5580,528,435,514,568,1139,511,234,397,41,573,251,145,4,27,213
W02000364,7272,371,827,164,294,1754,268,268,347,41,828,305,768,574,24,439
W02000365,7485,388,536,292,566,1788,470,282,776,48,1281,337,402,9,21,289
W02000366,8124,225,454,450,952,3133,656,450,456,24,506,150,375,5,22,266
