geography code,total,1,2,3,4+
E02002559,3646,858,1410,628,750
E02002560,2511,621,941,464,485
E02002561,2507,644,1048,412,403
E02002562,2933,1242,871,430,390
E02002563,2343,701,887,380,375
E02002564,4137,1326,1362,702,747
E02002565,2667,1027,947,373,320
E02002566,3475,1676,1028,375,396
E02002567,3209,1073,1117,490,529
E02002568,2634,910,914,345,465
E02002569,3912,1009,1641,576,686
E02002570,3723,1405,1239,542,537
E02002571,2758,797,970,449,542
E02002572,2727,897,884,461,485
E02002573,3488,915,1398,564,611
E02004290,2518,612,975,445,486
E02004291,3131,1094,1068,534,435
E02004292,3523,996,1418,531,578
E02004293,4412,1751,1344,678,639
E02004294,3655,978,1396,628,653
E02004295,3213,838,1248,554,573
E02004296,3529,1052,1302,611,564
E02004297,3550,1037,1398,610,505
E02004298,4178,1149,1661,666,702
E02004299,3758,1165,1399,604,590
E02004300,3491,1193,1203,563,532
E02004301,3913,1290,1319,672,632
E02004302,3530,1189,1255,575,511
E02004303,5253,1824,1814,848,767
E02004304,3896,1211,1365,669,651
E02004305,3816,1211,1317,644,644
E02004306,2681,817,1095,400,369
E02004307,2878,897,991,536,454
E02004308,2987,806,1205,478,498
E02004309,2769,982,1008,387,392
E02004310,3526,1051,1316,611,548
E02004311,4118,1298,1549,629,642
E02004312,3409,917,1497,520,475
E02004313,2957,1001,991,452,513
E02004314,2363,778,679,273,633
E02004315,3845,918,1338,696,893
E02004316,2644,901,950,427,366
E02004317,3554,1271,1226,547,510
E02004318,2666,842,953,415,456
E02004319,3293,998,1192,542,561
E02004320,3851,1063,1429,688,671
E02004321,3662,1198,1216,679,569
E02004322,3769,1257,1258,658,596
E02004323,3337,924,1182,626,605
E02004324,2588,788,989,405,406
E02004325,3722,1230,1170,629,693
E02004326,2713,914,882,435,482
E02004327,2913,1020,1016,450,427
E02004328,3115,891,1037,612,575
E02004329,2807,711,1047,508,541
E02004330,2742,901,1028,426,387
E02004331,3084,988,1042,518,536
E02004332,3113,874,1105,571,563
E02004333,3195,892,1249,555,499
E02004334,3192,936,1133,554,569
E02004335,2929,1119,937,429,444
E02004336,3264,1223,1151,449,441
E02004337,4037,1220,1477,691,649
E02004338,3029,975,1059,507,488
E02004339,2997,811,1206,459,521
E02004340,4812,1777,1603,737,695
E02004341,3474,762,1415,646,651
E02004342,2401,691,781,430,499
E02004343,2492,828,895,399,370
E02004344,3244,1033,1227,552,432
E02004345,5755,1777,2259,868,851
E02004346,2344,665,977,346,356
E02004347,3012,1088,1139,388,397
E02004348,3700,1169,1468,529,534
E02004349,4081,1354,1351,691,685
E02004350,4378,1389,1673,692,624
E02004351,3135,1036,1112,492,495
E02004352,3409,1180,1191,532,506
E02004353,3313,961,1290,519,543
E02004354,3891,1184,1433,678,596
E02004355,3247,1111,1085,514,537
E02002483,3847,1030,1388,673,756
E02002484,4553,1679,1374,726,774
E02002485,3474,1200,1077,599,598
E02002487,2765,1294,825,356,290
E02002488,2512,631,940,441,500
E02002489,3532,1475,983,465,609
E02002490,2857,1056,940,481,380
E02002491,2887,997,916,456,518
E02002492,2924,977,965,485,497
E02002493,2698,708,1034,444,512
E02002494,3399,1150,1050,623,576
E02006909,4986,1195,1986,880,925
E02002496,4349,1761,1038,586,964
E02002497,2815,1016,901,423,475
E02002498,3820,1461,1072,606,681
E02002499,3005,862,900,544,699
E02002500,2339,736,730,341,532
E02002501,2228,728,677,356,467
E02002502,4180,1493,1258,619,810
E02002503,2567,637,841,495,594
E02002504,3719,951,1221,635,912
E02002505,2531,681,823,477,550
E02002506,2426,835,739,366,486
E02002507,2498,675,904,394,525
E02002508,2118,607,754,316,441
E02002509,2343,697,767,410,469
E02002510,2482,669,979,408,426
E02002512,2205,517,892,361,435
E02002513,3824,1242,1273,622,687
E02002514,3827,1245,1201,627,754
E02006811,3927,895,1584,635,813
E02005702,2690,672,1199,347,472
E02005703,3150,1213,1032,430,475
E02005704,5508,1545,2252,863,848
E02005705,3407,948,1563,426,470
E02005706,4329,1491,1573,626,639
E02005707,3123,878,1415,391,439
E02005708,5013,1677,2124,613,599
E02005709,2984,1093,918,447,526
E02005710,4067,1656,1299,602,510
E02005711,3680,1168,1314,567,631
E02005712,2914,766,1085,467,596
E02005713,2736,524,1174,469,569
E02005714,2003,249,792,402,560
E02005715,3714,1141,1402,531,640
E02005716,3732,970,1511,566,685
E02005717,3598,1114,1450,521,513
E02005718,3085,926,1304,442,413
E02005719,3536,1192,1291,554,499
E02005720,4822,1324,2001,734,763
E02005721,2140,670,725,377,368
E02005722,2990,686,1323,389,592
E02005723,3124,1332,1021,404,367
E02005724,2548,551,1102,386,509
E02005725,2792,828,1057,393,514
E02005726,3008,571,1280,506,651
E02005727,2839,757,1230,403,449
E02005728,3172,977,1226,468,501
E02005729,2395,661,954,360,420
E02005730,5725,1829,2095,806,995
E02005731,4533,1196,1636,796,905
E02005732,3905,1081,1631,530,663
E02005733,3487,936,1442,477,632
E02005734,2853,950,1050,437,416
E02005735,3621,1268,1200,620,533
E02005736,3369,1132,1129,558,550
E02005737,3232,1033,1172,514,513
E02005738,2188,565,852,385,386
E02005739,4257,1234,1759,628,636
E02005740,4677,1634,1585,746,712
E02005741,3588,968,1334,594,692
E02002515,3270,1342,1041,488,399
E02002516,2432,746,768,436,482
E02002517,2386,766,814,420,386
E02002518,4510,1180,1635,795,900
E02002519,3153,1105,1085,468,495
E02002520,5772,1613,2234,939,986
E02002521,2865,1186,992,333,354
E02002523,2716,810,838,525,543
E02002524,2291,590,902,382,417
E02002525,3772,1280,1262,684,546
E02002526,3189,870,1193,541,585
E02002527,2254,771,734,355,394
E02002529,2620,896,901,398,425
E02002530,2881,881,1054,481,465
E02002532,2933,1134,936,438,425
E02002533,2437,586,1009,393,449
E02002534,2469,599,1081,363,426
E02006812,3354,1107,1206,520,521
E02006910,4301,1273,1480,779,769
E02002535,4062,933,1495,779,855
E02002536,4239,1298,1519,702,720
E02002537,3673,1024,1204,663,782
E02002538,2429,650,830,441,508
E02002539,3517,673,1484,635,725
E02002540,2808,793,1132,452,431
E02002541,2870,953,1037,431,449
E02002542,3358,917,1078,605,758
E02002543,3356,949,1073,625,709
E02002544,3391,1170,1122,550,549
E02002545,2294,556,918,415,405
E02002546,3103,855,959,587,702
E02002547,2765,798,1063,409,495
E02002548,4986,2204,1363,609,810
E02002549,3361,881,1343,563,574
E02002550,2670,786,929,413,542
E02002551,2739,1063,845,430,401
E02002552,2798,675,1022,542,559
E02002553,2585,823,928,385,449
E02002554,2355,667,907,379,402
E02002555,4137,1025,1602,712,798
E02002556,2726,497,996,531,702
E02002557,4792,679,1391,1099,1623
E02002558,4145,1117,1698,626,704
E02001682,3431,964,1323,549,595
E02001683,4002,1170,1494,701,637
E02001684,3311,1252,1171,501,387
E02001685,3612,1150,1199,623,640
E02001686,3168,989,1208,485,486
E02001688,3799,1573,1258,490,478
E02001689,3351,1301,1012,453,585
E02001690,3325,996,1208,577,544
E02001691,3876,1540,1274,531,531
E02001692,2765,865,896,488,516
E02001693,2633,981,874,402,376
E02001694,2814,781,1036,461,536
E02001695,2702,712,996,467,527
E02001696,4065,1190,1427,699,749
E02001697,3386,999,1226,552,609
E02001698,3202,832,1385,472,513
E02001699,3124,1011,1106,470,537
E02001700,4585,1296,1620,864,805
E02001701,2763,863,997,437,466
E02001702,3522,1233,1067,570,652
E02001703,2435,619,995,362,459
E02001704,3380,1255,1152,483,490
E02001705,3200,1076,1135,514,475
E02001706,2924,897,1061,485,481
E02001707,3599,1037,1315,624,623
E02006841,3949,1921,1338,400,290
E02006842,2231,810,713,351,357
E02001708,4122,1175,1419,740,788
E02001709,4218,1117,1516,657,928
E02001710,4381,1625,1322,664,770
E02001711,4129,1318,1341,683,787
E02001712,4214,1344,1494,583,793
E02001713,4389,1376,1501,582,930
E02001714,3901,1023,1358,657,863
E02001715,4712,1500,1439,747,1026
E02001718,2427,838,728,367,494
E02001719,3759,1068,1293,653,745
E02001720,3343,879,892,506,1066
E02001721,4647,1548,1627,739,733
E02001722,4195,1310,1451,657,777
E02001723,2575,759,828,409,579
E02001724,3575,1258,1062,418,837
E02001725,4536,1704,1412,636,784
E02001726,4687,1496,1357,761,1073
E02001727,3877,1397,1206,624,650
E02001728,4248,1311,1478,726,733
E02001729,4145,1434,944,616,1151
E02001730,4835,2104,1318,610,803
E02001731,5587,2935,1439,521,692
E02001732,2193,740,681,385,387
E02001733,5675,2422,1721,735,797
E02001734,3233,1096,970,532,635
E02001735,2884,988,863,508,525
E02001736,4959,1842,1119,732,1266
E02001737,2968,1370,829,373,396
E02006893,4739,1360,1824,789,766
E02001738,2471,652,1056,322,441
E02001739,3355,1029,1250,543,533
E02001740,2294,527,801,388,578
E02001741,3283,1108,1292,432,451
E02001742,2604,776,905,407,516
E02001743,3195,1064,1029,499,603
E02001744,2877,877,1031,507,462
E02001745,2786,833,955,531,467
E02001746,3598,1138,1204,583,673
E02001747,2880,973,1066,400,441
E02001748,3253,884,1239,557,573
E02001749,2772,874,1002,486,410
E02001750,2841,801,1043,467,530
E02001751,2716,859,1007,432,418
E02001752,2789,909,946,434,500
E02001753,3230,1380,1123,381,346
E02001754,2849,1055,1017,379,398
E02001755,3500,1135,1173,562,630
E02001756,4391,1601,1537,659,594
E02001757,2753,910,1041,412,390
E02001758,2450,704,876,457,413
E02001759,3261,1480,1067,392,322
E02001760,3471,1234,1089,579,569
E02001761,2448,788,898,383,379
E02001762,2471,719,882,477,393
E02001763,2882,1037,936,449,460
E02001764,3883,1816,1117,512,438
E02001765,3312,1178,1109,535,490
E02001766,3295,1280,1068,478,469
E02001767,3385,1339,1120,464,462
E02001768,3812,1488,1238,513,573
E02001769,3973,2062,1050,481,380
E02001770,3035,1180,1003,455,397
E02001771,2806,881,994,454,477
E02001772,2467,850,863,378,376
E02001773,2381,645,906,436,394
E02001774,2559,1016,794,397,352
E02001775,2450,828,731,409,482
E02001776,3729,1238,1238,667,586
E02001777,2897,1052,926,470,449
E02001778,2939,1175,946,438,380
E02001779,2519,984,794,347,394
E02001780,2318,725,825,396,372
E02001781,2567,984,817,407,359
E02001782,3835,1228,1337,649,621
E02001783,2980,969,1003,513,495
E02001784,2970,934,989,511,536
E02001785,3555,1160,1252,559,584
E02001786,3178,1097,1040,547,494
E02001787,2457,725,854,456,422
E02001788,2636,838,891,488,419
E02001789,2471,608,965,429,469
E02001790,2633,792,975,398,468
E02001791,2427,597,873,487,470
E02001792,3048,873,1131,500,544
E02001793,3822,1418,1161,610,633
E02001794,3732,1161,1275,665,631
E02001795,3577,1397,1125,548,507
E02001796,4426,1780,1409,657,580
E02001797,2486,649,980,420,437
E02001798,3445,990,1148,635,672
E02001799,4424,1472,1440,782,730
E02001800,3014,764,1093,562,595
E02001801,2515,869,737,418,491
E02001802,2638,765,844,510,519
E02001803,4188,2109,1203,422,454
E02001804,2706,767,947,503,489
E02001805,2501,730,901,441,429
E02001806,4143,1967,1133,488,555
E02001807,3027,815,1061,548,603
E02001808,2468,776,742,406,544
E02001809,2881,803,1106,499,473
E02001810,3699,1065,1296,685,653
E02001811,4087,1361,1327,708,691
E02001812,4354,1130,1672,741,811
E02001813,4318,1392,1323,798,805
E02001814,2762,884,854,515,509
E02001815,4244,963,1652,787,842
E02001816,3357,1323,1143,461,430
E02001817,2714,877,861,464,512
E02001818,3530,1010,1198,624,698
E02001819,3054,841,1188,510,515
E02001820,3618,1039,1210,650,719
E02001821,2453,617,825,516,495
E02001822,3165,863,1083,619,600
E02001823,3064,891,1074,545,554
E02001824,3722,1110,1386,638,588
E02001825,3232,1082,1157,530,463
E02001826,2917,946,991,480,500
E02002615,3952,1278,1307,589,778
E02002616,2941,635,924,439,943
E02002617,2668,622,502,356,1188
E02002618,2143,481,394,267,1001
E02002619,3057,1034,681,409,933
E02002620,3225,1346,689,336,854
E02002621,2610,732,483,319,1076
E02002622,3903,1250,1054,621,978
E02002623,4559,1768,1307,704,780
E02002624,3346,803,1330,555,658
E02002625,3935,1194,1158,654,929
E02002626,3091,943,1050,546,552
E02002627,2969,619,1017,570,763
E02002628,3132,1076,1075,488,493
E02002629,2588,911,856,394,427
E02002630,2661,902,862,429,468
E02002631,3925,1195,1311,674,745
E02002632,2648,630,1082,458,478
E02002633,3595,1267,1285,516,527
E02002634,4040,1586,1419,506,529
E02002635,3683,1344,1322,487,530
E02002636,3738,1200,1311,606,621
E02002637,2673,766,1003,444,460
E02002638,2907,1530,703,292,382
E02002639,2745,1202,731,403,409
E02002640,3493,1541,975,451,526
E02002641,3570,1132,1204,617,617
E02002642,3382,1897,790,326,369
E02002643,3358,1220,1071,530,537
E02002644,3512,1117,1173,609,613
E02002645,2581,1434,628,234,285
E02002646,3352,1288,1133,462,469
E02002647,3655,1273,1188,593,601
E02002648,3267,1026,1138,606,497
E02002649,3675,1357,1139,559,620
E02002650,3610,1110,1397,570,533
E02002651,3531,1156,1223,534,618
E02003811,2433,536,1018,390,489
E02003812,2419,645,938,401,435
E02003813,2710,805,975,480,450
E02003814,2961,723,999,570,669
E02003815,2897,858,1008,490,541
E02003816,3192,1158,1114,480,440
E02003817,3005,827,1121,511,546
E02003818,2467,613,993,419,442
E02003819,2540,714,1027,391,408
E02003820,2770,719,913,526,612
E02003821,2530,869,932,367,362
E02003822,4584,1159,1900,762,763
E02003823,2967,958,1138,403,468
E02003824,2216,632,787,374,423
E02003825,2618,571,839,541,667
E02003826,2998,852,963,502,681
E02003827,3882,1350,1228,626,678
E02003828,2804,837,918,516,533
E02003829,2549,800,1011,362,376
E02003830,3213,1130,984,557,542
E02003831,3660,814,1414,669,763
E02003832,2488,804,698,446,540
E02003833,2640,723,880,474,563
E02003834,2786,817,893,511,565
E02003835,3303,746,1404,518,635
E02003836,3419,1412,1200,392,415
E02003837,4612,1018,1641,793,1160
E02003838,2764,798,1135,409,422
E02003839,3291,1160,1222,458,451
E02003840,4140,962,1722,618,838
E02003853,2472,691,983,384,414
E02003854,2697,684,1027,436,550
E02003855,2811,738,1127,439,507
E02003856,4778,1878,1473,654,773
E02003857,2735,763,993,476,503
E02003858,2911,936,1043,377,555
E02003859,4801,1312,1944,712,833
E02003860,2889,733,1040,464,652
E02003861,2896,954,1050,430,462
E02003862,2093,503,894,260,436
E02003863,3014,940,1111,435,528
E02003864,3624,1302,1264,482,576
E02003865,3437,1124,1250,511,552
E02003866,2402,567,850,413,572
E02003867,3140,885,1074,524,657
E02003868,3901,1470,1311,550,570
E02003869,2992,866,1122,456,548
E02003870,5079,2050,1710,730,589
E02003871,3058,958,1030,523,547
E02003872,4188,1083,1776,617,712
E02003873,2665,881,903,437,444
E02003794,3531,918,1325,584,704
E02003795,2211,504,852,385,470
E02003796,3254,1066,1169,508,511
E02003797,3990,1180,1430,620,760
E02003798,2488,739,771,441,537
E02003799,3103,1064,978,525,536
E02003800,2603,621,1048,392,542
E02003801,2888,750,996,532,610
E02003802,4274,2016,1464,446,348
E02003803,3869,1755,1121,338,655
E02003804,3217,1194,1107,460,456
E02003805,2535,656,981,314,584
E02003806,2547,720,911,423,493
E02003807,3832,1282,1504,516,530
E02003808,2776,861,950,448,517
E02003809,3061,734,1220,462,645
E02003810,3445,978,1318,515,634
E02003841,3462,1136,1299,481,546
E02003842,2367,661,999,325,382
E02003843,2612,829,959,408,416
E02003844,2948,819,1110,512,507
E02003845,3846,1576,1156,579,535
E02003846,2928,958,917,506,547
E02003847,3844,821,1400,729,894
E02003848,2135,615,727,366,427
E02003849,3003,1043,913,514,533
E02003850,2265,586,840,418,421
E02003851,2375,545,888,427,515
E02003852,2792,652,1041,509,590
E02003874,4025,1238,1524,595,668
E02003875,2681,601,1139,419,522
E02003876,2393,688,847,408,450
E02003877,3884,990,1556,587,751
E02003878,3299,819,1296,549,635
E02003879,2800,935,953,485,427
E02003880,2755,820,1001,434,500
E02003881,2730,944,915,421,450
E02003882,3989,1165,1313,674,837
E02003883,4031,976,1453,691,911
E02003884,3318,804,1423,441,650
E02003885,2408,623,962,382,441
E02003886,2599,621,902,474,602
E02003887,2496,570,903,499,524
E02003888,2627,822,885,465,455
E02003889,2297,662,743,358,534
E02003890,2454,618,902,461,473
E02003891,2455,666,997,355,437
E02002574,2986,754,1118,534,580
E02002575,3732,775,1261,721,975
E02002576,3233,1077,1054,552,550
E02002577,3287,1131,1020,556,580
E02002578,3207,950,1005,557,695
E02002579,3193,916,998,615,664
E02002580,3426,1287,1057,563,519
E02002581,3108,825,1167,572,544
E02002582,3103,521,1168,633,781
E02002583,3093,1166,938,457,532
E02002584,3089,891,1002,544,652
E02002585,4897,1758,1696,751,692
E02002586,4060,1305,1203,687,865
E02002587,2919,804,1040,520,555
E02002588,3245,1064,1044,541,596
E02002589,2734,609,1167,469,489
E02002590,2525,603,975,404,543
E02002591,2772,785,1047,424,516
E02002592,2557,630,981,443,503
E02002593,2367,734,889,378,366
E02002594,2472,896,754,403,419
E02002595,3409,1132,1056,555,666
E02002596,3538,923,1367,650,598
E02002597,3837,1213,1226,661,737
E02002598,2892,578,902,622,790
E02002599,4129,887,1370,758,1114
E02002600,4104,1390,1330,717,667
E02002601,3343,861,1224,604,654
E02002602,3166,1095,943,545,583
E02002603,2862,616,1090,548,608
E02002604,3141,734,1203,575,629
E02002605,3742,904,1326,680,832
E02002606,4930,2002,1610,744,574
E02002607,4868,1912,1685,687,584
E02002608,3526,843,1438,565,680
E02002609,3731,1422,1155,575,579
E02002610,5171,1411,1872,807,1081
E02002611,3253,800,1205,552,696
E02002612,4009,1243,1335,645,786
E02002613,2402,494,907,417,584
E02002614,2394,426,995,388,585
E02003965,4705,1470,1705,651,879
E02003966,2945,745,1224,401,575
E02003967,3580,1009,1412,506,653
E02003968,3755,1120,1415,546,674
E02003969,2898,944,948,486,520
E02003970,3454,1097,1282,479,596
E02003971,3513,1005,1406,503,599
E02003972,4141,1384,1390,666,701
E02003973,4132,1595,1310,626,601
E02003974,3461,1082,1255,557,567
E02003975,2749,726,1148,393,482
E02003976,3012,992,1215,382,423
E02003977,2680,724,962,465,529
E02003978,2618,810,950,407,451
E02003979,3350,908,1417,505,520
E02003980,3189,1274,979,470,466
E02003981,2990,984,970,509,527
E02003982,3224,858,1223,512,631
E02003983,3426,1224,1038,574,590
E02003984,3422,1622,936,443,421
E02003985,3088,1078,1117,431,462
E02003986,3237,1309,1065,428,435
E02003987,2629,789,998,358,484
E02003988,2948,963,1083,386,516
E02003989,3335,1004,1195,538,598
E02003990,4217,1195,1666,597,759
E02003991,3197,733,1316,523,625
E02003992,4201,1970,1208,469,554
E02003993,3720,997,1491,580,652
E02003994,3519,1374,1184,470,491
E02003995,4475,1731,1461,610,673
E02003996,4756,1996,1488,678,594
E02003997,4280,1548,1324,653,755
E02003998,3007,984,985,498,540
E02003999,4058,1139,1629,579,711
E02004000,2309,611,880,393,425
E02004001,2735,1181,850,330,374
E02004002,4325,1153,1586,713,873
E02004003,5278,1632,1906,808,932
E02004004,3983,1165,1388,677,753
E02004005,3605,1128,1300,529,648
E02004006,3926,1090,1627,556,653
E02004007,4375,1348,1661,634,732
E02004008,2771,801,1080,392,498
E02004009,2493,626,1021,353,493
E02004010,3354,1325,1101,429,499
E02004011,4311,1275,1717,603,716
E02004012,2491,705,1082,310,394
E02004013,4319,1291,1685,574,769
E02004014,3304,935,1342,461,566
E02004015,2924,1153,1143,300,328
E02004016,3738,1234,1444,477,583
E02004017,3865,1321,1412,540,592
E02004018,3783,1508,1194,507,574
E02004019,3397,890,1397,495,615
E02004020,3597,1066,1320,553,658
E02004021,2404,728,1064,300,312
E02004022,2493,685,1098,329,381
E02004023,2661,947,1081,277,356
E02004024,3107,763,1412,390,542
E02004025,3656,1145,1571,423,517
E02004026,3745,1425,1270,513,537
E02004027,3744,1307,1605,385,447
E02004028,3438,919,1498,475,546
E02000984,3146,666,1228,555,697
E02000985,3205,793,1281,516,615
E02000986,3682,1170,1321,532,659
E02000987,3288,1187,1098,510,493
E02000988,3496,1238,985,520,753
E02000989,3637,1009,1444,566,618
E02000990,3286,874,1249,578,585
E02000991,3316,1014,1128,558,616
E02000992,2518,706,990,373,449
E02000993,3135,1164,854,513,604
E02000994,3343,1392,797,409,745
E02000995,3430,1022,1163,582,663
E02000996,3321,1164,987,523,647
E02000997,2372,666,845,408,453
E02000998,3654,1475,961,513,705
E02000999,3580,1909,817,347,507
E02001000,4123,1564,1326,606,627
E02001001,3197,951,1006,528,712
E02001002,4018,1090,1437,767,724
E02001003,2850,617,1117,458,658
E02001004,3185,1242,680,378,885
E02001005,3130,1125,844,417,744
E02001006,2801,797,734,439,831
E02001007,4396,1220,1610,746,820
E02001008,2843,820,678,424,921
E02001009,2975,1094,890,462,529
E02001010,2468,858,750,359,501
E02001011,4125,1044,1512,761,808
E02001012,2919,711,898,510,800
E02001013,2495,622,973,397,503
E02001014,3650,1196,1230,627,597
E02001015,3762,1582,1140,517,523
E02001016,3354,1040,954,592,768
E02001017,4663,1403,1549,841,870
E02001018,3008,666,1037,598,707
E02001019,3982,1313,1416,630,623
E02001020,2483,608,1004,378,493
E02001021,3115,707,1156,586,666
E02001022,3326,1033,1162,533,598
E02001023,2324,525,858,429,512
E02001024,3341,813,1233,624,671
E02001025,3349,1201,1027,520,601
E02001026,3671,1325,1011,552,783
E02001027,3029,1133,926,496,474
E02001028,3108,709,1309,482,608
E02001029,2880,1019,832,416,613
E02001030,2346,545,849,453,499
E02001031,2841,964,930,447,500
E02001032,3120,844,1120,549,607
E02001033,2390,759,763,373,495
E02001034,3831,1708,1101,504,518
E02001035,2981,779,1069,525,608
E02001036,3011,837,1024,519,631
E02001037,3016,877,1071,501,567
E02001038,2637,1000,880,381,376
E02001039,3443,1118,989,611,725
E02001040,2548,808,839,418,483
E02001041,3369,1159,1071,516,623
E02001042,2875,1135,887,392,461
E02001043,2307,736,772,386,413
E02001044,2790,608,704,426,1052
E02001045,3622,1354,1108,601,559
E02001046,3956,1338,1113,738,767
E02001047,4369,1639,1181,776,773
E02001048,3560,1303,998,503,756
E02001049,4049,1210,1311,779,749
E02001050,3195,1243,894,521,537
E02001051,3393,1060,1044,652,637
E02001052,4384,1414,929,647,1394
E02001053,4494,1904,1089,689,812
E02001055,3829,1428,1149,637,615
E02001056,3463,1251,945,566,701
E02001057,4018,1649,1439,489,441
E02001059,4369,1667,1236,698,768
E02001061,3863,1448,1052,609,754
E02001062,3546,1473,817,518,738
E02001063,3629,1390,1217,535,487
E02001064,3624,1319,866,570,869
E02001065,3787,1343,1103,634,707
E02001066,3533,1195,767,506,1065
E02001067,3791,1276,961,611,943
E02001068,3696,1292,846,654,904
E02001069,4059,1245,979,816,1019
E02001070,3294,1169,775,458,892
E02001071,4566,1291,1046,743,1486
E02001072,3741,1546,1030,498,667
E02001073,4015,1336,1267,569,843
E02001074,4299,1365,1168,639,1127
E02001075,3320,1190,837,522,771
E02001076,2965,704,683,457,1121
E02001077,3117,939,986,477,715
E02001078,3835,1055,1072,582,1126
E02001079,3341,916,908,604,913
E02001080,3367,989,901,466,1011
E02001081,2776,893,989,421,473
E02001082,2921,980,1024,407,510
E02001083,3902,1653,1333,464,452
E02001084,3325,922,1033,536,834
E02001085,3177,853,928,617,779
E02001086,2949,1076,961,446,466
E02001087,4402,1550,1598,626,628
E02001088,3780,1178,1225,654,723
E02001089,3123,855,1008,529,731
E02001090,3100,1145,1005,501,449
E02001091,3876,1497,1241,603,535
E02001092,3724,1357,1022,650,695
E02001093,3778,1216,1097,718,747
E02001094,3805,1287,1030,733,755
E02001095,3580,1265,986,673,656
E02001096,3311,1140,1087,547,537
E02001097,3452,1178,995,636,643
E02006902,3368,1591,1374,277,126
E02006912,3885,1652,1893,267,73
E02006913,2939,1125,1002,294,518
E02006914,2299,1087,899,209,104
E02006915,3047,943,824,492,788
E02006916,3274,1510,1352,225,187
E02006917,3087,1361,1521,167,38
E02001098,2756,869,1031,432,424
E02001099,2724,885,926,508,405
E02001100,2586,721,992,403,470
E02001101,2457,583,929,439,506
E02001102,2475,574,866,534,501
E02001103,2353,636,871,377,469
E02001104,2726,692,809,595,630
E02001105,2631,858,870,428,475
E02001106,2668,905,894,437,432
E02001107,2390,637,803,349,601
E02001108,2148,692,676,374,406
E02001109,3332,1268,971,559,534
E02001110,2742,711,1161,451,419
E02001111,2928,1339,678,332,579
E02001112,2371,535,836,464,536
E02001113,2664,682,485,303,1194
E02001114,3381,1132,1020,527,702
E02001115,2539,773,846,450,470
E02001116,2358,668,639,389,662
E02001117,2529,692,948,395,494
E02001118,2602,689,926,438,549
E02001119,2840,629,455,376,1380
E02001121,2224,705,452,371,696
E02001123,2751,917,856,470,508
E02001124,2507,914,727,410,456
E02001125,3351,946,1147,610,648
E02001126,3141,1001,976,580,584
E02001127,2790,737,856,550,647
E02001128,3271,1017,1082,633,539
E02001129,2622,921,873,444,384
E02001130,2520,805,831,422,462
E02001131,2298,668,811,412,407
E02006860,4028,989,790,538,1711
E02001132,2860,909,1022,448,481
E02001133,2544,609,966,442,527
E02001134,2583,665,997,429,492
E02001135,3052,1136,780,409,727
E02001136,3667,1064,1300,578,725
E02001137,2497,564,928,468,537
E02001138,3647,956,1309,583,799
E02001139,2906,770,642,398,1096
E02001140,2958,914,871,474,699
E02001141,5181,2299,1176,556,1150
E02001142,2396,624,913,351,508
E02001143,3988,1149,1125,635,1079
E02001144,2702,881,910,435,476
E02001145,3024,832,1113,519,560
E02001146,2896,812,584,400,1100
E02001147,3878,1359,1122,633,764
E02001148,4257,1383,1436,657,781
E02001149,4671,1988,1336,687,660
E02001150,3591,1078,1212,614,687
E02001151,3867,1076,1333,685,773
E02001152,3984,1397,1216,658,713
E02001153,4452,1647,1359,678,768
E02001154,4387,1359,1414,794,820
E02001155,3433,1490,1041,488,414
E02001156,4131,1222,1413,668,828
E02001157,3183,1109,1006,514,554
E02001158,2700,994,850,441,415
E02001159,2579,900,855,405,419
E02001160,2555,714,856,466,519
E02001161,2680,888,962,453,377
E02001162,2709,970,950,416,373
E02001163,4182,1339,1500,680,663
E02001164,2677,818,861,507,491
E02001165,2664,826,887,471,480
E02001166,2343,863,556,270,654
E02001167,2710,984,817,430,479
E02001168,4093,1358,1307,706,722
E02001169,4252,968,1523,802,959
E02001170,4130,1141,1529,645,815
E02001171,2336,638,819,395,484
E02001172,4989,2230,1135,631,993
E02001173,3153,1231,931,518,473
E02001174,2362,738,785,405,434
E02001175,2914,917,926,458,613
E02001176,5147,2234,1437,704,772
E02001177,5293,2008,1654,799,832
E02001178,5633,2679,2119,530,305
E02001179,2874,1172,989,392,321
E02001180,2981,1709,718,309,245
E02001181,2606,1031,775,359,441
E02001182,2858,1216,862,379,401
E02001183,2782,954,973,480,375
E02001184,5710,2643,2048,620,399
E02001185,4208,1185,1447,706,870
E02001186,4253,1294,1440,706,813
E02001187,3076,921,1026,552,577
E02001188,3503,1192,1126,566,619
E02001189,3616,1080,1249,595,692
E02001190,3053,1306,767,459,521
E02001191,2618,887,893,357,481
E02001192,2831,1059,865,390,517
E02001193,2952,1169,976,432,375
E02001194,2493,872,785,301,535
E02001195,3208,930,1193,516,569
E02001196,3339,1063,1175,501,600
E02001197,2610,777,850,411,572
E02001198,3341,1104,1151,516,570
E02001199,3413,1186,1100,481,646
E02001200,3446,1846,920,347,333
E02001201,2431,652,856,454,469
E02001202,2998,1194,1030,453,321
E02001203,2387,538,987,368,494
E02001204,3803,1149,1284,639,731
E02001205,3645,1390,1119,601,535
E02001206,2940,899,1022,447,572
E02001207,2942,811,1030,491,610
E02001208,3261,1141,1038,521,561
E02001209,3382,1133,1139,515,595
E02001210,2889,885,934,499,571
E02001211,2413,691,790,357,575
E02001212,2563,742,753,456,612
E02001213,3991,1353,1297,592,749
E02001214,3081,1005,964,410,702
E02001215,2502,719,948,376,459
E02001216,2986,784,1049,495,658
E02001217,3066,1154,996,458,458
E02001218,2375,567,907,381,520
E02001219,2240,531,842,385,482
E02001220,2270,632,745,384,509
E02001221,2361,511,895,404,551
E02001222,2375,584,836,360,595
E02001223,2797,704,1004,484,605
E02001224,2577,722,1089,329,437
E02001225,2947,808,1011,495,633
E02001226,2722,735,928,435,624
E02001227,2376,600,935,337,504
E02001228,2160,509,825,318,508
E02001229,4417,1495,1541,722,659
E02001230,2392,552,836,428,576
E02001231,2846,682,955,539,670
E02001232,3504,1114,1125,649,616
E02001233,3258,1093,1019,567,579
E02001234,3256,1084,1028,546,598
E02001235,2814,884,981,449,500
E02001236,2509,891,767,414,437
E02001237,2932,983,889,497,563
E02001238,3422,1172,1065,572,613
E02001239,3897,1200,1270,710,717
E02001240,2597,707,910,461,519
E02001241,4252,1932,996,566,758
E02001242,2360,624,824,454,458
E02001243,3529,1090,1316,546,577
E02001244,2275,540,837,458,440
E02001245,3573,1298,1153,568,554
E02001246,3118,1049,955,523,591
E02001247,3064,1054,964,530,516
E02001248,4547,1664,1354,717,812
E02001249,2811,930,946,492,443
E02001250,2679,659,966,521,533
E02001251,2750,947,989,369,445
E02001252,3293,1058,1106,524,605
E02001253,2267,725,748,401,393
E02001254,2484,732,859,421,472
E02001255,2672,962,792,427,491
E02001256,4015,1365,1152,594,904
E02001257,4272,1618,1438,598,618
E02001258,3148,933,1160,502,553
E02001259,4162,1614,1039,549,960
E02001260,3031,684,1051,596,700
E02001261,3451,1036,1112,595,708
E02001262,3009,833,783,464,929
E02001263,3293,856,1160,571,706
E02001264,3230,795,1045,642,748
E02001265,3369,935,1140,566,728
E02001266,3033,1169,913,434,517
E02001267,3363,1304,1031,446,582
E02001268,2972,798,1073,498,603
E02001269,3628,1314,1093,562,659
E02001270,3418,1060,1168,532,658
E02001271,2874,926,926,512,510
E02001272,3396,997,1246,516,637
E02001273,4242,1684,1398,530,630
E02001274,3188,816,1171,473,728
E02001275,3544,1092,1166,603,683
E02001276,3299,941,1077,582,699
E02001277,3786,1191,1163,727,705
E02001278,3271,815,1086,613,757
E02001279,3229,645,1116,611,857
E02001280,3558,1180,1124,557,697
E02001281,3078,717,1089,500,772
E02001282,3883,1115,1367,702,699
E02001283,3748,1241,1332,485,690
E02001284,3131,741,1000,534,856
E02001285,3251,942,1165,465,679
E02001286,3047,738,1074,470,765
E02001287,2321,535,861,433,492
E02001288,3173,844,1138,586,605
E02001289,4248,1051,1653,711,833
E02001290,2615,715,978,456,466
E02001291,3199,837,1138,587,637
E02001292,3528,1166,1195,609,558
E02001293,2583,643,993,437,510
E02001294,3492,1197,1134,596,565
E02001295,3641,1686,995,473,487
E02001296,3745,1233,1069,692,751
E02001297,2958,973,969,520,496
E02001298,3372,1044,1020,607,701
E02001299,3708,1038,1293,650,727
E02001300,3413,1008,1235,582,588
E02001301,3823,1525,1203,578,517
E02001302,3251,944,1028,593,686
E02001303,3740,1275,1169,638,658
E02001304,5320,1484,1961,927,948
E02001305,3376,765,1303,643,665
E02001306,2989,669,1150,567,603
E02001307,4334,757,1648,824,1105
E02001308,2672,840,979,439,414
E02001309,3565,1204,1271,586,504
E02001310,3766,1080,1264,682,740
E02001311,3706,1176,1279,640,611
E02001312,3202,853,1148,598,603
E02001313,3409,1091,1104,606,608
E02001314,3157,679,1076,659,743
E02001315,3326,894,1252,603,577
E02001316,3095,1197,980,510,408
E02001317,3602,1160,1167,622,653
E02001318,3397,960,1251,573,613
E02001319,3159,1015,1006,546,592
E02001320,3475,1126,1217,591,541
E02001321,3375,816,1169,631,759
E02001322,3159,824,1207,582,546
E02001323,3356,1016,1234,559,547
E02001324,3607,1059,1281,603,664
E02001325,3241,796,1264,541,640
E02001326,3288,878,1216,581,613
E02005176,3681,980,1328,676,697
E02005177,2482,853,824,355,450
E02005178,3019,969,648,373,1029
E02005179,4114,1530,1339,632,613
E02005180,2906,739,1053,569,545
E02005181,2845,1038,922,457,428
E02005182,2790,1248,794,368,380
E02005183,2844,1016,990,433,405
E02005184,2211,595,908,356,352
E02005185,3864,1545,1128,582,609
E02005186,2524,622,972,486,444
E02006881,4270,1371,1406,741,752
E02005189,2360,878,750,347,385
E02005190,2602,601,1085,440,476
E02005191,3457,872,1304,606,675
E02005192,3073,781,1152,522,618
E02005193,3506,819,1373,596,718
E02005194,3528,1053,1283,604,588
E02005195,2456,646,911,433,466
E02005196,3281,974,1300,480,527
E02005197,3003,1037,954,490,522
E02005198,3747,1322,1275,558,592
E02005199,3023,740,1218,486,579
E02005200,3523,995,1116,660,752
E02005201,3264,850,1172,591,651
E02005202,4096,1156,1552,680,708
E02005203,2968,719,1200,482,567
E02005204,4533,1344,1702,774,713
E02005205,2564,588,986,451,539
E02005206,3265,1225,1171,446,423
E02005207,3782,1240,1520,502,520
E02005208,5105,2518,1520,533,534
E02005209,3565,1120,1381,550,514
E02005210,4923,1944,1774,596,609
E02005211,4180,1630,1558,482,510
E02005212,4788,1623,1632,730,803
E02005213,4891,1375,1727,825,964
E02005214,2912,919,1021,464,508
E02005215,5338,1922,1780,777,859
E02005216,2304,752,724,384,444
E02005217,4185,1273,1017,565,1330
E02005218,3387,1184,1150,525,528
E02005219,3770,1223,1323,607,617
E02005220,2766,790,1075,459,442
E02005221,4379,1252,1788,628,711
E02005222,2565,678,1103,331,453
E02005223,3164,853,1371,426,514
E02005224,2570,1076,980,247,267
E02005225,2310,690,904,321,395
E02005226,3576,1514,1023,468,571
E02005228,2422,722,800,436,464
E02005229,2636,1192,698,340,406
E02005230,3059,1030,1190,427,412
E02005231,3605,1244,1192,570,599
E02005233,2421,718,829,392,482
E02005234,3377,1526,1029,336,486
E02005235,2105,677,668,290,470
E02005236,5512,1574,2108,861,969
E02005237,3933,1188,1363,579,803
E02005238,2459,743,840,402,474
E02005239,2571,640,1049,381,501
E02006871,5158,1521,1855,846,936
E02005240,2366,725,834,387,420
E02005241,2499,869,868,347,415
E02005242,2678,742,1072,393,471
E02005243,2462,1007,793,335,327
E02005244,2413,712,814,405,482
E02005245,3016,790,1201,515,510
E02005246,2409,968,743,322,376
E02005247,4459,1326,1822,626,685
E02005248,2451,894,576,296,685
E02005249,4058,1631,1084,558,785
E02005250,2627,810,615,325,877
E02005251,2629,659,911,448,611
E02005252,3281,955,1049,442,835
E02005253,2293,520,848,357,568
E02005254,2528,525,980,430,593
E02005255,3742,1060,1345,557,780
E02005256,2915,895,933,454,633
E02005257,2776,1104,872,409,391
E02005258,3299,1043,1084,457,715
E02005259,4099,1255,1217,664,963
E02005260,2860,809,1028,471,552
E02005261,4054,1344,1132,643,935
E02005262,2682,867,855,435,525
E02005263,2788,978,693,399,718
E02005264,5005,1911,1590,753,751
E02005265,4706,1623,1453,716,914
E02005266,3295,1319,856,437,683
E02005267,2188,932,543,254,459
E02005268,3529,1105,949,537,938
E02005269,4808,2545,1127,513,623
E02005270,2944,767,1161,430,586
E02005271,3266,996,1163,497,610
E02005272,3295,1238,1027,489,541
E02005273,2381,626,898,371,486
E02005274,2842,791,1063,474,514
E02005275,2291,692,815,317,467
E02005276,3332,917,1146,528,741
E02005277,3694,921,1500,540,733
E02005278,3162,794,1155,567,646
E02005279,4263,1421,1367,591,884
E02005280,4281,1284,1426,772,799
E02005281,3503,1128,1200,507,668
E02005284,2405,646,884,402,473
E02005285,2740,811,1044,440,445
E02005286,3292,1021,1173,530,568
E02006884,5412,1883,1797,846,886
E02005287,2158,498,807,380,473
E02005288,2596,692,1028,432,444
E02005289,2615,689,976,438,512
E02005290,2992,756,1100,526,610
E02005291,2418,662,887,403,466
E02005292,2664,976,886,374,428
E02005293,2521,830,919,399,373
E02005294,2589,619,954,526,490
E02005295,3125,823,1155,557,590
E02005296,2397,561,979,399,458
E02005297,3481,902,1361,572,646
E02005298,2955,717,1083,569,586
E02005299,3076,865,1085,576,550
E02005300,2081,476,751,383,471
E02005301,2787,847,1005,450,485
E02005302,2946,697,1194,519,536
E02005303,2701,843,889,479,490
E02005304,3493,786,1375,566,766
E02005305,3157,887,1247,459,564
E02005306,2971,759,1191,455,566
E02005307,3729,934,1346,644,805
E02005308,2766,684,1093,442,547
E02005309,3459,898,1308,516,737
E02005310,3036,1009,929,430,668
E02005311,2254,566,924,367,397
E02005312,2405,641,767,425,572
E02005313,3476,967,1063,634,812
E02005314,2834,947,917,468,502
E02005315,3259,782,1284,496,697
E02005316,2518,675,809,474,560
E02005317,2939,883,934,515,607
E02005318,3085,808,1153,524,600
E02005319,3952,1529,1286,604,533
E02005320,2369,611,855,389,514
E02005321,2662,761,1095,388,418
E02005322,4418,1289,1911,568,650
E02005323,2873,813,1008,464,588
E02005324,2337,579,922,361,475
E02005325,4023,1159,1709,517,638
E02005326,3961,1375,1513,521,552
E02005327,2352,518,943,380,511
E02005328,3391,984,1407,504,496
E02005329,3910,1238,1426,592,654
E02005330,3840,988,1567,621,664
E02005331,3578,1303,1315,492,468
E02005332,3615,1025,1492,516,582
E02001327,2883,708,871,610,694
E02001328,4090,1061,1325,798,906
E02001329,3422,1370,901,556,595
E02001330,3651,1093,1132,733,693
E02001331,4260,1341,1315,756,848
E02001332,3060,1216,917,416,511
E02001333,3754,1439,1149,576,590
E02001334,2468,790,786,429,463
E02001335,3088,864,941,562,721
E02001336,2963,1058,848,521,536
E02001337,2403,688,731,428,556
E02001338,2466,713,801,432,520
E02001339,2771,813,848,490,620
E02001340,3641,928,1247,625,841
E02001341,3033,1125,860,480,568
E02001342,2874,764,960,513,637
E02001343,2878,716,971,536,655
E02001344,2231,759,623,382,467
E02001345,2302,567,805,422,508
E02001346,3085,1028,960,529,568
E02001347,3204,980,959,606,659
E02001348,3148,1041,967,557,583
E02001349,3422,1155,971,619,677
E02001350,3417,1227,1013,551,626
E02001351,3515,1175,1012,669,659
E02001352,3046,1217,844,476,509
E02001353,2959,704,939,582,734
E02001354,3312,1124,968,611,609
E02001355,3108,1252,887,484,485
E02001356,2364,761,686,459,458
E02001357,2858,839,877,525,617
E02001358,3450,1491,976,521,462
E02001359,2328,647,749,380,552
E02001360,4130,1818,1207,591,514
E02001361,3388,1207,999,574,608
E02001362,3161,1034,931,540,656
E02001363,3481,1271,1003,618,589
E02001364,2532,1148,661,371,352
E02001365,4059,1622,1072,650,715
E02001366,4081,1608,1204,561,708
E02001367,3939,1205,1291,606,837
E02001368,2918,1327,836,414,341
E02001369,3877,1767,1155,503,452
E02001370,3153,1597,743,388,425
E02001371,3076,935,931,584,626
E02001372,2728,1060,744,428,496
E02001373,4089,1529,1129,680,751
E02001374,4105,2151,924,454,576
E02001375,3202,1191,947,500,564
E02001376,3789,1447,1064,582,696
E02001377,4063,1938,936,511,678
E02001378,3557,1410,1005,549,593
E02001380,3117,877,1008,542,690
E02001381,4312,1764,1255,590,703
E02001382,2782,628,912,545,697
E02001383,4260,2689,926,288,357
E02001384,3941,1241,950,553,1197
E02001385,3631,1676,858,437,660
E02001386,3572,1483,1020,547,522
E02001387,3162,836,997,537,792
E02001388,4170,1979,960,509,722
E02001389,3740,2417,873,242,208
E02001390,4094,1702,1185,595,612
E02001391,2481,734,802,441,504
E02001392,2556,790,961,389,416
E02001393,2845,687,980,468,710
E02001394,4290,2206,1197,413,474
E02001395,2612,779,888,463,482
E02001396,3918,1584,1311,539,484
E02001397,3848,1751,1130,471,496
E02001398,3595,1550,1122,454,469
E02001399,2866,739,913,514,700
E02001400,2839,977,852,477,533
E02001401,3395,1047,1163,542,643
E02001402,3762,1343,1209,581,629
E02001403,2841,1196,794,401,450
E02001404,3155,1081,942,540,592
E02001405,4154,1412,1233,715,794
E02006932,3201,1806,1042,164,189
E02006933,3135,1596,1086,274,179
E02006934,2782,1525,1014,184,59
E02001429,3059,906,1241,444,468
E02001430,3011,791,1164,475,581
E02001431,3639,1638,1273,358,370
E02001432,4486,2410,1286,465,325
E02001433,3140,811,1100,561,668
E02001434,2868,768,936,545,619
E02001435,3411,1133,1078,566,634
E02001436,3558,979,1226,613,740
E02001437,4309,1601,1582,476,650
E02001438,3065,758,1091,554,662
E02001439,2733,879,917,419,518
E02001440,2600,644,1233,334,389
E02001441,2688,599,1179,373,537
E02001442,2609,865,909,369,466
E02001443,2279,515,904,347,513
E02001444,2397,647,882,366,502
E02001445,2942,774,1092,481,595
E02001446,2855,805,991,481,578
E02001447,2555,758,930,387,480
E02001448,2789,675,963,511,640
E02001449,3865,1081,1340,693,751
E02001450,3523,1124,1242,487,670
E02001451,2623,857,844,424,498
E02001452,2871,996,901,482,492
E02001453,3498,919,1123,640,816
E02001454,2912,759,1016,531,606
E02001455,2913,743,990,518,662
E02001456,3254,1084,1025,535,610
E02001457,2980,1038,897,506,539
E02001458,3211,973,1032,526,680
E02001459,2928,767,961,521,679
E02001460,3696,1745,1017,451,483
E02001461,2646,769,850,455,572
E02001462,3406,1310,955,545,596
E02001463,2727,757,795,542,633
E02001464,3102,1168,937,481,516
E02001465,3205,1616,811,388,390
E02001466,3577,1158,1022,662,735
E02001406,3445,941,1405,562,537
E02001407,2617,654,1047,472,444
E02001408,2368,534,922,449,463
E02001409,4325,1352,1466,766,741
E02001410,2498,702,901,488,407
E02001411,2520,708,914,416,482
E02001412,3686,1014,1272,654,746
E02001413,4085,1031,1540,761,753
E02001414,2253,557,895,362,439
E02001415,2737,794,902,463,578
E02001416,2540,811,817,451,461
E02001417,3623,1647,1093,491,392
E02001418,2487,930,822,392,343
E02001419,3188,1296,987,463,442
E02001420,4348,1249,1533,775,791
E02001421,4658,1474,1623,793,768
E02001422,2651,820,805,467,559
E02001423,2657,745,951,421,540
E02001424,5700,1734,1833,1004,1129
E02001425,4523,1305,1581,845,792
E02001426,2299,641,835,400,423
E02001427,4276,1171,1447,833,825
E02001428,2252,584,850,366,452
E02001467,3732,1643,1166,448,475
E02001468,3346,1183,1052,484,627
E02001469,3465,1184,1108,543,630
E02001470,3456,870,1147,647,792
E02001471,3301,1276,912,520,593
E02001472,2969,862,1018,472,617
E02001473,3352,1116,1112,539,585
E02001474,3248,1301,900,531,516
E02001475,2777,1049,815,419,494
E02001476,3419,1196,1072,582,569
E02001477,3296,1175,969,582,570
E02001478,3507,1157,1202,567,581
E02001479,2512,602,928,452,530
E02001480,3326,1108,1119,500,599
E02001481,3450,1086,1161,557,646
E02001482,4206,2367,980,440,419
E02001483,3202,925,1143,551,583
E02001484,3368,1081,1172,542,573
E02001485,2610,750,867,442,551
E02001486,4169,2062,1212,454,441
E02001487,4321,1724,1279,674,644
E02001488,3843,1476,1161,550,656
E02001489,3587,997,1388,569,633
E02001490,3451,757,1212,674,808
E02001491,3101,1200,875,525,501
E02001492,3539,1323,1143,473,600
E02001493,3727,1608,1012,540,567
E02001494,2990,755,1206,426,603
E02001495,3370,1146,1033,566,625
E02001496,2470,705,831,394,540
E02001497,3663,1402,1113,574,574
E02001498,3108,835,1021,565,687
E02001499,2941,848,1120,458,515
E02001500,3234,923,1225,480,606
E02001501,3259,866,1105,576,712
E02001502,3665,1208,1268,603,586
E02001503,3434,1205,1222,437,570
E02001504,3066,767,1271,467,561
E02001505,2747,841,948,446,512
E02001506,3821,920,1644,535,722
E02001507,3009,726,1165,466,652
E02001508,3526,1104,1235,548,639
E02002684,4628,1328,2266,531,503
E02002685,3739,1062,1737,455,485
E02002686,3571,1270,1247,502,552
E02002687,2759,1095,968,317,379
E02002688,2523,1028,815,308,372
E02002689,2511,634,1083,367,427
E02002691,3485,855,1518,530,582
E02002692,3384,732,1415,568,669
E02002693,2954,728,1293,417,516
E02002694,4737,1351,1879,686,821
E02002695,3626,1111,1523,470,522
E02002696,2427,501,1033,419,474
E02002697,3232,727,1431,493,581
E02002698,3253,836,1357,483,577
E02002699,3977,985,1596,645,751
E02002700,2758,900,935,466,457
E02002701,3456,688,1502,575,691
E02002702,4798,1830,1779,618,571
E02002703,3663,877,1417,577,792
E02002704,3089,715,1357,485,532
E02002705,2765,692,1260,363,450
E02002706,3010,863,1165,465,517
E02002707,2881,661,1210,456,554
E02002708,2886,1088,1133,316,349
E02002709,3203,811,1290,512,590
E02002710,3106,772,1150,497,687
E02002711,3172,757,1351,455,609
E02002712,3257,884,1329,519,525
E02002714,3264,773,1411,528,552
E02002715,5106,1191,1921,874,1120
E02002716,3604,893,1455,536,720
E02002717,3460,1180,1204,513,563
E02002718,3283,752,1404,501,626
E02002719,2363,621,865,391,486
E02002720,2900,665,1196,498,541
E02002721,2739,767,1057,415,500
E02002722,3766,1153,1486,496,631
E02002723,3559,993,1338,605,623
E02002724,3811,1196,1277,655,683
E02002725,2740,648,1098,468,526
E02006814,3517,902,1351,587,677
E02006891,3114,768,1195,549,602
E02006892,2956,993,1121,424,418
E02002652,4196,988,1337,855,1016
E02002653,3431,1035,1108,572,716
E02002654,3123,992,935,487,709
E02002655,3594,1034,1171,598,791
E02002656,2562,843,1069,337,313
E02002657,3106,725,1179,567,635
E02002658,2992,902,1077,490,523
E02002659,4665,1494,1452,785,934
E02002660,3154,1103,1073,466,512
E02002661,3373,1056,1135,557,625
E02002662,3355,1309,1067,446,533
E02002663,2457,740,680,371,666
E02002664,3007,643,1042,594,728
E02002665,3384,852,1221,583,728
E02002666,3653,1466,855,444,888
E02002667,3295,1124,1163,537,471
E02002668,3928,1424,1203,592,709
E02002669,3699,1401,1062,525,711
E02002670,3688,1362,1241,517,568
E02002671,3246,997,1021,563,665
E02002672,3003,941,908,504,650
E02002673,3431,1122,1164,551,594
E02002674,3251,1096,1193,533,429
E02002675,4105,2010,1009,470,616
E02002676,3523,1359,1145,485,534
E02002677,4273,1969,1235,572,497
E02002678,3349,1107,1074,578,590
E02002679,3227,1018,1099,500,610
E02002680,5316,3361,1257,380,318
E02002681,3905,1729,993,550,633
E02002682,3514,1169,1117,620,608
E02006813,3791,1417,1277,545,552
E02002726,4427,1310,1627,691,799
E02002727,3297,1834,855,308,300
E02002728,3681,1424,1172,590,495
E02002729,2578,774,929,407,468
E02002730,3203,1017,951,599,636
E02002731,2497,743,842,406,506
E02002732,3093,674,1273,509,637
E02002733,2802,1021,967,423,391
E02002734,2233,655,870,336,372
E02002735,2281,685,836,367,393
E02002736,2451,790,741,409,511
E02002737,3098,849,1139,516,594
E02002738,3024,765,1156,554,549
E02002739,2876,1096,1028,377,375
E02002740,2438,773,842,389,434
E02002741,3693,982,1364,606,741
E02002742,2494,783,932,348,431
E02002743,2665,956,1071,324,314
E02002744,2837,797,897,499,644
E02002745,3406,971,1451,433,551
E02002746,3779,1112,1377,561,729
E02002747,3409,872,1375,529,633
E02002748,3445,910,1439,518,578
E02002749,4816,1404,1808,794,810
E02002750,2636,641,1096,412,487
E02002751,2667,631,1068,465,503
E02002752,2935,768,1171,508,488
E02002753,3956,1208,1641,532,575
E02002754,3465,881,1334,595,655
E02002755,2907,908,945,451,603
E02002756,3277,989,929,544,815
E02002757,2518,647,878,438,555
E02002758,2715,826,886,469,534
E02002759,4151,1202,1610,651,688
E02002760,2493,689,934,434,436
E02002761,2834,722,1121,476,515
E02002762,2879,982,893,465,539
E02002763,3164,1030,1032,539,563
E02002764,2289,560,774,414,541
E02002765,2711,816,950,433,512
E02002766,3804,942,1440,678,744
E02002767,2967,752,1248,467,500
E02002768,3095,813,1200,506,576
E02002769,2539,622,1094,396,427
E02002770,2899,697,1210,460,532
E02002771,2967,690,1241,443,593
E02002772,2673,561,994,478,640
E02002773,2624,787,1094,358,385
E02002774,2646,648,1085,427,486
E02002775,2565,843,1012,352,358
E02002776,2864,796,1170,447,451
E02002777,3451,843,1295,626,687
E02002778,3619,1136,1401,512,570
E02002779,4177,1234,1622,621,700
E02002780,3493,1108,1161,534,690
E02002781,4161,1369,1399,657,736
E02002782,2491,556,1060,351,524
E02002783,4152,1091,1462,728,871
E02002784,5511,2771,1846,465,429
E02002785,2762,730,1010,403,619
E02002786,3996,1055,1202,625,1114
E02002787,4276,1520,1556,634,566
E02002788,4053,1321,1586,569,577
E02002789,3830,1213,1303,643,671
E02002790,4743,1565,1634,671,873
E02002791,2627,588,1088,367,584
E02002792,3130,878,1297,470,485
E02002793,4072,1164,1635,630,643
E02002794,2173,632,824,317,400
E02002795,3463,815,1492,529,627
E02005742,3314,960,1383,485,486
E02005743,2290,722,987,235,346
E02005744,3421,1083,1407,421,510
E02005745,2154,548,921,267,418
E02005746,2987,999,1147,404,437
E02005747,3042,1159,1012,416,455
E02005748,3215,937,1234,496,548
E02005749,4160,1243,1600,605,712
E02005750,3574,1175,1314,509,576
E02005751,3811,1004,1681,495,631
E02005752,2958,851,1181,438,488
E02005753,5775,1910,2046,882,937
E02005754,3170,737,1365,513,555
E02005755,2765,834,1032,412,487
E02005756,2575,486,1029,474,586
E02005757,3772,1155,1450,569,598
E02005758,3410,860,1389,517,644
E02005759,3797,1179,1452,531,635
E02005760,2510,488,957,471,594
E02005761,2336,595,988,327,426
E02005762,2410,695,861,356,498
E02005763,2576,553,1122,402,499
E02005764,4549,1372,1704,708,765
E02005765,2635,687,1069,391,488
E02005766,2645,727,1078,372,468
E02005767,2749,627,1112,413,597
E02005768,2357,516,892,385,564
E02005769,3173,1083,1122,495,473
E02005770,4092,1081,1651,700,660
E02005771,3336,1072,1197,535,532
E02005772,2481,522,1037,408,514
E02005773,4101,1550,1387,570,594
E02005774,3945,1144,1381,689,731
E02005775,4497,1982,1505,509,501
E02005776,3185,700,1317,521,647
E02005777,3429,887,1224,567,751
E02005778,2466,531,1069,330,536
E02005779,3548,1333,1306,396,513
E02005780,4362,1171,1650,638,903
E02005781,2297,512,956,339,490
E02005782,3325,878,1437,477,533
E02005783,3775,1172,1483,521,599
E02005784,2382,621,952,377,432
E02005785,4183,694,1339,823,1327
E02005786,2822,825,1278,322,397
E02005787,3720,1049,1627,476,568
E02005788,2846,817,1211,364,454
E02005789,4593,1440,1899,580,674
E02005790,2788,806,1177,361,444
E02005791,2792,671,1151,426,544
E02005794,4076,1039,1768,581,688
E02006870,5429,1773,1943,810,903
E02005795,3382,1371,1217,380,414
E02005796,3007,903,1197,408,499
E02005797,2715,845,1010,402,458
E02005798,3802,1094,1685,487,536
E02005799,3950,1100,1630,555,665
E02005800,3924,1796,1151,498,479
E02005801,2364,797,759,336,472
E02005802,3468,1022,1113,647,686
E02005803,4161,1528,1452,574,607
E02005804,4433,2355,1490,340,248
E02005805,3182,880,1461,438,403
E02005806,2926,786,1001,520,619
E02005807,2687,679,1190,374,444
E02005808,5434,1810,2299,657,668
E02005809,3184,978,1126,489,591
E02005810,3526,725,1403,609,789
E02005811,3560,713,1469,628,750
E02005812,3734,933,1378,670,753
E02005813,4809,1597,1593,846,773
E02005814,2705,740,1041,426,498
E02005815,3339,652,1438,540,709
E02005816,3370,729,1313,587,741
E02005817,3029,765,1223,496,545
E02005818,3303,701,1346,584,672
E02001509,2696,814,907,484,491
E02001510,2537,729,903,450,455
E02001511,2673,735,1017,464,457
E02001512,3358,972,1290,561,535
E02001513,3325,840,1325,548,612
E02001514,2999,804,1094,526,575
E02001515,3918,1196,1281,659,782
E02001516,2518,693,848,447,530
E02001517,3448,958,1344,572,574
E02001518,4376,1378,1478,751,769
E02001519,2749,715,985,504,545
E02001520,4764,1381,1939,655,789
E02001521,5349,1986,1837,818,708
E02001522,3750,1180,1263,616,691
E02001523,3043,928,1157,524,434
E02001524,2566,634,1071,412,449
E02001525,2955,1266,922,403,364
E02001526,2487,718,882,444,443
E02001527,2573,761,940,427,445
E02001528,4424,1216,1715,731,762
E02001529,4180,1304,1549,654,673
E02001530,2748,842,974,464,468
E02001531,2954,982,1073,472,427
E02001532,4067,1081,1550,654,782
E02001533,3125,853,1084,619,569
E02001534,3800,1005,1378,698,719
E02001535,2595,638,1070,403,484
E02001536,3807,1178,1444,602,583
E02001537,3525,971,1281,646,627
E02001538,3425,976,1270,562,617
E02001539,2400,558,879,419,544
E02001540,4810,1291,1751,783,985
E02001541,4876,1431,1833,781,831
E02001542,3071,873,1055,483,660
E02001543,3622,1053,1317,614,638
E02001544,3526,880,1265,632,749
E02001545,3726,1028,1427,588,683
E02001546,2805,692,1158,474,481
E02001547,4223,1056,1378,787,1002
E02001548,3397,1093,1057,597,650
E02001549,2521,683,911,434,493
E02001550,3149,905,1090,540,614
E02001551,2656,810,930,490,426
E02001552,3151,854,1076,569,652
E02001553,4193,1257,1365,703,868
E02001554,2625,590,1003,492,540
E02001555,2463,695,987,397,384
E02001556,3764,1087,1191,627,859
E02001557,3965,1344,1271,600,750
E02001558,2715,705,1184,413,413
E02001559,3165,703,1252,554,656
E02001560,4318,1554,1304,682,778
E02001561,2953,1200,885,406,462
E02001562,2634,897,907,397,433
E02001563,3254,915,1243,523,573
E02001564,3146,688,1342,529,587
E02001565,2860,712,1179,415,554
E02001566,3330,978,1082,613,657
E02001567,3786,1050,1316,630,790
E02001568,2623,851,893,442,437
E02001569,3926,1234,1291,655,746
E02001570,3114,1118,1036,439,521
E02001571,2620,690,1060,404,466
E02001572,2997,833,1050,527,587
E02001573,3126,772,1053,600,701
E02001574,2596,578,1084,434,500
E02001575,2941,867,925,501,648
E02001576,2459,675,876,426,482
E02001577,2981,904,1264,379,434
E02001578,3946,1128,1319,703,796
E02001579,3919,1153,1401,637,728
E02001580,3681,1121,1381,596,583
E02001581,2466,635,938,440,453
E02001582,3044,849,1096,508,591
E02001583,2423,639,909,452,423
E02001584,2994,718,1192,524,560
E02001585,2772,973,910,445,444
E02001586,3992,1654,1293,559,486
E02001587,2558,829,883,403,443
E02001588,3022,964,949,513,596
E02001589,3448,877,1305,597,669
E02001590,2913,835,846,509,723
E02001591,3267,1083,905,485,794
E02001592,3766,997,1424,626,719
E02001593,2853,985,825,412,631
E02001594,2833,1187,721,368,557
E02001595,3577,841,1318,703,715
E02001596,3687,1026,1369,630,662
E02001597,4060,1241,1370,663,786
E02001598,4068,1110,1522,645,791
E02001599,2627,645,1009,445,528
E02001600,4126,1089,1464,561,1012
E02001601,2188,622,843,338,385
E02001602,3745,947,1418,624,756
E02001603,2794,789,1005,463,537
E02001604,3455,855,1222,622,756
E02001605,3079,808,1204,511,556
E02001606,3306,876,1212,528,690
E02001607,3755,1004,1418,656,677
E02001608,2818,649,1074,507,588
E02001609,3578,847,1518,572,641
E02001610,3533,926,1383,581,643
E02001611,3356,1062,1263,478,553
E02001612,2539,697,985,397,460
E02001613,4522,1224,1740,759,799
E02001614,4728,1224,1830,768,906
E02001615,3289,826,1455,481,527
E02001616,3116,997,1082,459,578
E02001617,2287,629,730,434,494
E02001618,4057,1039,1562,658,798
E02001619,3996,1290,1301,605,800
E02001620,2773,865,892,481,535
E02001621,2305,747,731,375,452
E02001622,4004,1364,1396,608,636
E02001623,3301,1196,895,424,786
E02001624,4020,1127,1411,690,792
E02001625,3179,919,1008,580,672
E02001626,2474,640,893,449,492
E02001627,2788,990,951,415,432
E02001628,2235,645,594,283,713
E02001629,2858,1061,911,398,488
E02001630,2802,744,676,362,1020
E02001631,3357,952,1269,516,620
E02001632,4370,1342,1208,524,1296
E02001633,3177,847,1231,495,604
E02001634,4398,1480,1731,672,515
E02001635,2930,1171,975,386,398
E02001636,4176,1901,1118,500,657
E02001637,2350,655,594,337,764
E02001638,2218,510,611,353,744
E02001639,2779,896,1033,411,439
E02001640,2871,946,699,315,911
E02001642,4011,1178,1404,634,795
E02001643,2729,801,994,384,550
E02001646,2758,850,658,356,894
E02001647,2682,867,960,375,480
E02001648,2769,957,847,347,618
E02001649,4178,1530,1236,647,765
E02001650,3391,1468,844,369,710
E02001651,3306,775,1263,506,762
E02001652,3791,1145,1036,548,1062
E02001653,3101,1141,1031,442,487
E02001654,2639,734,930,441,534
E02001655,3419,1176,1129,506,608
E02001656,3042,796,1026,448,772
E02001657,3619,862,1224,688,845
E02001658,2321,738,794,353,436
E02001659,2976,1270,922,374,410
E02001660,4084,1453,1297,494,840
E02001661,3647,1475,1094,530,548
E02001662,3394,1067,1265,517,545
E02001663,3343,1061,1152,540,590
E02001664,2768,857,1050,410,451
E02001665,3794,909,1395,577,913
E02001666,2584,734,871,449,530
E02001669,3500,1146,1284,536,534
E02001670,2766,1155,781,387,443
E02001671,2669,749,1094,395,431
E02001672,2734,891,978,381,484
E02001673,2195,470,771,448,506
E02001674,3904,1242,1459,550,653
E02001675,4149,1395,1542,584,628
E02001676,2514,688,908,371,547
E02001678,4344,1245,1694,579,826
E02001679,3011,1240,926,390,455
E02001680,3133,1481,922,349,381
E02001681,3332,1055,1231,477,569
E02006803,3763,990,1431,623,719
E02006843,3270,1358,1119,245,548
E02006844,3155,1200,867,310,778
E02006868,5068,1697,1505,796,1070
E02006869,4820,1483,1661,792,884
E02002183,2579,871,1002,297,409
E02002184,5556,1732,2045,692,1087
E02002185,2478,658,886,402,532
E02002186,5450,1534,2155,864,897
E02002187,2475,630,982,350,513
E02002188,3173,812,1225,468,668
E02002189,2249,553,723,279,694
E02002190,4222,1264,1115,605,1238
E02002191,3523,1047,998,572,906
E02002192,3910,1007,1540,600,763
E02002193,2828,1186,816,379,447
E02002194,3107,857,1063,551,636
E02002195,2766,798,1023,448,497
E02002196,2622,650,964,474,534
E02002197,4019,1515,1364,575,565
E02002198,3766,1324,1311,556,575
E02002199,2804,778,1092,453,481
E02002200,4032,1329,1452,551,700
E02002201,5203,1683,1733,798,989
E02002202,3408,1439,1081,438,450
E02002203,3285,1056,1076,529,624
E02002204,4900,1361,1891,741,907
E02002205,4476,1332,1699,732,713
E02002206,3427,883,1107,603,834
E02002207,2307,634,539,267,867
E02002208,3235,1006,1045,550,634
E02002209,2283,638,672,398,575
E02002210,2824,695,866,491,772
E02002211,2064,516,427,243,878
E02002212,2260,468,590,303,899
E02002213,2917,867,1025,483,542
E02002214,2404,684,802,400,518
E02002215,2733,631,411,302,1389
E02002216,2700,1010,352,273,1065
E02002217,2995,971,681,373,970
E02002218,3685,1071,1147,577,890
E02002219,2152,448,379,262,1063
E02002220,2561,485,504,334,1238
E02002221,4961,2005,1081,495,1380
E02002222,2944,811,818,497,818
E02002223,2216,519,385,329,983
E02002224,2803,583,467,333,1420
E02002225,3448,1009,1184,576,679
E02002226,3478,904,572,381,1621
E02002227,2444,851,562,368,663
E02002228,2824,991,796,454,583
E02002229,3152,950,1010,511,681
E02002230,3332,1217,664,442,1009
E02002231,4442,1094,1236,709,1403
E02002232,2516,853,730,317,616
E02002233,2695,580,524,366,1225
E02002234,3192,1023,906,560,703
E02002235,2438,711,586,354,787
E02002236,2493,761,817,397,518
E02002237,3258,876,1049,555,778
E02002238,2546,838,752,428,528
E02002239,4000,1119,1249,720,912
E02002240,4423,1163,1561,780,919
E02002241,4897,1457,1538,885,1017
E02002242,3369,970,1252,598,549
E02002243,4047,1226,1419,681,721
E02002244,2525,692,929,404,500
E02002245,2441,842,766,362,471
E02002246,4183,1168,1552,695,768
E02002247,4310,1477,1548,590,695
E02002248,3180,1028,971,528,653
E02002249,2385,780,753,423,429
E02002250,3805,1267,1358,529,651
E02002251,3869,1876,1106,448,439
E02002252,2570,652,1061,415,442
E02002253,2957,943,793,491,730
E02002254,2497,688,962,397,450
E02002255,2485,843,421,270,951
E02002256,4156,1446,1435,618,657
E02002257,2074,605,474,265,730
E02002258,4005,1344,1433,580,648
E02002259,2902,1017,998,367,520
E02002260,4301,1588,1505,587,621
E02002261,3655,1230,1244,564,617
E02002262,3689,1308,1325,501,555
E02002263,2881,819,1065,496,501
E02002264,3030,983,1055,415,577
E02002265,2512,880,913,343,376
E02002266,2556,792,932,387,445
E02002267,3510,1046,1239,615,610
E02002268,4519,1587,1569,666,697
E02002269,4106,1170,1490,660,786
E02002270,3518,952,1286,581,699
E02002271,3040,835,1146,517,542
E02002272,4107,1243,1433,714,717
E02002273,2702,771,1034,446,451
E02002274,2879,692,1099,495,593
E02002275,3942,1455,1284,594,609
E02002276,2976,771,1079,528,598
E02002277,2527,727,808,391,601
E02002278,2680,745,950,464,521
E02002279,2780,987,896,434,463
E02002280,2274,794,523,258,699
E02002281,4340,1223,1321,700,1096
E02002282,2536,657,733,375,771
E02002283,2413,560,539,340,974
E02002284,2648,835,888,438,487
E02002285,3356,937,1236,520,663
E02002286,2372,696,702,413,561
E02002287,2732,1074,735,295,628
E02002288,3831,1138,1236,659,798
E02002289,2126,532,478,340,776
E02002290,2697,714,1076,424,483
E02002291,2709,711,1002,444,552
E02002292,2391,681,858,360,492
E02002293,2624,800,541,313,970
E02002294,3102,680,673,408,1341
E02002295,2951,1018,926,493,514
E02002296,3114,1055,1171,407,481
E02002297,2773,725,1018,401,629
E02002298,2878,798,1096,452,532
E02002299,2852,1148,764,391,549
E02002300,2931,890,1087,411,543
E02002301,2839,990,682,354,813
E02002302,2650,622,1046,443,539
E02002303,2880,1024,956,399,501
E02002304,2972,1306,886,305,475
E02002305,2639,950,789,392,508
E02002306,2692,740,994,414,544
E02002307,2623,837,874,450,462
E02002308,2876,901,1037,461,477
E02002309,2838,1186,724,311,617
E02002310,2713,956,884,405,468
E02002311,2812,885,992,459,476
E02002312,3054,1162,962,409,521
E02002313,2544,780,567,301,896
E02002314,2624,775,1008,388,453
E02002315,3028,1033,1010,476,509
E02002316,2758,707,1109,432,510
E02002317,2920,971,916,413,620
E02002318,2883,1040,973,404,466
E02002319,2876,891,1030,430,525
E02002320,3097,1146,1137,421,393
E02002321,2569,666,1004,398,501
E02002322,2781,765,1063,487,466
E02002323,3612,1021,1321,541,729
E02002324,2811,758,1115,435,503
E02002325,3567,945,1389,538,695
E02002326,2509,562,933,401,613
E02002327,4086,964,1624,680,818
E02002328,2942,771,1145,450,576
E02002329,5047,1307,1910,835,995
E02002330,2785,628,1228,402,527
E02002331,2679,1014,959,355,351
E02002332,2534,755,920,390,469
E02002333,3625,1285,1308,487,545
E02002334,3156,940,1257,383,576
E02002335,3154,781,1254,462,657
E02002336,2826,744,1085,379,618
E02002337,2830,693,1128,466,543
E02002338,2888,836,1015,477,560
E02002339,2597,941,867,365,424
E02002340,2536,819,960,382,375
E02002341,3016,733,1167,466,650
E02002342,2577,807,941,386,443
E02002343,2419,619,883,434,483
E02002344,3427,1182,1160,473,612
E02002345,2334,657,886,311,480
E02002346,2727,937,946,387,457
E02002347,2734,1013,873,413,435
E02002348,2727,984,877,404,462
E02002349,2540,941,833,338,428
E02002350,2563,700,995,360,508
E02002351,2265,521,961,348,435
E02002352,3116,1008,1026,442,640
E02002353,2225,544,707,371,603
E02002354,3328,1111,1070,482,665
E02002356,3217,916,1244,453,604
E02002357,3585,1186,1368,500,531
E02002358,3159,957,1094,526,582
E02002359,2773,757,1108,408,500
E02002360,2954,940,999,502,513
E02002361,2462,905,726,330,501
E02002362,3562,1344,1141,541,536
E02002363,3300,1205,1220,425,450
E02002364,2699,1143,726,413,417
E02002366,2844,811,879,392,762
E02002367,2603,962,752,402,487
E02002368,3537,1044,1386,540,567
E02002369,2928,1019,825,470,614
E02002370,2880,971,920,457,532
E02002371,4149,1751,1040,525,833
E02002373,2670,703,557,332,1078
E02002374,2979,1059,1035,414,471
E02002375,2296,737,718,382,459
E02002376,2455,690,610,408,747
E02002377,2282,771,391,260,860
E02002379,2044,559,601,393,491
E02002380,2353,704,887,380,382
E02002381,2891,987,1095,451,358
E02002382,2302,811,538,351,602
E02002383,2332,502,488,377,965
E02002384,4306,2121,1104,488,593
E02002385,3419,1241,1001,518,659
E02002386,3853,1266,1488,527,572
E02002387,2435,926,708,364,437
E02002388,3196,1055,1033,526,582
E02002389,2906,1082,842,420,562
E02002390,2665,880,878,424,483
E02002391,3505,1124,1263,559,559
E02002392,2352,1073,584,297,398
E02002393,3870,2024,889,446,511
E02002394,3198,1401,852,427,518
E02002395,2440,636,783,404,617
E02002396,3822,1398,1250,549,625
E02002397,3277,1092,1098,485,602
E02002398,3256,952,1217,493,594
E02002399,2631,788,850,502,491
E02002400,3641,1549,1059,501,532
E02002401,2541,798,742,449,552
E02002402,2396,575,913,424,484
E02002403,2633,802,925,445,461
E02002404,4432,2141,1441,432,418
E02002405,3228,970,1174,481,603
E02002406,2850,610,1106,516,618
E02002407,2835,1091,802,448,494
E02002408,3268,1132,1127,483,526
E02002409,2633,826,951,420,436
E02002410,3051,1108,1046,468,429
E02002411,3502,1643,1045,388,426
E02002412,3051,956,1108,489,498
E02002414,2682,1181,734,353,414
E02002415,2599,1144,536,282,637
E02002416,2794,808,1122,406,458
E02002417,2727,700,1095,471,461
E02002418,3038,766,1149,528,595
E02002419,3503,1278,1067,561,597
E02002420,3299,1041,1075,527,656
E02002421,2609,1003,735,377,494
E02002422,2662,696,1050,474,442
E02002423,2482,808,828,435,411
E02002424,3271,938,1166,562,605
E02002425,3685,1051,1424,570,640
E02002426,3240,856,1235,503,646
E02002427,3021,905,1133,482,501
E02002428,3110,1031,1096,478,505
E02002429,3523,941,1364,567,651
E02002430,3017,979,887,529,622
E02002431,3591,1151,1330,519,591
E02002432,2919,748,1024,515,632
E02002433,3182,1412,1072,350,348
E02002434,3542,877,1293,633,739
E02002435,3269,952,1279,473,565
E02002436,2831,826,1018,481,506
E02002437,2445,466,921,487,571
E02006852,4551,1459,1613,614,865
E02006861,3887,1376,1063,401,1047
E02006875,3569,1919,1460,135,55
E02006876,3492,1540,1318,362,272
E02002438,3273,924,1137,584,628
E02002439,3639,1350,1261,566,462
E02002440,3225,843,1162,570,650
E02002441,3825,1269,1306,641,609
E02002442,2819,676,1093,544,506
E02002443,2353,508,855,487,503
E02002444,2657,849,951,430,427
E02002445,3057,915,1141,519,482
E02002446,2585,695,1000,411,479
E02002447,2721,920,909,455,437
E02002448,3352,1035,1232,542,543
E02002449,3230,607,1292,634,697
E02002450,2859,788,995,535,541
E02002451,3049,792,1200,508,549
E02002452,3723,1431,1232,508,552
E02002453,4171,1462,1363,685,661
E02002454,3399,1499,960,362,578
E02002455,2552,708,864,458,522
E02002456,2738,885,923,405,525
E02002457,3252,1116,1018,496,622
E02002458,3757,987,1449,625,696
E02002459,3934,1180,1289,669,796
E02002460,3149,871,1298,491,489
E02002461,4173,1024,1604,756,789
E02002462,3337,1073,1213,536,515
E02002463,3651,1047,1128,674,802
E02002464,3506,1139,1182,613,572
E02002465,2850,1082,975,393,400
E02002466,4012,1201,1519,659,633
E02002467,3611,1300,1116,543,652
E02002468,2660,767,1026,439,428
E02002469,2423,545,884,482,512
E02002470,2622,595,1181,395,451
E02002471,4499,1123,1915,727,734
E02002472,2439,610,1002,393,434
E02002473,2722,667,1137,446,472
E02002474,2700,868,902,480,450
E02002475,2573,646,1059,423,445
E02002476,2375,672,796,401,506
E02002477,2699,733,1021,450,495
E02002478,2459,685,864,419,491
E02002479,3693,1119,1352,615,607
E02002480,2673,890,961,403,419
E02002481,2672,760,932,470,510
E02002482,2746,784,898,498,566
E02002796,2585,662,993,392,538
E02002797,3371,1029,1339,408,595
E02002798,4187,1008,1580,730,869
E02002799,2451,640,865,428,518
E02002800,3136,1056,1095,444,541
E02002801,3160,863,1104,535,658
E02002802,3256,997,966,602,691
E02002803,3492,1667,1145,368,312
E02002804,3243,988,1083,517,655
E02002805,2575,746,1075,361,393
E02002806,2839,978,968,459,434
E02002807,3737,981,1363,620,773
E02002808,5590,2528,1602,745,715
E02002809,2830,811,1025,477,517
E02002810,3457,814,1437,561,645
E02002811,3684,1395,794,449,1046
E02002812,2722,829,876,379,638
E02002813,3819,1483,781,455,1100
E02002814,3273,1022,1231,459,561
E02002815,2520,654,626,358,882
E02002816,3377,686,1018,611,1062
E02002817,2377,568,821,338,650
E02002818,2852,861,775,455,761
E02002819,3452,1233,1293,486,440
E02002820,4043,1214,1311,667,851
E02002821,4340,1320,1222,732,1066
E02002822,2748,776,935,408,629
E02002823,3236,983,1166,495,592
E02002824,3716,1042,1067,640,967
E02002825,3557,1068,1207,496,786
E02002826,2646,676,841,462,667
E02002827,2550,701,811,450,588
E02002828,2804,654,819,532,799
E02002829,4340,1464,1187,728,961
E02002830,3909,1200,1037,698,974
E02002831,2340,499,620,432,789
E02002832,2803,727,726,426,924
E02002833,2609,464,581,498,1066
E02002834,3975,1140,1301,667,867
E02002835,4369,946,1174,835,1414
E02002836,3131,725,730,558,1118
E02002837,2624,723,598,465,838
E02002838,3093,1015,861,461,756
E02002839,2911,820,807,501,783
E02002842,3418,1167,1108,590,553
E02002843,3843,833,735,570,1705
E02002844,3775,1031,703,509,1532
E02002845,3933,1300,959,556,1118
E02002846,3028,847,1041,488,652
E02002847,2854,419,573,405,1457
E02002848,3344,823,590,516,1415
E02002849,5256,2094,1481,733,948
E02002851,2861,696,893,396,876
E02002852,2584,701,667,411,805
E02002853,4029,1016,806,577,1630
E02002854,3222,1005,873,579,765
E02002855,2786,805,957,495,529
E02002856,5066,1970,1551,618,927
E02002857,2925,1096,978,474,377
E02002858,2928,827,988,457,656
E02002860,3350,1027,1186,499,638
E02002861,2775,667,762,499,847
E02002862,3547,1206,1093,563,685
E02006815,3739,1168,1141,585,845
E02006817,2974,857,896,477,744
E02006819,3254,1036,897,539,782
E02006850,3215,1569,653,397,596
E02006851,2961,1713,835,238,175
E02002868,2458,599,1009,434,416
E02002869,3297,1173,1068,545,511
E02002871,3469,1140,1166,595,568
E02002872,3816,1331,1194,610,681
E02002873,3903,1296,1210,700,697
E02002874,3052,935,971,525,621
E02002875,3627,1227,1155,629,616
E02002876,3471,1175,1187,537,572
E02002877,3650,1511,1213,463,463
E02002878,3258,735,933,678,912
E02002879,3936,1354,1301,602,679
E02002880,3296,813,952,716,815
E02002881,2669,959,769,454,487
E02002882,3784,1635,1214,426,509
E02002883,3537,1354,1181,519,483
E02002884,2323,819,613,320,571
E02002885,3107,1092,737,465,813
E02002886,3438,1077,1016,495,850
E02002887,2832,1104,854,352,522
E02002888,3064,1308,795,466,495
E02002889,3140,1479,808,297,556
E02002890,4727,2404,1246,522,555
E02002891,3376,1022,1075,555,724
E02002892,2565,869,768,416,512
E02002893,4388,1854,993,537,1004
E02002894,2689,678,922,435,654
E02002895,3279,1216,1078,281,704
E02002896,4372,1766,1169,650,787
E02002897,3406,1063,1203,490,650
E02002898,3738,1296,664,426,1352
E02002899,2172,747,672,336,417
E02002901,2540,803,936,375,426
E02002902,3488,1235,1082,552,619
E02002903,2859,1016,900,492,451
E02002904,2633,859,817,446,511
E02006834,3661,1502,1101,544,514
E02006904,3787,1740,1409,361,277
E02006905,3324,1431,902,433,558
E02002863,2676,613,1117,441,505
E02002864,2519,694,1001,384,440
E02002865,3390,1040,1328,499,523
E02002866,3088,779,1256,476,577
E02002867,3329,985,1387,417,540
E02004029,2845,899,1041,455,450
E02004030,2550,729,1111,330,380
E02004031,3218,1037,1095,486,600
E02004032,3643,980,1477,599,587
E02004033,3828,1129,1449,621,629
E02004034,3197,872,1303,483,539
E02004035,2727,604,1231,396,496
E02004036,4267,1183,1593,720,771
E02004037,3154,724,1207,566,657
E02004038,3643,1319,1351,507,466
E02004039,3413,907,1321,516,669
E02004040,3658,857,1375,656,770
E02004041,2938,757,1112,512,557
E02004043,3009,793,1222,443,551
E02004044,3151,828,1185,411,727
E02006827,3355,1040,1207,532,576
E02004045,3899,1076,1482,633,708
E02004046,2738,756,1108,417,457
E02004047,2507,802,925,404,376
E02004048,2919,889,1060,462,508
E02004049,3478,1067,1323,552,536
E02004050,2969,854,1055,470,590
E02004051,3831,1115,1379,643,694
E02004052,3382,958,1276,535,613
E02004053,3347,985,1154,573,635
E02004054,3731,1019,1435,648,629
E02004055,3286,1115,1200,520,451
E02004056,3228,946,1083,521,678
E02004057,3398,1118,1151,564,565
E02004058,3638,1318,1260,540,520
E02004059,3232,993,1244,514,481
E02004060,3190,856,1218,511,605
E02004061,3430,1321,1185,420,504
E02004062,3680,1274,1289,554,563
E02004063,3655,1209,1354,534,558
E02004064,4271,1748,1449,567,507
E02004065,3672,953,1557,551,611
E02004066,5124,1458,1999,851,816
E02004067,2992,1103,1007,450,432
E02004068,3302,968,1295,437,602
E02004069,3099,941,1357,349,452
E02004070,2763,850,1097,366,450
E02004071,2229,632,874,313,410
E02004072,3722,982,1595,544,601
E02004073,4129,1390,1548,556,635
E02004074,2582,805,983,335,459
E02004075,3156,812,1314,425,605
E02004076,2796,812,1014,409,561
E02004077,2966,707,1212,439,608
E02004078,3159,1059,1058,527,515
E02004080,4284,1462,1510,685,627
E02004081,2470,669,997,354,450
E02004082,2550,568,1043,442,497
E02004083,3310,906,1208,588,608
E02004084,2667,810,965,408,484
E02004085,3726,1053,1413,590,670
E02004086,3175,862,1265,503,545
E02004087,3414,1046,1198,560,610
E02004088,3124,743,1244,532,605
E02004089,3259,1289,1066,508,396
E02004090,2733,805,1061,454,413
E02004091,3905,1071,1555,658,621
E02004092,4194,1220,1573,680,721
E02006828,2722,601,985,549,587
E02004093,2751,790,992,466,503
E02004094,2994,860,946,564,624
E02004095,4463,1480,1587,638,758
E02004096,3795,776,1477,737,805
E02004097,3328,903,1312,528,585
E02004098,3227,1029,1157,464,577
E02004100,3216,907,1189,468,652
E02004102,3909,1600,1286,469,554
E02004103,2938,822,1005,495,616
E02004104,2912,699,1143,449,621
E02006872,5413,1496,2165,765,987
E02004105,3845,921,1382,726,816
E02004106,3111,832,1337,438,504
E02004108,3387,1123,1212,497,555
E02004109,2880,692,1253,387,548
E02004110,3136,716,1268,537,615
E02004111,2414,717,901,394,402
E02004112,2894,788,1212,447,447
E02004113,4027,1272,1405,656,694
E02004114,3163,781,1407,453,522
E02004115,3978,1154,1545,629,650
E02004116,3604,1253,1267,545,539
E02004117,3170,857,1275,501,537
E02006804,3461,1052,1179,589,641
E02004118,2700,645,1052,449,554
E02004119,4330,1016,1538,752,1024
E02004120,2903,674,1088,492,649
E02004121,2800,706,1085,421,588
E02004122,2472,627,976,385,484
E02004123,2816,870,1052,401,493
E02004124,3141,738,1206,569,628
E02004125,3775,1005,1393,664,713
E02004126,3009,916,1063,493,537
E02004128,4296,1083,1758,664,791
E02006919,3595,997,1260,664,674
E02006920,3155,782,1127,532,714
E02005334,2161,448,776,412,525
E02005335,2824,743,1073,402,606
E02005336,2903,717,1049,553,584
E02005337,3961,1063,1367,668,863
E02005338,4167,1223,1438,686,820
E02005339,3502,886,1276,598,742
E02005340,3553,984,1354,542,673
E02005341,2753,710,869,487,687
E02005342,2802,674,1112,469,547
E02005343,2797,735,1083,411,568
E02005344,3146,776,1263,517,590
E02006820,4117,1136,1588,577,816
E02005345,2600,702,1007,412,479
E02005346,4925,1981,1406,663,875
E02005347,3449,1005,943,544,957
E02005348,2540,795,924,370,451
E02005349,2980,787,1147,539,507
E02005350,2813,852,1041,463,457
E02005351,2328,580,716,411,621
E02005352,2421,515,978,376,552
E02005353,3824,1115,1233,612,864
E02005354,3542,828,1344,553,817
E02005355,2766,753,1030,428,555
E02005356,2873,904,1061,407,501
E02005357,3036,818,1113,504,601
E02005358,4281,1150,1570,694,867
E02005359,2390,565,914,374,537
E02005360,2546,615,1063,401,467
E02005361,2778,867,921,435,555
E02005362,2627,696,950,471,510
E02005363,2944,686,1170,451,637
E02005364,2098,534,666,380,518
E02005365,3944,1096,1352,613,883
E02005366,2811,814,1042,417,538
E02005368,2581,662,1008,390,521
E02005369,4128,1157,1534,593,844
E02005370,3422,691,1183,648,900
E02005371,3970,889,1531,634,916
E02005372,3749,806,1516,559,868
E02005373,3773,905,1519,553,796
E02005374,3008,1217,942,378,471
E02005375,3518,938,1303,553,724
E02005376,3940,1067,1469,599,805
E02006816,2809,663,1094,404,648
E02005377,3568,1022,1362,525,659
E02005378,2183,529,861,361,432
E02005379,2532,669,925,416,522
E02005380,3562,910,1438,541,673
E02005381,3378,856,1388,519,615
E02005382,4390,1329,1635,670,756
E02005383,3908,1178,1413,619,698
E02005384,2646,633,1091,409,513
E02005385,2525,590,1043,422,470
E02005386,3870,1391,1335,618,526
E02005387,3858,989,1469,707,693
E02005388,2564,842,893,407,422
E02005389,2619,876,977,379,387
E02005390,3774,957,1510,567,740
E02005391,4087,1073,1586,595,833
E02005392,3815,1015,1502,583,715
E02005393,3001,776,1238,461,526
E02005394,3961,1167,1388,655,751
E02005395,3837,1159,1432,559,687
E02005396,2789,712,1168,392,517
E02005397,3576,1014,1364,545,653
E02005398,2598,712,1002,416,468
E02005399,2752,832,964,446,510
E02005400,2438,665,984,370,419
E02005401,2345,580,888,379,498
E02005402,2498,658,906,381,553
E02005403,2966,835,1126,467,538
E02005404,3145,834,1134,519,658
E02005405,2828,763,1025,477,563
E02005406,3125,985,988,550,602
E02005407,3481,809,1277,591,804
E02005408,3074,793,1155,485,641
E02005409,4302,1107,1609,702,884
E02005412,3310,964,1128,458,760
E02005414,3245,1049,1064,483,649
E02005415,3256,1018,1150,536,552
E02005416,3613,801,1453,615,744
E02006818,3277,792,1165,526,794
E02006911,4638,864,1375,677,1722
E02005417,2935,682,1281,442,530
E02005418,4119,1340,1183,692,904
E02005419,3591,1280,1149,577,585
E02005420,3623,1193,1244,554,632
E02005422,2569,617,1106,372,474
E02005423,4106,1112,1662,628,704
E02006864,3361,801,1398,543,619
E02006865,2987,651,1274,494,568
E02005424,4281,1072,1851,661,697
E02005425,2688,598,1229,387,474
E02005426,4151,1196,1591,673,691
E02005427,3379,1364,1218,429,368
E02005428,3686,1150,1637,426,473
E02005429,3244,1096,1588,283,277
E02005430,3059,807,1408,397,447
E02005431,3643,996,1553,513,581
E02005432,3303,822,1545,464,472
E02005433,3259,1019,1597,336,307
E02005434,3291,1128,1285,406,472
E02005435,3292,1004,1415,456,417
E02005436,3454,1047,1458,479,470
E02005437,2695,1157,796,399,343
E02005438,3016,1075,1137,382,422
E02005439,4599,1215,1935,635,814
E02005440,2272,575,967,337,393
E02005441,3578,858,1579,534,607
E02005442,2710,1072,856,399,383
E02005443,3177,1145,1157,434,441
E02005444,5257,1913,1924,681,739
E02005445,4806,1598,1507,800,901
E02005446,2840,1200,844,354,442
E02005447,3202,1349,927,487,439
E02005448,3126,952,1074,579,521
E02005449,2891,876,1044,480,491
E02005450,3708,1010,1532,583,583
E02005451,3421,1291,1027,505,598
E02005452,4687,1290,1769,784,844
E02005453,4569,1116,1957,695,801
E02005455,5113,1208,2133,802,970
E02005456,4023,1156,1486,638,743
E02005457,3565,901,1516,545,603
E02005458,2764,680,1210,374,500
E02005459,3420,918,1421,481,600
E02005460,2387,505,963,404,515
E02005461,2817,760,1290,356,411
E02005462,4123,1448,1387,676,612
E02005463,3530,784,1378,642,726
E02005464,3591,928,1569,548,546
E02006866,2792,739,1139,446,468
E02006867,3278,909,1340,493,536
E02005465,3523,814,1544,549,616
E02005466,2699,582,1245,374,498
E02005467,3209,964,1330,412,503
E02005468,3084,668,1355,469,592
E02005469,3079,693,1300,513,573
E02005470,4483,1336,1621,736,790
E02005471,3857,1113,1414,607,723
E02005472,4314,1224,1823,578,689
E02005473,3767,886,1464,660,757
E02005474,2726,586,1266,404,470
E02005475,2523,575,1007,393,548
E02005476,3017,684,1293,433,607
E02005477,3798,895,1715,525,663
E02005478,4339,1332,1618,644,745
E02005479,3558,1060,1312,534,652
E02005480,2861,665,953,546,697
E02005481,4985,1716,1736,798,735
E02005482,4092,920,1736,659,777
E02005483,3224,732,1321,544,627
E02005484,3030,782,1307,429,512
E02005485,2531,643,1004,410,474
E02005486,3580,1022,1310,586,662
E02005487,3664,739,1499,614,812
E02005488,2686,732,1031,455,468
E02005489,2985,718,1207,514,546
E02005490,4046,1246,1490,670,640
E02005491,4948,1713,1907,669,659
E02005492,4067,1060,1706,593,708
E02005493,3881,944,1614,624,699
E02005494,4130,1228,1665,616,621
E02005495,4499,1745,1456,627,671
E02005496,2685,631,1141,427,486
E02005497,2981,935,983,514,549
E02005498,3152,767,1478,451,456
E02005499,3317,774,1293,575,675
E02005500,2867,699,1185,484,499
E02005501,3112,768,1331,463,550
E02005502,3694,936,1635,559,564
E02005612,2744,687,997,495,565
E02005613,3712,1076,1256,662,718
E02005614,2907,832,1097,501,477
E02005615,3699,1089,1315,660,635
E02005616,2221,659,725,376,461
E02005617,4051,1232,1258,750,811
E02006862,2499,587,925,489,498
E02006863,3382,534,1144,757,947
E02005619,2348,533,949,372,494
E02005620,3094,697,1123,536,738
E02005621,2883,665,1234,448,536
E02005622,3551,764,1466,531,790
E02005623,3316,877,1304,482,653
E02005624,3702,819,1377,668,838
E02005625,3909,1147,1450,582,730
E02005626,2734,774,913,462,585
E02005627,2955,848,1168,439,500
E02005628,3155,829,1223,481,622
E02005629,2398,576,1033,329,460
E02005630,3798,989,1507,534,768
E02005631,4064,942,1578,618,926
E02005632,2464,545,1038,402,479
E02005633,3555,889,1360,605,701
E02005634,3568,979,1327,584,678
E02005635,3511,860,1301,584,766
E02005636,4554,1115,1754,791,894
E02005637,3869,1468,1344,490,567
E02005638,3881,771,1579,625,906
E02005639,2246,560,971,315,400
E02005640,4390,1097,1678,737,878
E02005641,3366,1038,1220,508,600
E02005642,3277,753,1197,604,723
E02005643,3420,1067,1134,546,673
E02005644,3645,1283,1184,560,618
E02005645,5081,2001,1624,654,802
E02005646,2700,678,1070,401,551
E02005647,3145,1075,1072,481,517
E02005648,2897,607,1183,462,645
E02005649,5534,1344,2042,951,1197
E02005650,2373,593,903,400,477
E02005651,2744,737,1138,428,441
E02005652,2609,760,1026,383,440
E02005653,3162,891,931,597,743
E02005654,3228,843,997,646,742
E02005655,2560,808,945,360,447
E02005656,2286,652,648,408,578
E02005657,2784,932,1035,379,438
E02005658,2569,784,762,449,574
E02005659,2247,776,770,293,408
E02005660,2294,686,770,350,488
E02005661,2534,738,698,465,633
E02005662,2772,866,902,417,587
E02005663,2348,609,944,369,426
E02005664,2493,902,810,387,394
E02005665,3003,731,1144,485,643
E02005666,3330,1097,953,533,747
E02005667,2676,942,928,324,482
E02005668,2598,664,1059,402,473
E02005669,2251,476,902,335,538
E02005670,4056,1953,1160,448,495
E02005671,3102,988,1034,477,603
E02005672,3292,1252,1029,452,559
E02005673,3249,1214,1069,481,485
E02005674,3341,1506,1086,368,381
E02005675,2340,641,814,393,492
E02005676,2389,639,784,426,540
E02005677,3601,1075,1372,603,551
E02005678,3986,1003,1438,706,839
E02005679,3565,829,1287,644,805
E02005680,2949,461,865,602,1021
E02005681,3286,711,1376,485,714
E02005682,2673,617,1150,377,529
E02005683,5212,1181,1918,863,1250
E02005684,3311,779,1342,528,662
E02005685,3408,950,1215,547,696
E02005686,3037,708,1205,491,633
E02005687,2356,531,893,372,560
E02005688,3453,727,1343,583,800
E02005689,2951,601,1038,543,769
E02005690,2363,775,840,339,409
E02005691,2667,684,1078,400,505
E02005692,2981,927,1178,409,467
E02005693,3276,814,1123,568,771
E02005694,3059,685,1129,536,709
E02005695,3248,1160,1031,511,546
E02005696,2458,796,756,425,481
E02005697,2964,1315,906,388,355
E02005698,2368,656,826,378,508
E02005699,3164,828,1018,567,751
E02005700,3860,1051,1566,564,679
E02005701,4679,1270,1872,719,818
E02005819,2668,757,1040,395,476
E02005820,2513,665,1030,423,395
E02005821,2795,874,979,460,482
E02005822,3974,1120,1325,771,758
E02005823,3214,1138,1023,489,564
E02005824,4097,1009,1609,708,771
E02005825,3241,759,1278,565,639
E02005826,2602,842,832,482,446
E02005827,3453,881,1292,588,692
E02005828,3116,828,1289,511,488
E02005829,2785,703,1064,463,555
E02005830,2642,715,1024,454,449
E02005831,3686,1001,1443,616,626
E02005832,4034,1401,1352,651,630
E02005833,3041,675,1189,556,621
E02005834,3070,910,1084,537,539
E02005835,4289,1174,1641,677,797
E02005836,3809,904,1650,571,684
E02005837,2825,678,1215,429,503
E02005838,3495,920,1404,580,591
E02005839,2793,913,1050,416,414
E02005840,3501,737,1201,690,873
E02005842,3756,1132,1392,602,630
E02005843,2662,724,919,494,525
E02005844,3411,1140,1232,479,560
E02005846,2835,1033,851,462,489
E02005847,2921,865,1099,495,462
E02005848,2751,652,1107,439,553
E02005849,3662,902,1514,582,664
E02006903,4957,1593,1825,767,772
E02005850,2942,761,1195,487,499
E02005851,2614,854,894,444,422
E02005852,3426,852,1442,544,588
E02005853,3876,1091,1461,608,716
E02005856,3104,790,1262,483,569
E02005857,2666,739,961,491,475
E02005858,3085,854,1108,463,660
E02005859,3853,1129,1320,662,742
E02005860,3809,1435,1233,533,608
E02005861,2453,782,885,399,387
E02005862,3356,939,1286,571,560
E02005863,3132,858,1247,462,565
E02005864,3350,796,1215,582,757
E02006906,5154,1203,2000,914,1037
E02005865,3414,844,1459,510,601
E02005866,3873,1070,1504,621,678
E02005868,2798,792,1087,420,499
E02005869,2446,747,783,431,485
E02005870,2957,1030,1001,437,489
E02005871,3153,912,1223,491,527
E02005872,2512,718,1002,353,439
E02005873,4272,1179,1648,609,836
E02005874,3708,1148,1330,598,632
E02005875,2983,761,1086,539,597
E02005876,3700,987,1342,594,777
E02005877,3169,957,1114,529,569
E02005878,4393,1600,1464,631,698
E02005879,3451,1195,1193,614,449
E02006835,2520,701,950,458,411
E02005880,2527,631,908,431,557
E02005881,2408,676,876,401,455
E02005882,3355,799,1369,588,599
E02005883,3347,1048,1147,542,610
E02005884,2653,718,1032,483,420
E02005885,3577,1081,1297,556,643
E02005886,4231,982,1591,809,849
E02005887,4048,1452,1318,671,607
E02005888,3726,1453,1120,575,578
E02005889,4406,1268,1598,786,754
E02005890,2790,628,1114,513,535
E02005891,2839,1104,861,400,474
E02005892,5021,1258,2071,843,849
E02005893,4277,1270,1516,695,796
E02005894,4095,1064,1559,680,792
E02005895,3356,755,1478,504,619
E02005896,3156,828,1342,445,541
E02005897,3652,894,1447,555,756
E02005898,4555,1278,1614,830,833
E02005899,4955,1881,1608,727,739
E02005900,3069,910,1231,385,543
E02005901,3827,1157,1364,626,680
E02005902,3602,1189,1252,548,613
E02005903,4303,1221,1674,683,725
E02005904,3466,817,1491,503,655
E02005905,2460,578,987,374,521
E02005906,2615,618,1112,381,504
E02005907,3889,1066,1463,572,788
E02005908,3840,1078,1528,528,706
E02005909,3229,846,1022,532,829
E02005910,3821,1466,1058,480,817
E02005911,3501,915,1233,546,807
E02005912,3627,1048,1200,535,844
E02005913,2764,759,937,380,688
E02005914,2928,742,1053,537,596
E02005915,2397,575,994,367,461
E02005916,3146,920,1205,493,528
E02005917,2378,497,1078,335,468
E02005918,2260,658,891,317,394
E02005919,2425,588,952,400,485
E02005920,3015,688,1230,486,611
E02002905,2650,669,1211,322,448
E02002906,2497,790,883,374,450
E02002907,2687,931,971,381,404
E02002908,3635,908,1589,485,653
E02002909,4444,1253,1781,645,765
E02002910,3420,991,1411,446,572
E02002911,3790,957,1479,548,806
E02002912,2763,572,1113,474,604
E02002913,2399,642,1045,330,382
E02002914,4010,1308,1444,569,689
E02002915,2832,835,1052,423,522
E02002916,4424,1761,1341,659,663
E02002917,3032,1000,1039,431,562
E02002918,2422,607,905,385,525
E02002919,3855,1136,1251,658,810
E02002920,2741,716,1043,446,536
E02002921,3176,858,1057,586,675
E02002922,2601,657,1072,369,503
E02002923,4315,1404,1642,537,732
E02002924,2573,697,1008,375,493
E02002925,4433,1072,1732,696,933
E02002926,4784,1621,1761,634,768
E02002927,4836,1155,2138,678,865
E02006008,3316,975,1279,532,530
E02006009,2717,700,1051,439,527
E02006010,4799,1270,1952,746,831
E02006011,2683,875,1017,337,454
E02006012,2818,957,1081,374,406
E02006013,3195,737,1365,484,609
E02006014,3832,933,1626,570,703
E02006015,4282,1355,1519,669,739
E02006016,3019,662,1249,478,630
E02006017,3098,879,1175,481,563
E02006018,5144,1575,1899,761,909
E02006019,2626,871,974,374,407
E02006020,2422,484,899,434,605
E02006021,3015,605,1195,480,735
E02006022,2275,483,926,375,491
E02006023,3829,1000,1465,603,761
E02006024,4098,1233,1416,644,805
E02006025,4205,1586,1420,598,601
E02006026,2785,642,1107,435,601
E02006027,2188,480,942,343,423
E02006028,3661,878,1417,555,811
E02006029,3316,871,1114,582,749
E02006030,2904,721,1052,503,628
E02006031,3471,1335,1166,499,471
E02006032,3695,1062,1178,666,789
E02006033,3889,1771,1266,405,447
E02006034,3746,1242,1307,525,672
E02006035,2553,779,1000,356,418
E02006036,2969,1172,1030,373,394
E02006037,3999,1144,1416,623,816
E02006038,3223,832,1289,483,619
E02006039,3239,845,1294,448,652
E02006040,2981,749,1206,424,602
E02006041,2472,705,954,341,472
E02006042,2647,797,1168,293,389
E02006043,2946,767,1240,420,519
E02006044,2750,783,1195,325,447
E02006045,5173,1886,1979,594,714
E02006046,3694,899,1549,511,735
E02002951,3204,852,1162,572,618
E02002952,2837,835,968,479,555
E02002953,3090,901,1063,519,607
E02002954,3619,1128,1269,613,609
E02002955,3012,1088,903,448,573
E02002956,3855,1153,1262,682,758
E02002957,4274,1170,1697,705,702
E02002958,3568,1171,1208,610,579
E02002959,3665,1414,1114,485,652
E02002960,2459,662,832,463,502
E02002961,2857,1106,821,416,514
E02002962,3004,980,955,524,545
E02002963,3559,1519,1065,488,487
E02002964,3846,1224,1417,604,601
E02002965,2719,1039,651,369,660
E02002966,3900,1731,1017,496,656
E02002967,4212,1464,1256,729,763
E02002968,3980,1347,1345,603,685
E02002969,4125,1642,1307,619,557
E02002970,3861,1489,1271,587,514
E02002971,2262,632,825,418,387
E02002972,2844,1021,927,443,453
E02002973,3496,1176,1097,572,651
E02002974,2415,633,1044,339,399
E02002975,3136,707,1192,603,634
E02002976,2420,612,844,428,536
E02002977,2814,1140,941,362,371
E02002978,2793,976,861,449,507
E02002979,2075,641,574,315,545
E02002980,2692,764,1073,439,416
E02002981,3238,862,1003,578,795
E02002982,3194,1310,867,435,582
E02002983,2269,487,857,444,481
E02002984,2281,481,943,422,435
E02002928,2365,558,837,414,556
E02002929,2135,410,867,394,464
E02002930,2388,711,914,359,404
E02002931,2472,484,927,460,601
E02002932,3417,907,1135,599,776
E02002933,3382,854,1237,607,684
E02002934,2365,578,793,434,560
E02002935,2724,649,1070,431,574
E02002936,3174,711,969,596,898
E02002937,4095,979,1610,635,871
E02002938,2631,759,867,402,603
E02002939,2893,959,1082,425,427
E02002940,2693,828,996,430,439
E02002941,4063,1125,1488,713,737
E02002942,2267,350,813,417,687
E02002943,3528,680,1203,714,931
E02002944,3189,953,1013,553,670
E02002945,3588,812,1189,694,893
E02002946,3407,963,1236,602,606
E02002947,2671,608,924,491,648
E02002948,2475,474,812,477,712
E02002949,2429,846,854,360,369
E02002950,2257,595,855,372,435
E02006118,3032,634,1276,523,599
E02006119,3481,1092,1110,582,697
E02006120,3698,928,1386,657,727
E02006121,2293,566,848,416,463
E02006122,2839,816,1056,483,484
E02006123,2616,597,895,492,632
E02006124,2992,852,989,507,644
E02006125,3248,1023,1148,529,548
E02006126,3372,843,1182,615,732
E02006127,2797,477,922,625,773
E02006128,3745,1094,1497,544,610
E02006129,3461,1264,1086,551,560
E02006130,3090,754,1152,571,613
E02006131,3152,764,1234,530,624
E02006132,2535,658,923,405,549
E02006133,2942,964,966,446,566
E02006134,3951,1050,1594,579,728
E02006135,3285,836,1222,561,666
E02006136,3208,755,1351,476,626
E02006137,3673,1132,1204,629,708
E02006138,2502,775,756,439,532
E02006139,2931,1040,864,431,596
E02006140,3430,927,1249,530,724
E02006141,4377,1625,1224,692,836
E02006142,2211,524,832,411,444
E02006143,3033,811,1122,512,588
E02006144,3636,1344,1168,551,573
E02006145,2385,618,943,369,455
E02006146,2896,655,1185,510,546
E02006147,3000,604,1199,487,710
E02006148,2945,549,1284,526,586
E02006149,4590,1593,1494,654,849
E02006150,4902,1198,2023,772,909
E02006151,3693,989,1376,631,697
E02006152,4268,1136,1621,646,865
E02006153,2767,531,1167,462,607
E02006154,4115,903,1759,714,739
E02006155,2315,608,769,443,495
E02006156,3046,615,1296,459,676
E02006157,2687,643,1061,450,533
E02006158,3543,819,1373,662,689
E02006159,2480,745,855,436,444
E02006160,3588,1087,1271,608,622
E02006161,2783,562,1102,501,618
E02006162,3678,1087,1358,592,641
E02006163,3226,914,1027,566,719
E02006164,3179,1011,1036,565,567
E02006165,3448,1282,1125,530,511
E02006166,3103,865,1189,513,536
E02006167,3942,1433,1211,647,651
E02006168,4189,1906,1257,486,540
E02006169,2167,744,695,361,367
E02006170,2236,659,860,319,398
E02006171,4000,1330,1363,623,684
E02006172,4171,1177,1581,701,712
E02006173,2841,615,1209,454,563
E02006174,4264,998,1702,669,895
E02006175,2641,607,926,543,565
E02006176,3146,821,1305,450,570
E02006177,3968,866,1546,679,877
E02006178,3198,763,1183,572,680
E02006179,2787,715,1098,439,535
E02006180,2590,604,907,474,605
E02006181,2567,845,915,367,440
E02006182,2751,668,1093,420,570
E02006183,3090,750,1174,540,626
E02006184,2274,655,745,386,488
E02006185,3113,957,1126,438,592
E02006186,4995,1194,1971,780,1050
E02006187,3074,796,1290,456,532
E02006188,2521,652,1030,387,452
E02006189,3086,843,1275,453,515
E02006190,4676,1693,1551,693,739
E02006191,3268,725,1306,564,673
E02006192,3388,924,1352,525,587
E02006193,2780,702,1153,427,498
E02006194,3222,921,1130,551,620
E02006195,3543,840,1528,557,618
E02006196,2856,1131,738,423,564
E02006197,4233,1957,1301,517,458
E02006198,3111,733,1236,510,632
E02006199,3359,793,1389,541,636
E02006200,3546,1196,1159,578,613
E02006201,5006,1074,2033,825,1074
E02006202,3641,889,1504,546,702
E02006203,3467,1163,1142,541,621
E02006204,3127,909,1176,479,563
E02006205,3058,742,1335,488,493
E02006206,3424,991,1090,612,731
E02006207,2785,731,1206,432,416
E02006208,3911,1588,1273,498,552
E02006209,4594,1253,1753,697,891
E02006210,2377,687,935,322,433
E02006211,2708,642,1120,435,511
E02006212,3307,819,1377,528,583
E02006213,2844,887,1065,379,513
E02006214,2685,825,995,416,449
E02006215,3382,871,1365,593,553
E02006216,3570,802,1411,618,739
E02006217,3649,862,1489,644,654
E02006218,3877,1616,1299,464,498
E02006219,3101,733,1052,562,754
E02006220,3167,860,1181,560,566
E02006221,2540,658,916,421,545
E02006222,2716,684,922,499,611
E02006223,2756,740,792,517,707
E02006224,2946,576,1054,571,745
E02006225,3013,657,1157,580,619
E02006226,3852,860,1365,773,854
E02006468,4174,899,1616,725,934
E02006469,3507,860,1275,595,777
E02006470,4824,1480,1731,818,795
E02006471,2864,636,1183,470,575
E02006472,3703,998,1330,632,743
E02006473,4275,1302,1492,693,788
E02006474,2465,601,954,405,505
E02006475,3080,858,1135,475,612
E02006476,3075,901,1038,556,580
E02006477,2733,560,1073,471,629
E02006478,3176,633,1092,697,754
E02006479,3982,1600,1127,587,668
E02006480,3184,964,1044,567,609
E02006481,2885,812,989,512,572
E02006482,2797,726,1020,511,540
E02006483,3235,1072,976,491,696
E02006484,3292,1025,1120,533,614
E02006485,2807,560,1180,495,572
E02006486,2966,825,1028,522,591
E02006487,2985,1022,1019,452,492
E02006488,2794,823,1175,372,424
E02006489,3341,945,1086,637,673
E02006490,3074,793,1095,587,599
E02006806,3305,971,1129,537,668
E02006492,4405,1085,1679,732,909
E02006493,3671,875,1314,711,771
E02006494,3075,1221,921,449,484
E02006495,3195,774,1276,508,637
E02006496,3033,1009,956,554,514
E02006497,3388,1122,1100,559,607
E02006498,4435,989,1512,838,1096
E02006499,2463,624,926,388,525
E02006500,2358,818,854,307,379
E02006501,3895,1141,1460,556,738
E02006502,4648,1328,1843,674,803
E02006503,3309,798,1454,451,606
E02006504,2287,452,1035,326,474
E02006505,3044,973,1228,367,476
E02006506,2513,690,978,368,477
E02006507,3759,1019,1339,610,791
E02006508,3920,922,1575,641,782
E02006509,2752,922,984,416,430
E02006510,2606,669,1103,338,496
E02006511,3815,971,1530,591,723
E02006512,5000,1740,1811,705,744
E02006513,3168,882,1193,462,631
E02006514,4226,1580,1502,580,564
E02006515,3769,932,1445,613,779
E02006516,3740,954,1484,568,734
E02006517,3088,776,1241,454,617
E02006518,4241,1322,1691,586,642
E02006519,3487,1191,1310,424,562
E02006520,3658,1049,1366,552,691
E02006521,3236,976,1201,449,610
E02006522,2327,595,959,337,436
E02006523,4228,1127,1625,669,807
E02006524,2442,801,820,384,437
E02006525,5845,2186,2023,696,940
E02006526,3630,1077,1321,599,633
E02006527,4115,1524,1434,508,649
E02006528,4693,1680,1499,579,935
E02006529,5238,1890,1798,748,802
E02006530,4480,1420,1528,613,919
E02006531,3865,1277,1037,582,969
E02006532,3587,834,1384,606,763
E02006533,3848,973,1341,660,874
E02001827,2578,730,936,410,502
E02001828,3141,1098,1131,342,570
E02001829,3446,766,1280,511,889
E02001830,3954,1058,1542,563,791
E02001831,4399,1448,1368,694,889
E02001832,3437,952,1219,539,727
E02001833,2288,530,801,396,561
E02001834,2480,706,764,459,551
E02001835,3496,1180,1112,483,721
E02001836,3672,924,1268,623,857
E02001837,4098,1240,1090,721,1047
E02001838,3082,768,1069,523,722
E02001839,2810,959,876,455,520
E02001840,3586,1261,962,567,796
E02001841,2414,527,1004,363,520
E02001842,3024,747,957,612,708
E02001843,2713,784,915,479,535
E02001844,4459,1713,1459,571,716
E02001845,2575,679,862,490,544
E02001846,3359,1199,928,571,661
E02001847,2399,680,916,371,432
E02001848,2545,748,772,473,552
E02001849,3211,1330,911,478,492
E02001850,3059,813,863,541,842
E02001851,3705,1255,1189,560,701
E02001852,2687,895,759,439,594
E02001854,3252,1061,957,562,672
E02001855,4247,1470,1272,679,826
E02001856,3451,1157,981,541,772
E02001857,5340,2139,1344,793,1064
E02001858,3126,1235,681,426,784
E02001859,2722,580,497,407,1238
E02001860,2852,740,653,529,930
E02001861,3160,927,586,443,1204
E02001862,3337,857,728,599,1153
E02001863,2350,627,459,285,979
E02001864,2248,805,546,365,532
E02001865,3324,802,690,478,1354
E02001866,2576,774,452,277,1073
E02001867,2076,595,351,283,847
E02001868,2637,541,668,378,1050
E02001869,2433,913,573,377,570
E02001870,3575,850,787,515,1423
E02001871,3543,1421,1029,536,557
E02001872,3128,1095,949,521,563
E02001873,3949,1237,1008,669,1035
E02001874,2737,718,478,367,1174
E02001875,3264,1224,852,425,763
E02001876,3136,1345,735,411,645
E02001877,2867,621,488,358,1400
E02001878,2707,726,491,417,1073
E02001879,3155,891,707,486,1071
E02001880,3479,909,923,681,966
E02001881,2943,789,597,413,1144
E02001882,3144,1142,801,412,789
E02001883,3615,1360,1056,533,666
E02001884,2447,419,444,381,1203
E02001886,3231,1097,749,498,887
E02001888,2400,728,633,430,609
E02001889,2276,444,428,330,1074
E02001890,4450,2015,1226,522,687
E02001892,3534,1011,782,568,1173
E02001893,3168,1016,908,475,769
E02001895,3259,1097,1001,527,634
E02001896,2422,517,378,284,1243
E02001897,2818,1136,568,323,791
E02001898,2664,763,870,437,594
E02001899,3216,1019,1027,455,715
E02001900,2625,1046,669,360,550
E02001901,3677,1397,1248,473,559
E02001902,2487,735,750,455,547
E02001903,2016,422,302,293,999
E02001904,2618,826,700,421,671
E02001905,2578,913,812,357,496
E02001906,3798,964,1355,665,814
E02001907,4115,1249,1410,685,771
E02001908,2178,354,337,282,1205
E02001909,2298,582,414,301,1001
E02001910,2330,778,477,259,816
E02001911,3317,1097,974,571,675
E02001913,3289,1394,860,482,553
E02001914,2195,585,574,294,742
E02001915,4852,1805,1362,687,998
E02001916,3085,854,832,492,907
E02001918,4081,1984,1016,430,651
E02001919,2624,1127,660,252,585
E02001920,3256,1124,978,527,627
E02001921,3283,1028,1035,552,668
E02001922,2994,433,451,415,1695
E02001923,3380,930,736,486,1228
E02001924,2396,708,614,363,711
E02001925,2812,964,851,429,568
E02001926,2829,890,881,466,592
E02001927,3205,1064,949,516,676
E02001928,3003,1022,925,510,546
E02001929,3690,1091,986,630,983
E02001930,3203,992,993,521,697
E02001931,3067,939,886,451,791
E02001932,2853,968,841,509,535
E02001933,3119,998,957,473,691
E02001934,2297,482,675,356,784
E02001935,3238,923,1088,554,673
E02001936,2570,711,815,423,621
E02001937,3249,1124,909,522,694
E02001938,3286,1078,1037,554,617
E02001939,2882,1242,888,364,388
E02001941,2519,795,783,407,534
E02001942,2971,1067,917,442,545
E02001943,2593,744,826,451,572
E02001944,3411,1061,1090,560,700
E02001945,3098,911,890,566,731
E02001946,3193,927,1075,502,689
E02001947,2869,1248,761,421,439
E02001948,3073,896,995,540,642
E02001949,2483,824,794,397,468
E02001950,3608,1063,1275,604,666
E02001951,3573,1264,1068,597,644
E02001952,4055,1602,1124,666,663
E02001953,2963,873,1062,426,602
E02001954,3400,1243,985,554,618
E02001955,2738,909,857,452,520
E02001956,2684,807,851,483,543
E02001957,3283,884,1116,619,664
E02006807,3013,743,948,492,830
E02006809,3083,624,678,492,1289
E02006895,3179,1459,1024,376,320
E02006896,3102,1678,1024,245,155
E02006897,3150,1691,799,361,299
E02006898,3371,1605,1161,351,254
E02006899,3433,1882,1250,247,54
E02006900,4067,908,703,552,1904
E02006901,4174,866,829,611,1868
E02001958,3268,1138,1027,497,606
E02001959,2378,573,794,409,602
E02001961,3277,1173,981,516,607
E02001962,2215,559,624,410,622
E02001963,2441,707,777,422,535
E02001964,3282,1062,937,542,741
E02001965,3309,879,1161,596,673
E02001966,2228,553,504,350,821
E02001967,2648,744,1017,388,499
E02001968,2693,651,789,510,743
E02001969,2677,890,788,430,569
E02001970,2474,852,893,333,396
E02001971,2401,687,764,412,538
E02001972,3644,1120,874,593,1057
E02001973,3414,1138,987,571,718
E02001974,3906,1081,1321,676,828
E02001975,2974,679,907,593,795
E02001976,3126,1097,956,484,589
E02001977,4097,1752,1123,572,650
E02001978,2538,692,759,449,638
E02001979,2465,705,954,354,452
E02001980,2568,667,1032,402,467
E02001981,4334,1532,1087,671,1044
E02001982,3068,859,1187,474,548
E02001983,3268,1058,1052,541,617
E02001984,3515,964,1133,582,836
E02001985,3071,982,825,619,645
E02001986,3587,1413,1182,485,507
E02001987,2609,921,887,361,440
E02001988,3562,1751,1008,400,403
E02001989,2296,596,776,462,462
E02001990,3661,826,1315,675,845
E02001991,3732,1219,1312,531,670
E02001992,3879,1072,1285,695,827
E02001993,2937,887,886,504,660
E02001994,3398,1034,1108,531,725
E02001995,3090,1212,1039,443,396
E02001996,3262,1482,844,437,499
E02001997,3464,952,1191,510,811
E02001998,2381,615,797,390,579
E02001999,2258,515,786,348,609
E02006805,3197,859,969,565,804
E02002000,3218,889,1082,594,653
E02002001,2509,768,798,423,520
E02002002,2982,691,1256,483,552
E02002003,3766,1056,1282,622,806
E02002004,2979,738,1001,574,666
E02002005,3024,667,985,592,780
E02002006,2826,905,979,431,511
E02002007,3796,1015,1484,661,636
E02002008,3066,575,1017,604,870
E02002009,2550,711,728,467,644
E02002010,3223,1400,843,419,561
E02002011,2457,610,956,423,468
E02002012,3278,1121,976,504,677
E02002013,2783,699,1095,437,552
E02002014,2643,736,815,468,624
E02002015,2429,565,913,441,510
E02002016,3132,866,996,568,702
E02002017,3550,1211,1151,542,646
E02002018,3707,832,1489,602,784
E02002019,3102,829,978,529,766
E02002020,3980,1032,1537,669,742
E02002021,3400,1378,1020,507,495
E02002022,3418,954,1142,589,733
E02002023,2221,494,900,398,429
E02002024,3434,847,1202,614,771
E02002025,3319,1030,1077,516,696
E02002026,2800,601,1012,553,634
E02002027,2223,474,777,435,537
E02002028,2587,786,985,381,435
E02002029,2468,677,889,401,501
E02002030,2690,801,957,454,478
E02002031,2339,645,773,387,534
E02002032,4050,1120,1382,723,825
E02002033,3190,918,1180,483,609
E02002034,3724,1386,1207,533,598
E02002035,2490,655,851,425,559
E02002036,2773,996,792,433,552
E02002037,2507,712,886,428,481
E02002038,4231,1455,1432,667,677
E02002039,2562,772,960,373,457
E02002040,2510,635,1015,371,489
E02002041,2570,576,1085,445,464
E02002042,3361,824,1290,577,670
E02002043,3165,802,917,615,831
E02002044,2834,731,785,557,761
E02002045,3201,923,1025,566,687
E02002046,2031,445,568,399,619
E02002047,2787,940,950,414,483
E02002048,2635,748,916,387,584
E02002049,2365,569,799,445,552
E02002051,2041,472,606,407,556
E02002052,4082,1108,1204,761,1009
E02002053,2477,759,781,408,529
E02002054,2274,610,777,395,492
E02002055,3519,933,1088,609,889
E02002056,3532,1083,1070,609,770
E02002057,3655,1257,997,568,833
E02002058,4622,1418,1302,795,1107
E02002059,4244,1502,1071,700,971
E02002060,2369,729,622,391,627
E02002061,2052,616,514,321,601
E02002062,2952,1182,726,376,668
E02002063,3583,1034,1067,646,836
E02002064,4656,1156,1447,941,1112
E02002065,3774,865,819,571,1519
E02002066,2784,858,776,459,691
E02002067,2190,527,771,419,473
E02002068,4097,1195,876,702,1324
E02002069,2917,1044,912,460,501
E02002070,3487,1268,753,545,921
E02002071,2610,688,853,479,590
E02002072,3415,1081,1055,532,747
E02002073,2867,810,777,503,777
E02002074,3109,819,957,538,795
E02002075,3593,1141,1142,592,718
E02002076,4479,1428,1467,832,752
E02002077,4282,1418,1349,678,837
E02002078,2483,627,874,414,568
E02002079,3375,1092,1050,553,680
E02002080,2783,841,907,479,556
E02006810,4177,1216,1428,690,843
E02002081,2369,735,839,399,396
E02002082,2441,793,688,427,533
E02002083,2339,535,847,408,549
E02002084,2614,813,850,448,503
E02002085,2593,771,793,491,538
E02002086,2462,970,728,356,408
E02002087,2684,989,762,436,497
E02002088,4116,1430,1287,633,766
E02002089,3084,788,1098,548,650
E02002090,2302,575,760,419,548
E02002091,3160,993,1069,483,615
E02002092,3058,1046,904,487,621
E02002093,2836,1019,906,388,523
E02002094,2380,656,799,362,563
E02002095,3613,1076,1233,566,738
E02002096,4165,1229,1444,626,866
E02002097,2860,853,1090,404,513
E02002098,3808,1129,1178,541,960
E02002099,2687,741,976,389,581
E02002101,2645,929,898,380,438
E02002102,3474,988,1174,513,799
E02002103,2575,720,932,426,497
E02002104,2399,526,820,425,628
E02002105,3101,679,1190,485,747
E02002106,3888,1083,1450,559,796
E02002107,2269,512,827,387,543
E02002108,3867,887,1380,610,990
E02002109,3874,1035,1355,644,840
E02006808,2393,602,760,428,603
E02002110,2689,643,935,530,581
E02002111,2484,743,858,393,490
E02002112,2219,527,817,406,469
E02002113,2683,740,936,499,508
E02002114,2642,753,1036,426,427
E02002115,2835,894,981,407,553
E02002116,2849,753,1095,435,566
E02002117,2682,892,937,373,480
E02002118,3019,916,986,491,626
E02002119,2451,598,923,420,510
E02002120,2386,473,834,462,617
E02002121,2401,680,748,412,561
E02002122,2006,477,577,386,566
E02002123,2694,749,943,494,508
E02002124,3161,1134,1085,460,482
E02002125,2552,774,890,447,441
E02002126,2656,852,767,497,540
E02002127,3087,908,853,474,852
E02002128,2386,684,878,397,427
E02002129,2451,642,890,444,475
E02002130,2540,667,813,439,621
E02002131,3182,747,1232,466,737
E02002132,2559,668,851,489,551
E02002133,3041,1287,912,329,513
E02002134,3308,934,1057,556,761
E02002135,2585,777,701,338,769
E02002136,3093,932,956,540,665
E02002137,2652,709,1029,372,542
E02002138,2313,652,681,327,653
E02002139,3905,1709,979,460,757
E02002140,2936,862,756,455,863
E02002141,2666,594,993,456,623
E02002142,2443,673,661,425,684
E02002143,3150,769,709,445,1227
E02002144,2498,553,903,365,677
E02002145,2741,833,811,433,664
E02002146,2257,567,593,374,723
E02002147,3081,834,961,539,747
E02002148,4539,1172,1641,749,977
E02002149,4268,1256,1504,720,788
E02002150,2259,612,704,426,517
E02002151,2548,897,757,426,468
E02002152,2337,575,706,438,618
E02002153,3384,1101,1198,543,542
E02002154,2270,729,648,379,514
E02002155,2129,478,590,446,615
E02002156,3409,1014,1044,572,779
E02002157,3170,874,1075,555,666
E02002158,3437,1178,1198,477,584
E02002159,2215,557,600,420,638
E02002160,2762,736,887,485,654
E02002161,2426,747,653,381,645
E02002162,3275,1037,1232,459,547
E02002163,5059,2057,1321,776,905
E02002164,2361,900,483,347,631
E02002165,3611,1697,959,397,558
E02002166,3839,1347,1103,603,786
E02002167,2977,996,1097,375,509
E02002168,4422,2032,1107,507,776
E02002169,3531,1049,1197,560,725
E02002170,2461,670,761,438,592
E02002171,3059,958,943,545,613
E02002174,2975,864,895,484,732
E02002175,2901,958,863,466,614
E02002176,3338,1115,1052,523,648
E02002177,3821,1358,1073,611,779
E02002178,2722,609,747,465,901
E02002179,2580,713,887,393,587
E02002180,2666,791,906,411,558
E02002181,2979,955,959,456,609
E02002182,2515,682,747,418,668
E02006894,4471,1334,1157,722,1258
E02006696,2504,637,888,350,629
E02006697,3030,835,1166,449,580
E02006698,2674,633,1021,475,545
E02006699,2569,680,1033,392,464
E02006700,2308,546,949,336,477
E02006701,2383,515,935,410,523
E02006702,2427,647,881,431,468
E02006703,2891,641,1142,458,650
E02006704,2717,714,1085,389,529
E02006705,2819,803,1003,466,547
E02006706,3062,1212,1054,374,422
E02006707,2638,483,1002,475,678
E02006708,3418,1005,1133,586,694
E02006709,2850,690,1130,471,559
E02006710,3402,923,1436,495,548
E02006711,3235,791,1376,426,642
E02006712,2842,606,1235,448,553
E02006713,2881,1062,1024,372,423
E02006714,2293,637,965,315,376
E02006715,3455,1003,1265,515,672
E02006716,2740,897,845,451,547
E02006717,2426,582,1089,352,403
E02006718,2730,953,1045,332,400
E02006719,3229,1188,1292,365,384
E02006720,2979,913,1182,414,470
E02006721,2401,512,1074,392,423
E02006722,2312,710,753,394,455
E02006723,3441,989,1204,557,691
E02006724,2742,864,813,410,655
E02006725,2411,675,863,415,458
E02006726,2594,734,889,403,568
E02006727,2475,554,994,418,509
E02006728,2961,829,1079,466,587
E02006729,2831,601,1045,515,670
E02006730,2391,579,781,432,599
E02006731,2597,814,932,427,424
E02006732,3007,737,1143,494,633
E02006733,2559,684,980,386,509
E02006734,3494,966,1352,540,636
E02006735,2379,886,739,406,348
E02006736,2829,744,1003,509,573
E02006737,3464,1078,1283,519,584
E02006738,3649,1053,1178,615,803
E02006739,2106,598,761,303,444
E02006740,3554,1681,1120,403,350
E02006741,2151,393,781,422,555
E02006742,3544,1168,1103,501,772
E02006743,2579,683,830,435,631
E02006744,3262,1425,971,347,519
E02006745,3252,812,1251,541,648
E02006746,3297,984,1303,460,550
E02006747,2482,664,908,421,489
E02006748,2765,634,1186,448,497
E02006749,2185,567,766,368,484
E02006750,2587,981,938,308,360
E02006751,2561,774,927,391,469
E02006752,2730,577,1096,459,598
E02006753,2595,583,1065,426,521
E02006754,2243,453,983,340,467
E02006755,2212,449,1013,311,439
E02006756,2085,411,813,351,510
E02006757,2854,654,1281,409,510
E02006758,2134,477,871,337,449
E02006759,3285,1122,1271,410,482
E02006760,3293,746,1412,502,633
E02006761,2776,1096,881,412,387
E02006762,2422,633,946,379,464
E02006763,2619,603,997,452,567
E02006764,2210,568,764,397,481
E02006765,2696,816,1164,331,385
E02006766,3214,742,1437,465,570
E02006767,3804,1083,1546,538,637
E02006768,2910,755,1158,478,519
E02006769,3047,863,1114,514,556
E02006770,3196,1170,1013,465,548
E02006771,2933,852,1200,443,438
E02006772,2815,869,1039,439,468
E02006773,3790,1252,1446,546,546
E02006774,3347,1036,1244,539,528
E02006775,2070,639,597,345,489
E02006776,2817,720,1096,499,502
E02006777,3248,949,1384,455,460
E02006778,2894,770,1120,456,548
E02006779,3497,1156,1277,503,561
E02006780,2617,776,1055,395,391
E02003616,2275,479,945,369,482
E02003617,3714,959,1426,564,765
E02003618,3521,908,1229,627,757
E02003619,4057,891,1646,700,820
E02003620,3497,991,1270,589,647
E02003621,3304,779,1299,525,701
E02003622,3762,1094,1191,676,801
E02003623,3285,748,1266,532,739
E02003624,2346,1047,689,241,369
E02003625,3737,1749,987,476,525
E02003626,2259,640,767,387,465
E02003627,4080,1694,1174,579,633
E02003628,2801,640,696,517,948
E02003629,3940,1270,1168,689,813
E02003630,3681,1072,989,637,983
E02003631,2180,589,733,363,495
E02003632,2491,726,789,437,539
E02003633,2982,743,880,566,793
E02003634,3747,838,1365,709,835
E02003635,2153,539,755,351,508
E02003599,2236,542,779,368,547
E02003600,2556,718,926,427,485
E02003601,3029,783,1163,464,619
E02003602,2444,568,1018,359,499
E02003603,4186,1320,1405,682,779
E02003604,2729,614,969,476,670
E02003605,3066,701,1105,535,725
E02003606,3068,701,1180,482,705
E02003607,3499,909,1227,644,719
E02003608,4562,1172,1701,789,900
E02003609,4001,1029,1392,676,904
E02003610,2966,818,1012,465,671
E02003611,3353,784,1232,606,731
E02003612,3978,945,1480,751,802
E02003613,2387,637,791,425,534
E02003614,3020,720,1084,596,620
E02003615,3451,689,1344,613,805
E02003636,2974,723,1054,552,645
E02003637,3878,953,1470,670,785
E02003638,2933,599,1140,512,682
E02003639,3948,1438,1252,644,614
E02003640,2621,752,1008,413,448
E02003641,2233,539,798,390,506
E02003642,3325,828,1004,585,908
E02003643,3946,875,1412,778,881
E02003644,3473,954,1178,615,726
E02003645,2648,611,930,471,636
E02003646,3557,926,1179,648,804
E02003647,3862,1380,1235,583,664
E02003648,2206,674,704,393,435
E02003649,2786,687,981,480,638
E02003650,2914,735,1249,446,484
E02003651,2564,706,997,419,442
E02003258,3462,914,1220,560,768
E02003259,2542,601,892,460,589
E02003260,3194,964,834,511,885
E02003261,2470,748,819,374,529
E02003262,3872,1150,1184,645,893
E02003263,4325,1114,1248,749,1214
E02003264,3226,586,1010,610,1020
E02003265,3458,953,1186,617,702
E02003266,3618,1108,970,613,927
E02003267,3584,630,643,527,1784
E02003268,3487,764,830,621,1272
E02003269,4040,1204,1245,646,945
E02003270,3137,909,949,525,754
E02003271,3954,1006,1314,723,911
E02003272,2643,415,415,390,1423
E02003273,3789,886,1102,763,1038
E02003274,3128,730,595,479,1324
E02003275,5297,2299,1403,771,824
E02003276,2511,585,474,390,1062
E02003277,3720,1049,957,650,1064
E02003278,4836,1704,1351,789,992
E02003237,2600,656,1028,392,524
E02003238,2466,702,774,474,516
E02003239,3275,760,1325,590,600
E02003240,2480,547,959,424,550
E02003241,2567,677,946,422,522
E02003242,3584,1115,1369,550,550
E02003243,4071,1355,1186,675,855
E02003244,3685,1223,1086,574,802
E02003245,2967,842,826,537,762
E02003246,3094,808,804,515,967
E02003247,3272,1004,1046,545,677
E02003248,3284,791,834,446,1213
E02003249,4368,1383,1368,688,929
E02003250,3835,1369,975,513,978
E02003251,2852,670,1220,368,594
E02003252,4163,1304,1311,672,876
E02003253,3841,1331,1346,588,576
E02003254,3732,942,1556,569,665
E02003255,3777,1042,1369,677,689
E02003257,3532,1151,995,595,791
E02006877,3205,825,1158,534,688
E02006878,3373,755,1024,649,945
E02003279,3982,1069,1489,652,772
E02003280,4205,1276,1482,651,796
E02003281,4173,1346,1597,561,669
E02003282,4208,1301,1429,609,869
E02003283,4279,1219,1407,722,931
E02003284,4646,1391,1451,766,1038
E02003285,4386,1339,1273,750,1024
E02003286,3840,1062,1394,547,837
E02003287,4065,1151,1480,623,811
E02003288,4965,1989,1423,701,852
E02003289,4608,1719,1436,648,805
E02003290,4369,1709,1419,554,687
E02003291,4782,1452,1611,803,916
E02003292,5087,2067,1443,773,804
E02003293,5199,2246,1636,626,691
E02003294,3921,1121,1495,529,776
E02003295,3963,929,1383,671,980
E02003296,2743,529,1042,487,685
E02003297,2895,738,966,506,685
E02003298,2838,699,1017,469,653
E02003299,2370,468,921,410,571
E02003300,3162,793,1138,589,642
E02003301,3827,1099,1156,673,899
E02003302,4082,1372,1048,679,983
E02003303,3126,941,919,502,764
E02003304,3599,943,1063,617,976
E02003305,2319,559,828,392,540
E02003307,3935,1090,1245,666,934
E02003308,2447,527,811,491,618
E02003309,2999,820,963,496,720
E02003310,4783,1408,1452,889,1034
E02003311,3320,944,1022,571,783
E02003312,3466,1106,1061,620,679
E02003313,4921,1290,1327,961,1343
E02006859,2680,494,830,530,826
E02006926,2841,548,775,580,938
E02003719,3918,1339,1195,697,687
E02003720,3886,1355,1169,626,736
E02003721,4038,1347,1335,607,749
E02003722,3729,1328,1205,517,679
E02003723,2082,767,678,284,353
E02003724,4106,1269,1286,700,851
E02003725,3372,1254,1148,431,539
E02003726,3366,1232,1037,477,620
E02003727,3857,1175,1238,645,799
E02003728,3788,1287,1127,543,831
E02003729,3676,1073,1210,655,738
E02003730,3472,1348,1102,493,529
E02003731,3424,1074,1061,486,803
E02003732,3584,948,1292,603,741
E02003733,3414,767,1354,581,712
E02003734,4897,1309,1797,811,980
E02003735,3642,1112,1371,502,657
E02003736,4024,927,1584,611,902
E02003737,4782,1190,1713,843,1036
E02003738,2534,637,939,392,566
E02003739,2631,726,908,415,582
E02003740,2393,563,929,403,498
E02006825,2713,714,1071,416,512
E02003742,2775,730,1242,363,440
E02003743,4066,1109,1386,688,883
E02003744,5517,1849,1819,880,969
E02003745,4050,998,1696,603,753
E02003746,3066,802,1171,465,628
E02003747,4861,1416,1834,763,848
E02003748,3444,1142,1343,474,485
E02003749,2509,588,1027,413,481
E02003750,3068,949,1205,410,504
E02003751,2727,649,1162,395,521
E02003752,4537,1344,1690,683,820
E02003753,4448,1008,1666,798,976
E02003754,2381,544,957,407,473
E02003755,3559,971,1306,566,716
E02003756,2641,633,995,446,567
E02003757,2553,571,994,422,566
E02003758,3775,876,1461,601,837
E02003759,2414,492,964,369,589
E02003760,3081,758,851,573,899
E02003761,2386,572,929,382,503
E02003762,3431,846,1375,491,719
E02003763,4072,994,1564,655,859
E02003764,3929,1138,1321,655,815
E02003765,2938,1021,1034,389,494
E02003766,2879,906,957,410,606
E02003767,2591,539,1057,385,610
E02003768,3974,991,1680,545,758
E02003769,2657,665,1084,378,530
E02003770,3202,662,1339,538,663
E02003771,2785,954,942,402,487
E02003772,2856,699,1145,445,567
E02003773,4334,1144,1564,729,897
E02003774,2447,707,891,414,435
E02003775,2750,628,1006,454,662
E02003776,2658,689,964,392,613
E02003777,2715,631,1047,422,615
E02003778,2290,583,837,375,495
E02003779,2139,537,846,348,408
E02003780,4211,1106,1438,672,995
E02003781,2626,682,980,400,564
E02003783,2772,778,1017,395,582
E02003784,3395,733,1276,528,858
E02003785,3602,1005,1309,520,768
E02003786,2673,800,1019,364,490
E02003787,3019,709,1271,428,611
E02003788,2592,600,1017,404,571
E02003789,2992,759,1145,492,596
E02003790,3831,877,1507,575,872
E02003791,3215,810,1196,513,696
E02003792,3829,984,1446,593,806
E02003793,2871,608,1078,508,677
E02006873,2608,527,760,501,820
E02006874,3172,726,1173,467,806
E02004424,2755,535,1004,501,715
E02004425,3169,976,1090,465,638
E02004426,3284,926,1133,503,722
E02004427,3333,1017,1197,491,628
E02004428,2694,852,977,373,492
E02004429,3111,799,1200,452,660
E02004430,3206,737,1121,553,795
E02004431,3814,1110,1236,668,800
E02004432,2604,614,943,391,656
E02004433,3691,1170,1246,587,688
E02004434,3454,1037,1078,607,732
E02004435,3324,984,1073,534,733
E02004436,3142,987,910,549,696
E02004437,3583,1310,1141,546,586
E02004438,3660,1293,1112,565,690
E02004439,3472,984,990,637,861
E02004440,3354,1028,1097,555,674
E02004441,3209,1063,1031,506,609
E02004442,3350,1078,931,603,738
E02004443,3415,963,1173,577,702
E02004444,3602,845,1288,618,851
E02004445,3520,1172,1123,531,694
E02004446,2749,575,1139,397,638
E02004447,2500,591,1110,348,451
E02004448,2688,711,1080,399,498
E02004449,3831,1341,1308,556,626
E02004450,2548,634,1027,411,476
E02004451,3521,914,1341,506,760
E02004452,3522,776,1252,639,855
E02004453,2969,881,996,481,611
E02004454,4219,1578,1461,613,567
E02004455,2884,522,1060,510,792
E02004456,3809,1167,1258,664,720
E02004457,4041,931,1405,753,952
E02004458,3540,678,1198,669,995
E02004459,4339,1204,1567,666,902
E02004460,3706,996,1336,658,716
E02004461,2258,543,728,420,567
E02004462,4655,1711,1546,690,708
E02004463,3264,784,1275,534,671
E02004464,3742,760,1412,585,985
E02004465,2588,779,940,389,480
E02004466,3314,933,1054,575,752
E02004467,3062,867,1003,521,671
E02004468,4144,956,1499,642,1047
E02004469,2749,662,994,424,669
E02004470,5127,2128,1586,660,753
E02004471,3360,1082,1062,512,704
E02004472,2560,686,908,407,559
E02004473,3088,674,1174,553,687
E02004474,2994,810,1159,454,571
E02004475,2607,571,997,437,602
E02004476,3140,636,1234,509,761
E02004477,2606,672,1140,343,451
E02004478,2864,937,960,435,532
E02004479,3270,836,1227,524,683
E02004480,2709,568,916,516,709
E02004481,3194,1106,1273,364,451
E02004482,3147,733,955,641,818
E02004483,3460,972,1290,541,657
E02004484,3361,1009,1263,453,636
E02004485,2805,627,1085,440,653
E02004486,3336,824,1302,520,690
E02004487,2946,810,1054,464,618
E02004488,3446,921,1224,593,708
E02004489,3480,745,1222,564,949
E02004490,3275,1132,922,533,688
E02004491,2989,717,1101,463,708
E02004492,3910,1169,1247,633,861
E02004493,4209,1225,1454,679,851
E02004494,4664,2084,1570,533,477
E02004495,3421,931,1363,499,628
E02004496,2874,662,1013,481,718
E02004497,3308,893,1277,479,659
E02004498,4209,1306,1435,657,811
E02004499,2698,579,946,490,683
E02004500,3647,783,1430,585,849
E02004501,3006,770,1112,513,611
E02004502,2791,774,1058,401,558
E02004503,3257,788,1142,572,755
E02004504,3343,880,1053,618,792
E02004505,2053,518,819,312,404
E02004506,2696,585,1074,427,610
E02004507,4172,1249,1295,758,870
E02004508,2620,570,1032,440,578
E02004509,4413,1194,1596,758,865
E02004512,4961,2100,1680,614,567
E02004513,4268,1358,1271,734,905
E02004514,2311,655,841,352,463
E02004515,2880,661,1150,439,630
E02004516,4437,1691,1468,672,606
E02004517,3506,1031,1249,530,696
E02004518,2583,750,833,438,562
E02004519,3076,795,1167,462,652
E02004520,3163,748,924,639,852
E02004521,3904,1304,1317,619,664
E02004522,3457,1059,1269,495,634
E02004523,3634,1000,1244,649,741
E02004524,3231,619,1349,528,735
E02004525,3293,912,1326,429,626
E02004526,3300,1014,1399,379,508
E02006922,5729,1554,2147,929,1099
E02004527,3667,1063,1306,565,733
E02004528,3242,759,1225,522,736
E02004529,2582,568,963,431,620
E02004530,2626,719,926,441,540
E02004531,2663,762,948,461,492
E02004532,2764,876,1026,412,450
E02004533,2999,987,882,516,614
E02004534,3678,1111,1175,648,744
E02004535,2493,1044,803,269,377
E02004536,2520,743,860,359,558
E02004537,3805,1416,1045,614,730
E02004538,3515,866,1166,580,903
E02004539,3188,938,985,586,679
E02004540,2457,679,814,427,537
E02004541,4894,1582,1608,736,968
E02004542,2396,538,807,393,658
E02004543,2502,634,779,446,643
E02004544,3012,917,1071,446,578
E02004545,3025,945,975,476,629
E02004546,3260,1143,975,529,613
E02004547,3369,1049,1059,585,676
E02004548,3513,808,1148,700,857
E02004549,3244,1002,1064,525,653
E02004550,3331,1151,1012,558,610
E02004551,3180,1057,1043,500,580
E02004552,2748,840,907,443,558
E02004553,2949,790,972,537,650
E02004554,2989,897,942,509,641
E02004555,2503,639,1010,348,506
E02004556,2912,593,1253,451,615
E02004557,3365,920,1171,565,709
E02004558,3059,1195,1046,404,414
E02004559,3147,744,1143,537,723
E02004560,3383,852,1263,544,724
E02004561,3929,813,1538,613,965
E02004562,3519,1167,1307,479,566
E02004563,2786,701,1162,406,517
E02004564,3122,669,1154,511,788
E02004565,5929,1329,2226,917,1457
E02004566,2379,701,816,386,476
E02004567,3133,651,1241,450,791
E02004568,3372,789,1166,572,845
E02004569,3133,944,1107,480,602
E02004570,3591,990,1266,529,806
E02004571,3141,657,1219,541,724
E02004572,2978,681,1068,496,733
E02004573,2873,1207,847,428,391
E02004574,3127,939,1106,483,599
E02004575,4812,1439,1816,687,870
E02004576,3736,922,1548,600,666
E02004577,2082,479,816,359,428
E02004578,3423,1317,1351,352,403
E02004579,2992,852,1223,402,515
E02004580,5535,1854,2367,617,697
E02004581,3101,753,1325,471,552
E02004582,3188,1037,1367,379,405
E02004583,3703,1220,1364,508,611
E02004584,3205,1071,1517,309,308
E02004585,3312,993,1218,500,601
E02004586,3631,1274,1326,466,565
E02004587,3338,1077,1144,491,626
E02004588,3019,1482,795,339,403
E02004589,3141,985,1128,466,562
E02004590,3887,1644,1494,386,363
E02004591,2705,639,974,424,668
E02004592,5158,1594,1772,764,1028
E02004593,3190,638,1248,525,779
E02004594,2933,628,1100,452,753
E02004595,4711,985,1826,842,1058
E02004596,2959,615,1088,513,743
E02004597,3075,938,1000,480,657
E02004598,3825,757,1424,639,1005
E02004599,2760,578,977,417,788
E02004843,2648,451,924,534,739
E02004844,2767,663,859,499,746
E02004845,3367,1279,1061,492,535
E02004846,2398,525,843,363,667
E02004847,4040,1138,1314,750,838
E02004848,2673,537,863,497,776
E02004849,2486,447,811,459,769
E02004850,3064,872,981,513,698
E02004851,2315,633,719,416,547
E02004852,3144,896,1006,551,691
E02004853,2576,725,799,466,586
E02004854,3017,816,1034,489,678
E02004855,3163,1088,890,522,663
E02004856,2247,615,817,333,482
E02004857,2350,732,795,332,491
E02004858,2069,593,676,298,502
E02004859,2141,535,810,318,478
E02004860,2516,783,863,424,446
E02004861,2394,723,911,297,463
E02004862,3130,934,990,545,661
E02004863,3194,1013,951,554,676
E02004864,2852,942,1042,374,494
E02004865,2415,858,775,355,427
E02004866,2707,764,878,486,579
E02004867,2401,590,783,418,610
E02004868,2387,716,797,369,505
E02004869,2293,584,800,408,501
E02004870,4059,1368,1329,598,764
E02004871,2064,582,644,360,478
E02004872,2801,641,1059,468,633
E02004873,4440,1369,1605,666,800
E02004874,2421,576,834,416,595
E02004875,3541,895,1073,629,944
E02004876,3381,887,1207,527,760
E02004877,2135,575,725,345,490
E02004878,2653,638,933,419,663
E02004879,3084,691,1178,532,683
E02004880,3492,764,1190,587,951
E02004881,2587,888,910,350,439
E02004882,3023,689,1023,524,787
E02004883,2308,609,791,372,536
E02004884,4233,1343,1352,685,853
E02004885,3222,658,976,581,1007
E02004886,2204,522,818,361,503
E02004887,2914,712,1087,454,661
E02004888,3587,1043,1313,516,715
E02004889,4368,1346,1396,691,935
E02004890,3643,1152,1269,553,669
E02004891,3270,1021,1181,466,602
E02004892,2449,831,769,391,458
E02004893,2129,519,663,367,580
E02004894,3810,1324,1301,557,628
E02004895,3601,972,1265,548,816
E02004896,3263,937,1173,484,669
E02004897,2588,649,823,391,725
E02004898,3040,889,1038,478,635
E02004899,2101,506,690,369,536
E02004900,3143,722,1078,469,874
E02004901,3485,1193,920,576,796
E02004902,3173,920,919,556,778
E02004903,2591,723,760,459,649
E02004904,2486,820,689,442,535
E02004905,2405,529,777,419,680
E02004906,3738,991,1091,716,940
E02004907,3774,1171,1076,627,900
E02004908,3991,1098,1393,612,888
E02004909,2175,651,731,359,434
E02004910,4431,1060,1740,721,910
E02004911,2935,987,994,437,517
E02004912,4375,1447,1347,667,914
E02004913,5796,1287,2145,1012,1352
E02004914,3115,980,1009,520,606
E02004915,2335,760,740,353,482
E02004916,2933,736,1059,505,633
E02004917,2672,708,953,418,593
E02004918,3615,1257,1183,525,650
E02004919,3073,877,1057,518,621
E02004920,4660,1564,1576,683,837
E02004921,3216,967,1104,460,685
E02004922,3859,981,1469,597,812
E02004923,4236,1232,1498,660,846
E02004924,2644,575,823,428,818
E02004925,2907,729,903,450,825
E02004926,3114,899,1010,403,802
E02004927,2582,629,944,394,615
E02004928,2639,569,936,457,677
E02004929,2534,655,944,362,573
E02004930,2778,809,874,430,665
E02004931,2613,693,869,384,667
E02004932,2880,719,854,525,782
E02004933,2505,458,851,377,819
E02004934,2997,874,1114,370,639
E02004935,3661,1397,1344,429,491
E02004936,2284,484,736,384,680
E02004937,2707,722,1044,403,538
E02004938,2282,563,689,410,620
E02004939,2682,790,856,399,637
E02004940,2975,940,923,440,672
E02004941,3763,1064,1117,668,914
E02004942,2513,690,848,442,533
E02004943,3080,729,1164,454,733
E02004944,2559,651,738,493,677
E02004945,4756,1227,1694,833,1002
E02004946,2632,829,782,481,540
E02004947,2632,718,898,460,556
E02004948,2611,870,891,439,411
E02004949,3689,1429,1102,568,590
E02004950,2710,682,885,543,600
E02004951,3041,1111,823,489,618
E02004952,2694,796,801,477,620
E02004953,2467,678,739,446,604
E02004954,2673,796,859,471,547
E02004955,2434,668,807,415,544
E02004956,3738,1178,1221,551,788
E02004957,3536,1048,1060,574,854
E02004958,2861,685,1024,461,691
E02004959,2237,646,720,313,558
E02004960,2184,522,746,335,581
E02004961,3681,922,1173,655,931
E02004962,3517,1039,1152,568,758
E02004963,2736,691,826,503,716
E02004964,2314,626,806,408,474
E02004965,2754,811,931,459,553
E02004966,2465,460,888,389,728
E02004967,3085,1110,794,493,688
E02004968,3002,988,908,471,635
E02004969,2792,718,863,477,734
E02004970,3229,975,987,542,725
E02004971,2774,766,761,465,782
E02004972,2456,675,764,397,620
E02004973,3161,1020,979,543,619
E02004974,3173,996,1088,464,625
E02004975,2938,675,974,475,814
E02004976,3948,1747,1156,511,534
E02004977,2971,817,771,485,898
E02004978,3460,1138,958,568,796
E02004979,2777,877,820,440,640
E02004980,2387,521,943,362,561
E02004981,2883,750,990,442,701
E02004982,2408,580,876,398,554
E02004983,2581,796,878,390,517
E02004984,2878,1063,903,406,506
E02004985,2997,1030,977,409,581
E02004986,2935,874,808,549,704
E02004987,2732,755,845,478,654
E02004988,3018,883,917,503,715
E02004989,3831,1014,1138,682,997
E02004990,2613,797,825,443,548
E02004991,2965,1006,835,411,713
E02004992,2795,696,668,417,1014
E02004993,2273,799,720,308,446
E02004994,2224,490,806,375,553
E02004995,2093,479,824,305,485
E02005503,2896,696,1254,466,480
E02005504,3694,877,1653,496,668
E02005505,2955,783,1139,454,579
E02005506,2843,672,1217,405,549
E02005507,5130,1579,2050,689,812
E02005508,2814,719,1161,420,514
E02005509,3258,1013,1363,452,430
E02005510,2931,767,1343,352,469
E02005511,3226,974,1339,446,467
E02005512,3155,675,1277,499,704
E02005513,3893,1129,1496,594,674
E02005514,2840,729,1243,410,458
E02005515,2471,554,970,405,542
E02005516,2742,662,1192,380,508
E02005517,2255,579,673,408,595
E02005518,4329,1002,1663,848,816
E02005519,3087,740,1099,554,694
E02005520,3347,1032,1386,458,471
E02005521,3600,922,1438,533,707
E02005522,2246,594,928,330,394
E02005523,3038,626,1198,525,689
E02005524,2336,628,937,341,430
E02005525,4101,980,1580,675,866
E02005526,2278,569,902,370,437
E02005527,3336,692,1458,537,649
E02005528,3678,955,1518,574,631
E02005529,2637,786,1102,374,375
E02005530,2233,617,891,334,391
E02005531,2364,652,916,388,408
E02005532,3160,918,1372,445,425
E02005533,3521,876,1493,506,646
E02005534,3362,1098,1280,461,523
E02005535,2998,792,1093,528,585
E02005536,2492,634,1082,366,410
E02005537,2609,716,1058,366,469
E02005538,3959,1042,1691,611,615
E02005539,3153,753,1326,488,586
E02005540,4138,1242,1709,592,595
E02005541,2553,775,903,362,513
E02005542,3067,1141,990,473,463
E02005543,3763,1410,1144,511,698
E02005544,2927,846,932,540,609
E02005545,2732,682,1103,453,494
E02005546,3620,1202,1339,563,516
E02005547,3826,1159,1328,618,721
E02005548,3056,909,1048,514,585
E02005549,2323,575,973,360,415
E02005550,2962,835,1178,456,493
E02005551,2661,975,1187,245,254
E02005552,3330,1018,1507,409,396
E02005553,4228,1406,1913,432,477
E02005554,3248,980,1480,383,405
E02005555,2777,536,1201,485,555
E02005556,3122,732,1204,541,645
E02005557,2413,659,721,482,551
E02005558,2846,637,1235,425,549
E02005559,2847,836,943,463,605
E02005560,3379,848,1141,629,761
E02005561,4518,1732,1410,678,698
E02005562,3052,790,1299,441,522
E02005563,2961,642,1218,469,632
E02005564,3801,714,1656,665,766
E02005565,2878,681,1148,485,564
E02005566,3969,934,1691,579,765
E02005567,4637,1527,1922,588,600
E02005568,3059,724,1353,465,517
E02005569,3251,745,1351,501,654
E02005570,3487,1212,1504,352,419
E02005571,2858,1006,1191,322,339
E02005572,3723,1465,1441,404,413
E02005573,2734,1001,1234,237,262
E02005574,3013,804,1420,363,426
E02005575,3103,878,1343,419,463
E02005576,3020,903,1346,344,427
E02005577,2570,677,1096,378,419
E02005578,2573,763,1056,347,407
E02005579,5597,1742,2169,811,875
E02005580,3484,1147,1342,494,501
E02005581,3095,713,1431,489,462
E02005582,2948,903,1228,374,443
E02005583,3841,1106,1813,462,460
E02005584,4736,1645,1601,721,769
E02005585,4673,1623,1451,743,856
E02005586,4866,1854,1817,637,558
E02005587,4219,1378,1537,611,693
E02005588,4708,1281,1571,831,1025
E02005589,4784,1432,1580,738,1034
E02005590,5708,3188,1768,436,316
E02005592,4096,1363,1380,607,746
E02005593,2901,856,905,489,651
E02005594,5381,2498,1677,617,589
E02005595,3933,1207,1527,559,640
E02005596,4358,1656,1458,583,661
E02006907,3076,1728,958,244,146
E02006908,2880,1311,993,352,224
E02005597,5457,1425,2282,879,871
E02005598,3245,771,1375,503,596
E02005599,2507,727,995,365,420
E02005600,2294,570,938,318,468
E02005601,2763,1022,1041,343,357
E02005602,4433,1111,1837,672,813
E02005603,3520,852,1308,563,797
E02005604,3451,909,1381,514,647
E02005605,4173,895,1816,634,828
E02005606,2318,531,973,350,464
E02005607,4484,1002,1847,692,943
E02005608,3092,763,1312,444,573
E02005609,3156,997,1296,404,459
E02005610,3321,748,1510,418,645
E02005611,4595,1547,1752,581,715
E02006227,2738,839,1160,340,399
E02006228,2438,643,970,362,463
E02006229,2571,805,1032,347,387
E02006230,4392,1207,1636,648,901
E02006231,3574,1013,1365,541,655
E02006232,2406,564,1063,337,442
E02006233,5174,1938,1775,734,727
E02006234,3564,861,1308,591,804
E02006235,3380,863,1435,455,627
E02006236,4168,955,1782,582,849
E02006237,3117,882,1222,446,567
E02006238,4278,1245,1729,634,670
E02006239,2350,613,921,400,416
E02006240,3337,737,1203,575,822
E02006241,3755,1098,1393,599,665
E02006242,3251,859,1278,500,614
E02006243,4024,1290,1456,658,620
E02006826,4381,1396,1689,716,580
E02006245,3218,851,1084,514,769
E02006246,3034,724,1174,475,661
E02006247,3777,1104,1301,664,708
E02006248,3296,867,1100,510,819
E02006249,3403,1163,1146,461,633
E02006250,4363,1709,1275,700,679
E02006251,4501,1970,1336,613,582
E02006252,3921,1296,1223,668,734
E02006253,3017,820,1189,446,562
E02006254,3898,1423,1236,560,679
E02006255,3573,1150,1339,587,497
E02006256,3920,1511,1244,558,607
E02006257,2993,971,1086,428,508
E02006258,3570,949,1179,653,789
E02006259,3226,1021,1140,532,533
E02006260,3588,978,1190,667,753
E02006261,3234,815,1381,426,612
E02006262,3605,861,1519,499,726
E02006263,3090,728,1383,399,580
E02006264,3325,745,1333,529,718
E02006265,2980,757,1249,402,572
E02006266,3848,938,1640,520,750
E02006267,3371,768,1347,464,792
E02006268,2736,908,962,366,500
E02006269,2811,665,1131,423,592
E02006270,4787,1286,1753,774,974
E02006271,3381,940,1348,526,567
E02006272,3138,808,1318,429,583
E02006273,2695,670,1158,365,502
E02006274,2527,509,993,428,597
E02006275,2956,795,1027,508,626
E02006276,2730,609,1208,430,483
E02006277,3148,688,1110,584,766
E02006278,4184,1699,1524,511,450
E02006279,3965,1126,1572,570,697
E02006280,3776,831,1656,554,735
E02006281,3916,1376,1477,526,537
E02006282,2722,717,1201,360,444
E02006283,2543,588,1095,377,483
E02006284,3176,797,1160,517,702
E02006285,3011,615,1046,560,790
E02006286,4453,1069,1529,804,1051
E02006287,2721,788,1261,308,364
E02006288,3673,994,1501,492,686
E02006289,3670,1082,1540,444,604
E02006290,3859,1440,1501,399,519
E02006291,3118,983,1200,368,567
E02006292,2694,594,1146,393,561
E02006293,4089,994,1660,605,830
E02006294,3792,1408,1421,403,560
E02006295,3942,1038,1564,552,788
E02006296,5135,1247,1878,780,1230
E02006297,3193,662,1317,469,745
E02006298,3764,986,1478,603,697
E02006299,3770,1046,1748,420,556
E02006300,3477,1311,1124,474,568
E02006301,2661,1072,859,314,416
E02006302,2895,770,1292,396,437
E02006303,3191,956,1082,491,662
E02006304,3306,907,1432,445,522
E02006305,4079,1479,1238,618,744
E02006306,3203,998,1221,438,546
E02006307,3172,775,1453,404,540
E02006308,3496,1614,1028,431,423
E02006309,2989,965,1148,377,499
E02006310,3290,766,1267,567,690
E02006311,3828,1311,1526,475,516
E02006312,3649,845,1530,519,755
E02006313,4520,1263,1945,597,715
E02006314,3190,992,1230,382,586
E02006315,2828,982,1203,307,336
E02006316,3247,1122,1330,365,430
E02000166,3537,1306,1048,538,645
E02000167,3629,1380,1135,498,616
E02000168,3535,1274,1059,509,693
E02000169,2942,969,895,422,656
E02000170,3685,1301,1133,608,643
E02000171,3502,1310,1071,485,636
E02000172,4186,1559,1110,621,896
E02000173,3569,1447,1143,391,588
E02000174,3822,1437,1110,508,767
E02000175,4277,1724,1379,603,571
E02000176,3261,1516,994,379,372
E02000177,3865,1400,1195,555,715
E02000178,4280,1828,1319,572,561
E02000179,2870,1147,822,392,509
E02000180,3394,1269,1057,447,621
E02000181,3657,1345,1268,572,472
E02000182,2963,1054,927,473,509
E02000183,3881,1776,1079,460,566
E02000184,3655,1284,1023,552,796
E02000185,3938,1792,1015,508,623
E02000186,3099,1273,966,391,469
E02000187,3290,1221,794,487,788
E02000188,3170,1164,713,437,856
E02000189,2253,908,524,289,532
E02000190,3181,1747,744,347,343
E02000191,2868,1445,759,288,376
E02000192,3375,1506,970,409,490
E02000193,3850,2149,963,344,394
E02000001,4385,2472,1356,339,218
E02000345,2693,728,600,394,971
E02000346,2563,945,656,442,520
E02000347,2727,838,704,397,788
E02000348,2804,881,645,442,836
E02000350,3605,1129,1062,534,880
E02000351,3826,1368,1285,609,564
E02000352,2810,980,784,484,562
E02000353,3192,968,959,552,713
E02000354,4056,1583,1029,637,807
E02000355,3240,1055,855,485,845
E02000356,3144,1022,976,554,592
E02000357,2507,909,544,392,662
E02000358,4775,1625,1449,817,884
E02000359,2416,678,595,428,715
E02000360,4747,1689,1274,789,995
E02000361,3467,1328,1025,590,524
E02000362,2634,951,720,384,579
E02000363,4402,1531,1111,730,1030
E02000364,3899,1383,1219,588,709
E02000365,5740,2056,1901,837,946
E02000366,3690,1476,954,529,731
E02000367,4163,1315,1427,704,717
E02000368,4028,1469,1053,658,848
E02000369,5100,1828,1581,807,884
E02000370,3768,1461,1100,588,619
E02000371,5672,2317,1823,818,714
E02006918,3113,1103,831,481,698
E02006921,2909,1019,665,454,771
E02000372,3674,1371,914,587,802
E02000373,2433,645,607,474,707
E02000374,2590,739,710,498,643
E02000375,3230,1361,881,463,525
E02000376,3152,1236,959,446,511
E02000377,3613,1448,1053,489,623
E02000378,3271,1407,1081,392,391
E02000379,3190,1167,908,483,632
E02000380,2559,928,774,378,479
E02000381,3583,1374,1159,496,554
E02000382,2823,1101,860,394,468
E02000383,4456,1867,1362,569,658
E02000384,3256,1289,964,455,548
E02000385,3094,1310,1017,417,350
E02000386,3585,1340,1068,507,670
E02000387,2841,1215,663,419,544
E02000388,3805,1505,1202,495,603
E02000389,3452,1134,995,569,754
E02000390,2823,1001,831,456,535
E02000391,3419,1311,967,460,681
E02000392,4122,1374,1306,624,818
E02000393,2650,837,918,423,472
E02000394,3551,1354,1186,528,483
E02000395,2719,1007,872,392,448
E02000396,2699,827,792,449,631
E02000397,3376,1191,989,573,623
E02000398,2713,891,685,402,735
E02000400,3061,904,894,528,735
E02000401,2351,546,599,435,771
E02000402,2469,664,643,453,709
E02000403,2915,909,888,506,612
E02000404,2640,697,673,477,793
E02000405,2550,642,804,446,658
E02000406,2665,730,732,489,714
E02000407,2905,963,787,501,654
E02000408,2689,753,686,522,728
E02000409,2505,820,600,407,678
E02000410,2839,953,875,441,570
E02000411,2695,792,714,468,721
E02000412,2873,1048,774,479,572
E02000413,2945,881,793,506,765
E02000414,2562,721,674,436,731
E02000415,2697,854,773,430,640
E02000416,3463,1302,1150,471,540
E02000417,2852,934,905,475,538
E02000418,2235,619,691,400,525
E02000419,3323,1053,1002,543,725
E02000420,3050,1104,776,481,689
E02000421,2875,1004,761,480,630
E02000422,2926,912,686,498,830
E02000423,2516,685,715,425,691
E02000424,3088,1020,1023,494,551
E02000425,2116,514,458,318,826
E02000426,2882,930,995,409,548
E02000427,2829,919,884,445,581
E02000428,2758,925,689,431,713
E02000429,3207,1219,1050,443,495
E02000430,3462,1291,1186,460,525
E02000431,3133,1146,1148,428,411
E02000432,2879,974,1023,393,489
E02006794,2911,1014,706,470,721
E02000554,4226,1692,1206,694,634
E02000555,3986,1348,1152,720,766
E02000556,4561,1692,1477,668,724
E02000557,3929,1655,1210,529,535
E02000558,3780,1483,970,594,733
E02000559,3882,1214,1448,578,642
E02000560,3177,1177,1072,440,488
E02000561,3413,1242,1050,516,605
E02000562,3594,1368,1139,527,560
E02000563,3652,1405,1122,507,618
E02000564,5004,1851,1823,714,616
E02000565,3610,1378,1123,498,611
E02000566,3662,1280,1210,558,614
E02000567,4937,1865,1747,660,665
E02000568,4063,1743,1131,549,640
E02000569,4745,1852,1530,698,665
E02000570,4119,1496,1572,525,526
E02000571,3777,1450,1251,565,511
E02000572,3490,1284,994,546,666
E02000573,4204,1666,1491,573,474
E02000574,3840,1585,1320,531,404
E02000575,5583,2684,1753,614,532
E02000576,4322,1830,1370,590,532
E02000577,3163,1211,899,454,599
E02000578,2454,941,622,401,490
E02000579,4013,1687,1116,559,651
E02000580,4517,2227,1292,522,476
E02000581,3311,1433,767,499,612
E02000582,3946,2014,1136,388,408
E02000583,3496,1474,1088,384,550
E02000584,3922,1731,1214,412,565
E02000585,3919,1580,1221,510,608
E02000586,3729,1670,1103,410,546
E02000587,3536,1446,1085,434,571
E02000588,4458,2279,1340,389,450
E02000589,4422,2290,1239,427,466
E02000590,3890,2123,1026,337,404
E02000591,3589,1779,1102,362,346
E02000592,3583,1796,1057,325,405
E02000593,4067,1960,1289,407,411
E02000594,3710,1843,1118,339,410
E02000595,3747,1866,1032,434,415
E02000596,3605,1627,1108,416,454
E02000597,3459,1547,969,446,497
E02000619,3743,1593,1023,538,589
E02000620,4398,1688,1415,687,608
E02000621,5083,2187,1612,664,620
E02000622,3482,1168,1106,556,652
E02000623,3409,1123,1044,577,665
E02000624,3500,1235,1054,594,617
E02000625,3383,1066,967,595,755
E02000626,3443,1254,847,603,739
E02000627,4042,1267,1332,669,774
E02000628,3972,1391,1050,617,914
E02000629,3973,1287,1390,637,659
E02000630,3336,1177,1126,545,488
E02000631,3723,1180,1189,605,749
E02000632,4148,1246,1532,679,691
E02000633,3872,1507,1111,566,688
E02000634,3021,1075,974,464,508
E02000635,4066,1439,1317,604,706
E02000636,3076,790,1060,542,684
E02000637,3935,1395,1314,610,616
E02000638,4104,1422,1182,729,771
E02000639,3398,1168,938,578,714
E02000640,3785,1080,1217,713,775
E02000641,3442,1091,900,618,833
E02000642,4162,1404,1284,683,791
E02000643,3589,1229,1076,563,721
E02000644,3565,1164,1038,612,751
E02000645,3870,1272,1217,654,727
E02000646,3842,1255,1255,592,740
E02000647,3444,1108,960,638,738
E02000648,3232,1114,896,551,671
E02000649,4887,1811,1497,759,820
E02000650,3233,1090,991,571,581
E02000651,3492,1128,1052,549,763
E02000652,2527,576,648,467,836
E02006801,3840,1711,1175,535,419
E02000653,3547,1215,1062,511,759
E02000654,3336,1155,904,540,737
E02000655,3366,1184,987,461,734
E02000657,3776,1410,1096,547,723
E02000658,3538,1210,1083,506,739
E02000659,3284,1072,1076,478,658
E02000660,3659,1321,1256,533,549
E02000661,3139,1320,1026,405,388
E02000662,3317,995,1057,494,771
E02000663,2903,893,887,445,678
E02000664,4452,1767,1308,609,768
E02000665,3504,1273,1059,494,678
E02000666,2859,848,820,454,737
E02000667,2595,677,821,475,622
E02000668,2816,896,875,464,581
E02000669,3270,1146,1035,536,553
E02000670,2748,984,746,425,593
E02000671,3668,1236,1153,603,676
E02000672,3509,1352,864,513,780
E02000673,3490,1158,1158,469,705
E02000674,3020,841,833,524,822
E02000675,3419,1058,1047,597,717
E02000676,3252,1012,1031,566,643
E02000677,2692,820,713,412,747
E02000678,2432,787,614,414,617
E02000679,3455,1238,1025,525,667
E02000680,3016,1088,954,440,534
E02000681,3268,1088,823,538,819
E02000682,3095,848,846,535,866
E02000683,2763,985,778,454,546
E02000685,3357,1207,1022,515,613
E02000686,2839,1021,758,449,611
E02000687,3436,1290,981,495,670
E02006783,2893,846,851,515,681
E02006784,3168,1199,815,483,671
E02006798,3210,1240,856,507,607
E02000714,2733,699,586,522,926
E02000715,2234,534,413,325,962
E02000716,2320,615,450,364,891
E02000717,2400,495,487,375,1043
E02000718,2210,585,420,333,872
E02000719,2937,914,679,455,889
E02000720,2220,504,447,342,927
E02000721,2737,648,470,414,1205
E02000722,2943,805,778,513,847
E02000723,2737,399,436,415,1487
E02000724,2434,407,384,327,1316
E02000725,3671,1292,1053,601,725
E02000726,3666,1178,1171,549,768
E02000727,2251,410,362,321,1158
E02000728,2237,353,377,347,1160
E02000729,2207,537,455,362,853
E02000730,2443,461,412,387,1183
E02000731,2825,550,431,415,1429
E02000732,2326,594,364,366,1002
E02000733,3465,1009,828,512,1116
E02000734,2672,833,567,412,860
E02000735,2355,612,421,375,947
E02000736,2574,537,476,412,1149
E02000737,3068,750,649,480,1189
E02000738,2563,543,480,415,1125
E02000739,2286,578,492,405,811
E02000740,2556,819,561,472,704
E02000741,2767,683,590,486,1008
E02000742,2498,540,482,429,1047
E02000743,2893,950,605,462,876
E02000744,2942,882,659,517,884
E02000745,2782,710,644,498,930
E02000746,2574,809,613,444,708
E02000747,4371,1461,1309,689,912
E02000748,2230,605,586,432,607
E02000749,3022,896,714,523,889
E02000750,4370,1339,1313,806,912
E02000807,3705,1117,1350,716,522
E02000808,4167,1721,1437,560,449
E02000809,5936,2222,2455,807,452
E02000810,4137,1527,1215,764,631
E02000812,4385,1590,1363,730,702
E02000813,3746,1312,1118,664,652
E02000814,3876,1237,1405,703,531
E02000815,2516,805,851,427,433
E02000816,3959,1400,1147,729,683
E02000817,2809,1085,699,504,521
E02000818,3217,1139,889,545,644
E02000819,3415,1240,843,556,776
E02000820,3873,1465,1213,621,574
E02000821,3097,893,728,574,902
E02000822,3294,1089,865,597,743
E02000823,3155,1028,851,576,700
E02000824,3553,1070,810,682,991
E02000825,3545,949,906,713,977
E02000826,3539,1199,906,657,777
E02000827,4304,1560,1090,771,883
E02000828,3180,970,774,602,834
E02000829,4334,1583,1181,694,876
E02000830,3783,1284,1182,617,700
E02000831,3918,1284,1143,716,775
E02000832,4106,1459,1059,712,876
E02000833,2973,856,894,574,649
E02000834,4198,1498,1413,641,646
E02000835,2930,820,915,576,619
E02000836,3362,894,1123,618,727
E02000837,3300,716,985,578,1021
E02000838,3862,1152,1285,688,737
E02000839,3381,1050,1134,551,646
E02006802,2867,1093,861,441,472
E02000864,3468,1210,1070,485,703
E02000865,2763,984,751,375,653
E02000866,3829,1192,1168,550,919
E02000867,4307,1443,1642,536,686
E02000868,2618,850,858,352,558
E02000869,2485,944,745,340,456
E02000870,2560,843,735,385,597
E02000871,3107,972,826,429,880
E02000872,3088,1049,990,424,625
E02000873,2792,891,748,396,757
E02000874,2494,869,526,333,766
E02000875,3437,1079,918,448,992
E02000876,2750,1018,739,358,635
E02000877,3252,878,733,467,1174
E02000878,3900,1467,1178,415,840
E02000879,2855,1030,704,351,770
E02000880,2090,722,502,283,583
E02000881,2379,723,537,318,801
E02000882,2884,886,674,353,971
E02000883,2880,924,719,385,852
E02000884,3707,1273,1199,500,735
E02000885,2509,858,636,288,727
E02000886,3185,1142,1074,419,550
E02000887,3165,948,846,471,900
E02000888,3306,1140,1018,414,734
E02000889,2879,1112,872,384,511
E02000890,3093,1419,1101,312,261
E02000891,5742,2030,2107,740,865
E02000893,2912,1005,882,472,553
E02000894,4510,1546,1622,603,739
E02006853,3320,1363,1138,340,479
E02006854,2991,1237,1182,297,275
E02000923,3632,1448,1258,490,436
E02000924,5295,2167,1634,742,752
E02000925,3412,1232,1015,536,629
E02000926,4283,1606,1556,601,520
E02000927,3228,1138,1199,484,407
E02000928,3635,1061,1310,563,701
E02000929,3201,1192,927,478,604
E02000930,4382,1331,1677,760,614
E02000931,3532,970,1224,553,785
E02000932,4777,1534,1923,661,659
E02000933,3872,1267,1317,606,682
E02000934,4325,1461,1739,587,538
E02000935,2468,859,659,368,582
E02000936,4057,1550,1518,534,455
E02000937,3130,872,1027,500,731
E02000938,4032,1431,1178,653,770
E02000939,2915,671,902,473,869
E02000940,3494,1159,1260,512,563
E02000941,4125,1196,1461,618,850
E02000942,3794,977,1266,584,967
E02000943,3708,1193,1331,538,646
E02000944,2856,887,874,501,594
E02000945,2764,907,679,440,738
E02000946,3172,894,1139,512,627
E02000947,3820,1174,1344,638,664
E02000948,4493,1419,1805,638,631
E02000949,4072,1283,1368,586,835
E02000950,3233,1021,1059,534,619
E02000951,2946,1020,1060,381,485
E02000952,2644,869,867,403,505
E02000953,3113,1151,1013,462,487
E02000954,2299,533,650,429,687
E02000955,2527,653,742,434,698
E02000956,3066,932,905,494,735
E02000957,4238,1193,1418,714,913
E02000958,2973,847,732,482,912
E02000959,2980,1008,858,481,633
E02000960,3055,1246,917,406,486
E02000961,4064,1439,1221,600,804
E02000962,4424,2230,1142,476,576
E02000963,4141,1381,1134,648,978
E02000964,5638,2221,1717,777,923
E02000965,3981,1426,1331,681,543
E02000966,4714,1946,1520,601,647
E02000967,3653,1589,1232,468,364
E02000968,5713,2151,1334,819,1409
E02000969,3719,1319,945,595,860
E02000970,4874,2361,1597,507,409
E02000971,4354,2167,1255,458,474
E02000972,4503,2502,1340,365,296
E02000973,5312,2570,1645,514,583
E02000974,4380,2221,1123,465,571
E02000975,4621,2288,1453,495,385
E02000976,5041,2378,1494,599,570
E02000977,3895,2165,1113,322,295
E02000978,3882,1749,1202,394,537
E02000979,3892,1869,1214,411,398
E02000980,4498,2122,1381,509,486
E02000981,4853,2329,1641,492,391
E02000982,4143,1998,1125,478,542
E02000983,4422,2226,1264,427,505
E02000002,2713,814,785,492,622
E02000003,3834,1039,1077,721,997
E02000004,2318,609,702,412,595
E02000005,3183,808,854,601,920
E02000007,3441,1064,936,597,844
E02000008,4591,1398,1235,819,1139
E02000009,3212,897,869,614,832
E02000010,3292,901,901,615,875
E02000011,2289,575,700,383,631
E02000012,3258,791,786,489,1192
E02000013,3125,858,814,553,900
E02000014,3531,927,978,687,939
E02000015,3170,1140,808,550,672
E02000016,2934,805,835,557,737
E02000017,2729,594,637,482,1016
E02000018,3326,885,902,607,932
E02000019,3010,722,811,596,881
E02000020,3460,981,881,611,987
E02000021,2949,783,792,541,833
E02000022,3261,919,842,582,918
E02000023,2431,731,583,415,702
E02006799,3624,974,913,692,1045
E02000024,4110,1225,1255,679,951
E02000025,3622,1347,1102,573,600
E02000026,2496,686,748,408,654
E02000027,3705,1012,1049,693,951
E02000028,2473,631,851,423,568
E02000029,3513,1054,1057,602,800
E02000030,3410,790,1095,545,980
E02000031,2817,760,869,438,750
E02000032,2742,533,737,512,960
E02000033,3317,934,939,605,839
E02000034,3403,959,1037,589,818
E02000035,3381,1152,1024,531,674
E02000036,3942,966,1116,702,1158
E02000037,3397,689,973,615,1120
E02000038,4049,1152,1114,739,1044
E02000039,2485,591,742,408,744
E02000040,2649,693,764,433,759
E02000041,3120,767,838,535,980
E02000042,4421,1481,1303,731,906
E02000043,2693,505,751,560,877
E02000044,2862,619,780,575,888
E02000045,4168,1293,1115,800,960
E02000046,2860,826,906,490,638
E02000047,4036,1048,1023,737,1228
E02000048,3784,1054,1088,596,1046
E02000049,3028,818,692,573,945
E02000050,3853,1063,1101,642,1047
E02000051,3537,1122,1116,517,782
E02000052,4163,1335,1274,732,822
E02000053,3244,1024,897,497,826
E02000054,2774,821,731,541,681
E02000055,4179,1201,1232,654,1092
E02000056,3390,833,1039,550,968
E02000057,2460,518,688,372,882
E02000058,3961,1199,1131,592,1039
E02000059,3990,1222,1039,671,1058
E02000060,3400,897,777,485,1241
E02000061,3172,963,987,496,726
E02000062,2357,709,583,384,681
E02000063,2503,686,619,446,752
E02000064,2450,779,679,407,585
E02000065,2728,703,668,471,886
E02000066,3795,1246,923,647,979
E02000067,3580,1174,952,639,815
E02000068,3041,993,843,519,686
E02000069,2495,746,790,396,563
E02000070,3177,838,1074,510,755
E02000071,2782,648,869,525,740
E02000072,4722,1441,1284,869,1128
E02000073,3968,815,1293,679,1181
E02000074,3185,1043,921,549,672
E02000075,3172,745,1112,583,732
E02000077,2870,642,859,484,885
E02000078,3036,698,1067,528,743
E02000079,3267,993,1076,534,664
E02000080,3702,935,1174,656,937
E02000081,3106,939,979,503,685
E02000082,3356,745,1067,588,956
E02000083,3985,1229,1164,647,945
E02000084,4209,1053,1405,721,1030
E02000085,3084,781,942,557,804
E02000086,2789,589,895,523,782
E02000087,3142,866,1108,469,699
E02000088,2984,649,1033,526,776
E02000089,2899,606,969,502,822
E02000090,3962,1515,1265,558,624
E02000091,4279,1571,1332,558,818
E02000092,2722,870,856,459,537
E02006785,2567,716,814,433,604
E02000093,3408,656,743,623,1386
E02000094,2738,547,571,538,1082
E02000095,3117,622,690,555,1250
E02000096,2518,504,657,441,916
E02000097,2926,635,682,498,1111
E02000098,2652,644,603,447,958
E02000099,2782,554,631,541,1056
E02000100,2696,710,637,449,900
E02000101,3312,941,803,565,1003
E02000102,2496,624,510,405,957
E02000103,2994,756,748,530,960
E02000104,2213,526,526,384,777
E02000105,2997,702,618,571,1106
E02000106,3449,903,771,622,1153
E02000107,4107,1276,1097,701,1033
E02000108,2147,503,464,382,798
E02000109,3264,772,794,595,1103
E02000110,2969,818,794,534,823
E02000111,2914,566,588,487,1273
E02000112,2892,586,597,519,1190
E02000113,3306,876,712,603,1115
E02000114,3528,1103,987,603,835
E02000115,3911,1630,1109,568,604
E02000116,3072,978,710,518,866
E02000117,4557,1530,994,803,1230
E02000118,2849,577,595,490,1187
E02000119,2597,839,509,455,794
E02000120,4277,1641,1384,583,669
E02000121,2623,483,530,473,1137
E02000122,3047,886,804,522,835
E02000123,5884,2069,1453,1006,1356
E02000124,4334,1414,1361,691,868
E02000125,4329,1344,1190,806,989
E02000126,3381,1401,804,499,677
E02000127,3675,1233,1122,625,695
E02000128,3006,872,942,522,670
E02000130,3464,1212,1050,558,644
E02000131,4589,2160,1338,569,522
E02000132,4668,2262,1504,535,367
E02000133,3961,1088,1413,652,808
E02000134,5106,2056,1576,757,717
E02000135,4402,1829,1176,635,762
E02000136,2207,652,700,367,488
E02000137,3637,1394,1191,512,540
E02000138,4057,1729,1399,482,447
E02000139,3202,1079,988,574,561
E02000140,3301,1107,860,557,777
E02000141,3055,1129,863,488,575
E02000142,3283,904,1045,569,765
E02000144,3831,1280,1202,656,693
E02000145,3376,1071,1005,619,681
E02000146,3508,1157,994,653,704
E02000147,3183,866,1026,468,823
E02000148,2633,647,917,437,632
E02000149,3249,973,1021,607,648
E02000150,3109,727,881,608,893
E02000151,2994,622,1157,475,740
E02000152,2623,734,784,486,619
E02000153,2860,571,873,534,882
E02000154,3293,915,1149,516,713
E02000155,3057,968,1093,473,523
E02000156,4756,1207,1498,811,1240
E02000157,3300,884,1173,508,735
E02000158,2952,720,1062,497,673
E02000159,2749,662,1019,439,629
E02000160,2968,692,956,489,831
E02000161,3369,856,1093,615,805
E02000162,2889,916,976,433,564
E02000163,3072,728,1111,522,711
E02000165,2691,550,931,522,688
E02006782,3091,868,992,558,673
E02006787,3034,812,915,553,754
E02006789,2662,683,998,450,531
E02000194,4099,1661,1312,545,581
E02000195,3446,883,1003,657,903
E02000196,2553,614,651,489,799
E02000197,3403,936,925,626,916
E02000198,3338,1180,856,575,727
E02000199,3172,848,852,607,865
E02000200,3811,1550,1108,554,599
E02000201,3814,1549,1047,605,613
E02000202,2981,756,693,543,989
E02000203,3062,1064,778,508,712
E02000204,3146,718,750,594,1084
E02000206,4009,1402,1124,677,806
E02000207,3592,1150,908,661,873
E02000208,3821,1187,983,763,888
E02000209,2919,667,700,552,1000
E02000210,3371,983,997,632,759
E02000211,3279,906,1076,558,739
E02000212,2977,707,711,583,976
E02000213,4160,1535,1192,679,754
E02000214,2321,517,730,397,677
E02000215,4991,2091,1438,784,678
E02000216,3028,1149,886,500,493
E02000217,4273,1448,1353,725,747
E02000218,2369,443,745,474,707
E02000219,2999,754,972,499,774
E02000220,4847,2133,1523,670,521
E02000221,3866,1151,1143,660,912
E02000222,3539,1204,1256,513,566
E02000223,2875,526,807,608,934
E02000224,3309,1089,1023,590,607
E02000225,2708,565,823,515,805
E02000226,2796,568,979,493,756
E02000227,4851,1570,1474,798,1009
E02000228,2924,648,1057,449,770
E02000229,2413,638,694,429,652
E02000230,4004,1147,1347,605,905
E02000231,2543,400,791,492,860
E02000232,2324,496,770,403,655
E02000233,2391,605,800,430,556
E02000234,3161,845,999,549,768
E02000235,2694,588,928,495,683
E02000236,2838,580,908,528,822
E02000237,3090,829,1070,521,670
E02006788,2903,763,838,559,743
E02000238,3179,728,688,622,1141
E02000239,2924,554,707,530,1133
E02000240,3770,979,1000,679,1112
E02000241,2366,550,627,435,754
E02000242,2151,413,469,399,870
E02000243,3068,830,758,537,943
E02000244,2658,693,705,495,765
E02000245,3210,1070,779,559,802
E02000246,3071,816,692,542,1021
E02000247,3755,1076,890,709,1080
E02000248,2902,888,817,509,688
E02000249,2739,743,654,481,861
E02000250,2541,714,725,448,654
E02000251,2442,441,507,462,1032
E02000252,3717,1187,986,597,947
E02000253,3744,1213,887,672,972
E02000254,2487,392,399,433,1263
E02000255,3622,1027,1047,610,938
E02000256,3782,1288,1188,622,684
E02000257,5873,2144,1850,864,1015
E02000258,2544,780,629,388,747
E02000259,2283,525,605,483,670
E02000260,2468,478,441,406,1143
E02000261,4110,1311,1053,677,1069
E02000262,3771,1441,1005,581,744
E02000263,3155,559,496,478,1622
E02000264,3205,1001,948,495,761
E02000265,4747,1744,1315,730,958
E02000266,3711,894,735,615,1467
E02000267,2847,932,767,502,646
E02000268,3824,1199,1181,646,798
E02000269,3245,956,936,585,768
E02000270,3331,1231,817,539,744
E02000271,2871,900,873,509,589
E02000272,2579,659,744,467,709
E02000274,3557,565,596,588,1808
E02000275,2131,496,417,316,902
E02000276,2634,764,790,478,602
E02006791,3068,1148,943,482,495
E02000277,2651,654,764,499,734
E02000278,3278,880,843,605,950
E02000279,4356,1182,1295,768,1111
E02000280,3466,993,1074,628,771
E02000281,3531,1053,1015,634,829
E02000282,3491,1005,913,621,952
E02000283,2843,527,721,578,1017
E02000284,3497,1120,1070,590,717
E02000285,2466,545,741,454,726
E02000286,3863,1540,1280,524,519
E02000287,2540,669,816,373,682
E02000288,3784,1020,931,675,1158
E02000289,2421,515,752,411,743
E02000290,2853,892,746,489,726
E02000291,3998,1492,1234,577,695
E02000292,3578,887,969,739,983
E02000293,2470,630,809,392,639
E02000294,3009,694,712,566,1037
E02000295,3347,954,1017,574,802
E02000296,3941,1221,1255,620,845
E02000297,3482,840,1027,642,973
E02000298,3075,755,995,485,840
E02000299,3438,1004,796,600,1038
E02000300,2998,839,737,518,904
E02000301,3923,1211,997,694,1021
E02000302,3123,831,857,540,895
E02000303,3120,950,732,552,886
E02000304,2964,670,881,526,887
E02000305,3481,1037,1067,599,778
E02000306,3594,1175,864,617,938
E02000307,3368,667,869,630,1202
E02000308,2908,748,864,525,771
E02000309,3785,967,963,701,1154
E02000311,3656,904,1039,670,1043
E02000312,4262,1295,1315,708,944
E02006793,3356,993,832,606,925
E02000313,2575,898,587,382,708
E02000314,4382,1074,1059,839,1410
E02000315,3440,1061,842,557,980
E02000316,4944,2016,1459,664,805
E02000317,3200,1007,790,567,836
E02000318,3283,882,729,499,1173
E02000319,3866,1126,955,605,1180
E02000320,2524,717,668,464,675
E02000321,2877,1010,726,416,725
E02000323,4001,1307,903,625,1166
E02000324,2807,876,739,470,722
E02000326,2932,896,889,538,609
E02000327,2357,721,521,388,727
E02000328,3070,1231,959,373,507
E02000329,2364,658,650,421,635
E02000331,3236,1072,920,525,719
E02000332,2958,897,885,515,661
E02000333,3005,1205,1023,366,411
E02000334,2585,790,704,470,621
E02000335,2637,700,824,474,639
E02000337,2998,779,856,585,778
E02000339,2502,833,703,396,570
E02000340,2799,1066,881,390,462
E02000341,3024,857,863,567,737
E02000342,2268,729,699,355,485
E02000343,2699,872,763,405,659
E02000344,2476,655,761,438,622
E02006786,2599,745,646,487,721
E02006927,3338,1046,960,524,808
E02006928,2977,1081,1007,468,421
E02006929,3333,1166,1123,466,578
E02006930,2876,942,936,486,512
E02006931,4113,1455,1460,531,667
E02000433,3309,1080,1167,450,612
E02000434,3138,774,946,485,933
E02000435,2728,667,837,461,763
E02000436,2080,406,685,369,620
E02000437,3082,759,908,517,898
E02000438,2990,807,874,491,818
E02000439,2711,578,626,476,1031
E02000440,3087,461,845,548,1233
E02000441,2765,810,927,431,597
E02000442,2532,319,522,480,1211
E02000443,3203,764,781,552,1106
E02000444,2682,461,610,496,1115
E02000445,3616,845,983,625,1163
E02000447,2453,463,686,501,803
E02000448,2730,775,950,391,614
E02000449,2531,445,549,485,1052
E02000451,2341,482,649,456,754
E02000452,3039,770,875,566,828
E02000453,2800,690,790,503,817
E02000454,2550,464,766,518,802
E02000455,3306,991,1020,613,682
E02000456,2512,565,702,438,807
E02000457,2200,409,657,412,722
E02000459,3159,900,838,551,870
E02000460,2189,458,525,428,778
E02000461,2556,788,828,432,508
E02000462,2210,489,523,351,847
E02000463,2788,538,676,502,1072
E02006795,2639,449,634,521,1035
E02006882,4342,601,1070,812,1859
E02000464,2597,836,745,428,588
E02000465,3256,1083,854,554,765
E02000466,3235,844,1047,568,776
E02000467,4087,1553,978,663,893
E02000468,3099,826,1003,532,738
E02000469,2664,842,832,440,550
E02000470,3487,1108,1250,502,627
E02000471,2961,666,1099,485,711
E02000472,3544,887,1135,661,861
E02000473,3841,1007,1245,674,915
E02000474,3514,1075,1147,570,722
E02000475,3933,1194,1408,572,759
E02000476,4023,1691,1224,532,576
E02000477,3725,909,1295,615,906
E02000478,2156,449,783,327,597
E02000479,3529,1245,1036,601,647
E02000480,3872,1047,1193,740,892
E02000481,3254,972,1065,535,682
E02000482,2546,644,884,373,645
E02000483,3423,1230,1103,461,629
E02000484,3180,790,966,579,845
E02000485,3375,999,1136,546,694
E02000486,3039,847,1040,501,651
E02000487,2970,590,1077,485,818
E02000488,2967,701,1039,519,708
E02000489,3155,855,1007,547,746
E02000490,3169,859,1014,572,724
E02000491,3603,1122,1043,651,787
E02000492,2524,655,854,438,577
E02000493,2471,689,726,461,595
E02000494,3115,912,1072,479,652
E02000495,4141,1434,1313,643,751
E02000496,3008,899,1004,477,628
E02000497,3440,953,1103,604,780
E02000498,2561,791,833,402,535
E02000499,3001,707,1012,481,801
E02000500,3093,759,1145,471,718
E02000501,3163,769,980,548,866
E02000502,3097,856,1061,492,688
E02000503,3235,684,1051,594,906
E02000504,2891,698,963,490,740
E02000506,2725,587,839,466,833
E02000507,2756,513,742,536,965
E02000508,3075,1084,956,423,612
E02000509,3112,1002,877,529,704
E02000510,3196,750,968,593,885
E02000511,3211,622,851,613,1125
E02000512,2968,767,808,539,854
E02000513,3234,807,850,578,999
E02000514,3044,528,661,568,1287
E02000515,4303,1377,1288,690,948
E02000516,2764,533,700,548,983
E02000517,2917,648,729,517,1023
E02000518,3099,725,854,559,961
E02000519,2890,707,647,475,1061
E02000520,3645,791,859,626,1369
E02000521,3397,746,842,656,1153
E02000522,3269,813,999,598,859
E02000523,2939,500,656,561,1222
E02000524,2462,712,710,440,600
E02000525,3142,752,848,560,982
E02006796,3321,864,1053,592,812
E02000526,3536,1117,1156,528,735
E02000528,4770,1762,1465,764,779
E02000529,2776,606,618,495,1057
E02000530,2314,558,499,417,840
E02000531,4269,1596,1293,660,720
E02000532,4001,1401,1215,610,775
E02000533,3835,1394,1203,597,641
E02000534,2917,695,804,559,859
E02000535,2852,515,585,550,1202
E02000536,2925,572,651,504,1198
E02000537,2841,558,709,535,1039
E02000538,2648,466,565,508,1109
E02000539,4299,1271,1279,801,948
E02000540,3564,1059,918,653,934
E02000541,2846,609,651,496,1090
E02000542,3166,761,751,563,1091
E02000543,4170,930,1180,831,1229
E02000544,2793,584,697,538,974
E02000545,3299,988,1024,554,733
E02000546,3018,561,669,552,1236
E02000547,3547,936,982,701,928
E02000548,3539,1015,1047,599,878
E02000549,3937,922,1080,756,1179
E02000550,3840,899,1034,857,1050
E02000551,3294,976,820,634,864
E02000552,3266,874,1027,649,716
E02000553,2605,724,758,499,624
E02006792,4035,1636,1339,519,541
E02000598,3001,713,886,542,860
E02000599,2368,461,714,427,766
E02000600,3354,970,1058,616,710
E02000601,4245,1204,1314,786,941
E02000602,3997,1358,1197,697,745
E02000603,2798,629,728,567,874
E02000604,3343,894,985,583,881
E02000605,3013,812,842,526,833
E02000606,4799,1895,1647,692,565
E02000607,2497,731,748,438,580
E02000608,3182,1338,1163,382,299
E02000609,2741,657,809,460,815
E02000610,3785,1617,1294,455,419
E02000611,2649,523,808,480,838
E02000612,3051,708,978,571,794
E02000613,3174,907,1017,559,691
E02000614,3072,699,872,601,900
E02000615,2916,709,945,516,746
E02000616,2363,537,790,467,569
E02000617,3291,836,1012,599,844
E02000689,3230,786,1043,575,826
E02000690,2300,678,776,348,498
E02000691,2968,866,1009,428,665
E02000692,3686,1487,1244,456,499
E02000693,3973,1248,1448,648,629
E02000694,3828,1216,1307,609,696
E02000695,2813,615,689,555,954
E02000696,3185,946,887,577,775
E02000697,3577,1098,1288,545,646
E02000698,3146,918,977,494,757
E02000699,3205,877,1158,492,678
E02000700,3367,1027,998,602,740
E02000701,3006,772,723,552,959
E02000702,2964,873,774,556,761
E02000703,2961,694,937,486,844
E02000704,3409,1176,1101,559,573
E02000705,2836,664,747,517,908
E02000706,3259,971,800,601,887
E02000707,2683,697,670,453,863
E02000708,3011,598,905,591,917
E02000709,2874,665,877,504,828
E02000710,3208,972,936,498,802
E02000711,3140,883,889,545,823
E02000712,3328,947,879,615,887
E02000713,2800,620,896,505,779
E02000751,4277,1284,1401,650,942
E02000752,2864,966,820,444,634
E02000753,2420,682,684,471,583
E02000754,2607,748,776,470,613
E02000755,2151,634,662,368,487
E02000756,4966,1400,1458,831,1277
E02000757,4969,1591,1630,762,986
E02000758,2159,513,632,354,660
E02000759,4703,1261,1394,856,1192
E02000760,2613,700,761,380,772
E02000762,2087,458,511,330,788
E02000763,2385,551,602,400,832
E02000764,5435,2152,1665,731,887
E02000765,2190,494,570,382,744
E02000767,2620,590,670,471,889
E02000768,2240,604,700,393,543
E02000769,5160,1327,1334,938,1561
E02000770,2425,538,500,413,974
E02000772,2565,576,561,490,938
E02000773,2819,469,634,507,1209
E02000774,2208,447,473,364,924
E02000776,2031,471,409,383,768
E02000777,2365,724,695,383,563
E02000779,2753,819,649,505,780
E02000780,4443,819,894,906,1824
E02000781,4257,836,976,675,1770
E02000782,2851,585,633,510,1123
E02000783,2250,464,435,456,895
E02006800,4170,983,877,694,1616
E02006924,4020,859,917,718,1526
E02006925,4102,683,979,638,1802
E02000784,4296,1315,1366,705,910
E02000785,4304,1467,1442,617,778
E02000786,4941,1762,1564,788,827
E02000787,4800,1650,1566,727,857
E02000788,3666,1107,1164,612,783
E02000789,2966,1233,928,373,432
E02000790,2609,765,869,398,577
E02000791,2986,1264,1043,347,332
E02000792,3209,1210,1068,424,507
E02000793,3144,834,956,554,800
E02000794,2660,705,867,459,629
E02000795,2623,737,810,397,679
E02000796,3918,995,1135,739,1049
E02000797,3273,1186,1135,488,464
E02000798,4280,1189,1311,775,1005
E02000799,2418,749,799,353,517
E02000800,2159,673,630,385,471
E02000801,2880,938,926,436,580
E02000802,2840,900,900,453,587
E02000803,4086,1342,1307,669,768
E02000804,3148,1130,982,432,604
E02000805,4455,1643,1326,606,880
E02000806,4174,1214,1385,691,884
E02000840,3206,933,824,636,813
E02000841,3335,934,875,636,890
E02000842,2879,667,849,531,832
E02000843,3271,1146,970,535,620
E02000844,3117,890,927,535,765
E02000845,3472,845,1064,710,853
E02000846,2708,652,851,503,702
E02000847,3489,972,1060,613,844
E02000848,2886,611,857,486,932
E02000849,3099,927,961,547,664
E02000850,4037,1027,1229,750,1031
E02000851,4098,1796,1185,582,535
E02000852,3136,945,992,553,646
E02000853,3164,938,955,593,678
E02000854,2932,854,941,495,642
E02000855,3035,767,952,518,798
E02000856,3486,1176,1059,536,715
E02000857,4004,1861,1183,560,400
E02000858,3139,1044,847,527,721
E02000859,3453,1139,1096,543,675
E02000860,3925,1890,1134,498,403
E02000861,2789,500,1005,505,779
E02000863,2319,470,752,431,666
E02006836,3195,765,1129,527,774
E02000895,3271,1044,953,500,774
E02000896,3758,1294,1119,559,786
E02000897,3345,1096,961,539,749
E02000898,3065,886,898,545,736
E02000899,3090,867,882,539,802
E02000900,2986,792,783,520,891
E02000901,3553,924,986,668,975
E02000902,3101,886,795,537,883
E02000903,3179,833,740,579,1027
E02000904,2900,720,697,573,910
E02000905,3465,919,843,696,1007
E02000906,3507,1032,918,624,933
E02000907,3885,1422,892,598,973
E02000908,4348,1507,1039,868,934
E02000909,3459,1131,937,566,825
E02000910,4005,1247,1000,648,1110
E02000911,4115,1298,1006,652,1159
E02000912,3151,845,696,582,1028
E02000913,2968,776,692,501,999
E02000914,3689,1175,742,550,1222
E02000915,3305,1057,877,551,820
E02000916,3506,1013,822,683,988
E02000917,3396,957,814,644,981
E02000918,3449,1041,876,602,930
E02000919,3225,827,785,594,1019
E02000920,3434,1009,813,597,1015
E02000921,3966,1169,863,700,1234
E02000922,3740,989,901,660,1190
E02003352,2487,687,967,319,514
E02003353,3534,894,1282,606,752
E02003354,3872,879,1328,682,983
E02003355,2708,852,870,423,563
E02003356,2731,719,952,442,618
E02003357,3951,1370,1247,580,754
E02003358,3988,1436,1203,571,778
E02003359,2835,926,908,503,498
E02003360,3605,686,1284,721,914
E02003361,3133,908,1066,538,621
E02003362,2757,789,905,506,557
E02003363,2533,802,858,373,500
E02003364,2509,515,862,486,646
E02003365,2652,639,967,428,618
E02003366,2583,605,823,470,685
E02003491,3088,771,1024,592,701
E02003492,2166,570,568,363,665
E02003493,3348,992,1186,524,646
E02003494,2641,674,919,451,597
E02003495,2970,734,1078,561,597
E02003496,3146,932,1104,491,619
E02003497,2804,628,967,484,725
E02003498,3475,1211,993,522,749
E02003499,2843,654,756,559,874
E02003500,3049,671,847,592,939
E02003501,3685,1242,1255,576,612
E02003502,3145,907,1033,607,598
E02003503,3487,921,1059,644,863
E02003504,3838,1459,1265,496,618
E02003505,3786,1328,1086,531,841
E02003506,2871,859,912,544,556
E02003507,3924,917,1422,734,851
E02003508,3418,897,1025,592,904
E02003509,4695,2201,1547,596,351
E02003510,4055,1680,1321,502,552
E02003511,3318,993,996,625,704
E02003512,3736,1236,1128,565,807
E02003513,2907,1117,900,369,521
E02003514,4856,2399,1754,410,293
E02003515,3659,1151,1060,587,861
E02003516,4972,2565,1738,440,229
E02003517,5238,2206,1799,632,601
E02003518,4158,2120,1382,384,272
E02003519,5052,2549,1816,440,247
E02003520,4690,2347,1485,428,430
E02003521,4424,2300,1407,394,323
E02003522,3584,1596,1239,429,320
E02003523,4512,1467,1746,621,678
E02003581,3669,1403,1253,484,529
E02003582,3516,1002,1343,490,681
E02003583,2847,863,1159,375,450
E02003584,3149,1489,989,365,306
E02003585,3018,910,1301,397,410
E02003586,3268,977,1204,490,597
E02003587,3610,1132,1221,611,646
E02003588,2917,898,1070,418,531
E02003589,3320,1157,1085,530,548
E02003590,3549,1271,1482,374,422
E02003591,3750,945,1402,624,779
E02003592,4475,1564,1884,479,548
E02003593,2350,620,1085,298,347
E02003594,3910,1173,1507,578,652
E02003595,3613,1016,1556,497,544
E02003596,4020,1553,1440,521,506
E02003597,2464,659,1066,322,417
E02003598,3640,1325,1392,480,443
E02003314,2724,834,1041,354,495
E02003315,2137,455,760,381,541
E02003316,3873,930,1375,701,867
E02003317,2321,550,826,404,541
E02003318,2273,430,858,389,596
E02003319,3181,958,1008,538,677
E02003320,3127,970,977,544,636
E02003321,2481,694,786,469,532
E02003322,2546,790,704,432,620
E02003323,2783,708,846,529,700
E02003324,3572,925,1109,697,841
E02003325,3079,1116,880,522,561
E02003326,2992,807,838,583,764
E02003327,3518,1483,1074,476,485
E02003328,3580,1476,962,515,627
E02003329,2637,773,756,457,651
E02003330,2771,753,924,530,564
E02003331,3674,1097,1193,620,764
E02003332,2238,478,732,418,610
E02003333,2900,1110,730,492,568
E02003334,2254,593,642,402,617
E02003335,2719,698,782,565,674
E02003336,2454,625,947,398,484
E02003337,2647,756,918,448,525
E02003338,3078,999,1003,521,555
E02003339,2414,588,822,375,629
E02003340,3190,995,970,504,721
E02003341,2211,531,810,357,513
E02003342,2567,662,902,443,560
E02003343,2334,443,949,411,531
E02003344,2725,708,839,477,701
E02003345,2308,482,791,483,552
E02003346,2540,658,938,388,556
E02003347,2425,519,821,481,604
E02003348,3139,658,1236,501,744
E02003349,3091,796,1098,562,635
E02003350,2521,606,893,435,587
E02003351,3185,780,1097,582,726
E02003459,3670,1012,1355,553,750
E02003460,3806,864,1567,605,770
E02003461,2925,644,1108,532,641
E02003462,3289,918,1160,563,648
E02003463,2669,611,970,488,600
E02003464,2569,649,775,460,685
E02003465,2685,812,971,409,493
E02003466,2905,805,959,502,639
E02003467,2490,742,766,399,583
E02003468,3191,939,1207,502,543
E02003469,2406,599,909,430,468
E02003470,2134,615,556,399,564
E02003471,2543,697,738,466,642
E02003472,3815,1462,1136,541,676
E02003473,2335,644,758,408,525
E02003474,3238,692,1085,557,904
E02003475,5668,1257,1832,1146,1433
E02003476,3080,819,887,484,890
E02003477,4114,904,1336,755,1119
E02003478,2684,646,876,508,654
E02003479,2778,684,811,500,783
E02003480,3402,960,1090,588,764
E02003481,3000,1078,845,465,612
E02003482,2508,640,924,350,594
E02003483,3888,750,1070,801,1267
E02003484,2914,766,943,532,673
E02003485,3243,798,1173,589,683
E02003486,3410,761,1037,718,894
E02003487,2930,697,1064,542,627
E02003488,2881,803,1027,439,612
E02003489,2824,679,1100,520,525
E02003490,2590,599,824,470,697
E02003524,3076,797,926,570,783
E02003525,2459,660,773,465,561
E02003526,2687,727,1007,405,548
E02003527,2571,797,931,388,455
E02003529,3027,767,962,565,733
E02003530,3101,841,1095,518,647
E02003531,3314,892,1182,526,714
E02003532,3149,987,998,514,650
E02003533,2408,776,779,423,430
E02003534,3469,903,1062,693,811
E02003535,3810,977,1235,746,852
E02003536,3277,1188,949,533,607
E02003537,4182,1135,1353,773,921
E02003538,4386,1447,1328,763,848
E02003539,4872,2123,1373,650,726
E02003540,3685,1132,1285,633,635
E02003541,4631,1769,1112,590,1160
E02003542,3669,989,1075,577,1028
E02003543,3503,1060,994,517,932
E02003544,2851,880,993,503,475
E02003545,3555,1661,1128,407,359
E02003546,3825,1289,1377,548,611
E02003547,4470,2058,1631,414,367
E02003548,2866,1012,926,355,573
E02006821,2630,604,996,438,592
E02003389,3115,738,1153,495,729
E02003390,2846,517,1032,471,826
E02003391,3286,892,1120,513,761
E02003392,3647,1205,1281,564,597
E02003393,3186,807,1134,533,712
E02003394,2927,816,886,511,714
E02003395,3861,1173,1218,673,797
E02003396,3995,1331,1282,638,744
E02003397,3022,827,1007,508,680
E02003398,4040,1297,1095,616,1032
E02003399,5891,2574,2001,703,613
E02003400,3052,834,816,493,909
E02003401,3682,1333,1277,534,538
E02003402,3725,1289,1223,529,684
E02003403,3582,1127,1145,600,710
E02003404,2326,719,688,381,538
E02003405,3816,1040,1135,675,966
E02003406,2870,718,917,518,717
E02003407,3648,1117,895,665,971
E02003408,3462,882,730,588,1262
E02003409,4198,1279,1220,729,970
E02003410,3334,635,632,538,1529
E02003411,3759,1087,811,563,1298
E02003412,3641,1080,937,648,976
E02003413,3880,913,824,595,1548
E02003414,4589,1372,1151,804,1262
E02003415,4241,1242,997,699,1303
E02003416,3106,867,876,548,815
E02003417,3654,1241,901,592,920
E02003418,3445,968,832,569,1076
E02003419,3276,944,847,588,897
E02003420,2533,820,717,437,559
E02003549,2849,888,1009,412,540
E02003550,3216,794,1176,568,678
E02003551,2256,917,666,305,368
E02003552,2646,890,779,439,538
E02003553,2394,501,611,423,859
E02003554,2646,869,920,412,445
E02003555,3140,1040,968,536,596
E02003556,2471,655,880,424,512
E02003557,2753,950,832,318,653
E02003558,2924,1033,920,451,520
E02003559,3065,802,1007,471,785
E02003560,3040,1005,932,494,609
E02003561,3181,1127,932,397,725
E02003562,3636,1280,1215,532,609
E02003563,3483,1301,1066,530,586
E02003564,3474,1099,1178,554,643
E02003565,2563,891,732,318,622
E02003566,2607,852,879,368,508
E02003567,2991,782,949,515,745
E02003568,3820,1579,1234,447,560
E02003569,3527,1429,1104,517,477
E02003570,3635,1347,755,460,1073
E02003571,3040,1337,776,318,609
E02003572,2484,649,847,456,532
E02003573,3236,1077,1052,499,608
E02003574,3412,1061,1201,535,615
E02003575,2808,1004,857,426,521
E02003576,3434,1128,1022,597,687
E02003577,4908,2245,1669,505,489
E02003578,2641,777,897,412,555
E02003579,3357,1056,1162,547,592
E02003580,2617,876,802,452,487
E02003367,2368,472,958,375,563
E02003368,2416,709,937,344,426
E02003369,2427,611,919,371,526
E02003370,2642,602,1017,433,590
E02003371,2287,461,815,397,614
E02003372,2949,610,1035,540,764
E02003373,2972,496,1136,505,835
E02003374,2334,580,837,416,501
E02003375,2440,678,888,368,506
E02003376,2600,865,959,356,420
E02003377,3854,933,1480,599,842
E02003378,3466,1161,1228,509,568
E02003379,2785,733,985,493,574
E02003380,3110,681,1120,604,705
E02003381,2272,458,851,369,594
E02003382,3129,958,941,534,696
E02003383,2708,601,881,561,665
E02003384,2587,600,1031,417,539
E02003385,3592,1406,1213,475,498
E02003386,3465,1125,1145,558,637
E02003387,3611,783,1342,637,849
E02003388,2326,600,889,329,508
E02003421,2148,495,769,366,518
E02003422,4718,1183,1839,697,999
E02003423,2289,536,735,413,605
E02003424,3430,991,1319,463,657
E02003425,4704,1674,1463,654,913
E02003426,3721,898,1200,669,954
E02003427,2833,681,903,489,760
E02003428,3545,813,1185,682,865
E02003429,2966,718,1076,497,675
E02003430,2609,1017,845,354,393
E02003431,2730,848,864,412,606
E02003432,3021,1151,958,413,499
E02003433,2744,740,958,471,575
E02003434,3688,1196,1147,596,749
E02003435,2844,769,991,449,635
E02003436,3355,868,1176,569,742
E02003437,2886,807,931,444,704
E02003438,4118,1169,1381,589,979
E02003439,2272,623,891,306,452
E02003440,3634,911,1389,519,815
E02003441,2954,625,1096,513,720
E02003442,2760,609,938,464,749
E02003443,2429,715,795,358,561
E02003444,3223,712,1010,547,954
E02003445,3110,669,1121,575,745
E02003446,3035,595,1051,538,851
E02003447,3453,675,1160,648,970
E02003448,2617,539,985,460,633
E02003449,3144,948,973,542,681
E02003450,4206,961,1496,768,981
E02003451,3725,1433,1255,503,534
E02003452,2428,497,961,405,565
E02003453,2387,396,818,429,744
E02003454,3045,760,1132,458,695
E02003455,2669,625,973,435,636
E02003456,2535,554,918,463,600
E02003457,3679,621,1378,667,1013
E02003458,3027,616,1162,496,753
E02003652,3079,669,1112,550,748
E02003653,2616,732,939,424,521
E02003654,2208,481,856,342,529
E02003655,3706,797,1382,632,895
E02003656,2485,709,966,363,447
E02003657,2411,538,969,348,556
E02003658,2869,660,1149,488,572
E02003659,3272,736,1176,571,789
E02003660,3823,880,1419,612,912
E02003661,2066,473,772,312,509
E02003662,2592,781,872,398,541
E02003663,2044,474,658,378,534
E02003664,2440,714,772,405,549
E02003665,2209,538,803,343,525
E02003666,2974,1121,973,361,519
E02003667,3887,1014,1396,694,783
E02003668,3472,806,1268,527,871
E02003669,2506,632,752,413,709
E02003670,3650,1078,1203,619,750
E02003671,2395,687,791,366,551
E02003672,3837,876,1485,640,836
E02003673,3387,840,1368,510,669
E02003674,2137,471,874,298,494
E02003675,3341,905,1175,517,744
E02003676,3190,709,1229,492,760
E02003677,3751,935,1261,643,912
E02003678,2195,558,779,345,513
E02003679,2796,955,897,434,510
E02003680,4032,981,1437,660,954
E02003681,3982,995,1347,636,1004
E02003682,3000,778,1079,458,685
E02003683,2509,593,920,381,615
E02003685,3185,768,1134,491,792
E02003686,2702,601,983,434,684
E02003687,2182,523,727,335,597
E02006823,3422,783,1282,549,808
E02003688,4733,1258,1575,767,1133
E02003689,3160,687,1069,503,901
E02003690,2806,907,967,433,499
E02003691,2698,720,903,422,653
E02003692,3354,944,1145,480,785
E02003693,2520,623,1007,365,525
E02003694,3294,979,1083,510,722
E02003695,3949,1018,1217,696,1018
E02003696,3500,1109,1268,473,650
E02003697,2384,476,973,345,590
E02003698,3247,571,1335,557,784
E02003699,2290,588,841,379,482
E02003701,4149,979,1367,666,1137
E02003702,3207,750,1245,480,732
E02003703,3049,858,1006,470,715
E02003704,2330,523,825,399,583
E02003705,2491,672,655,389,775
E02003706,2657,777,876,410,594
E02003707,2445,745,720,365,615
E02003708,3075,810,753,413,1099
E02003709,2315,614,759,408,534
E02003710,3520,903,1126,545,946
E02003711,3848,1379,1261,572,636
E02003712,3246,1014,1093,478,661
E02003713,2390,550,906,339,595
E02003714,2829,855,950,454,570
E02003715,2563,494,980,357,732
E02003716,2460,805,899,318,438
E02003717,3729,1086,1323,546,774
E02003718,2377,719,826,361,471
E02006824,3760,861,1321,602,976
E02004356,3009,790,1027,509,683
E02004357,3050,761,1023,559,707
E02004358,3537,1138,1353,512,534
E02004359,3484,1066,1327,533,558
E02004361,3330,932,1238,480,680
E02004362,3585,1064,1136,574,811
E02004363,3280,1560,1058,313,349
E02004364,3908,1617,1247,484,560
E02004365,3590,1612,1070,423,485
E02004366,3758,2011,1246,289,212
E02004367,3401,1463,1346,288,304
E02006857,3856,1260,1449,521,626
E02006858,3224,1024,1288,474,438
E02004368,3253,827,1147,582,697
E02004369,4206,1201,1754,552,699
E02004370,3223,1019,1031,524,649
E02004371,3007,903,1081,499,524
E02004372,2801,961,859,447,534
E02004373,3638,1133,1250,572,683
E02004374,3530,1322,1147,522,539
E02004375,3973,1642,1220,555,556
E02004376,3793,2050,1002,370,371
E02004377,4480,1520,1568,668,724
E02004378,5255,3203,1310,405,337
E02004379,3008,638,1198,454,718
E02004380,3491,891,1316,512,772
E02004381,4363,1569,1428,634,732
E02004382,2769,783,1070,414,502
E02004383,3094,918,1013,495,668
E02004384,3161,940,1117,490,614
E02004385,3421,1085,1283,516,537
E02004386,2784,832,1075,437,440
E02004387,2468,738,795,397,538
E02004388,2828,837,1124,393,474
E02004389,4180,1192,1827,548,613
E02004390,3473,957,1505,443,568
E02004391,3141,1364,1102,341,334
E02004392,3639,927,1348,566,798
E02004393,2763,832,1193,339,399
E02004394,3195,847,1314,406,628
E02004395,3642,1390,1339,453,460
E02004396,3815,1040,1745,481,549
E02004397,3362,1013,1234,493,622
E02004398,3679,1248,1114,563,754
E02004399,3572,1331,1377,398,466
E02004400,4697,1339,2287,503,568
E02004401,3801,1431,1598,382,390
E02004402,4712,2491,1410,481,330
E02004403,2623,694,952,431,546
E02004404,2570,578,1000,391,601
E02004405,2342,543,897,384,518
E02004406,2988,804,1236,401,547
E02004407,3295,965,1224,478,628
E02004408,3126,810,1085,543,688
E02004409,2189,515,920,326,428
E02004410,3153,704,1323,421,705
E02004411,3668,1070,1336,564,698
E02004412,3330,986,1209,488,647
E02004413,2806,736,1112,384,574
E02004414,2409,627,827,391,564
E02004415,2398,495,944,425,534
E02004416,2695,714,1060,398,523
E02004417,2520,817,969,309,425
E02004418,2284,631,855,349,449
E02004419,2473,751,874,351,497
E02004420,4527,1262,2001,567,697
E02004421,3649,1304,1472,416,457
E02004422,4125,1137,1713,534,741
E02004423,3506,1136,1494,383,493
E02004675,3060,829,1098,476,657
E02004676,3361,877,1275,534,675
E02004677,2707,496,1055,472,684
E02004678,3127,819,1226,469,613
E02004679,3430,803,1359,533,735
E02004680,2849,742,981,558,568
E02004681,4551,1281,1437,821,1012
E02004682,3238,853,1126,549,710
E02004683,2802,833,932,433,604
E02004684,3645,927,1272,668,778
E02004685,3292,1262,1103,460,467
E02004686,3544,1184,1215,551,594
E02004687,2761,662,959,497,643
E02004688,3472,1199,1172,526,575
E02004689,2277,506,995,338,438
E02004690,3179,764,1157,550,708
E02004691,3232,749,1383,462,638
E02004692,2996,618,1304,454,620
E02004693,3041,902,969,556,614
E02004694,2872,804,1085,421,562
E02004695,3235,515,1033,704,983
E02004696,2644,673,1071,375,525
E02004697,2223,492,876,359,496
E02004698,2503,967,745,374,417
E02004699,4442,1162,1699,694,887
E02004700,2170,548,662,396,564
E02004702,3241,801,1110,552,778
E02004703,4175,747,1796,655,977
E02004704,2325,539,913,378,495
E02004705,3532,1008,1221,542,761
E02004706,3030,817,1128,449,636
E02004707,4529,1123,1753,678,975
E02004708,3918,1377,1323,537,681
E02004709,3020,613,1276,521,610
E02004710,2569,577,977,431,584
E02006829,2772,690,1167,428,487
E02006838,2809,721,1212,359,517
E02004712,3487,759,1385,524,819
E02004713,3212,789,1180,554,689
E02004714,3371,980,1343,456,592
E02004715,3429,993,1203,589,644
E02004716,3563,863,1261,655,784
E02004717,3996,1132,1356,684,824
E02004718,3796,1162,1278,645,711
E02004719,3977,901,1436,644,996
E02004720,4748,1441,1833,690,784
E02004721,3569,731,1238,662,938
E02004722,3098,972,1085,415,626
E02004723,3816,829,1522,675,790
E02004724,3200,833,1201,534,632
E02004725,2398,842,830,324,402
E02004726,2517,707,999,377,434
E02004727,3384,554,1305,661,864
E02004728,3472,834,1280,624,734
E02004729,3062,777,1152,559,574
E02004730,3544,764,1535,543,702
E02004731,3232,801,1213,522,696
E02004732,3279,752,1311,526,690
E02004733,3111,816,1213,500,582
E02004734,4370,1266,1660,657,787
E02004735,3206,785,1414,463,544
E02004736,3398,891,1387,518,602
E02004737,3278,1085,1113,501,579
E02004738,3212,892,1251,520,549
E02004739,2913,759,1205,425,524
E02004740,3118,838,1281,442,557
E02004741,3161,787,1183,524,667
E02004742,3231,934,1233,465,599
E02004743,3162,794,1172,559,637
E02004744,3251,730,1027,647,847
E02004745,3900,1192,1353,643,712
E02004746,4616,1296,1786,645,889
E02004747,2914,906,1046,499,463
E02004748,4767,2040,1553,620,554
E02004749,3058,875,1242,399,542
E02004750,3370,1012,1284,515,559
E02004751,3293,744,1220,596,733
E02004752,3162,610,1101,598,853
E02004753,3851,796,1411,659,985
E02004754,2549,675,1019,327,528
E02004755,4728,1288,1570,728,1142
E02004756,3214,684,1109,605,816
E02004757,3160,606,1249,523,782
E02004758,3100,690,1213,472,725
E02004759,3239,778,1168,526,767
E02004760,2941,585,1080,499,777
E02004761,2273,505,847,396,525
E02004764,3421,945,1426,478,572
E02004765,2640,734,1034,431,441
E02004766,2632,810,859,399,564
E02004767,2247,536,726,410,575
E02004768,2274,617,779,376,502
E02004769,2478,626,789,462,601
E02004770,2880,892,895,498,595
E02004771,3621,952,1252,635,782
E02004772,3852,1049,1442,596,765
E02004774,4329,1400,1772,524,633
E02004775,3969,1276,1517,528,648
E02004776,2546,668,1117,326,435
E02004777,2608,938,1078,307,285
E02004778,2805,903,1241,339,322
E02006822,3602,878,1424,588,712
E02006830,2771,797,930,464,580
E02006831,2636,654,1071,436,475
E02004779,4691,1267,1959,660,805
E02004780,2550,718,897,445,490
E02004781,3332,847,1143,605,737
E02004782,3322,1022,1172,535,593
E02004783,2924,705,1099,530,590
E02004784,2289,499,1011,350,429
E02004785,2422,731,1000,316,375
E02004786,3608,900,1319,644,745
E02004787,3480,1085,1493,445,457
E02004788,2887,649,1169,438,631
E02004789,4406,1178,1678,692,858
E02004790,3445,1163,1259,463,560
E02004791,2201,504,790,390,517
E02004792,3723,926,1606,547,644
E02004793,3081,813,1332,366,570
E02004794,2825,664,1180,442,539
E02004795,4028,1460,1619,437,512
E02004796,4259,1074,1958,541,686
E02004797,3540,1177,1258,504,601
E02004798,2668,869,897,432,470
E02004799,3881,1554,1460,434,433
E02004800,3561,1101,1806,316,338
E02004801,3716,1304,1678,317,417
E02004802,2547,581,860,414,692
E02004803,2648,626,693,489,840
E02004804,2780,566,1018,499,697
E02004805,3334,830,1194,584,726
E02004806,3177,666,1118,600,793
E02004807,3785,1065,1319,626,775
E02004808,4180,1219,1311,686,964
E02004809,2856,753,787,484,832
E02004810,2945,708,962,551,724
E02004811,3210,1102,1034,459,615
E02004812,2395,454,843,452,646
E02004813,2487,721,804,425,537
E02004814,2861,617,1158,461,625
E02004815,2837,616,898,561,762
E02004816,3968,1277,1410,561,720
E02004817,3259,893,1246,502,618
E02004818,4092,931,1614,636,911
E02004819,3291,900,1268,495,628
E02004820,2856,577,1209,430,640
E02004821,2161,495,951,298,417
E02004822,3255,760,1385,460,650
E02004823,3814,985,1531,572,726
E02004824,2864,1213,962,339,350
E02004825,4416,1054,1803,688,871
E02004826,2620,582,1074,397,567
E02004827,2831,464,969,543,855
E02004828,2501,491,1049,401,560
E02004829,2236,430,923,366,517
E02004830,2608,657,1052,352,547
E02004831,3417,847,1372,471,727
E02004832,3591,939,1410,523,719
E02004833,3428,910,1199,470,849
E02004834,3167,1197,1014,437,519
E02004835,4418,1873,1388,510,647
E02004836,2177,599,583,293,702
E02004837,3092,782,1161,444,705
E02004838,3685,929,1399,551,806
E02004839,3314,710,1402,493,709
E02004840,3986,1090,1512,561,823
E02004841,4517,1145,1736,710,926
E02004842,3229,729,1253,532,715
E02004996,3331,895,1229,535,672
E02004997,3161,784,1302,485,590
E02004998,2669,606,1033,407,623
E02004999,5136,1395,1751,874,1116
E02005000,3922,1229,1188,673,832
E02005001,3575,892,1285,596,802
E02005002,3795,1136,1305,613,741
E02005003,3069,674,887,589,919
E02005004,4473,909,1426,879,1259
E02005005,2952,586,1257,497,612
E02005006,2193,503,870,321,499
E02005007,3494,846,1366,535,747
E02005008,3686,1204,1442,467,573
E02005009,2331,583,910,353,485
E02005010,3522,1597,1016,434,475
E02005011,3152,879,1328,402,543
E02005012,3603,1056,1242,550,755
E02005013,3558,1089,1344,481,644
E02005014,3688,956,1624,493,615
E02005015,3352,769,1289,552,742
E02005016,3317,1004,1198,496,619
E02005017,3303,1205,1145,458,495
E02005018,3393,860,1431,489,613
E02005019,2380,589,890,388,513
E02005020,2865,724,1049,471,621
E02005021,2635,678,1047,381,529
E02005022,2959,686,792,441,1040
E02005023,3158,1064,784,532,778
E02005025,3495,1135,1166,494,700
E02005026,3046,706,1212,491,637
E02005027,2203,585,828,329,461
E02006855,2356,678,766,380,532
E02006856,4786,1825,1544,670,747
E02005028,3156,1102,911,489,654
E02005029,4021,1210,1378,688,745
E02005030,4093,1281,1207,705,900
E02005031,3258,1112,997,535,614
E02005032,3931,1372,1196,647,716
E02005033,2897,1038,894,424,541
E02005034,2843,548,966,499,830
E02005035,3038,768,961,502,807
E02005036,2556,771,745,436,604
E02005037,2742,583,1061,425,673
E02005038,2333,614,839,336,544
E02005039,2692,666,969,427,630
E02005040,2521,578,1044,385,514
E02005041,2851,714,1083,479,575
E02005042,3999,1321,1546,494,638
E02005043,3353,1147,1249,468,489
E02005044,3446,1518,1178,373,377
E02005045,3298,900,1174,558,666
E02005046,2619,703,923,414,579
E02005047,3354,1065,1232,532,525
E02005048,2678,623,1148,426,481
E02005049,3200,975,1455,363,407
E02005050,3719,923,1472,606,718
E02005051,5514,1689,1702,1021,1102
E02005052,3590,1596,1082,434,478
E02005053,3813,1387,1128,631,667
E02005054,2876,715,1257,435,469
E02005055,3167,964,931,569,703
E02005056,4550,2079,1092,625,754
E02005057,4146,1185,1207,719,1035
E02005058,2974,779,914,523,758
E02005059,3819,989,1206,609,1015
E02005060,2879,771,976,430,702
E02005061,2777,781,792,502,702
E02005062,2606,476,920,495,715
E02005063,2469,535,778,468,688
E02005064,2702,634,1101,414,553
E02005065,2904,840,894,503,667
E02005066,3146,672,1293,473,708
E02005067,2292,426,911,402,553
E02005068,2706,557,988,472,689
E02005069,3465,813,1329,572,751
E02005070,3650,942,1500,505,703
E02005071,4423,1639,1474,632,678
E02005072,3055,661,1144,538,712
E02005073,4713,1693,1596,667,757
E02005074,3336,870,1253,522,691
E02005075,3700,893,1257,683,867
E02005076,3434,880,1180,625,749
E02005077,3021,709,1021,517,774
E02005078,3230,742,1308,514,666
E02005079,3241,759,1323,472,687
E02005080,4530,1328,1468,807,927
E02005081,2861,767,1173,420,501
E02005082,3820,812,1516,676,816
E02005083,2808,672,1154,450,532
E02005084,2579,622,1015,423,519
E02005085,2564,575,1014,394,581
E02005086,2311,518,859,377,557
E02005087,2804,661,1017,475,651
E02005088,3916,1316,1196,659,745
E02005089,2533,632,876,466,559
E02005090,2405,624,958,330,493
E02005091,2896,939,986,414,557
E02005093,2505,651,966,362,526
E02005094,3514,986,1201,547,780
E02005095,2950,647,1148,449,706
E02005096,4009,1216,1350,590,853
E02005097,3362,592,1177,513,1080
E02005098,3914,1233,1283,483,915
E02005099,3265,845,1266,504,650
E02005100,3785,1092,1391,581,721
E02005101,2694,660,1003,389,642
E02006832,2468,603,845,426,594
E02005102,2695,707,1113,412,463
E02005103,3602,719,1282,687,914
E02005104,3388,946,1172,508,762
E02005105,3254,1123,978,495,658
E02005106,3608,990,1129,644,845
E02005107,5068,1492,1833,780,963
E02005109,2893,847,1262,374,410
E02005110,2853,717,1179,433,524
E02005111,3648,1540,1308,395,405
E02005112,3047,893,1264,415,475
E02005113,2984,862,1208,415,499
E02005114,2814,815,1095,435,469
E02006879,3842,2225,1002,321,294
E02006880,3683,1915,1160,347,261
E02005115,2441,802,715,442,482
E02005116,2567,866,732,443,526
E02005117,2492,644,1035,363,450
E02005118,3696,947,1318,643,788
E02005119,2438,671,932,392,443
E02005120,2729,758,1068,429,474
E02005121,4706,977,1594,934,1201
E02005122,2795,657,1073,443,622
E02005123,4328,999,1577,794,958
E02005124,3692,1409,1035,614,634
E02005125,3120,882,1042,525,671
E02005126,3184,773,1262,503,646
E02005127,3406,704,1315,592,795
E02005128,3449,914,1282,528,725
E02005129,4896,1660,1671,740,825
E02005130,3358,873,1281,532,672
E02005131,2288,592,883,349,464
E02005132,4393,2013,1178,566,636
E02005133,3739,1156,1519,488,576
E02005134,3079,1159,881,454,585
E02005135,3222,1040,979,557,646
E02005136,3176,862,1093,528,693
E02005137,3205,940,1027,561,677
E02005138,3985,1642,1304,499,540
E02005139,4214,1530,1803,428,453
E02005140,3429,1117,1387,426,499
E02005141,3133,1160,1146,379,448
E02005142,3108,945,1156,486,521
E02005143,3450,980,1239,592,639
E02005144,3440,1069,1054,585,732
E02005145,2948,856,1171,410,511
E02005146,3130,939,979,578,634
E02005147,4455,2222,1246,505,482
E02005148,3407,1016,1404,474,513
E02005149,4167,966,1584,707,910
E02005150,4288,1217,1477,762,832
E02005151,4932,1066,1764,868,1234
E02005153,3460,797,1366,539,758
E02005154,4333,989,1649,668,1027
E02005155,3920,622,1304,761,1233
E02005156,2915,732,1060,470,653
E02005157,2677,714,929,422,612
E02005158,2550,557,951,382,660
E02005159,3145,754,1212,448,731
E02005160,4210,1210,1454,684,862
E02005161,3332,862,1137,580,753
E02006833,4211,1067,1634,664,846
E02005162,4198,969,1466,759,1004
E02005163,3097,686,1026,538,847
E02005164,3318,1038,1127,495,658
E02005165,3077,778,1094,494,711
E02005166,2839,862,840,524,613
E02005167,2957,644,1073,458,782
E02005168,3097,911,1039,454,693
E02005169,4630,2170,1497,492,471
E02005170,4028,1255,1425,601,747
E02005171,2642,881,865,387,509
E02005172,3213,711,1146,502,854
E02005173,3734,1120,1421,517,676
E02005174,2961,737,1105,472,647
E02005175,3383,925,1218,510,730
E02005921,2248,525,1000,325,398
E02005922,3404,804,1250,597,753
E02005923,2301,626,756,388,531
E02005924,4852,1848,1472,723,809
E02005925,3139,721,947,570,901
E02005926,3210,871,1274,456,609
E02005927,2219,611,774,348,486
E02005928,2975,633,1232,489,621
E02005929,2814,662,1153,427,572
E02005930,3123,724,1264,460,675
E02005931,3325,636,1190,633,866
E02005932,2683,571,846,538,728
E02005933,2950,679,1048,549,674
E02005934,3531,719,1268,699,845
E02005935,3122,1007,984,495,636
E02005936,3335,758,1340,507,730
E02005937,2768,723,1077,438,530
E02005938,2149,461,763,394,531
E02005939,2580,728,949,434,469
E02005940,2593,876,868,363,486
E02005941,2835,1051,864,405,515
E02005942,2458,906,772,307,473
E02005943,2516,720,794,415,587
E02005944,2813,893,786,481,653
E02005945,3772,1279,1126,560,807
E02005946,3306,989,1039,541,737
E02005947,2705,1325,813,285,282
E02005948,2856,1089,880,439,448
E02005949,2527,857,684,413,573
E02005950,4080,1346,1032,551,1151
E02005951,2592,937,800,349,506
E02005952,5317,1541,1596,826,1354
E02005953,2187,647,606,352,582
E02005954,3800,1179,1094,639,888
E02005955,3936,1182,1241,652,861
E02005956,2390,701,651,459,579
E02005957,2692,798,695,518,681
E02005958,2301,588,759,401,553
E02005959,2214,519,847,371,477
E02005960,2422,655,883,353,531
E02005961,2745,674,1085,398,588
E02005962,3285,679,1256,580,770
E02005963,3226,826,1163,479,758
E02005964,2934,684,1117,457,676
E02005965,2252,557,905,310,480
E02005966,3173,680,1110,609,774
E02005967,2265,580,775,398,512
E02005968,2559,508,967,432,652
E02005969,3901,1213,1355,537,796
E02005970,2384,753,746,369,516
E02005971,2311,610,786,350,565
E02005972,3210,722,1294,475,719
E02005973,2616,987,907,341,381
E02005974,2641,834,918,384,505
E02005975,3082,693,1244,468,677
E02005976,2278,461,932,329,556
E02005977,2305,511,917,349,528
E02005978,2739,658,1085,443,553
E02005979,3728,1041,1359,569,759
E02005980,4005,934,1508,657,906
E02005981,3544,756,1236,717,835
E02005982,2450,633,897,421,499
E02005983,4845,1729,1659,716,741
E02005984,2812,611,1165,442,594
E02005985,3201,924,1125,523,629
E02005986,3822,1125,1358,589,750
E02005987,3156,835,1141,530,650
E02005988,2918,682,1098,494,644
E02005991,4074,1138,1473,622,841
E02005992,3748,978,1462,528,780
E02006886,4365,1021,1692,682,970
E02005993,2815,894,1026,425,470
E02005994,2445,623,966,375,481
E02005995,2511,685,991,355,480
E02005996,3469,993,1343,459,674
E02005997,2419,684,956,345,434
E02005998,2357,551,932,349,525
E02005999,2510,579,993,419,519
E02006000,4790,1176,1749,827,1038
E02006001,2251,542,790,383,536
E02006002,4380,1392,1553,636,799
E02006003,2236,546,847,385,458
E02006004,2446,700,1047,316,383
E02006005,3564,695,1369,687,813
E02006006,2321,670,783,382,486
E02006007,2727,682,1086,412,547
E02006317,2509,684,890,387,548
E02006318,2685,804,927,384,570
E02006319,2824,881,863,462,618
E02006320,2787,879,872,475,561
E02006321,2451,613,823,378,637
E02006322,2504,631,810,405,658
E02006323,3063,995,1105,431,532
E02006324,2773,561,914,525,773
E02006325,3226,598,1019,528,1081
E02006326,2722,800,909,419,594
E02006327,2662,796,884,372,610
E02006328,4002,1439,1274,528,761
E02006329,2638,653,869,447,669
E02006330,3844,1185,1211,570,878
E02006331,2788,678,924,437,749
E02006332,2567,693,869,417,588
E02006333,3765,1060,1212,573,920
E02006334,3112,618,1075,483,936
E02006335,3187,828,1107,499,753
E02006336,2670,675,806,497,692
E02006337,3303,635,1159,582,927
E02006338,2638,566,902,486,684
E02006339,3379,801,1030,673,875
E02006341,3846,1108,1148,669,921
E02006342,3392,1400,1099,399,494
E02006343,3239,744,1126,535,834
E02006837,4130,973,1466,635,1056
E02006344,3291,775,1231,522,763
E02006345,2411,482,915,432,582
E02006346,3862,868,1465,585,944
E02006347,3079,841,1178,502,558
E02006348,3456,836,1290,565,765
E02006349,3106,782,979,599,746
E02006350,2400,612,751,439,598
E02006351,3404,1014,1068,504,818
E02006352,2274,482,685,447,660
E02006353,2612,734,967,401,510
E02006354,3599,923,1249,575,852
E02006355,2368,584,692,420,672
E02006356,4977,1931,1661,701,684
E02006357,2636,719,1015,400,502
E02006358,2472,682,738,414,638
E02006359,2559,778,933,355,493
E02006360,3220,801,1231,484,704
E02006361,2247,578,852,333,484
E02006362,2677,682,930,438,627
E02006363,2340,600,838,353,549
E02006364,3177,1188,980,466,543
E02006365,2535,836,894,344,461
E02006366,3112,642,1179,522,769
E02006367,2444,706,902,322,514
E02006368,2396,698,872,334,492
E02006369,2866,875,1121,372,498
E02006370,2646,892,874,371,509
E02006371,3025,1054,967,450,554
E02006372,2703,785,947,427,544
E02006373,3039,738,1142,488,671
E02006374,2868,781,1086,415,586
E02006375,2381,478,859,400,644
E02006376,3349,997,1161,498,693
E02006377,2287,514,837,365,571
E02006378,3325,699,1144,582,900
E02006379,2519,868,728,427,496
E02006380,2798,688,1036,406,668
E02006381,2767,694,1051,402,620
E02006382,2574,761,730,462,621
E02006383,3836,1212,1397,464,763
E02006384,4197,1331,1316,647,903
E02006385,4284,1288,1543,677,776
E02006386,3164,871,1035,478,780
E02006387,2585,670,841,431,643
E02006388,3553,959,1171,608,815
E02006389,2747,718,944,459,626
E02006390,3134,730,1106,563,735
E02006391,2336,487,852,462,535
E02006392,3587,1198,1207,535,647
E02006393,2709,935,797,398,579
E02006394,3333,1038,962,495,838
E02006395,3800,1129,1202,667,802
E02006396,2426,749,860,372,445
E02006397,2323,578,844,325,576
E02006398,3348,1117,1102,552,577
E02006399,4574,1402,1573,735,864
E02006400,2374,650,899,356,469
E02006401,3958,1292,1272,602,792
E02006402,3869,946,1381,654,888
E02006403,2622,904,794,415,509
E02006404,2476,604,732,473,667
E02006405,3995,936,1395,723,941
E02006406,3528,1219,1141,573,595
E02006407,3584,990,1159,614,821
E02006408,3486,1034,1153,581,718
E02006409,2712,772,820,479,641
E02006410,3163,840,984,568,771
E02006411,3033,834,1121,495,583
E02006412,2831,759,1015,447,610
E02006413,2496,729,802,430,535
E02006414,2539,647,898,464,530
E02006415,3047,994,1140,415,498
E02006416,3398,824,1347,536,691
E02006417,2332,684,793,375,480
E02006418,2778,671,1047,419,641
E02006419,3079,742,1011,551,775
E02006420,2788,553,1031,437,767
E02006421,2998,610,1009,503,876
E02006422,2344,481,846,403,614
E02006423,4111,1126,1408,650,927
E02006424,2360,440,917,377,626
E02006425,2354,540,808,399,607
E02006426,2266,523,793,389,561
E02006427,2738,673,943,494,628
E02006429,3149,968,1123,465,593
E02006430,3473,859,1150,563,901
E02006431,4265,1240,1484,690,851
E02006432,2193,629,721,319,524
E02006433,3760,958,1383,528,891
E02006434,2358,545,816,397,600
E02006435,2361,647,846,357,511
E02006436,2386,610,851,389,536
E02006437,3199,842,1162,487,708
E02006438,3151,780,1216,456,699
E02006790,3047,831,1057,467,692
E02006439,2490,685,941,375,489
E02006440,2844,632,1058,511,643
E02006441,3296,1209,1093,456,538
E02006442,2290,531,863,296,600
E02006443,3141,989,1032,566,554
E02006444,2718,724,923,417,654
E02006445,2995,950,1143,461,441
E02006446,2730,759,977,382,612
E02006447,2412,585,881,382,564
E02006448,2818,633,990,506,689
E02006449,2894,822,1049,394,629
E02006450,2563,566,974,400,623
E02006451,4372,1261,1617,646,848
E02006453,3235,921,1226,444,644
E02006454,2766,797,993,393,583
E02006455,2445,795,789,359,502
E02006839,3271,839,1252,449,731
E02006456,3174,864,1077,541,692
E02006457,3615,815,1346,595,859
E02006458,3498,734,1274,575,915
E02006459,3618,949,901,547,1221
E02006460,3945,1232,1170,669,874
E02006461,2696,740,964,387,605
E02006462,3339,826,1095,607,811
E02006463,4393,1621,1416,670,686
E02006464,2882,804,991,479,608
E02006465,2509,654,922,369,564
E02006466,3355,830,1055,592,878
E02006467,2443,430,919,419,675
E02006534,3544,948,1263,598,735
E02006535,2829,736,1129,430,534
E02006536,2875,740,1120,425,590
E02006537,4304,1402,1338,750,814
E02006538,4059,1487,1451,581,540
E02006539,3132,955,1177,493,507
E02006540,2589,859,943,408,379
E02006541,3625,1426,1288,441,470
E02006542,2629,897,1023,319,390
E02006543,2432,704,962,349,417
E02006544,4128,1063,1609,609,847
E02006545,3458,994,1181,584,699
E02006546,4201,1266,1591,586,758
E02006547,2300,623,864,365,448
E02006548,4133,1234,1500,678,721
E02006549,2864,952,1330,268,314
E02006550,4118,1217,1587,621,693
E02006551,4049,1616,1786,330,317
E02006552,3462,1643,1008,391,420
E02006553,3139,899,1169,490,581
E02006554,3140,1066,1230,407,437
E02006555,3164,1024,1034,479,627
E02006556,3659,1112,1464,470,613
E02006557,2828,808,856,525,639
E02006558,4850,2398,1432,542,478
E02006559,3831,1105,1839,445,442
E02006560,4321,1399,1866,484,572
E02006561,2636,648,972,405,611
E02006562,2387,534,978,352,523
E02006563,2392,641,985,309,457
E02006564,3424,1255,1263,428,478
E02006565,3502,1071,1388,470,573
E02006566,3356,1005,1359,430,562
E02006567,3149,827,1269,430,623
E02006568,4791,1835,1506,659,791
E02006569,3197,976,1239,396,586
E02006570,4130,1838,1352,436,504
E02006571,3343,1001,1288,479,575
E02006572,3807,1135,1318,570,784
E02006573,4871,1567,1984,605,715
E02006574,4863,1615,1958,582,708
E02006575,2942,753,794,501,894
E02006576,3228,845,1075,555,753
E02006577,3301,1068,1026,520,687
E02006578,4141,1373,1336,622,810
E02006579,3269,946,1086,526,711
E02006580,3281,901,1121,586,673
E02006581,3650,1245,1143,556,706
E02006582,3008,571,1025,585,827
E02006583,3809,1172,1245,648,744
E02006584,2900,813,795,524,768
E02006585,3096,849,977,508,762
E02006586,2662,523,671,541,927
E02006587,3440,1070,981,603,786
E02006588,3198,1036,1070,485,607
E02006589,4465,1012,1604,769,1080
E02006590,3646,1086,1272,571,717
E02006591,3428,1089,1148,490,701
E02006592,2430,608,903,392,527
E02006593,4697,1804,1460,612,821
E02006594,2892,828,1064,454,546
E02006595,3154,687,1337,471,659
E02006596,3342,730,1105,583,924
E02006597,3945,1125,1409,584,827
E02006598,2184,498,831,368,487
E02006599,3049,676,1478,403,492
E02006600,4324,1482,1649,596,597
E02006601,3464,1042,1282,492,648
E02006602,2921,599,1203,474,645
E02006603,3784,1174,1419,502,689
E02006604,5493,1929,1710,874,980
E02006605,2429,571,862,418,578
E02006606,3310,798,1217,576,719
E02006607,2981,668,1135,493,685
E02006608,2343,546,896,390,511
E02006609,2729,656,1005,445,623
E02006610,2784,726,986,431,641
E02006611,4165,1044,1603,599,919
E02006612,4656,1736,1604,611,705
E02006613,3028,912,969,502,645
E02006614,4149,1105,1503,623,918
E02006615,2608,576,859,495,678
E02006616,3264,767,1195,566,736
E02006617,3877,1280,1219,587,791
E02006618,2377,446,948,435,548
E02006619,3192,794,1106,517,775
E02006620,4024,1214,1508,539,763
E02006621,3330,870,1503,431,526
E02006622,3466,1148,1248,488,582
E02006623,3340,987,1157,554,642
E02006624,2862,717,995,434,716
E02006625,3295,984,979,566,766
E02006626,3001,847,953,500,701
E02006627,3758,1177,1393,547,641
E02006628,3969,1475,1087,653,754
E02006629,3391,1213,1024,492,662
E02006630,4164,2184,1232,388,360
E02006631,4945,2553,1422,527,443
E02006632,3783,1494,1284,418,587
E02006633,3740,1241,1530,426,543
E02002985,2176,625,765,340,446
E02002986,2307,855,752,309,391
E02002987,2324,662,888,307,467
E02002988,2412,781,845,345,441
E02002989,2306,738,802,325,441
E02002990,2828,1059,1008,357,404
E02002991,5472,2742,1803,474,453
E02002992,2483,836,754,344,549
E02002993,2666,1201,854,277,334
E02002994,4279,1187,1680,585,827
E02002995,2273,763,737,349,424
E02002996,3500,1163,1262,406,669
E02002997,2216,557,652,348,659
E02002998,2277,652,659,335,631
E02002999,2327,675,807,375,470
E02003000,3830,974,1561,518,777
E02003001,2240,573,831,348,488
E02003002,2336,755,777,365,439
E02003003,2364,632,814,437,481
E02003004,2392,518,881,361,632
E02003005,2479,571,973,355,580
E02003006,3473,874,1264,558,777
E02003007,3371,844,1276,531,720
E02003008,2300,597,823,378,502
E02003009,2455,649,902,408,496
E02003010,2299,510,837,415,537
E02003011,2130,542,827,333,428
E02003172,2688,813,963,435,477
E02003173,3027,912,1233,481,401
E02003174,3486,1030,1283,532,641
E02003175,3750,1080,1282,599,789
E02003176,2976,965,928,492,591
E02003177,3188,813,1065,528,782
E02003178,3417,961,1166,539,751
E02003179,2766,882,930,422,532
E02003180,3617,1054,1005,509,1049
E02003181,3341,890,1066,559,826
E02003182,2689,738,940,433,578
E02003183,2765,747,1007,373,638
E02003184,3171,974,1019,510,668
E02003185,3035,786,1032,518,699
E02003186,3684,1175,1104,622,783
E02003187,4015,1451,1265,588,711
E02003188,5433,3001,1612,486,334
E02003189,3935,1671,1317,430,517
E02003190,5441,3011,1546,495,389
E02003191,3840,1385,1553,422,480
E02003192,5008,2422,1680,499,407
E02006883,3204,1724,1094,244,142
E02006885,3898,1905,1485,318,190
E02003012,4806,1649,1681,717,759
E02003013,4850,1520,1446,790,1094
E02003014,3331,1092,1046,594,599
E02003015,2436,707,846,427,456
E02003016,3059,897,965,543,654
E02003017,2736,978,949,370,439
E02003018,2393,697,819,369,508
E02003019,3995,1227,1406,604,758
E02003020,2504,721,880,356,547
E02003021,2670,715,849,459,647
E02003022,2389,593,847,402,547
E02003023,2630,919,901,362,448
E02003024,3599,1328,1123,520,628
E02003025,2726,871,833,410,612
E02003026,3241,965,1289,434,553
E02003027,4578,1238,1415,742,1183
E02003028,3430,1086,1048,439,857
E02003029,2448,709,759,385,595
E02003030,3088,1125,968,422,573
E02003031,4083,1269,1243,587,984
E02003032,3083,985,1048,469,581
E02003033,3613,1213,1184,422,794
E02003034,5569,2239,1710,743,877
E02003036,3913,1765,1251,334,563
E02003037,4038,1613,1365,456,604
E02003038,2795,932,919,443,501
E02003039,3518,1263,1082,540,633
E02003040,4392,1727,1503,641,521
E02003041,2979,1266,1090,280,343
E02003043,4647,2047,1402,414,784
E02003044,2513,731,944,391,447
E02003045,2988,1257,1060,273,398
E02003046,4107,1323,1450,650,684
E02003047,4474,1551,1511,640,772
E02003048,3212,1250,1146,445,371
E02003049,3122,916,1141,524,541
E02003050,4322,1839,1528,530,425
E02003051,2831,828,983,456,564
E02003052,2835,787,1083,489,476
E02003053,3342,995,1088,536,723
E02003054,2698,783,920,448,547
E02003055,3118,784,920,572,842
E02003056,2841,790,835,520,696
E02003057,2434,683,877,374,500
E02003058,3836,1169,1333,619,715
E02003059,2374,672,848,358,496
E02003060,4591,1367,1636,714,874
E02003061,2481,797,814,408,462
E02003062,2435,804,746,365,520
E02003063,2947,685,1198,488,576
E02003064,2834,949,923,452,510
E02006887,3380,1738,1099,288,255
E02006888,2857,1117,756,387,597
E02006889,3015,1121,819,427,648
E02006890,3621,1315,1040,565,701
E02003892,2769,806,1107,400,456
E02003893,2819,708,1255,363,493
E02003894,3479,972,1383,518,606
E02003895,3379,915,1305,499,660
E02003896,2608,944,930,348,386
E02003897,2228,475,932,352,469
E02003898,2879,719,1285,397,478
E02003899,2372,747,893,361,371
E02003900,3090,894,1117,514,565
E02003901,3369,1044,1385,429,511
E02003902,2383,750,837,365,431
E02003903,2872,822,1197,394,459
E02003904,2509,857,1023,299,330
E02003905,2556,656,949,430,521
E02003906,2362,704,901,337,420
E02003907,3404,1082,1275,479,568
E02003908,3387,1032,1134,565,656
E02003909,3914,1116,1487,630,681
E02003910,3002,1222,1020,391,369
E02003911,3594,957,1479,480,678
E02003912,3496,1131,1359,428,578
E02003913,2564,736,1083,316,429
E02003914,3146,976,1159,487,524
E02003915,3308,1076,1082,476,674
E02003916,3034,1207,930,356,541
E02003917,3167,884,1145,516,622
E02003918,2969,833,1187,467,482
E02003919,2998,1038,975,466,519
E02003920,3093,920,1151,473,549
E02003921,2517,697,995,355,470
E02003922,3262,958,1145,532,627
E02003923,3090,911,1132,487,560
E02003924,3123,1066,1121,434,502
E02003925,2892,736,1064,495,597
E02003926,3117,719,1225,491,682
E02003927,3674,1064,1487,483,640
E02003928,4916,1278,1879,804,955
E02003929,2957,895,1180,423,459
E02003930,3600,1011,1499,497,593
E02003931,4484,1487,1771,526,700
E02003932,2853,711,1183,416,543
E02003933,3078,959,1266,380,473
E02003934,2734,646,1157,409,522
E02003935,3926,1240,1405,564,717
E02003936,3414,858,1478,454,624
E02003937,2396,790,929,292,385
E02003938,2810,847,1069,366,528
E02003939,2955,987,1057,417,494
E02003940,2553,649,1074,372,458
E02003941,3098,868,1169,482,579
E02003942,3148,1007,1064,518,559
E02003943,3445,1237,1245,458,505
E02003944,4031,1262,1450,574,745
E02003945,2656,809,1123,358,366
E02003946,3714,1078,1456,528,652
E02003947,2753,796,1074,414,469
E02003948,3685,1268,1314,499,604
E02003949,3472,1669,1056,411,336
E02003950,2429,839,901,327,362
E02003951,2920,1010,1186,387,337
E02003952,2853,845,1121,415,472
E02003953,4232,1036,1599,710,887
E02003954,3091,1143,1062,429,457
E02003955,4032,1207,1489,646,690
E02003956,2884,701,1115,484,584
E02003957,4192,1148,1596,621,827
E02003958,3180,773,1211,525,671
E02003959,2841,806,996,495,544
E02003960,2577,806,1055,319,397
E02003961,3866,932,1575,627,732
E02003962,2587,727,991,391,478
E02003963,4195,1533,1436,587,639
E02003964,3407,1037,1458,375,537
E02006781,989,336,378,122,153
E02003065,3960,1400,1460,477,623
E02003066,2613,645,1157,359,452
E02003067,3174,895,1134,470,675
E02003068,2671,759,1075,364,473
E02003069,2390,704,1039,291,356
E02003070,4942,1119,1969,807,1047
E02003071,3521,1278,1251,432,560
E02003072,4127,1323,1594,542,668
E02003073,2651,569,1041,438,603
E02003074,3448,1021,1202,575,650
E02003075,2288,490,901,345,552
E02003076,3761,919,1429,569,844
E02003077,2491,649,962,362,518
E02003078,2756,661,1100,401,594
E02003079,3905,959,1377,702,867
E02003080,3917,1293,1473,518,633
E02003081,4126,1209,1713,536,668
E02003082,4453,2168,1544,399,342
E02003084,4665,2305,1302,499,559
E02003085,3307,1186,972,548,601
E02003086,2810,1220,885,313,392
E02003087,4029,1042,1768,561,658
E02003088,3451,913,1436,458,644
E02003089,2532,738,1015,377,402
E02006845,3352,916,1230,558,648
E02006846,2887,734,971,567,615
E02003122,2843,653,1273,413,504
E02003123,3508,1005,1349,543,611
E02003124,3333,985,1155,561,632
E02003125,2648,817,985,424,422
E02003126,2909,775,1101,520,513
E02003127,3060,837,1058,522,643
E02003128,3823,1242,1336,612,633
E02003129,2760,763,1015,428,554
E02003130,4392,1281,1558,763,790
E02003131,3193,848,1198,556,591
E02003132,3398,995,1237,513,653
E02003133,3012,697,1180,531,604
E02003134,2735,714,893,501,627
E02003135,3008,803,1038,568,599
E02003136,3286,831,1332,520,603
E02003137,3125,798,1164,474,689
E02003138,3138,895,1097,519,627
E02003139,2544,442,1017,493,592
E02003140,3126,763,1172,511,680
E02003141,3690,1383,1250,568,489
E02003142,3877,1202,1310,654,711
E02003143,3295,919,1186,550,640
E02003144,3257,1142,1010,329,776
E02003145,3049,1086,1034,433,496
E02003146,3522,1070,1096,516,840
E02003147,3579,1527,987,507,558
E02003148,4376,2222,1274,391,489
E02003149,4158,1697,1236,519,706
E02003150,6100,3135,1761,598,606
E02003151,3213,799,1418,470,526
E02003152,3971,1048,1532,607,784
E02003153,3379,943,1250,530,656
E02003194,2440,563,1034,363,480
E02003195,2176,471,823,387,495
E02003196,4197,971,1671,627,928
E02003197,2809,709,1004,502,594
E02003198,2898,717,980,571,630
E02003199,3986,1120,1536,631,699
E02003200,4139,1107,1550,674,808
E02003201,4458,1358,1457,752,891
E02003202,2671,878,989,391,413
E02003203,3173,906,1128,555,584
E02003204,3781,1186,1382,558,655
E02003205,3354,867,1191,543,753
E02003206,4077,1222,1456,590,809
E02003207,2861,746,1013,472,630
E02003208,5025,2047,1720,686,572
E02003209,2686,822,1032,424,408
E02003210,4386,1653,1631,500,602
E02003211,4413,1791,1920,363,339
E02003090,2802,762,1080,397,563
E02003091,2756,730,1017,446,563
E02003092,2801,526,1049,469,757
E02003093,2726,635,1154,400,537
E02003094,3319,729,1271,572,747
E02003095,2723,583,998,457,685
E02003096,2719,789,929,439,562
E02003097,2681,728,1097,356,500
E02003098,4145,1171,1308,711,955
E02003099,2842,772,1038,458,574
E02003100,4514,1316,1629,700,869
E02003101,4289,1062,1440,805,982
E02003102,2577,525,1029,405,618
E02003103,2793,636,896,555,706
E02003104,3196,891,1093,508,704
E02003105,2554,628,960,411,555
E02003106,3596,993,1277,583,743
E02003107,4514,1437,1467,665,945
E02003108,3813,965,1490,561,797
E02003109,2445,585,954,316,590
E02003110,3998,826,1391,684,1097
E02003111,2689,893,858,374,564
E02003112,2635,733,899,431,572
E02003113,4161,1036,1577,635,913
E02003114,3133,1017,1140,453,523
E02003115,3994,1248,1449,613,684
E02003116,3264,1017,1139,510,598
E02003117,3615,1051,1272,583,709
E02003118,4250,1208,1422,721,899
E02003119,4163,986,1546,711,920
E02003120,3531,947,1347,495,742
E02003121,4300,1129,1682,632,857
E02003212,3607,1063,1371,542,631
E02003214,2745,904,871,453,517
E02003215,3068,839,1242,466,521
E02003216,3911,1115,1476,600,720
E02003217,2775,875,934,419,547
E02003218,2596,743,768,427,658
E02003219,2536,460,1060,424,592
E02003220,4321,1242,1586,610,883
E02003221,2872,1010,890,478,494
E02003222,2525,623,801,505,596
E02003223,4306,1400,1485,714,707
E02003224,3814,1021,1554,552,687
E02003225,2552,776,823,438,515
E02003226,3345,1270,828,481,766
E02003227,2789,1085,748,434,522
E02003228,2698,803,886,409,600
E02003229,2300,537,808,473,482
E02003230,3548,1520,1148,444,436
E02003231,3445,1007,1094,576,768
E02003232,3522,1127,1232,573,590
E02003233,3838,1274,1211,640,713
E02003234,3615,1002,1287,605,721
E02003235,3349,1105,1293,421,530
E02003236,4403,1169,1695,671,868
E02006847,3551,707,1182,735,927
E02006848,2892,786,1023,542,541
E02006849,3437,680,1176,629,952
E02003154,3038,860,1132,476,570
E02003155,2568,906,891,375,396
E02003156,3944,1010,1514,648,772
E02003157,2819,1066,883,433,437
E02003158,2529,979,874,333,343
E02003159,2449,774,833,392,450
E02003161,3553,1795,1092,377,289
E02003163,4109,1847,1651,335,276
E02003164,3821,1119,1524,536,642
E02003165,3038,834,1195,473,536
E02003166,4349,1203,1564,700,882
E02003167,4448,2149,1407,404,488
E02003168,3081,950,1197,447,487
E02003169,3027,851,1372,374,430
E02003170,4500,1597,1849,528,526
E02003171,3236,956,1303,464,513
E02006840,4501,1296,1678,658,869
E02006634,3533,881,1380,525,747
E02006635,3415,1121,1223,485,586
E02006636,3059,943,1176,425,515
E02006637,4505,1217,1688,729,871
E02006638,3076,1204,1112,383,377
E02006639,3391,741,1516,499,635
E02006640,2941,697,1236,433,575
E02006641,2968,774,1186,431,577
E02006642,2412,570,1011,368,463
E02006643,4512,871,1481,870,1290
E02006644,2782,637,1121,476,548
E02006645,2992,805,1125,445,617
E02006646,2242,520,911,340,471
E02006647,2337,421,1014,374,528
E02006648,2398,586,930,363,519
E02006649,2979,909,1068,492,510
E02006650,4387,924,1784,780,899
E02006651,2760,589,1101,380,690
E02006652,3703,885,1243,637,938
E02006653,3989,956,1462,699,872
E02006654,4291,1552,1517,608,614
E02006655,2703,523,1127,428,625
E02006656,2867,745,927,500,695
E02006657,3951,995,1387,641,928
E02006658,3162,937,1234,438,553
E02006659,2997,690,1163,523,621
E02006660,5481,1511,2087,863,1020
E02006661,2808,430,999,618,761
E02006662,2367,539,880,410,538
E02006663,4264,1023,1522,778,941
E02006664,2683,582,1205,373,523
E02006665,2953,869,1297,362,425
E02006666,2338,620,853,387,478
E02006667,2509,598,836,501,574
E02006668,2517,700,935,377,505
E02006669,4358,1260,1824,569,705
E02006670,3068,1095,1068,459,446
E02006671,2791,1098,954,386,353
E02006672,2728,682,1105,411,530
E02006673,2435,1001,848,266,320
E02006674,2425,760,815,373,477
E02006675,3229,696,1387,463,683
E02006676,2658,799,1134,316,409
E02006677,3201,752,1348,458,643
E02006678,3033,761,1169,467,636
E02006679,3872,849,1563,629,831
E02006680,3251,1119,1105,430,597
E02006681,2538,702,1033,320,483
E02006682,4286,1390,1628,564,704
E02006683,3094,651,1235,502,706
E02006684,2778,995,898,433,452
E02006685,3234,883,1232,503,616
E02006686,2130,506,769,352,503
E02006687,3017,811,1044,555,607
E02006688,2447,707,907,382,451
E02006689,2584,561,1124,386,513
E02006690,2865,702,1247,414,502
E02006691,5595,1509,2017,920,1149
E02006692,2290,608,827,393,462
E02006693,2462,638,993,391,440
E02006694,2791,1010,1048,375,358
E02006695,2762,735,1191,353,483
E02004129,2363,600,1058,302,403
E02004130,2873,1102,1062,335,374
E02004131,2421,662,974,373,412
E02004132,3349,745,1370,482,752
E02004133,3711,1211,1485,453,562
E02004134,2810,704,1111,407,588
E02004135,3604,1034,1614,418,538
E02004136,3398,915,1379,432,672
E02004137,2375,661,1078,266,370
E02004138,3564,1375,1524,326,339
E02004139,3032,1005,1248,395,384
E02004140,2606,1059,1105,224,218
E02004141,2472,666,1024,350,432
E02004142,2224,561,977,311,375
E02004143,2679,678,1101,418,482
E02004144,2973,841,1226,425,481
E02004145,2896,1034,1248,275,339
E02004146,3043,826,1134,512,571
E02004147,3328,1289,1137,441,461
E02004148,3350,1301,1295,334,420
E02004149,2681,741,1104,363,473
E02004150,2835,885,847,479,624
E02004151,3284,858,1226,521,679
E02004152,2986,1108,757,301,820
E02004153,3219,893,1178,561,587
E02004154,3183,1004,920,473,786
E02004155,3305,1079,1093,505,628
E02004156,4766,2538,1343,422,463
E02004157,2993,1206,998,340,449
E02004158,3317,1018,1092,576,631
E02004159,3939,1018,1520,683,718
E02004160,3030,886,1115,427,602
E02004161,3313,1042,1031,543,697
E02004162,3247,1095,1208,465,479
E02004163,3144,1184,1140,383,437
E02004164,2747,627,1208,390,522
E02004165,3433,866,1464,480,623
E02004166,2715,708,1033,423,551
E02004167,3015,960,1041,451,563
E02004168,2734,967,897,421,449
E02004169,2858,657,1123,423,655
E02004170,3223,922,1160,541,600
E02004171,3144,839,1187,477,641
E02004172,2571,646,1067,372,486
E02004173,2922,668,1185,436,633
E02004174,3396,1135,1220,481,560
E02004175,2491,944,849,294,404
E02004176,2421,730,1020,290,381
E02004177,2541,800,908,399,434
E02004178,2260,590,905,335,430
E02004179,3717,1069,1407,573,668
E02004180,2273,463,939,340,531
E02004181,2571,821,925,385,440
E02004182,2896,1171,898,351,476
E02004183,2654,929,989,337,399
E02004184,3532,943,1257,590,742
E02004185,2510,653,1113,323,421
E02004186,3426,809,1422,504,691
E02004187,3966,1141,1554,557,714
E02004188,2743,783,1157,342,461
E02004189,2417,607,981,384,445
E02004190,3285,897,1283,448,657
E02004191,3848,1505,1283,516,544
E02004192,3230,921,1418,398,493
E02004193,4741,1148,1674,819,1100
E02004194,2655,749,1042,374,490
E02004195,2635,983,1048,321,283
E02004196,3111,880,1294,412,525
E02004197,2874,806,1329,341,398
E02004198,2980,1057,1089,390,444
E02004199,2550,786,1192,266,306
E02004200,2532,903,1121,218,290
E02004201,2231,585,986,275,385
E02004202,3332,927,1297,484,624
E02004203,2425,640,1052,320,413
E02004204,4038,1173,1580,544,741
E02004205,2759,794,1088,394,483
E02004206,3216,1241,1255,356,364
E02004207,2534,645,1056,359,474
E02004208,3423,886,1515,485,537
E02004209,3553,983,1335,559,676
E02004210,3268,1422,1049,382,415
E02004211,2946,870,1319,353,404
E02004212,2494,663,929,417,485
E02004213,2049,495,844,349,361
E02004214,2821,1154,845,420,402
E02004215,2390,817,783,362,428
E02004216,2383,603,993,361,426
E02004217,3382,1056,1249,515,562
E02004218,2462,683,993,346,440
E02004219,2297,585,953,319,440
E02004220,3027,1091,1230,357,349
E02004221,2767,934,1233,304,296
E02004222,2762,1127,920,322,393
E02004223,4793,1357,1760,752,924
E02004224,2640,691,1107,355,487
E02004225,2438,760,847,370,461
E02004226,3047,835,1345,381,486
E02004227,3682,936,1470,532,744
E02004228,2830,671,1244,373,542
E02004229,3272,796,1396,450,630
E02004230,3242,986,1217,471,568
E02004231,2710,717,1136,387,470
E02004232,2639,606,1119,369,545
E02004233,5467,1823,2098,668,878
E02004234,2630,687,1158,336,449
E02004235,2765,799,1136,363,467
E02004236,2440,630,981,375,454
E02004237,3105,771,1142,444,748
E02004238,3503,1282,1505,320,396
E02004239,2627,840,1134,295,358
E02004240,2576,847,787,397,545
E02004241,4132,1468,1460,539,665
E02004242,3092,1018,1387,333,354
E02004243,2605,567,1063,415,560
E02004244,3096,736,1349,444,567
E02004245,2965,582,1169,512,702
E02004246,3040,689,1614,358,379
E02004247,2373,490,1019,350,514
E02004248,3492,1041,1595,393,463
E02004249,2223,465,975,318,465
E02004250,3569,1196,1488,416,469
E02004251,2757,693,1204,403,457
E02004252,3422,1388,1193,392,449
E02004253,3944,1055,1759,505,625
E02004254,4078,918,1559,687,914
E02004255,3399,1148,1293,429,529
E02004256,3769,886,1590,529,764
E02004257,3235,1094,1140,479,522
E02004258,4545,1326,1855,616,748
E02004259,2759,736,1212,347,464
E02004260,3328,723,1346,546,713
E02004261,4438,1451,1609,632,746
E02004262,3197,731,1447,442,577
E02004263,2463,660,1024,322,457
E02004264,3372,863,1304,562,643
E02004265,3690,1105,1461,538,586
E02004266,3313,841,1238,525,709
E02004267,2241,629,1004,264,344
E02004268,4504,1601,1794,488,621
E02004269,4213,1714,1521,466,512
E02004270,3226,822,1421,437,546
E02004271,4408,1314,1917,517,660
E02004272,4925,1329,2011,728,857
E02004273,3338,1162,1409,343,424
E02004274,3001,1091,1092,369,449
E02004275,3366,964,1496,442,464
E02004276,2813,1099,1095,301,318
E02004277,4573,1726,1539,608,700
E02004278,3876,1204,1431,543,698
E02004279,3323,836,1466,505,516
E02004280,3324,900,1396,474,554
E02004281,3176,1007,1082,504,583
E02004282,3912,1120,1776,473,543
E02004283,3709,1047,1470,522,670
E02004284,4743,2120,1592,569,462
E02004285,3299,1092,1147,515,545
E02004286,2122,528,818,322,454
E02004287,2399,686,891,372,450
E02004288,2094,712,720,313,349
E02004289,3081,826,1203,486,566
E02004600,2451,704,884,419,444
E02004601,2341,696,984,301,360
E02004602,2771,890,926,477,478
E02004603,2958,972,941,389,656
E02004604,3437,1193,997,568,679
E02004605,2443,841,745,359,498
E02004606,4147,1356,1395,609,787
E02004607,4794,2097,1629,510,558
E02004608,5072,2598,1718,367,389
E02004609,3125,860,1172,504,589
E02004610,3618,1423,1331,370,494
E02004611,4586,1270,1635,663,1018
E02004612,4155,1254,1535,615,751
E02004613,2755,882,994,373,506
E02004614,2276,699,830,298,449
E02004615,3589,1082,1526,426,555
E02004616,4055,1440,1545,492,578
E02004617,3428,1035,1365,479,549
E02004618,2990,733,1230,447,580
E02004619,3171,892,1317,403,559
E02004620,3149,804,1134,520,691
E02004621,3103,1454,1002,317,330
E02004622,2798,801,1041,407,549
E02004623,3451,963,1364,501,623
E02004624,2488,633,1003,362,490
E02004625,4014,1122,1607,563,722
E02004626,3645,856,1569,511,709
E02004627,2302,677,895,329,401
E02004628,3201,829,1212,514,646
E02004629,5333,1567,2034,767,965
E02004630,2605,645,1052,392,516
E02004631,2130,536,917,308,369
E02004632,4362,1315,1610,653,784
E02004633,3423,837,1383,533,670
E02004634,4263,1270,1525,617,851
E02004635,2903,694,1196,449,564
E02004636,3272,819,1201,561,691
E02004637,3965,1567,1301,518,579
E02004638,2285,535,832,404,514
E02004639,3935,1828,1170,420,517
E02004640,2987,909,788,470,820
E02004641,3260,991,1278,445,546
E02004642,4580,1048,1489,858,1185
E02004643,3000,806,906,523,765
E02004644,3547,1000,1167,604,776
E02004645,3941,977,1464,676,824
E02004646,3782,1296,1229,618,639
E02004647,2423,678,916,353,476
E02004648,2549,686,1027,411,425
E02004649,2812,663,980,519,650
E02004650,4025,892,1324,803,1006
E02004651,3173,777,1278,495,623
E02004652,2828,786,1245,355,442
E02004653,2569,564,990,416,599
E02004654,4731,1352,1731,653,995
E02004655,3193,935,1163,485,610
E02004656,4967,1798,1608,723,838
E02004657,2860,713,1123,419,605
E02004658,2681,662,1031,385,603
E02004659,2640,669,1091,353,527
E02004660,2760,742,1209,314,495
E02004661,3573,1042,1390,479,662
E02004662,2540,690,982,363,505
E02004663,2827,867,1010,395,555
E02004664,2909,905,1039,435,530
E02004665,3543,970,1285,501,787
E02004666,4600,1017,1735,807,1041
E02004667,4819,1721,1787,583,728
E02004668,3684,1044,1557,468,615
E02004669,2731,583,1226,395,527
E02004670,5574,1678,2080,805,1011
E02004671,2480,617,1041,382,440
E02004672,5251,1499,1898,832,1022
E02004673,2351,703,938,303,407
E02004674,3636,996,1366,560,714
E02006047,3418,894,1306,515,703
E02006048,2714,686,1026,425,577
E02006049,3167,826,1269,502,570
E02006050,3613,1282,1138,512,681
E02006051,3099,812,1277,415,595
E02006052,3187,907,1197,468,615
E02006053,3848,1127,1345,622,754
E02006054,3699,1446,1325,438,490
E02006055,3744,1128,1306,557,753
E02006056,3068,850,1198,422,598
E02006057,3410,1271,1221,434,484
E02006058,3085,689,1238,518,640
E02006059,2673,637,1097,424,515
E02006060,3432,1254,1126,459,593
E02006061,3791,1113,1401,520,757
E02006062,4423,1078,1893,628,824
E02006063,2748,596,1093,386,673
E02006064,3740,1475,1400,425,440
E02006065,3743,1150,1400,578,615
E02006066,3309,859,1384,492,574
E02006067,2972,786,1254,423,509
E02006068,3092,840,1067,538,647
E02006069,4435,1624,1438,660,713
E02006070,2955,846,1137,447,525
E02006071,3408,814,1327,536,731
E02006072,3758,832,1637,546,743
E02006073,2960,1001,903,458,598
E02006074,3467,830,1380,584,673
E02006075,2099,599,823,280,397
E02006076,3660,1065,1430,524,641
E02006077,2444,760,982,339,363
E02006078,2410,664,967,338,441
E02006079,3114,924,1284,423,483
E02006080,2502,651,996,369,486
E02006081,2253,560,952,321,420
E02006082,2840,832,1119,386,503
E02006083,2504,719,993,360,432
E02006084,3165,921,1334,397,513
E02006085,2549,675,1010,420,444
E02006086,2706,602,1052,413,639
E02006087,2640,815,900,467,458
E02006088,3149,1021,1003,506,619
E02006089,2939,1212,871,410,446
E02006090,2985,893,1070,480,542
E02006091,4254,1233,1686,556,779
E02006092,2659,748,1043,367,501
E02006093,3747,1130,1513,494,610
E02006094,2357,624,1030,347,356
E02006095,3585,1172,1407,453,553
E02006096,2849,772,1112,415,550
E02006097,2933,1079,988,437,429
E02006098,3158,820,1392,410,536
E02006099,2736,661,994,458,623
E02006100,2955,763,1169,447,576
E02006101,2420,734,899,366,421
E02006102,3083,1020,967,526,570
E02006103,3079,818,1258,408,595
E02006104,3264,959,1201,490,614
E02006105,4680,1643,1614,718,705
E02006106,2991,802,1193,459,537
E02006107,3458,1093,1134,574,657
E02006108,4029,1692,1439,442,456
E02006109,3355,953,1306,445,651
E02006110,3441,1191,1109,524,617
E02006111,4322,1079,1806,643,794
E02006112,3094,773,1308,434,579
E02006113,3340,1296,1203,379,462
E02006114,2887,988,1239,320,340
E02006115,3254,1074,1251,424,505
E02006116,3519,971,1624,391,533
E02006117,2623,883,1115,310,315
W02000001,3793,1234,1330,553,676
W02000002,2916,908,1150,399,459
W02000003,4673,1801,1406,645,821
W02000004,3241,964,1303,428,546
W02000005,3997,1295,1605,487,610
W02000006,2847,873,969,438,567
W02000007,3003,910,1043,476,574
W02000008,2789,891,946,446,506
W02000009,3335,1012,1189,508,626
W02000010,2785,986,679,333,787
W02000011,3011,832,910,488,781
W02000012,3546,1113,1160,544,729
W02000013,2720,811,892,444,573
W02000014,2949,965,925,447,612
W02000015,3508,1222,1085,550,651
W02000016,2767,937,886,420,524
W02000017,3335,1099,1167,408,661
W02000018,2997,1175,963,344,515
W02000019,3218,1208,1105,419,486
W02000020,2958,991,1012,378,577
W02000021,3654,1391,1186,468,609
W02000022,2881,1090,1068,315,408
W02000023,2698,1009,920,321,448
W02000024,2556,898,867,355,436
W02000025,3160,1328,1020,377,435
W02000026,3730,1493,1454,379,404
W02000027,4228,1960,1340,462,466
W02000028,3043,990,1075,442,536
W02000029,2806,863,1164,357,422
W02000030,3002,1249,1105,295,353
W02000031,3606,1005,1428,535,638
W02000032,3539,1155,1376,467,541
W02000033,3002,1233,891,380,498
W02000034,3258,1018,1129,491,620
W02000035,3763,1121,1330,561,751
W02000036,4986,1695,2040,620,631
W02000037,3023,899,1119,447,558
W02000038,2755,929,995,393,438
W02000039,3502,1169,1233,502,598
W02000040,2807,765,1047,395,600
W02000041,3857,1246,1396,534,681
W02000042,2622,870,1000,362,390
W02000043,2217,643,759,337,478
W02000044,2391,782,944,299,366
W02000045,4084,1790,1246,422,626
W02000047,2058,564,619,322,553
W02000049,2709,732,1016,426,535
W02000050,2789,805,1059,435,490
W02000051,2263,697,854,306,406
W02000052,2305,792,759,378,376
W02000053,2631,697,953,430,551
W02000054,2460,627,992,362,479
W02000055,2406,837,852,292,425
W02000056,2172,584,807,326,455
W02000057,2786,945,1049,358,434
W02000419,4653,1349,1759,728,817
W02000058,2291,714,858,329,390
W02000059,2691,674,1035,429,553
W02000060,4491,1408,1413,757,913
W02000061,2862,1001,883,412,566
W02000062,2400,463,851,460,626
W02000063,3506,874,1419,539,674
W02000064,2596,832,824,419,521
W02000065,3000,654,1144,550,652
W02000066,4150,1364,1325,667,794
W02000067,2494,469,994,442,589
W02000068,2453,788,837,379,449
W02000069,2524,624,962,421,517
W02000070,4266,1024,1549,714,979
W02000071,3049,702,1240,498,609
W02000072,4668,1252,1701,798,917
W02000073,4313,1320,1501,635,857
W02000074,4098,1311,1433,658,696
W02000075,2224,476,842,394,512
W02000076,3169,846,1256,481,586
W02000077,2536,681,947,445,463
W02000080,3287,878,1135,587,687
W02000081,2331,607,815,439,470
W02000082,3171,937,1061,603,570
W02000083,3668,1089,1231,629,719
W02000084,2240,595,911,352,382
W02000085,3965,1269,1440,602,654
W02000086,2239,727,749,351,412
W02000087,2938,855,857,548,678
W02000088,3515,1124,1155,597,639
W02000089,3781,1398,1140,621,622
W02000090,2422,656,861,371,534
W02000091,2636,736,962,432,506
W02000092,3079,1076,962,475,566
W02000093,2826,795,1023,458,550
W02000094,3818,1129,1274,638,777
W02000095,2697,666,1064,414,553
W02000096,2839,850,1025,418,546
W02000420,5577,1430,2117,886,1144
W02000097,3893,1125,1535,502,731
W02000098,2641,679,1062,366,534
W02000099,2955,1108,946,398,503
W02000100,2748,872,1052,345,479
W02000101,2350,648,952,294,456
W02000102,2652,704,1051,374,523
W02000103,2349,579,970,311,489
W02000104,2880,1076,1026,339,439
W02000105,2135,680,661,327,467
W02000106,2954,941,1119,407,487
W02000107,4449,1334,1845,583,687
W02000108,3210,1011,1357,388,454
W02000109,2583,1080,876,302,325
W02000110,3072,948,1196,382,546
W02000111,3751,1236,1403,488,624
W02000113,3635,1284,1280,479,592
W02000114,2970,823,1223,417,507
W02000414,2565,703,1008,391,463
W02000416,4553,1528,1598,677,750
W02000116,3291,1009,1171,483,628
W02000117,3321,1378,917,373,653
W02000118,2840,933,917,438,552
W02000120,3257,1061,1198,452,546
W02000122,2921,854,1184,365,518
W02000123,3432,1093,1261,464,614
W02000124,4165,1587,1452,512,614
W02000125,3308,1032,1277,463,536
W02000421,5027,1509,1880,717,921
W02000126,3537,1044,1377,488,628
W02000127,4462,1584,1652,539,687
W02000128,3130,936,1237,409,548
W02000129,2807,707,1117,405,578
W02000130,3118,1141,986,431,560
W02000131,3020,935,1089,465,531
W02000132,2702,784,1009,400,509
W02000133,3322,895,1328,468,631
W02000134,3633,976,1426,564,667
W02000135,3097,1054,1065,430,548
W02000136,3708,1058,1538,507,605
W02000137,3047,960,1079,447,561
W02000138,4171,1310,1452,600,809
W02000139,3318,883,1416,420,599
W02000140,3046,979,1089,425,553
W02000141,3004,1146,1112,354,392
W02000142,2406,698,900,367,441
W02000143,2516,783,990,346,397
W02000144,3274,901,1319,461,593
W02000145,3124,995,1172,440,517
W02000146,2732,668,1092,423,549
W02000147,3221,919,1142,479,681
W02000148,2267,745,786,345,391
W02000149,2945,1143,1032,410,360
W02000151,3209,963,1153,518,575
W02000152,3387,973,1235,544,635
W02000153,3351,971,1277,497,606
W02000154,3344,1121,1140,512,571
W02000156,3381,868,1247,592,674
W02000157,3845,1107,1386,625,727
W02000158,2409,656,886,405,462
W02000159,2575,742,939,406,488
W02000160,3193,821,1271,530,571
W02000161,2320,692,776,385,467
W02000162,3781,1177,1400,563,641
W02000163,2371,797,763,382,429
W02000164,3035,950,1099,458,528
W02000165,2827,858,929,492,548
W02000166,3616,984,1289,618,725
W02000167,4551,1810,1417,604,720
W02000418,5149,1428,1996,729,996
W02000168,2661,805,887,452,517
W02000169,4034,1251,1366,660,757
W02000170,3868,1099,1344,676,749
W02000171,3288,878,1107,619,684
W02000172,4201,1339,1365,689,808
W02000173,2987,735,1038,567,647
W02000174,3867,1077,1373,647,770
W02000175,3416,1150,1100,572,594
W02000176,4011,1323,1445,611,632
W02000177,2982,802,1093,525,562
W02000178,3753,1272,1067,644,770
W02000179,2807,751,1014,465,577
W02000180,3416,1024,1144,569,679
W02000181,2980,986,1024,436,534
W02000182,3446,1123,1096,578,649
W02000183,4279,1609,1390,637,643
W02000184,3176,1136,1040,457,543
W02000185,2175,574,798,356,447
W02000186,3850,1306,1204,702,638
W02000187,2373,574,923,386,490
W02000188,3321,1200,1101,498,522
W02000189,3678,1476,1159,460,583
W02000190,2027,617,772,286,352
W02000191,3916,1404,1133,481,898
W02000192,5079,2973,1365,351,390
W02000193,3609,1352,906,353,998
W02000194,2448,768,963,314,403
W02000195,2672,852,1047,331,442
W02000196,3062,1143,1096,397,426
W02000197,2637,670,1073,372,522
W02000198,3478,1216,1324,442,496
W02000200,2232,659,754,390,429
W02000201,2336,672,837,435,392
W02000202,4904,1412,1681,888,923
W02000203,2813,774,976,492,571
W02000204,2940,744,1138,513,545
W02000205,2595,757,960,421,457
W02000206,3367,1452,1063,447,405
W02000207,2139,497,825,396,421
W02000208,3773,1034,1342,693,704
W02000209,2264,696,763,365,440
W02000210,2663,738,864,489,572
W02000211,3588,1239,1202,561,586
W02000212,3342,985,1179,581,597
W02000213,2924,791,1097,512,524
W02000214,4151,1226,1422,710,793
W02000215,4234,1548,1320,678,688
W02000216,3019,922,1006,534,557
W02000217,2716,741,974,482,519
W02000417,4393,1372,1507,739,775
W02000218,2966,854,997,531,584
W02000219,3223,993,1075,556,599
W02000220,3449,1039,1184,608,618
W02000221,3230,867,1131,577,655
W02000222,2585,661,936,477,511
W02000223,2337,661,858,415,403
W02000224,2556,714,903,469,470
W02000225,3783,1097,1286,662,738
W02000226,4163,1008,1595,723,837
W02000227,3023,864,1128,510,521
W02000228,2350,593,924,394,439
W02000229,2616,766,907,445,498
W02000230,2171,461,885,384,441
W02000231,3770,1376,1257,556,581
W02000232,2427,551,908,481,487
W02000233,2602,686,911,533,472
W02000234,4112,947,1351,826,988
W02000235,4073,1372,1536,538,627
W02000236,3079,962,1147,466,504
W02000237,2158,461,888,372,437
W02000238,2715,763,1114,369,469
W02000239,2688,592,1081,412,603
W02000240,3628,1018,1233,638,739
W02000241,4554,1787,1491,589,687
W02000242,3333,903,1285,524,621
W02000243,3784,1106,1211,712,755
W02000244,4318,1296,1552,623,847
W02000245,3586,1035,1174,650,727
W02000246,2347,597,924,407,419
W02000247,3637,948,1391,592,706
W02000248,4624,1455,1466,824,879
W02000249,3934,1436,1186,619,693
W02000250,4307,1065,1539,747,956
W02000251,3892,1389,1333,576,594
W02000367,2456,594,977,326,559
W02000368,2488,678,849,441,520
W02000369,3115,663,1073,632,747
W02000370,2957,946,1142,362,507
W02000371,3989,1395,1245,588,761
W02000372,3060,678,1123,589,670
W02000373,2668,762,839,474,593
W02000374,2293,558,845,348,542
W02000375,2783,762,876,515,630
W02000376,2989,1069,902,459,559
W02000377,2876,754,992,524,606
W02000378,3096,882,1067,473,674
W02000379,2562,756,790,478,538
W02000380,2764,547,1047,514,656
W02000381,2799,1029,824,434,512
W02000382,2342,782,663,400,497
W02000383,3027,981,906,526,614
W02000384,2322,607,814,364,537
W02000385,2453,686,829,349,589
W02000386,3349,1061,1097,487,704
W02000387,2419,670,833,440,476
W02000388,2384,629,809,413,533
W02000389,3504,1088,1133,576,707
W02000390,2365,654,909,322,480
W02000391,2426,649,675,424,678
W02000392,3794,1269,1241,579,705
W02000393,2963,1163,902,432,466
W02000394,2739,652,594,413,1080
W02000395,2727,952,868,414,493
W02000396,2963,887,791,449,836
W02000397,2985,1122,894,418,551
W02000398,3453,1323,828,352,950
W02000399,4602,2037,1324,502,739
W02000400,3147,1334,1055,354,404
W02000401,2688,967,850,419,452
W02000402,4064,1792,1139,477,656
W02000403,3077,1019,935,518,605
W02000404,2786,1139,799,404,444
W02000405,2996,843,887,593,673
W02000406,3566,1210,1144,531,681
W02000407,2637,836,832,409,560
W02000408,3011,1304,741,308,658
W02000409,2541,788,853,431,469
W02000410,3039,976,814,407,842
W02000411,2703,887,816,443,557
W02000412,2804,1005,803,378,618
W02000422,3654,1825,1454,264,111
W02000423,4132,1931,1383,410,408
W02000252,3742,1036,1330,627,749
W02000253,2722,860,950,458,454
W02000254,3356,1046,1152,571,587
W02000255,2718,868,936,423,491
W02000256,4329,1450,1384,713,782
W02000257,3282,1112,1100,504,566
W02000258,2573,915,824,397,437
W02000259,2427,716,787,451,473
W02000260,2640,905,856,445,434
W02000261,3362,1097,1108,592,565
W02000262,2322,773,758,392,399
W02000263,2694,786,895,480,533
W02000264,2657,916,837,451,453
W02000265,3944,1250,1308,680,706
W02000266,3183,929,1026,600,628
W02000267,2804,862,900,519,523
W02000268,4030,1333,1307,673,717
W02000269,3598,1104,1144,646,704
W02000270,2888,893,1014,490,491
W02000271,2487,821,806,438,422
W02000272,4294,1326,1486,686,796
W02000273,3732,1116,1103,639,874
W02000274,3921,1013,1249,786,873
W02000275,2501,689,883,463,466
W02000276,2518,696,1002,386,434
W02000277,3098,998,1127,473,500
W02000278,3623,699,1319,706,899
W02000279,3166,820,1113,564,669
W02000280,3266,802,1151,607,706
W02000281,3293,961,1190,555,587
W02000282,4493,1083,1629,790,991
W02000284,4048,1078,1376,774,820
W02000285,3385,797,1285,610,693
W02000286,2966,1063,978,444,481
W02000287,3380,919,1126,630,705
W02000288,3512,1072,1162,598,680
W02000289,3316,770,1182,663,701
W02000415,3657,860,1212,735,850
W02000290,3857,1205,1296,694,662
W02000291,3151,935,995,570,651
W02000292,2432,732,805,442,453
W02000293,2645,776,893,500,476
W02000294,2363,607,871,408,477
W02000295,3790,891,1369,711,819
W02000296,3214,885,1098,595,636
W02000297,3214,794,1187,585,648
W02000298,2940,693,1021,583,643
W02000299,2743,782,982,482,497
W02000300,3535,922,1251,634,728
W02000301,3039,721,1035,564,719
W02000302,4114,1121,1523,701,769
W02000303,2948,789,1090,507,562
W02000304,2436,788,846,366,436
W02000305,2743,732,1026,484,501
W02000306,2364,828,784,352,400
W02000307,2778,777,898,505,598
W02000308,3760,930,1283,730,817
W02000309,2837,768,1000,477,592
W02000310,2215,527,840,380,468
W02000311,4077,1169,1482,666,760
W02000312,3100,809,1110,543,638
W02000313,4184,1015,1550,716,903
W02000314,3011,852,1078,526,555
W02000315,2457,849,808,404,396
W02000316,3058,906,1046,552,554
W02000317,3283,969,1086,639,589
W02000318,3959,1133,1353,697,776
W02000319,3673,1311,1219,604,539
W02000320,3696,1182,1193,653,668
W02000321,3985,1295,1287,736,667
W02000322,3294,1111,1115,553,515
W02000323,2645,882,870,420,473
W02000324,2938,801,1022,521,594
W02000325,2923,814,943,533,633
W02000326,3845,1126,1349,683,687
W02000327,2632,746,1017,422,447
W02000328,3043,855,1079,526,583
W02000329,3233,976,1103,583,571
W02000330,3314,1099,1229,431,555
W02000331,2653,675,826,521,631
W02000332,3127,1197,1007,413,510
W02000333,2611,608,940,499,564
W02000334,2753,614,1011,536,592
W02000335,2807,770,1012,459,566
W02000336,3653,1227,1355,498,573
W02000337,3316,1121,1100,502,593
W02000338,3337,976,1298,500,563
W02000339,4520,1482,1626,623,789
W02000340,2971,705,1245,448,573
W02000341,3381,927,1293,503,658
W02000342,3780,754,1600,552,874
W02000343,3709,1192,1264,579,674
W02000344,3033,656,1208,497,672
W02000345,3458,939,1285,599,635
W02000346,3075,613,1114,561,787
W02000347,3433,974,1270,549,640
W02000348,3363,909,1229,568,657
W02000349,3306,1086,1093,514,613
W02000350,2974,671,1173,477,653
W02000351,2715,957,850,425,483
W02000352,3019,1065,1038,440,476
W02000353,2955,845,986,539,585
W02000354,2587,809,936,368,474
W02000355,3386,783,1244,604,755
W02000356,2273,737,709,363,464
W02000357,3289,1078,1015,503,693
W02000358,2534,758,922,368,486
W02000359,4074,1354,1214,625,881
W02000360,2831,1257,781,339,454
W02000361,3977,979,1376,676,946
W02000362,2605,823,867,406,509
W02000363,2624,963,893,375,393
W02000364,2957,1198,687,331,741
W02000365,3077,924,939,530,684
W02000366,3193,679,1137,596,781
