geography code,total,1,2,3,4,5,6+
E02002559,3646,2,26,118,393,736,2371
E02002560,2511,1,14,40,420,827,1209
E02002561,2507,1,8,117,472,702,1207
E02002562,2933,6,85,459,814,757,812
E02002563,2343,3,14,121,543,733,929
E02002564,4137,6,43,447,747,1218,1676
E02002565,2667,6,19,89,768,869,916
E02002566,3475,82,163,648,848,859,875
E02002567,3209,7,67,225,899,1016,995
E02002568,2634,17,88,270,343,259,1657
E02002569,3912,2,11,154,402,559,2784
E02002570,3723,15,86,540,945,1054,1083
E02002571,2758,3,33,222,717,978,805
E02002572,2727,2,51,241,639,794,1000
E02002573,3488,1,28,140,443,778,2098
E02004290,2518,1,41,90,390,651,1345
E02004291,3131,3,25,202,933,1119,849
E02004292,3523,10,23,274,569,910,1737
E02004293,4412,14,51,720,779,1673,1175
E02004294,3655,4,25,141,853,714,1918
E02004295,3213,0,18,144,712,830,1509
E02004296,3529,8,31,228,732,1218,1312
E02004297,3550,2,18,132,843,1024,1531
E02004298,4178,5,12,105,748,1086,2222
E02004299,3758,5,38,138,1006,1102,1469
E02004300,3491,2,32,87,1222,1032,1116
E02004301,3913,4,36,148,1274,1281,1170
E02004302,3530,5,34,210,1007,1065,1209
E02004303,5253,12,85,285,1533,1387,1951
E02004304,3896,4,44,108,876,1357,1507
E02004305,3816,4,36,118,859,1263,1536
E02004306,2681,3,15,91,488,691,1393
E02004307,2878,2,18,113,764,790,1191
E02004308,2987,0,18,117,475,514,1863
E02004309,2769,0,13,326,650,776,1004
E02004310,3526,1,22,228,755,1090,1430
E02004311,4118,12,27,258,1059,1216,1546
E02004312,3409,3,36,177,562,677,1954
E02004313,2957,3,28,307,635,1078,906
E02004314,2363,14,68,334,493,333,1121
E02004315,3845,3,23,188,416,550,2665
E02004316,2644,1,27,108,634,1023,851
E02004317,3554,11,62,310,781,1167,1223
E02004318,2666,0,23,136,611,776,1120
E02004319,3293,2,18,177,797,1048,1251
E02004320,3851,5,44,370,631,1244,1557
E02004321,3662,3,37,435,803,1106,1278
E02004322,3769,3,37,312,1340,1239,838
E02004323,3337,1,31,236,825,948,1296
E02004324,2588,3,15,159,567,859,985
E02004325,3722,5,26,301,1330,1117,943
E02004326,2713,3,28,240,689,868,885
E02004327,2913,9,40,186,1141,912,625
E02004328,3115,1,22,181,634,1249,1028
E02004329,2807,6,36,175,309,950,1331
E02004330,2742,2,27,210,808,899,796
E02004331,3084,2,21,249,744,1029,1039
E02004332,3113,3,15,141,631,891,1432
E02004333,3195,2,14,146,655,859,1519
E02004334,3192,4,16,192,819,1025,1136
E02004335,2929,8,47,239,926,926,783
E02004336,3264,8,50,269,1081,1000,856
E02004337,4037,2,42,244,1060,1122,1567
E02004338,3029,2,29,218,796,940,1044
E02004339,2997,0,34,172,465,588,1738
E02004340,4812,6,65,358,1527,1462,1394
E02004341,3474,1,29,106,479,870,1989
E02004342,2401,2,16,130,509,1231,513
E02004343,2492,1,19,136,627,731,978
E02004344,3244,3,24,151,662,880,1524
E02004345,5755,6,32,247,1147,1515,2808
E02004346,2344,1,14,79,357,436,1457
E02004347,3012,5,57,224,629,735,1362
E02004348,3700,2,23,164,770,832,1909
E02004349,4081,1,26,301,1031,1183,1539
E02004350,4378,16,49,189,1048,1296,1780
E02004351,3135,2,30,296,909,935,963
E02004352,3409,11,56,238,871,922,1311
E02004353,3313,1,22,116,529,875,1770
E02004354,3891,4,20,193,917,1165,1592
E02004355,3247,9,38,326,971,946,957
E02002483,3847,2,17,227,703,1054,1844
E02002484,4553,13,67,573,1250,1341,1309
E02002485,3474,10,51,400,607,1110,1296
E02002487,2765,8,68,365,1060,655,609
E02002488,2512,1,5,88,248,380,1790
E02002489,3532,46,132,502,643,702,1507
E02002490,2857,4,20,195,721,954,963
E02002491,2887,5,42,296,470,927,1147
E02002492,2924,2,19,192,677,918,1116
E02002493,2698,2,31,110,378,622,1555
E02002494,3399,1,37,365,1168,1077,751
E02006909,4986,1,13,143,610,1046,3173
E02002496,4349,51,204,777,1125,1114,1078
E02002497,2815,13,33,259,681,1275,554
E02002498,3820,26,122,415,1010,1362,885
E02002499,3005,2,37,206,416,1612,732
E02002500,2339,24,45,135,331,636,1168
E02002501,2228,9,33,272,425,726,763
E02002502,4180,12,99,565,766,1626,1112
E02002503,2567,4,10,127,350,1035,1041
E02002504,3719,9,68,227,505,762,2148
E02002505,2531,3,17,121,520,1174,696
E02002506,2426,47,50,299,449,875,706
E02002507,2498,3,13,155,217,470,1640
E02002508,2118,7,23,35,281,551,1221
E02002509,2343,4,19,105,428,939,848
E02002510,2482,1,9,49,442,902,1079
E02002512,2205,2,21,64,265,458,1395
E02002513,3824,8,46,518,649,1488,1115
E02002514,3827,7,75,577,746,924,1498
E02006811,3927,3,35,123,481,701,2584
E02005702,2690,5,26,86,349,584,1640
E02005703,3150,17,109,462,613,788,1161
E02005704,5508,10,47,349,922,1327,2853
E02005705,3407,5,47,154,529,735,1937
E02005706,4329,14,83,553,1445,1107,1127
E02005707,3123,4,23,138,598,814,1546
E02005708,5013,7,60,299,1085,1311,2251
E02005709,2984,16,39,472,788,945,724
E02005710,4067,8,80,543,1060,948,1428
E02005711,3680,3,24,311,919,1341,1082
E02005712,2914,5,22,205,561,822,1299
E02005713,2736,0,4,52,410,694,1576
E02005714,2003,0,2,6,177,295,1523
E02005715,3714,18,74,306,934,1247,1135
E02005716,3732,26,63,215,838,1082,1508
E02005717,3598,3,49,325,669,931,1621
E02005718,3085,2,37,116,890,724,1316
E02005719,3536,7,65,481,815,848,1320
E02005720,4822,8,35,305,1079,1285,2110
E02005721,2140,3,24,181,452,525,955
E02005722,2990,0,20,93,332,499,2046
E02005723,3124,19,90,380,869,655,1111
E02005724,2548,1,10,30,172,319,2016
E02005725,2792,9,33,119,358,422,1851
E02005726,3008,0,12,65,227,385,2319
E02005727,2839,3,14,105,509,666,1542
E02005728,3172,4,22,205,552,853,1536
E02005729,2395,1,10,161,403,521,1299
E02005730,5725,13,107,491,1243,1147,2724
E02005731,4533,5,45,347,918,1257,1961
E02005732,3905,3,18,199,573,674,2438
E02005733,3487,6,21,206,548,735,1971
E02005734,2853,2,34,246,602,1119,850
E02005735,3621,16,23,147,1516,1113,806
E02005736,3369,2,48,371,892,960,1096
E02005737,3232,4,65,342,736,874,1211
E02005738,2188,2,6,78,430,605,1067
E02005739,4257,2,33,244,811,1402,1765
E02005740,4677,11,53,441,1214,1470,1488
E02005741,3588,11,34,239,524,914,1866
E02002515,3270,29,109,419,755,763,1195
E02002516,2432,0,10,205,291,806,1120
E02002517,2386,1,39,198,508,680,960
E02002518,4510,6,14,150,676,1069,2595
E02002519,3153,7,46,484,686,857,1073
E02002520,5772,4,43,297,678,1464,3286
E02002521,2865,33,53,393,531,544,1311
E02002523,2716,3,26,203,777,1155,552
E02002524,2291,3,6,98,445,684,1055
E02002525,3772,6,61,310,1064,1239,1092
E02002526,3189,1,9,128,760,894,1397
E02002527,2254,3,21,96,558,819,757
E02002529,2620,2,18,306,443,986,865
E02002530,2881,0,20,114,699,866,1182
E02002532,2933,6,56,414,554,838,1065
E02002533,2437,0,5,36,296,664,1436
E02002534,2469,0,6,43,244,564,1612
E02006812,3354,2,40,298,641,1091,1282
E02006910,4301,8,43,308,690,1368,1884
E02002535,4062,4,29,144,594,939,2352
E02002536,4239,5,32,219,775,1674,1534
E02002537,3673,5,18,151,410,1665,1424
E02002538,2429,2,35,194,267,797,1134
E02002539,3517,1,5,60,349,634,2468
E02002540,2808,1,8,203,438,672,1486
E02002541,2870,6,37,204,520,999,1104
E02002542,3358,2,16,275,664,1115,1286
E02002543,3356,4,40,450,634,1016,1212
E02002544,3391,16,42,462,752,1127,992
E02002545,2294,4,11,94,306,817,1062
E02002546,3103,5,34,237,569,1021,1237
E02002547,2765,3,16,200,412,664,1470
E02002548,4986,104,235,968,1169,1241,1269
E02002549,3361,0,7,122,452,962,1818
E02002550,2670,9,73,181,334,600,1473
E02002551,2739,17,90,499,632,769,732
E02002552,2798,4,43,189,376,1308,878
E02002553,2585,6,31,253,550,846,899
E02002554,2355,5,35,249,569,889,608
E02002555,4137,0,21,161,607,982,2366
E02002556,2726,0,11,35,269,502,1909
E02002557,4792,0,6,88,353,769,3576
E02002558,4145,9,47,252,585,791,2461
E02001682,3431,4,26,237,826,892,1446
E02001683,4002,6,48,214,1276,1043,1415
E02001684,3311,18,94,503,1183,824,689
E02001685,3612,7,60,430,836,1126,1153
E02001686,3168,5,40,248,695,851,1329
E02001688,3799,24,139,780,1427,905,524
E02001689,3351,11,101,428,1138,782,891
E02001690,3325,20,110,220,889,837,1249
E02001691,3876,10,61,345,1587,897,976
E02001692,2765,13,43,222,1054,892,541
E02001693,2633,11,55,337,912,868,450
E02001694,2814,5,50,161,627,874,1097
E02001695,2702,8,73,245,520,745,1111
E02001696,4065,5,77,343,1082,1412,1146
E02001697,3386,9,41,209,761,801,1565
E02001698,3202,4,28,133,575,817,1645
E02001699,3124,8,46,330,909,1043,788
E02001700,4585,12,52,186,1088,1417,1830
E02001701,2763,5,42,179,524,552,1461
E02001702,3522,7,65,403,944,1416,687
E02001703,2435,3,9,127,394,595,1307
E02001704,3380,7,41,431,1035,1199,667
E02001705,3200,4,22,209,1188,766,1011
E02001706,2924,18,43,251,764,936,912
E02001707,3599,5,46,292,912,995,1349
E02006841,3949,70,205,980,1389,823,482
E02006842,2231,7,40,259,700,527,698
E02001708,4122,2,40,242,838,1202,1798
E02001709,4218,8,20,152,745,528,2765
E02001710,4381,23,104,489,1070,1287,1408
E02001711,4129,16,76,306,847,1765,1119
E02001712,4214,4,66,296,927,737,2184
E02001713,4389,18,74,345,712,738,2502
E02001714,3901,3,20,100,597,637,2544
E02001715,4712,9,61,428,928,1405,1881
E02001718,2427,9,38,203,642,781,754
E02001719,3759,1,26,174,718,1091,1749
E02001720,3343,19,112,231,880,430,1671
E02001721,4647,8,78,298,1362,1304,1597
E02001722,4195,6,46,363,861,1569,1350
E02001723,2575,6,43,184,659,796,887
E02001724,3575,40,161,475,1072,515,1312
E02001725,4536,33,118,678,1453,1082,1172
E02001726,4687,18,67,283,1215,1356,1748
E02001727,3877,32,157,265,999,1169,1255
E02001728,4248,13,57,349,1051,1354,1424
E02001729,4145,30,248,510,1068,800,1489
E02001730,4835,65,409,775,1755,819,1012
E02001731,5587,149,688,1882,1364,793,711
E02001732,2193,11,68,193,598,778,545
E02001733,5675,54,214,1001,1729,1497,1180
E02001734,3233,12,58,388,813,983,979
E02001735,2884,12,64,386,907,1163,352
E02001736,4959,36,214,714,1653,1161,1181
E02001737,2968,33,163,488,1086,839,359
E02006893,4739,2,37,262,1045,1386,2007
E02001738,2471,3,7,62,283,343,1773
E02001739,3355,10,41,429,801,1002,1072
E02001740,2294,5,29,76,182,236,1766
E02001741,3283,1,29,217,857,1018,1161
E02001742,2604,1,9,98,515,513,1468
E02001743,3195,18,71,295,524,473,1814
E02001744,2877,2,16,264,635,830,1130
E02001745,2786,3,28,216,750,851,938
E02001746,3598,13,57,264,617,814,1833
E02001747,2880,2,23,192,508,627,1528
E02001748,3253,4,42,281,797,913,1216
E02001749,2772,4,17,305,691,797,958
E02001750,2841,2,12,144,453,586,1644
E02001751,2716,1,31,226,602,783,1073
E02001752,2789,8,52,280,579,975,895
E02001753,3230,8,81,515,815,603,1208
E02001754,2849,2,25,189,713,499,1421
E02001755,3500,4,37,328,665,680,1786
E02001756,4391,9,99,424,1141,1430,1288
E02001757,2753,4,43,162,579,824,1141
E02001758,2450,4,14,171,630,863,768
E02001759,3261,18,105,480,1041,660,957
E02001760,3471,6,40,348,1228,1097,752
E02001761,2448,7,25,229,586,948,653
E02001762,2471,6,51,191,727,669,827
E02001763,2882,10,58,302,917,899,696
E02001764,3883,27,141,863,1197,980,675
E02001765,3312,7,63,452,1022,941,827
E02001766,3295,6,45,307,1150,771,1016
E02001767,3385,11,61,435,981,908,989
E02001768,3812,14,72,431,1168,959,1168
E02001769,3973,8,115,930,1337,1021,562
E02001770,3035,6,28,278,951,754,1018
E02001771,2806,10,34,176,594,858,1134
E02001772,2467,2,16,199,644,711,895
E02001773,2381,1,11,30,308,680,1351
E02001774,2559,11,102,406,517,791,732
E02001775,2450,3,26,254,453,703,1011
E02001776,3729,5,28,278,1168,1123,1127
E02001777,2897,6,28,201,949,773,940
E02001778,2939,1,48,352,1014,926,598
E02001779,2519,7,63,356,608,799,686
E02001780,2318,7,25,256,299,926,805
E02001781,2567,7,66,228,735,891,640
E02001782,3835,6,44,340,700,1379,1366
E02001783,2980,4,37,257,976,1196,510
E02001784,2970,8,34,292,408,864,1364
E02001785,3555,8,52,320,705,904,1566
E02001786,3178,5,48,361,774,1095,895
E02001787,2457,3,14,184,403,963,890
E02001788,2636,3,33,314,611,764,911
E02001789,2471,0,13,67,234,395,1762
E02001790,2633,6,37,173,392,713,1312
E02001791,2427,2,11,90,261,698,1365
E02001792,3048,2,17,158,463,640,1768
E02001793,3822,5,60,450,1394,1176,737
E02001794,3732,3,39,305,1103,1218,1064
E02001795,3577,21,84,502,1088,973,909
E02001796,4426,113,109,487,1227,1112,1378
E02001797,2486,0,15,228,432,691,1120
E02001798,3445,17,47,290,1137,1070,884
E02001799,4424,11,62,487,1208,1632,1024
E02001800,3014,3,23,113,693,1083,1099
E02001801,2515,9,50,283,828,668,677
E02001802,2638,5,45,154,775,977,682
E02001803,4188,133,305,1235,1131,558,826
E02001804,2706,5,28,190,724,877,882
E02001805,2501,5,17,94,545,795,1045
E02001806,4143,42,213,790,1299,896,903
E02001807,3027,1,24,303,464,1052,1183
E02001808,2468,14,32,148,387,656,1231
E02001809,2881,5,29,243,482,906,1216
E02001810,3699,5,30,261,687,1228,1488
E02001811,4087,19,56,389,1252,1233,1138
E02001812,4354,3,34,221,450,858,2788
E02001813,4318,12,61,506,1116,1423,1200
E02001814,2762,13,26,327,502,837,1057
E02001815,4244,2,25,185,578,919,2535
E02001816,3357,4,38,390,1379,899,647
E02001817,2714,5,25,285,617,742,1040
E02001818,3530,8,52,384,850,887,1349
E02001819,3054,9,40,136,594,562,1713
E02001820,3618,6,50,273,769,1012,1508
E02001821,2453,12,36,194,477,702,1032
E02001822,3165,2,16,148,642,827,1530
E02001823,3064,1,24,242,834,1017,946
E02001824,3722,5,32,355,667,1190,1473
E02001825,3232,7,25,356,794,930,1120
E02001826,2917,3,25,327,797,824,941
E02002615,3952,8,44,261,803,1179,1657
E02002616,2941,4,24,47,325,583,1958
E02002617,2668,6,49,236,436,679,1262
E02002618,2143,9,55,144,248,443,1244
E02002619,3057,32,92,343,563,751,1276
E02002620,3225,34,171,596,851,603,970
E02002621,2610,14,80,371,385,702,1058
E02002622,3903,12,62,367,984,1592,886
E02002623,4559,34,118,503,1165,1506,1233
E02002624,3346,5,34,97,427,761,2022
E02002625,3935,14,64,390,821,1018,1628
E02002626,3091,5,12,211,475,1082,1306
E02002627,2969,4,18,48,325,770,1804
E02002628,3132,10,49,269,659,926,1219
E02002629,2588,4,53,221,575,972,763
E02002630,2661,18,91,155,565,851,981
E02002631,3925,5,37,245,765,1125,1748
E02002632,2648,2,13,64,412,545,1612
E02002633,3595,8,52,279,607,1017,1632
E02002634,4040,5,51,594,835,1278,1277
E02002635,3683,6,101,362,565,819,1830
E02002636,3738,3,42,328,574,1171,1620
E02002637,2673,3,20,89,286,728,1547
E02002638,2907,129,356,660,500,268,994
E02002639,2745,14,101,661,634,834,501
E02002640,3493,27,99,708,866,877,916
E02002641,3570,5,35,245,606,978,1701
E02002642,3382,122,417,859,569,371,1044
E02002643,3358,10,111,367,523,816,1531
E02002644,3512,5,65,174,514,910,1844
E02002645,2581,129,379,599,506,288,680
E02002646,3352,20,69,393,911,967,992
E02002647,3655,10,101,287,731,1051,1475
E02002648,3267,4,25,214,766,1093,1165
E02002649,3675,46,163,415,510,622,1919
E02002650,3610,0,26,266,722,1056,1540
E02002651,3531,11,29,309,479,883,1820
E02003811,2433,0,8,49,213,337,1826
E02003812,2419,1,15,145,299,427,1532
E02003813,2710,13,54,186,440,586,1431
E02003814,2961,3,21,135,487,693,1622
E02003815,2897,10,35,233,568,935,1116
E02003816,3192,7,56,326,704,929,1170
E02003817,3005,1,18,140,419,673,1754
E02003818,2467,1,11,72,300,492,1591
E02003819,2540,4,25,130,372,612,1397
E02003820,2770,10,24,78,418,718,1522
E02003821,2530,2,23,219,499,694,1093
E02003822,4584,8,40,140,581,1129,2686
E02003823,2967,5,28,245,323,659,1707
E02003824,2216,10,20,112,289,489,1296
E02003825,2618,4,21,68,437,520,1568
E02003826,2998,3,23,206,459,1173,1134
E02003827,3882,14,92,489,943,1481,863
E02003828,2804,9,32,225,641,1057,840
E02003829,2549,5,26,144,485,835,1054
E02003830,3213,23,72,368,669,1157,924
E02003831,3660,2,16,114,341,814,2373
E02003832,2488,15,95,238,334,640,1166
E02003833,2640,0,9,120,349,917,1245
E02003834,2786,7,54,291,419,779,1236
E02003835,3303,0,6,43,265,610,2379
E02003836,3419,8,84,434,703,840,1350
E02003837,4612,13,26,152,412,660,3349
E02003838,2764,9,14,76,357,772,1536
E02003839,3291,2,51,290,639,779,1530
E02003840,4140,7,31,186,378,632,2906
E02003853,2472,2,23,100,352,471,1524
E02003854,2697,5,10,147,272,552,1711
E02003855,2811,1,17,134,328,501,1830
E02003856,4778,27,124,600,1145,1009,1873
E02003857,2735,1,29,172,432,634,1467
E02003858,2911,5,28,219,537,371,1751
E02003859,4801,3,30,176,668,799,3125
E02003860,2889,2,28,44,267,492,2056
E02003861,2896,0,38,241,422,801,1394
E02003862,2093,6,7,60,163,191,1666
E02003863,3014,9,74,208,337,467,1919
E02003864,3624,6,40,265,570,585,2158
E02003865,3437,2,45,311,733,866,1480
E02003866,2402,1,11,79,274,323,1714
E02003867,3140,1,39,189,581,741,1589
E02003868,3901,6,52,488,945,1025,1385
E02003869,2992,2,27,227,397,630,1709
E02003870,5079,26,180,677,1435,1288,1473
E02003871,3058,2,33,321,659,905,1138
E02003872,4188,6,24,204,440,682,2832
E02003873,2665,11,53,389,764,722,726
E02003794,3531,11,34,166,486,829,2005
E02003795,2211,6,13,34,146,424,1588
E02003796,3254,6,23,229,629,853,1514
E02003797,3990,43,113,205,472,665,2492
E02003798,2488,2,30,196,496,941,823
E02003799,3103,2,34,267,819,1107,874
E02003800,2603,0,3,34,282,509,1775
E02003801,2888,5,6,60,289,762,1766
E02003802,4274,42,282,1033,1261,776,880
E02003803,3869,98,305,777,741,650,1298
E02003804,3217,6,58,309,665,862,1317
E02003805,2535,7,17,66,163,456,1826
E02003806,2547,2,23,98,327,557,1540
E02003807,3832,15,52,200,482,834,2249
E02003808,2776,16,50,239,553,841,1077
E02003809,3061,3,24,103,344,520,2067
E02003810,3445,4,22,116,422,642,2239
E02003841,3462,4,42,283,520,753,1860
E02003842,2367,2,20,62,211,335,1737
E02003843,2612,10,16,212,286,835,1253
E02003844,2948,3,12,104,371,802,1656
E02003845,3846,31,102,559,1081,1091,982
E02003846,2928,4,40,300,520,1330,734
E02003847,3844,3,13,69,251,729,2779
E02003848,2135,2,9,174,135,835,980
E02003849,3003,2,27,354,521,1090,1009
E02003850,2265,3,12,111,162,826,1151
E02003851,2375,1,4,26,121,564,1659
E02003852,2792,1,11,52,285,677,1766
E02003874,4025,10,37,327,577,925,2149
E02003875,2681,0,8,67,259,485,1862
E02003876,2393,9,22,88,413,778,1083
E02003877,3884,4,24,193,490,727,2446
E02003878,3299,5,15,111,481,799,1888
E02003879,2800,9,83,272,768,832,836
E02003880,2755,2,22,97,454,929,1251
E02003881,2730,9,38,291,615,744,1033
E02003882,3989,13,43,258,879,1276,1520
E02003883,4031,3,29,182,433,570,2814
E02003884,3318,1,21,102,339,547,2308
E02003885,2408,4,9,54,342,614,1385
E02003886,2599,9,27,102,368,1052,1041
E02003887,2496,3,11,83,371,702,1326
E02003888,2627,4,27,187,528,944,937
E02003889,2297,1,17,223,380,872,804
E02003890,2454,1,23,150,436,776,1068
E02003891,2455,9,16,90,312,426,1602
E02002574,2986,2,11,88,347,712,1826
E02002575,3732,2,31,175,405,533,2586
E02002576,3233,6,40,389,534,1123,1141
E02002577,3287,8,41,423,717,1238,860
E02002578,3207,6,34,258,377,966,1566
E02002579,3193,8,31,268,432,1313,1141
E02002580,3426,9,98,501,854,1247,717
E02002581,3108,4,22,180,383,989,1530
E02002582,3103,1,10,64,241,461,2326
E02002583,3093,1,30,240,740,1048,1034
E02002584,3089,2,22,193,389,1058,1425
E02002585,4897,9,141,571,1105,1406,1665
E02002586,4060,12,43,410,705,1643,1247
E02002587,2919,12,75,272,533,1323,704
E02002588,3245,9,60,468,384,1531,793
E02002589,2734,2,5,47,303,817,1560
E02002590,2525,1,7,63,267,481,1706
E02002591,2772,4,17,177,334,632,1608
E02002592,2557,2,17,76,295,777,1390
E02002593,2367,9,52,201,471,589,1045
E02002594,2472,17,110,312,508,642,883
E02002595,3409,10,37,561,682,1403,716
E02002596,3538,5,19,203,505,991,1815
E02002597,3837,17,47,544,627,1490,1112
E02002598,2892,7,24,238,334,462,1827
E02002599,4129,5,21,289,542,671,2601
E02002600,4104,8,60,400,951,1439,1246
E02002601,3343,1,19,99,415,1010,1799
E02002602,3166,18,89,447,758,1174,680
E02002603,2862,1,10,86,294,839,1632
E02002604,3141,2,13,98,304,713,2011
E02002605,3742,4,48,237,265,1259,1929
E02002606,4930,19,233,958,1345,1376,999
E02002607,4868,37,218,981,928,1438,1266
E02002608,3526,0,15,53,311,1045,2102
E02002609,3731,14,120,622,637,1514,824
E02002610,5171,7,58,277,697,980,3152
E02002611,3253,2,23,196,282,670,2080
E02002612,4009,3,50,288,456,765,2447
E02002613,2402,1,6,32,137,320,1906
E02002614,2394,2,4,17,105,206,2060
E02003965,4705,5,29,182,779,1326,2384
E02003966,2945,2,13,57,256,518,2099
E02003967,3580,2,17,107,536,896,2022
E02003968,3755,9,50,221,602,1137,1736
E02003969,2898,2,22,160,570,1188,956
E02003970,3454,2,42,212,659,728,1811
E02003971,3513,3,26,93,507,887,1997
E02003972,4141,11,47,214,823,1118,1928
E02003973,4132,7,66,296,1150,1503,1110
E02003974,3461,4,28,225,678,1304,1222
E02003975,2749,3,7,62,405,706,1566
E02003976,3012,11,59,244,542,701,1455
E02003977,2680,3,17,63,389,790,1418
E02003978,2618,4,21,125,419,959,1090
E02003979,3350,1,16,46,438,854,1995
E02003980,3189,6,95,464,705,1189,730
E02003981,2990,4,23,134,542,761,1526
E02003982,3224,1,7,131,380,976,1729
E02003983,3426,2,28,250,796,1252,1098
E02003984,3422,20,145,395,874,1111,877
E02003985,3088,2,23,231,828,1035,969
E02003986,3237,2,43,309,736,981,1166
E02003987,2629,8,34,138,390,605,1454
E02003988,2948,3,47,202,489,692,1515
E02003989,3335,0,13,146,551,739,1886
E02003990,4217,8,28,109,627,918,2527
E02003991,3197,1,19,72,423,710,1972
E02003992,4201,108,205,581,976,788,1543
E02003993,3720,2,9,113,460,660,2476
E02003994,3519,7,53,293,1237,934,995
E02003995,4475,9,55,611,1218,1378,1204
E02003996,4756,20,155,502,1380,1314,1385
E02003997,4280,4,53,367,1415,1363,1078
E02003998,3007,8,18,171,692,1102,1016
E02003999,4058,2,31,155,567,880,2423
E02004000,2309,2,16,53,379,872,987
E02004001,2735,19,127,369,603,573,1044
E02004002,4325,3,46,146,667,1233,2230
E02004003,5278,4,35,156,1122,1764,2197
E02004004,3983,7,49,145,728,1694,1360
E02004005,3605,6,28,167,581,1401,1422
E02004006,3926,1,15,117,453,774,2566
E02004007,4375,7,32,164,790,1302,2080
E02004008,2771,10,24,97,373,547,1720
E02004009,2493,4,25,61,301,452,1650
E02004010,3354,52,144,454,885,850,969
E02004011,4311,4,59,150,734,1052,2312
E02004012,2491,12,28,66,352,486,1547
E02004013,4319,5,58,165,582,1013,2496
E02004014,3304,1,40,144,390,678,2051
E02004015,2924,24,112,338,611,594,1245
E02004016,3738,17,89,320,716,854,1742
E02004017,3865,7,123,284,748,988,1715
E02004018,3783,25,233,573,865,927,1160
E02004019,3397,3,29,168,541,905,1751
E02004020,3597,5,50,194,680,933,1735
E02004021,2404,4,27,83,365,518,1407
E02004022,2493,4,13,77,349,548,1502
E02004023,2661,2,44,191,496,534,1394
E02004024,3107,3,17,65,341,649,2032
E02004025,3656,2,69,130,638,868,1949
E02004026,3745,18,70,286,735,928,1708
E02004027,3744,9,26,265,699,936,1809
E02004028,3438,2,21,101,416,841,2057
E02000984,3146,1,38,100,408,637,1962
E02000985,3205,1,16,68,464,695,1961
E02000986,3682,9,158,327,731,859,1598
E02000987,3288,11,50,364,824,905,1134
E02000988,3496,3,52,427,975,858,1181
E02000989,3637,0,16,142,525,1017,1937
E02000990,3286,8,40,174,587,819,1658
E02000991,3316,2,44,163,841,834,1432
E02000992,2518,3,15,160,374,772,1194
E02000993,3135,11,77,511,792,1104,640
E02000994,3343,13,102,662,1184,759,623
E02000995,3430,1,27,225,687,850,1640
E02000996,3321,5,53,501,937,921,904
E02000997,2372,4,21,135,381,500,1331
E02000998,3654,50,186,469,1232,818,899
E02000999,3580,46,208,1132,1216,570,408
E02001000,4123,93,158,385,1159,1141,1187
E02001001,3197,13,38,247,707,662,1530
E02001002,4018,4,40,236,1014,1349,1375
E02001003,2850,1,10,75,266,531,1967
E02001004,3185,31,130,559,1043,790,632
E02001005,3130,19,133,450,835,735,958
E02001006,2801,7,74,149,989,770,812
E02001007,4396,2,49,311,896,1339,1799
E02001008,2843,6,77,331,791,800,838
E02001009,2975,8,68,423,640,861,975
E02001010,2468,16,89,264,800,634,665
E02001011,4125,5,32,212,728,926,2222
E02001012,2919,0,16,121,334,1129,1319
E02001013,2495,0,9,56,373,619,1438
E02001014,3650,2,42,398,826,1196,1186
E02001015,3762,17,140,646,1117,953,889
E02001016,3354,8,42,314,618,1299,1073
E02001017,4663,4,116,463,925,1470,1685
E02001018,3008,2,26,82,476,791,1631
E02001019,3982,8,74,324,1080,958,1538
E02001020,2483,1,9,72,297,474,1630
E02001021,3115,1,38,103,401,703,1869
E02001022,3326,4,39,267,550,907,1559
E02001023,2324,2,24,124,371,519,1284
E02001024,3341,3,17,95,673,946,1607
E02001025,3349,13,65,417,1069,979,806
E02001026,3671,25,135,407,1370,988,746
E02001027,3029,10,92,382,867,825,853
E02001028,3108,1,12,110,286,676,2023
E02001029,2880,8,78,315,700,777,1002
E02001030,2346,2,5,111,308,576,1344
E02001031,2841,10,46,346,612,785,1042
E02001032,3120,3,16,169,714,995,1223
E02001033,2390,7,44,181,686,779,693
E02001034,3831,8,117,834,1284,879,709
E02001035,2981,1,14,122,342,670,1832
E02001036,3011,5,29,173,720,954,1130
E02001037,3016,7,19,134,459,579,1818
E02001038,2637,8,40,417,563,702,907
E02001039,3443,3,37,275,602,1562,964
E02001040,2548,12,45,190,281,549,1471
E02001041,3369,22,98,263,611,1118,1257
E02001042,2875,27,129,432,497,543,1247
E02001043,2307,3,27,144,454,574,1105
E02001044,2790,6,31,195,168,513,1877
E02001045,3622,11,62,294,1046,1422,787
E02001046,3956,13,62,402,703,1499,1277
E02001047,4369,22,86,542,934,1571,1214
E02001048,3560,30,194,420,841,890,1185
E02001049,4049,5,37,187,599,1681,1540
E02001050,3195,30,150,455,716,1063,781
E02001051,3393,14,71,273,617,1216,1202
E02001052,4384,98,254,738,737,922,1635
E02001053,4494,35,143,845,1238,1310,923
E02001055,3829,24,134,440,966,1376,889
E02001056,3463,21,122,476,524,1589,731
E02001057,4018,69,432,1179,857,1015,466
E02001059,4369,43,274,861,1150,1324,717
E02001061,3863,23,119,527,844,1373,977
E02001062,3546,88,287,916,826,841,588
E02001063,3629,152,192,980,1039,750,516
E02001064,3624,58,246,582,921,1107,710
E02001065,3787,34,101,368,892,1276,1116
E02001066,3533,109,345,757,550,506,1266
E02001067,3791,31,123,496,870,1274,997
E02001068,3696,37,176,650,811,796,1226
E02001069,4059,77,231,458,884,1369,1040
E02001070,3294,76,314,718,528,501,1157
E02001071,4566,31,199,444,1113,1419,1360
E02001072,3741,104,348,984,661,402,1242
E02001073,4015,24,237,779,466,611,1898
E02001074,4299,46,204,665,722,1071,1591
E02001075,3320,49,182,497,595,830,1167
E02001076,2965,34,147,456,425,485,1418
E02001077,3117,20,151,470,415,491,1570
E02001078,3835,21,65,368,502,867,2012
E02001079,3341,9,70,373,468,1223,1198
E02001080,3367,54,213,529,640,606,1325
E02001081,2776,6,78,282,546,773,1091
E02001082,2921,56,265,587,561,419,1033
E02001083,3902,40,404,1088,869,638,863
E02001084,3325,19,98,407,431,911,1459
E02001085,3177,5,45,192,524,1495,916
E02001086,2949,25,118,420,596,931,859
E02001087,4402,48,194,622,1005,680,1853
E02001088,3780,9,35,294,682,1683,1077
E02001089,3123,1,44,267,351,664,1796
E02001090,3100,25,64,388,525,775,1323
E02001091,3876,13,67,534,976,1151,1135
E02001092,3724,18,63,475,609,1357,1202
E02001093,3778,11,45,340,686,1974,722
E02001094,3805,19,67,522,589,1989,619
E02001095,3580,6,45,353,585,1257,1334
E02001096,3311,6,41,244,774,1132,1114
E02001097,3452,6,47,178,738,1208,1275
E02006902,3368,107,733,1321,697,374,136
E02006912,3885,161,904,1661,817,204,138
E02006913,2939,94,464,909,511,429,532
E02006914,2299,102,416,872,536,241,132
E02006915,3047,38,185,558,823,873,570
E02006916,3274,66,448,1214,908,443,195
E02006917,3087,51,604,1524,700,140,68
E02001098,2756,2,12,232,660,876,974
E02001099,2724,5,30,273,897,825,694
E02001100,2586,1,35,205,552,751,1042
E02001101,2457,3,15,68,354,773,1244
E02001102,2475,3,21,76,527,826,1022
E02001103,2353,0,27,252,347,521,1206
E02001104,2726,0,24,94,569,927,1112
E02001105,2631,5,37,277,626,800,886
E02001106,2668,5,46,298,690,796,833
E02001107,2390,3,22,137,568,719,941
E02001108,2148,1,27,190,851,709,370
E02001109,3332,14,72,430,1060,951,805
E02001110,2742,4,39,146,518,529,1506
E02001111,2928,28,118,676,889,770,447
E02001112,2371,0,13,60,303,717,1278
E02001113,2664,18,72,309,824,676,765
E02001114,3381,16,45,325,993,1019,983
E02001115,2539,2,26,159,707,810,835
E02001116,2358,1,31,90,799,746,691
E02001117,2529,3,48,206,406,527,1339
E02001118,2602,2,17,134,546,517,1386
E02001119,2840,11,69,150,736,712,1162
E02001121,2224,14,75,273,636,569,657
E02001123,2751,5,37,244,939,876,650
E02001124,2507,8,56,388,786,802,467
E02001125,3351,1,25,194,701,1165,1265
E02001126,3141,9,57,248,1135,1030,662
E02001127,2790,8,52,182,728,765,1055
E02001128,3271,5,23,209,1049,1074,911
E02001129,2622,5,54,276,870,828,589
E02001130,2520,4,17,276,523,741,959
E02001131,2298,4,10,93,508,837,846
E02006860,4028,19,97,309,956,966,1681
E02001132,2860,7,56,268,758,817,954
E02001133,2544,0,15,110,363,902,1154
E02001134,2583,2,32,146,384,640,1379
E02001135,3052,15,81,577,700,1108,571
E02001136,3667,7,52,341,722,1144,1401
E02001137,2497,1,16,113,359,674,1334
E02001138,3647,2,24,236,600,721,2064
E02001139,2906,17,90,302,958,711,828
E02001140,2958,3,60,242,764,815,1074
E02001141,5181,105,354,959,1567,1186,1010
E02001142,2396,1,12,85,284,423,1591
E02001143,3988,15,72,411,932,1203,1355
E02001144,2702,6,43,268,715,806,864
E02001145,3024,0,32,190,622,940,1240
E02001146,2896,11,87,322,812,683,981
E02001147,3878,7,99,563,1153,839,1217
E02001148,4257,7,71,452,1030,1222,1475
E02001149,4671,17,137,829,1642,1221,825
E02001150,3591,6,77,273,919,1321,995
E02001151,3867,7,38,233,867,993,1729
E02001152,3984,23,53,534,943,1235,1196
E02001153,4452,11,53,367,1135,1664,1222
E02001154,4387,3,95,418,1194,1561,1116
E02001155,3433,26,85,590,936,972,824
E02001156,4131,4,40,212,530,987,2358
E02001157,3183,4,49,454,759,1008,909
E02001158,2700,10,56,363,605,899,767
E02001159,2579,16,41,328,593,841,760
E02001160,2555,3,14,179,445,923,991
E02001161,2680,6,66,288,674,793,853
E02001162,2709,7,45,299,687,921,750
E02001163,4182,12,64,329,624,1092,2061
E02001164,2677,5,42,211,626,957,836
E02001165,2664,1,24,168,508,1059,904
E02001166,2343,42,116,426,514,250,995
E02001167,2710,8,78,426,585,614,999
E02001168,4093,5,65,382,797,1283,1561
E02001169,4252,0,13,72,452,916,2799
E02001170,4130,4,25,208,394,744,2755
E02001171,2336,0,22,83,211,901,1119
E02001172,4989,121,337,1020,1008,1166,1337
E02001173,3153,50,89,481,879,1108,546
E02001174,2362,11,51,141,329,592,1238
E02001175,2914,8,49,280,362,1115,1100
E02001176,5147,52,153,1024,1015,762,2141
E02001177,5293,35,214,817,1095,1270,1862
E02001178,5633,309,728,1666,1741,853,336
E02001179,2874,68,92,310,824,858,722
E02001180,2981,20,119,599,1227,674,342
E02001181,2606,10,46,363,635,768,784
E02001182,2858,9,56,457,867,746,723
E02001183,2782,4,53,242,814,908,761
E02001184,5710,303,623,1571,1742,955,516
E02001185,4208,18,48,240,640,1761,1501
E02001186,4253,8,65,422,758,1233,1767
E02001187,3076,7,47,220,591,1142,1069
E02001188,3503,27,105,405,977,1089,900
E02001189,3616,6,50,229,735,1064,1532
E02001190,3053,15,79,612,873,765,709
E02001191,2618,4,43,356,367,603,1245
E02001192,2831,33,152,488,341,358,1459
E02001193,2952,18,79,345,901,920,689
E02001194,2493,26,71,253,378,249,1516
E02001195,3208,0,15,100,780,1097,1216
E02001196,3339,1,22,232,519,708,1857
E02001197,2610,3,58,184,437,605,1323
E02001198,3341,4,51,415,757,933,1181
E02001199,3413,25,79,283,598,702,1726
E02001200,3446,27,127,993,926,862,511
E02001201,2431,6,14,84,461,783,1083
E02001202,2998,10,84,319,806,1114,665
E02001203,2387,4,18,64,231,359,1711
E02001204,3803,14,34,228,456,1517,1554
E02001205,3645,19,122,524,792,1128,1060
E02001206,2940,7,52,213,402,622,1644
E02001207,2942,1,17,204,406,746,1568
E02001208,3261,11,45,298,688,1129,1090
E02001209,3382,4,48,202,848,1073,1207
E02001210,2889,6,24,306,509,875,1169
E02001211,2413,5,47,188,176,399,1598
E02001212,2563,2,45,275,434,1060,747
E02001213,3991,15,90,384,599,807,2096
E02001214,3081,10,61,291,393,540,1786
E02001215,2502,3,29,153,346,586,1385
E02001216,2986,4,27,117,329,509,2000
E02001217,3066,13,105,319,808,855,966
E02001218,2375,0,15,51,273,460,1576
E02001219,2240,1,5,44,214,557,1419
E02001220,2270,15,46,96,280,506,1327
E02001221,2361,0,5,58,158,405,1735
E02001222,2375,0,3,32,183,510,1647
E02001223,2797,1,13,87,338,454,1904
E02001224,2577,0,16,71,322,605,1563
E02001225,2947,3,27,118,269,591,1939
E02001226,2722,3,24,101,362,664,1568
E02001227,2376,3,23,30,164,347,1809
E02001228,2160,1,12,64,182,259,1642
E02001229,4417,10,70,338,1398,1164,1437
E02001230,2392,5,18,113,352,617,1287
E02001231,2846,3,17,160,605,802,1259
E02001232,3504,2,38,276,1225,968,995
E02001233,3258,3,69,362,682,914,1228
E02001234,3256,9,100,284,951,1018,894
E02001235,2814,9,78,236,766,730,995
E02001236,2509,14,75,324,596,865,635
E02001237,2932,17,57,323,740,879,916
E02001238,3422,13,77,356,714,1006,1256
E02001239,3897,14,63,300,902,1521,1097
E02001240,2597,5,17,85,391,1136,963
E02001241,4252,48,301,785,1514,861,743
E02001242,2360,10,45,89,351,701,1164
E02001243,3529,11,40,375,676,708,1719
E02001244,2275,0,6,37,361,885,986
E02001245,3573,21,61,538,1114,766,1073
E02001246,3118,7,32,483,650,895,1051
E02001247,3064,10,30,375,785,860,1004
E02001248,4547,10,103,748,1211,1378,1097
E02001249,2811,9,67,194,775,967,799
E02001250,2679,5,10,143,452,733,1336
E02001251,2750,2,31,209,653,693,1162
E02001252,3293,7,36,179,559,967,1545
E02001253,2267,1,31,109,609,753,764
E02001254,2484,3,25,207,605,907,737
E02001255,2672,2,17,244,627,1289,493
E02001256,4015,9,81,508,1444,1012,961
E02001257,4272,9,81,456,1219,1324,1183
E02001258,3148,4,24,180,615,870,1455
E02001259,4162,58,234,749,906,846,1369
E02001260,3031,4,17,133,184,858,1835
E02001261,3451,8,84,281,673,977,1428
E02001262,3009,27,56,274,264,588,1800
E02001263,3293,1,30,117,338,682,2125
E02001264,3230,11,21,179,322,982,1715
E02001265,3369,7,36,289,354,960,1723
E02001266,3033,10,84,374,724,580,1261
E02001267,3363,57,161,516,569,629,1431
E02001268,2972,2,7,150,348,682,1783
E02001269,3628,38,110,556,655,618,1651
E02001270,3418,10,47,340,573,743,1705
E02001271,2874,6,34,279,499,899,1157
E02001272,3396,16,54,249,462,624,1991
E02001273,4242,45,195,753,1053,595,1601
E02001274,3188,3,23,197,269,425,2271
E02001275,3544,9,47,297,859,1350,982
E02001276,3299,3,34,247,459,957,1599
E02001277,3786,7,54,505,934,1133,1153
E02001278,3271,7,40,298,268,496,2162
E02001279,3229,2,6,77,196,579,2369
E02001280,3558,7,39,363,645,1007,1497
E02001281,3078,1,8,130,277,530,2132
E02001282,3883,8,49,298,655,1037,1836
E02001283,3748,29,107,375,644,674,1919
E02001284,3131,4,17,156,275,454,2225
E02001285,3251,5,44,220,496,496,1990
E02001286,3047,6,12,96,210,426,2297
E02001287,2321,10,21,56,311,651,1272
E02001288,3173,3,26,180,570,687,1707
E02001289,4248,3,13,127,619,1246,2240
E02001290,2615,0,21,210,463,683,1238
E02001291,3199,3,33,176,518,1358,1111
E02001292,3528,19,91,315,493,742,1868
E02001293,2583,2,9,124,391,913,1144
E02001294,3492,19,62,323,558,995,1535
E02001295,3641,18,91,711,1015,1097,709
E02001296,3745,14,74,456,764,1525,912
E02001297,2958,7,44,287,695,925,1000
E02001298,3372,14,43,300,619,1462,934
E02001299,3708,6,31,279,705,1107,1580
E02001300,3413,6,36,237,711,1245,1178
E02001301,3823,40,143,666,779,1310,885
E02001302,3251,10,35,314,490,1049,1353
E02001303,3740,7,60,424,807,1456,986
E02001304,5320,2,28,285,745,1494,2766
E02001305,3376,1,18,81,512,1235,1529
E02001306,2989,1,6,69,374,1133,1406
E02001307,4334,2,7,57,325,1324,2619
E02001308,2672,5,37,251,543,797,1039
E02001309,3565,15,42,370,944,1056,1138
E02001310,3766,4,45,283,819,1355,1260
E02001311,3706,6,30,342,969,976,1383
E02001312,3202,4,13,119,653,1139,1274
E02001313,3409,22,65,288,924,1100,1010
E02001314,3157,2,44,166,289,893,1763
E02001315,3326,5,14,148,411,1179,1569
E02001316,3095,33,92,251,1165,819,735
E02001317,3602,15,61,408,808,826,1484
E02001318,3397,6,43,336,543,883,1586
E02001319,3159,6,30,203,756,1178,986
E02001320,3475,2,39,256,1016,1014,1148
E02001321,3375,4,22,136,523,1112,1578
E02001322,3159,1,22,143,459,982,1552
E02001323,3356,2,54,232,776,817,1475
E02001324,3607,4,46,263,693,1326,1275
E02001325,3241,4,19,132,366,920,1800
E02001326,3288,1,38,194,552,917,1586
E02005176,3681,5,23,155,624,1299,1575
E02005177,2482,4,21,111,588,890,868
E02005178,3019,8,92,230,824,919,946
E02005179,4114,10,109,411,1025,1174,1385
E02005180,2906,5,17,158,487,656,1583
E02005181,2845,6,39,208,759,958,875
E02005182,2790,23,88,373,561,856,889
E02005183,2844,6,48,430,649,634,1077
E02005184,2211,0,26,81,364,490,1250
E02005185,3864,11,93,413,1077,1188,1082
E02005186,2524,0,10,123,381,755,1255
E02006881,4270,2,52,212,852,1102,2050
E02005189,2360,5,58,334,496,771,696
E02005190,2602,2,4,47,389,577,1583
E02005191,3457,3,27,133,508,825,1961
E02005192,3073,6,81,161,396,616,1813
E02005193,3506,2,9,128,332,839,2196
E02005194,3528,2,33,181,659,1058,1595
E02005195,2456,20,21,114,270,536,1495
E02005196,3281,19,99,273,383,848,1659
E02005197,3003,6,56,328,689,915,1009
E02005198,3747,13,126,318,733,995,1562
E02005199,3023,5,11,107,348,720,1832
E02005200,3523,8,34,396,733,997,1355
E02005201,3264,1,37,154,518,1035,1519
E02005202,4096,3,54,197,665,1061,2116
E02005203,2968,0,20,159,434,610,1745
E02005204,4533,7,64,326,680,1227,2229
E02005205,2564,2,5,71,333,625,1528
E02005206,3265,13,75,325,523,900,1429
E02005207,3782,2,12,191,637,800,2140
E02005208,5105,56,333,970,1338,561,1847
E02005209,3565,3,27,207,772,946,1610
E02005210,4923,8,85,498,1036,822,2474
E02005211,4180,34,86,266,804,969,2021
E02005212,4788,13,59,394,754,1602,1966
E02005213,4891,10,59,265,803,1447,2307
E02005214,2912,11,40,181,515,983,1182
E02005215,5338,3,61,419,1213,1895,1747
E02005216,2304,2,24,259,471,736,812
E02005217,4185,9,58,336,815,1498,1469
E02005218,3387,10,59,339,766,1159,1054
E02005219,3770,2,45,257,706,1022,1738
E02005220,2766,4,27,184,514,869,1168
E02005221,4379,2,17,206,716,1166,2272
E02005222,2565,1,17,75,266,444,1762
E02005223,3164,4,9,91,457,773,1830
E02005224,2570,4,37,288,654,587,1000
E02005225,2310,0,19,105,309,582,1295
E02005226,3576,25,255,642,752,676,1226
E02005228,2422,2,15,125,417,700,1163
E02005229,2636,22,158,557,584,356,959
E02005230,3059,3,41,244,1096,924,751
E02005231,3605,9,40,342,967,1241,1006
E02005233,2421,5,30,218,388,667,1113
E02005234,3377,72,283,907,721,586,808
E02005235,2105,0,17,130,573,548,837
E02005236,5512,5,49,320,988,1486,2664
E02005237,3933,8,57,327,815,887,1839
E02005238,2459,7,28,189,367,590,1278
E02005239,2571,3,19,98,336,594,1521
E02006871,5158,12,59,308,864,1515,2400
E02005240,2366,12,38,97,508,663,1048
E02005241,2499,8,82,192,480,681,1056
E02005242,2678,2,22,145,516,711,1282
E02005243,2462,3,60,407,552,660,780
E02005244,2413,0,29,223,292,959,910
E02005245,3016,2,23,178,533,698,1582
E02005246,2409,7,54,255,656,635,802
E02005247,4459,11,73,244,791,1005,2335
E02005248,2451,9,73,354,624,717,674
E02005249,4058,4,82,367,1350,1113,1142
E02005250,2627,5,33,141,722,669,1057
E02005251,2629,0,18,127,440,806,1238
E02005252,3281,2,33,152,650,815,1629
E02005253,2293,1,8,56,184,386,1658
E02005254,2528,0,7,50,132,321,2018
E02005255,3742,11,41,108,336,919,2327
E02005256,2915,17,71,251,370,603,1603
E02005257,2776,5,61,544,777,737,652
E02005258,3299,17,55,273,426,467,2061
E02005259,4099,5,47,412,586,1353,1696
E02005260,2860,2,13,77,325,751,1692
E02005261,4054,14,50,553,557,1402,1478
E02005262,2682,1,18,200,505,542,1416
E02005263,2788,11,45,213,911,711,897
E02005264,5005,31,105,508,1400,1346,1615
E02005265,4706,16,78,543,781,1325,1963
E02005266,3295,29,115,523,1072,867,689
E02005267,2188,80,136,501,471,399,601
E02005268,3529,15,77,268,731,1098,1340
E02005269,4808,127,468,1146,1213,711,1143
E02005270,2944,3,24,169,385,489,1874
E02005271,3266,28,29,191,540,783,1695
E02005272,3295,12,102,357,664,973,1187
E02005273,2381,2,26,103,351,528,1371
E02005274,2842,2,31,127,396,609,1677
E02005275,2291,25,62,116,388,618,1082
E02005276,3332,6,11,204,491,612,2008
E02005277,3694,4,20,134,375,679,2482
E02005278,3162,4,38,189,518,658,1755
E02005279,4263,11,84,461,1092,915,1700
E02005280,4281,6,61,303,1068,1090,1753
E02005281,3503,3,65,417,762,886,1370
E02005284,2405,1,23,161,441,565,1214
E02005285,2740,1,20,149,546,632,1392
E02005286,3292,5,40,295,895,864,1193
E02006884,5412,16,101,685,1446,1420,1744
E02005287,2158,2,22,37,119,366,1612
E02005288,2596,2,15,85,366,671,1457
E02005289,2615,4,20,76,292,518,1705
E02005290,2992,3,26,97,522,738,1606
E02005291,2418,14,22,110,321,675,1276
E02005292,2664,9,40,351,586,718,960
E02005293,2521,3,28,239,579,771,901
E02005294,2589,2,12,110,470,877,1118
E02005295,3125,3,31,145,476,985,1485
E02005296,2397,0,6,54,283,473,1581
E02005297,3481,5,15,110,437,795,2119
E02005298,2955,3,25,109,263,856,1699
E02005299,3076,7,40,168,627,975,1259
E02005300,2081,2,19,71,264,538,1187
E02005301,2787,3,26,307,409,767,1275
E02005302,2946,1,19,143,397,725,1661
E02005303,2701,7,35,327,469,897,966
E02005304,3493,4,22,157,339,702,2269
E02005305,3157,2,23,213,500,676,1743
E02005306,2971,1,14,165,379,582,1830
E02005307,3729,4,23,265,505,993,1939
E02005308,2766,1,9,81,232,555,1888
E02005309,3459,1,13,77,440,825,2103
E02005310,3036,14,58,401,511,670,1382
E02005311,2254,4,16,79,197,430,1528
E02005312,2405,22,13,262,217,694,1197
E02005313,3476,8,22,302,440,1640,1064
E02005314,2834,5,20,239,596,1033,941
E02005315,3259,0,5,91,305,429,2429
E02005316,2518,2,41,182,285,1023,985
E02005317,2939,5,36,284,409,1080,1125
E02005318,3085,2,21,142,494,777,1649
E02005319,3952,47,165,533,791,992,1424
E02005320,2369,0,13,95,325,579,1357
E02005321,2662,4,53,135,531,886,1053
E02005322,4418,9,36,252,966,1182,1973
E02005323,2873,6,19,227,394,1025,1202
E02005324,2337,3,14,106,287,422,1505
E02005325,4023,16,42,320,733,922,1990
E02005326,3961,18,103,379,671,1039,1751
E02005327,2352,1,9,78,215,508,1541
E02005328,3391,3,24,131,547,972,1714
E02005329,3910,15,73,312,731,1174,1605
E02005330,3840,2,12,104,550,969,2203
E02005331,3578,10,68,273,709,896,1622
E02005332,3615,6,10,52,444,959,2144
E02001327,2883,1,20,144,420,1244,1054
E02001328,4090,7,55,236,592,1221,1979
E02001329,3422,15,92,496,717,1002,1100
E02001330,3651,5,56,258,820,1407,1105
E02001331,4260,16,31,279,882,1343,1709
E02001332,3060,7,40,329,861,1108,715
E02001333,3754,12,84,390,893,1211,1164
E02001334,2468,2,28,137,557,1313,431
E02001335,3088,4,22,151,470,975,1466
E02001336,2963,5,38,295,448,1452,725
E02001337,2403,2,9,154,200,819,1219
E02001338,2466,2,18,159,193,1177,917
E02001339,2771,4,25,261,478,1205,798
E02001340,3641,0,12,94,195,968,2372
E02001341,3033,6,35,285,605,1209,893
E02001342,2874,4,9,77,227,513,2044
E02001343,2878,1,18,82,360,722,1695
E02001344,2231,7,20,299,329,629,947
E02001345,2302,0,11,54,306,774,1157
E02001346,3085,10,55,311,490,986,1233
E02001347,3204,2,23,173,464,1292,1250
E02001348,3148,4,51,148,473,913,1559
E02001349,3422,15,78,316,302,754,1957
E02001350,3417,8,61,216,920,1053,1159
E02001351,3515,14,61,261,510,1370,1299
E02001352,3046,23,91,404,594,880,1054
E02001353,2959,0,11,70,528,898,1452
E02001354,3312,6,40,256,491,1550,969
E02001355,3108,11,65,238,583,926,1285
E02001356,2364,3,28,149,279,1442,463
E02001357,2858,2,5,84,138,1475,1154
E02001358,3450,12,52,246,1038,1232,870
E02001359,2328,3,20,100,302,628,1275
E02001360,4130,31,173,566,956,1504,900
E02001361,3388,6,43,287,489,1317,1246
E02001362,3161,3,22,188,181,1043,1724
E02001363,3481,9,61,383,606,1432,990
E02001364,2532,7,55,336,703,663,768
E02001365,4059,19,93,309,782,1294,1562
E02001366,4081,32,117,455,609,1145,1723
E02001367,3939,6,42,290,447,745,2409
E02001368,2918,7,72,460,884,1043,452
E02001369,3877,47,255,856,1068,1061,590
E02001370,3153,44,110,548,1011,951,489
E02001371,3076,6,23,185,441,1657,764
E02001372,2728,20,74,317,419,772,1126
E02001373,4089,13,82,301,760,1173,1760
E02001374,4105,105,295,952,821,709,1223
E02001375,3202,1,43,205,479,1063,1411
E02001376,3789,24,120,364,985,1286,1010
E02001377,4063,125,271,814,936,916,1001
E02001378,3557,24,70,465,729,1020,1249
E02001380,3117,3,20,131,182,712,2069
E02001381,4312,33,117,435,1382,1203,1142
E02001382,2782,3,3,41,91,680,1964
E02001383,4260,206,504,1374,1035,562,579
E02001384,3941,20,84,415,722,715,1985
E02001385,3631,86,283,573,1169,797,723
E02001386,3572,14,63,347,809,1240,1099
E02001387,3162,4,24,120,271,326,2417
E02001388,4170,301,249,328,508,624,2160
E02001389,3740,105,457,1411,1006,325,436
E02001390,4094,38,155,681,1105,1330,785
E02001391,2481,4,16,126,391,1376,568
E02001392,2556,0,18,70,343,636,1489
E02001393,2845,2,14,79,239,215,2296
E02001394,4290,63,201,1004,1032,679,1311
E02001395,2612,3,21,123,173,514,1778
E02001396,3918,14,85,617,1100,1004,1098
E02001397,3848,11,111,667,795,812,1452
E02001398,3595,35,120,676,780,539,1445
E02001399,2866,1,15,84,142,313,2311
E02001400,2839,5,22,273,219,621,1699
E02001401,3395,3,22,285,289,875,1921
E02001402,3762,7,62,376,554,450,2313
E02001403,2841,18,81,380,543,853,966
E02001404,3155,5,35,286,504,1309,1016
E02001405,4154,10,66,446,911,1096,1625
E02006932,3201,279,711,986,607,261,357
E02006933,3135,106,437,878,1019,420,275
E02006934,2782,71,469,1249,730,181,82
E02001429,3059,2,14,62,547,927,1507
E02001430,3011,3,11,101,295,512,2089
E02001431,3639,13,114,729,961,395,1427
E02001432,4486,192,502,1261,1213,499,819
E02001433,3140,5,17,142,475,975,1526
E02001434,2868,10,24,177,289,656,1712
E02001435,3411,37,130,366,688,648,1542
E02001436,3558,5,30,184,440,960,1939
E02001437,4309,24,127,379,930,575,2274
E02001438,3065,7,11,95,331,652,1969
E02001439,2733,2,31,277,325,565,1533
E02001440,2600,0,9,29,130,457,1975
E02001441,2688,3,4,48,122,358,2153
E02001442,2609,2,25,182,407,417,1576
E02001443,2279,0,3,55,122,270,1829
E02001444,2397,0,5,40,212,646,1494
E02001445,2942,0,13,132,293,697,1807
E02001446,2855,2,14,124,303,713,1699
E02001447,2555,2,7,146,305,588,1507
E02001448,2789,2,22,143,177,597,1848
E02001449,3865,2,19,226,324,741,2553
E02001450,3523,4,35,215,615,348,2306
E02001451,2623,1,23,157,376,1163,903
E02001452,2871,3,48,332,625,1031,832
E02001453,3498,14,37,126,267,491,2563
E02001454,2912,0,14,102,215,749,1832
E02001455,2913,1,16,72,255,895,1674
E02001456,3254,18,44,240,531,560,1861
E02001457,2980,5,26,217,681,1107,944
E02001458,3211,16,65,307,304,404,2115
E02001459,2928,6,20,117,314,962,1509
E02001460,3696,29,143,857,704,795,1168
E02001461,2646,3,16,193,187,739,1508
E02001462,3406,15,71,419,750,1052,1099
E02001463,2727,3,30,144,297,1246,1007
E02001464,3102,1,45,256,565,1214,1021
E02001465,3205,33,171,639,813,799,750
E02001466,3577,3,51,270,427,1177,1649
E02001406,3445,2,14,106,401,937,1985
E02001407,2617,1,16,99,289,780,1432
E02001408,2368,2,14,62,255,618,1417
E02001409,4325,7,29,339,578,1349,2023
E02001410,2498,2,15,139,354,1044,944
E02001411,2520,0,36,180,393,855,1056
E02001412,3686,6,58,140,423,865,2194
E02001413,4085,1,25,141,681,1548,1689
E02001414,2253,0,4,42,161,330,1716
E02001415,2737,2,15,201,493,652,1374
E02001416,2540,6,36,171,659,970,698
E02001417,3623,44,102,556,1074,1035,812
E02001418,2487,12,37,299,600,786,753
E02001419,3188,10,85,447,835,1106,705
E02001420,4348,7,25,230,687,1452,1947
E02001421,4658,8,41,241,896,1712,1760
E02001422,2651,8,35,213,453,1093,849
E02001423,2657,3,22,140,215,513,1764
E02001424,5700,12,59,454,1136,2003,2036
E02001425,4523,3,36,237,757,1807,1683
E02001426,2299,4,13,101,275,762,1144
E02001427,4276,2,39,321,600,1617,1697
E02001428,2252,2,7,45,203,443,1552
E02001467,3732,15,89,633,819,547,1629
E02001468,3346,9,75,328,561,623,1750
E02001469,3465,5,63,289,493,485,2130
E02001470,3456,0,20,137,224,358,2717
E02001471,3301,17,61,352,520,659,1692
E02001472,2969,3,30,142,339,790,1665
E02001473,3352,7,43,214,364,678,2046
E02001474,3248,16,130,401,457,960,1284
E02001475,2777,1,27,301,567,1006,875
E02001476,3419,10,56,286,505,1194,1368
E02001477,3296,4,30,252,742,1473,795
E02001478,3507,4,33,228,503,946,1793
E02001479,2512,0,7,40,260,536,1669
E02001480,3326,8,37,235,613,499,1934
E02001481,3450,30,48,165,533,737,1937
E02001482,4206,76,225,1126,914,858,1007
E02001483,3202,1,9,66,430,870,1826
E02001484,3368,6,36,257,519,851,1699
E02001485,2610,2,22,141,321,971,1153
E02001486,4169,18,195,750,1186,518,1502
E02001487,4321,25,111,483,994,1210,1498
E02001488,3843,19,99,414,626,748,1937
E02001489,3587,0,5,57,479,719,2327
E02001490,3451,2,13,59,192,1077,2108
E02001491,3101,8,55,381,621,999,1037
E02001492,3539,10,44,330,675,634,1846
E02001493,3727,31,108,529,811,1060,1188
E02001494,2990,2,14,56,205,450,2263
E02001495,3370,17,56,265,435,741,1856
E02001496,2470,4,16,116,294,411,1629
E02001497,3663,14,48,408,713,1103,1377
E02001498,3108,2,26,169,205,586,2120
E02001499,2941,1,10,69,475,619,1767
E02001500,3234,0,26,64,336,698,2110
E02001501,3259,0,5,141,232,788,2093
E02001502,3665,8,29,305,681,1044,1598
E02001503,3434,2,28,320,597,667,1820
E02001504,3066,2,3,86,194,606,2175
E02001505,2747,6,34,153,377,800,1377
E02001506,3821,1,11,45,248,446,3070
E02001507,3009,2,1,67,212,656,2071
E02001508,3526,5,21,234,450,1184,1632
E02002684,4628,11,44,200,1173,1489,1711
E02002685,3739,7,30,161,713,1137,1691
E02002686,3571,10,91,568,998,1128,776
E02002687,2759,26,139,441,569,469,1115
E02002688,2523,27,128,452,500,277,1139
E02002689,2511,1,11,67,350,547,1535
E02002691,3485,3,19,59,584,914,1906
E02002692,3384,5,32,84,459,703,2101
E02002693,2954,3,15,83,520,635,1698
E02002694,4737,20,70,248,903,1031,2465
E02002695,3626,5,74,256,662,770,1859
E02002696,2427,3,9,40,229,430,1716
E02002697,3232,4,12,94,415,664,2043
E02002698,3253,0,42,163,575,749,1724
E02002699,3977,3,33,65,375,970,2531
E02002700,2758,6,29,256,860,816,791
E02002701,3456,4,18,93,326,619,2396
E02002702,4798,10,89,511,1226,1249,1713
E02002703,3663,2,26,141,442,741,2311
E02002704,3089,1,11,75,518,829,1655
E02002705,2765,11,16,82,383,668,1605
E02002706,3010,3,17,176,408,848,1558
E02002707,2881,5,6,56,329,503,1982
E02002708,2886,3,33,338,700,617,1195
E02002709,3203,3,12,177,494,882,1635
E02002710,3106,3,17,124,508,802,1652
E02002711,3172,0,9,44,341,628,2150
E02002712,3257,5,24,126,733,987,1382
E02002714,3264,3,21,62,495,773,1910
E02002715,5106,2,73,230,590,1078,3133
E02002716,3604,1,12,117,727,1060,1687
E02002717,3460,8,68,353,865,990,1176
E02002718,3283,0,8,100,298,555,2322
E02002719,2363,3,19,84,270,440,1547
E02002720,2900,2,30,84,385,700,1699
E02002721,2739,1,29,217,440,618,1434
E02002722,3766,8,52,303,766,903,1734
E02002723,3559,6,48,230,669,1030,1576
E02002724,3811,21,104,337,938,1101,1310
E02002725,2740,2,20,162,336,720,1500
E02006814,3517,7,26,160,598,1322,1404
E02006891,3114,1,12,144,438,751,1768
E02006892,2956,2,77,299,786,740,1052
E02002652,4196,7,65,225,689,1646,1564
E02002653,3431,8,60,381,881,1371,730
E02002654,3123,11,32,316,775,1052,937
E02002655,3594,10,52,418,661,1382,1071
E02002656,2562,9,39,126,722,828,838
E02002657,3106,3,9,153,583,1499,859
E02002658,2992,3,41,216,637,893,1202
E02002659,4665,9,79,421,1500,1768,888
E02002660,3154,11,23,353,885,1064,818
E02002661,3373,5,38,279,863,1149,1039
E02002662,3355,6,53,503,805,1034,954
E02002663,2457,67,114,131,248,560,1337
E02002664,3007,0,5,34,508,1010,1450
E02002665,3384,21,52,192,279,1020,1820
E02002666,3653,52,192,673,918,764,1054
E02002667,3295,11,47,122,1148,1108,859
E02002668,3928,3,56,339,1752,1011,767
E02002669,3699,36,200,486,924,609,1444
E02002670,3688,6,52,399,1143,1101,987
E02002671,3246,9,34,124,742,1059,1278
E02002672,3003,4,35,306,865,1219,574
E02002673,3431,8,64,174,1114,1158,913
E02002674,3251,3,27,172,1373,1085,591
E02002675,4105,68,233,1087,1044,1024,649
E02002676,3523,13,74,301,1055,1056,1024
E02002677,4273,22,76,689,1533,1062,891
E02002678,3349,34,111,215,1009,988,992
E02002679,3227,4,80,334,495,905,1409
E02002680,5316,111,694,1837,1704,667,303
E02002681,3905,65,230,737,1052,1016,805
E02002682,3514,8,56,339,1076,1233,802
E02006813,3791,8,50,493,1011,1280,949
E02002726,4427,10,52,231,598,1660,1876
E02002727,3297,68,155,897,817,732,628
E02002728,3681,23,111,450,696,1242,1159
E02002729,2578,8,26,272,340,840,1092
E02002730,3203,26,51,268,415,1078,1365
E02002731,2497,4,27,164,353,776,1173
E02002732,3093,1,14,97,346,699,1936
E02002733,2802,6,73,280,426,703,1314
E02002734,2233,7,20,136,266,861,943
E02002735,2281,6,28,137,293,618,1199
E02002736,2451,10,79,241,275,624,1222
E02002737,3098,8,7,100,378,866,1739
E02002738,3024,8,43,93,455,1027,1398
E02002739,2876,3,46,337,545,751,1194
E02002740,2438,4,32,229,305,921,947
E02002741,3693,7,36,163,326,625,2536
E02002742,2494,5,36,169,325,522,1437
E02002743,2665,4,21,320,468,744,1108
E02002744,2837,4,47,258,451,899,1178
E02002745,3406,5,25,121,464,1075,1716
E02002746,3779,3,22,305,415,1058,1976
E02002747,3409,1,14,99,377,911,2007
E02002748,3445,2,22,159,372,822,2068
E02002749,4816,13,46,278,863,1322,2294
E02002750,2636,3,11,89,359,558,1616
E02002751,2667,3,6,57,376,800,1425
E02002752,2935,3,21,86,420,754,1651
E02002753,3956,3,40,300,855,999,1759
E02002754,3465,6,13,209,516,904,1817
E02002755,2907,16,40,359,448,790,1254
E02002756,3277,19,97,464,382,959,1356
E02002757,2518,1,19,84,185,841,1388
E02002758,2715,8,28,296,345,732,1306
E02002759,4151,9,42,283,644,909,2264
E02002760,2493,17,26,165,273,591,1421
E02002761,2834,2,12,108,363,789,1560
E02002762,2879,5,29,290,497,776,1282
E02002763,3164,7,36,307,655,974,1185
E02002764,2289,7,13,158,276,653,1182
E02002765,2711,4,36,197,368,791,1315
E02002766,3804,4,21,124,443,1265,1947
E02002767,2967,1,15,79,389,962,1521
E02002768,3095,2,19,129,465,632,1848
E02002769,2539,3,22,85,358,594,1477
E02002770,2899,1,18,109,417,689,1665
E02002771,2967,2,17,105,334,612,1897
E02002772,2673,6,21,81,343,606,1616
E02002773,2624,0,17,142,472,707,1286
E02002774,2646,0,13,72,484,542,1535
E02002775,2565,1,20,224,582,750,988
E02002776,2864,0,23,205,634,919,1083
E02002777,3451,4,26,180,791,875,1575
E02002778,3619,23,77,264,654,781,1820
E02002779,4177,6,54,266,619,926,2306
E02002780,3493,13,93,452,742,1193,1000
E02002781,4161,43,170,703,1088,1073,1084
E02002782,2491,1,6,49,276,444,1715
E02002783,4152,29,32,148,675,1156,2112
E02002784,5511,156,661,1672,1510,646,866
E02002785,2762,2,16,81,467,734,1462
E02002786,3996,18,111,506,919,1078,1364
E02002787,4276,41,81,575,1102,1118,1359
E02002788,4053,39,153,456,1008,994,1403
E02002789,3830,10,45,592,878,1211,1094
E02002790,4743,54,203,705,1063,1105,1613
E02002791,2627,1,13,62,348,490,1713
E02002792,3130,7,28,138,654,821,1482
E02002793,4072,5,32,269,907,1113,1746
E02002794,2173,11,57,156,359,374,1216
E02002795,3463,1,11,99,623,709,2020
E02005742,3314,8,35,155,558,712,1846
E02005743,2290,5,45,109,321,423,1387
E02005744,3421,7,61,172,607,760,1814
E02005745,2154,2,25,93,248,360,1426
E02005746,2987,8,68,276,579,903,1153
E02005747,3042,16,91,272,795,998,870
E02005748,3215,6,33,193,616,733,1634
E02005749,4160,16,75,321,870,1045,1833
E02005750,3574,2,32,306,604,742,1888
E02005751,3811,2,18,123,389,593,2686
E02005752,2958,7,28,205,412,463,1843
E02005753,5775,13,88,565,1160,1459,2490
E02005754,3170,1,13,74,333,653,2096
E02005755,2765,1,18,223,459,597,1467
E02005756,2575,1,7,45,276,469,1777
E02005757,3772,10,66,294,708,783,1911
E02005758,3410,4,43,176,615,830,1742
E02005759,3797,2,51,230,654,664,2196
E02005760,2510,3,14,50,351,393,1699
E02005761,2336,1,32,103,311,411,1478
E02005762,2410,4,75,242,414,428,1247
E02005763,2576,1,11,71,425,478,1590
E02005764,4549,35,100,432,998,1282,1702
E02005765,2635,6,40,175,443,471,1500
E02005766,2645,2,15,105,411,458,1654
E02005767,2749,2,11,86,266,453,1931
E02005768,2357,0,6,52,313,451,1535
E02005769,3173,8,79,362,725,848,1151
E02005770,4092,1,28,145,745,1309,1864
E02005771,3336,3,34,386,918,1021,974
E02005772,2481,7,13,76,229,435,1721
E02005773,4101,32,98,855,925,1072,1119
E02005774,3945,4,33,306,844,1189,1569
E02005775,4497,154,352,1044,1091,520,1336
E02005776,3185,13,29,77,350,592,2124
E02005777,3429,0,18,97,373,696,2245
E02005778,2466,4,12,69,238,385,1758
E02005779,3548,14,95,418,923,563,1535
E02005780,4362,1,21,168,544,682,2946
E02005781,2297,1,4,77,182,278,1755
E02005782,3325,4,14,126,440,593,2148
E02005783,3775,10,100,348,692,842,1783
E02005784,2382,37,47,83,465,584,1166
E02005785,4183,13,68,168,825,1257,1852
E02005786,2822,7,38,138,430,544,1665
E02005787,3720,6,53,156,612,842,2051
E02005788,2846,2,32,133,475,618,1586
E02005789,4593,5,49,236,858,1100,2345
E02005790,2788,6,26,113,390,539,1714
E02005791,2792,2,11,72,465,672,1570
E02005794,4076,3,19,97,614,766,2577
E02006870,5429,27,122,493,1150,1373,2264
E02005795,3382,20,155,522,756,733,1196
E02005796,3007,4,25,151,488,636,1703
E02005797,2715,4,58,226,602,755,1070
E02005798,3802,7,35,179,508,824,2249
E02005799,3950,3,15,171,531,940,2290
E02005800,3924,51,341,865,812,724,1131
E02005801,2364,8,26,261,388,841,840
E02005802,3468,18,77,300,597,869,1607
E02005803,4161,35,99,386,1041,986,1614
E02005804,4433,74,390,1088,1626,499,756
E02005805,3182,1,13,136,792,953,1287
E02005806,2926,6,18,223,547,1104,1028
E02005807,2687,3,10,53,396,675,1550
E02005808,5434,3,71,331,1314,1574,2141
E02005809,3184,9,63,273,597,716,1526
E02005810,3526,2,45,137,398,627,2317
E02005811,3560,3,21,69,483,903,2081
E02005812,3734,3,31,197,670,1057,1776
E02005813,4809,22,157,629,1198,1481,1322
E02005814,2705,10,24,162,394,764,1351
E02005815,3339,4,7,61,474,773,2020
E02005816,3370,3,27,90,489,798,1963
E02005817,3029,2,24,110,494,767,1632
E02005818,3303,3,17,80,349,833,2021
E02001509,2696,5,25,179,508,800,1179
E02001510,2537,3,12,125,574,830,993
E02001511,2673,2,15,104,606,861,1085
E02001512,3358,4,21,215,864,978,1276
E02001513,3325,3,23,151,517,1032,1599
E02001514,2999,1,26,158,641,1131,1042
E02001515,3918,4,27,314,1020,1487,1066
E02001516,2518,1,30,101,522,923,941
E02001517,3448,5,35,361,640,1165,1242
E02001518,4376,14,89,378,780,1321,1794
E02001519,2749,2,16,125,569,1179,858
E02001520,4764,6,41,338,903,1309,2167
E02001521,5349,55,183,506,1741,1497,1367
E02001522,3750,1,43,267,723,1474,1242
E02001523,3043,27,24,216,770,1115,891
E02001524,2566,1,7,74,355,548,1581
E02001525,2955,17,87,541,964,796,550
E02001526,2487,6,32,198,631,1074,546
E02001527,2573,2,19,243,467,746,1096
E02001528,4424,8,35,230,838,1569,1744
E02001529,4180,9,65,358,939,1400,1409
E02001530,2748,2,38,140,745,928,895
E02001531,2954,23,48,162,953,967,801
E02001532,4067,3,18,209,703,1173,1961
E02001533,3125,1,49,166,641,1178,1090
E02001534,3800,5,28,258,698,1374,1437
E02001535,2595,2,13,57,433,530,1560
E02001536,3807,6,31,241,931,1157,1441
E02001537,3525,2,34,217,798,1173,1301
E02001538,3425,5,33,189,654,1340,1204
E02001539,2400,9,12,104,264,1075,936
E02001540,4810,13,35,296,839,1626,2001
E02001541,4876,10,44,239,921,1853,1809
E02001542,3071,8,33,259,458,963,1350
E02001543,3622,7,36,249,650,1369,1311
E02001544,3526,2,25,124,527,1322,1526
E02001545,3726,5,21,132,556,1084,1928
E02001546,2805,0,15,77,345,874,1494
E02001547,4223,7,58,251,296,1600,2011
E02001548,3397,7,68,402,635,1109,1176
E02001549,2521,2,19,164,343,769,1224
E02001550,3149,1,32,240,488,1042,1346
E02001551,2656,4,30,204,465,818,1135
E02001552,3151,2,19,252,559,1079,1240
E02001553,4193,11,38,255,538,1263,2088
E02001554,2625,0,12,81,350,873,1309
E02001555,2463,0,15,79,539,844,986
E02001556,3764,11,32,250,490,1392,1589
E02001557,3965,89,153,373,437,735,2178
E02001558,2715,5,7,172,362,704,1465
E02001559,3165,3,13,71,342,846,1890
E02001560,4318,46,160,465,828,1681,1138
E02001561,2953,24,59,364,705,975,826
E02001562,2634,4,21,326,546,668,1069
E02001563,3254,1,11,156,499,633,1954
E02001564,3146,2,8,68,341,788,1939
E02001565,2860,1,24,111,453,438,1833
E02001566,3330,28,101,307,592,959,1343
E02001567,3786,9,34,294,519,1473,1457
E02001568,2623,1,28,258,560,950,826
E02001569,3926,7,41,309,1094,1131,1344
E02001570,3114,15,52,413,654,1096,884
E02001571,2620,6,8,91,356,772,1387
E02001572,2997,6,40,196,539,1131,1085
E02001573,3126,2,18,135,350,1250,1371
E02001574,2596,0,5,43,333,830,1385
E02001575,2941,5,26,231,365,1054,1260
E02001576,2459,6,19,139,444,629,1222
E02001577,2981,2,14,155,477,702,1631
E02001578,3946,10,31,333,676,1215,1681
E02001579,3919,3,40,246,641,1215,1774
E02001580,3681,7,22,271,662,1150,1569
E02001581,2466,1,11,79,461,910,1004
E02001582,3044,4,23,268,357,897,1495
E02001583,2423,1,16,119,401,954,932
E02001584,2994,2,17,92,480,738,1665
E02001585,2772,22,58,466,593,813,820
E02001586,3992,13,58,633,1078,1243,967
E02001587,2558,5,31,231,658,843,790
E02001588,3022,4,19,335,572,1265,827
E02001589,3448,13,33,174,608,1016,1604
E02001590,2913,5,41,280,625,1252,710
E02001591,3267,15,104,390,660,1087,1011
E02001592,3766,4,26,245,679,1250,1562
E02001593,2853,14,66,299,973,865,636
E02001594,2833,60,192,511,679,689,702
E02001595,3577,2,23,151,479,1042,1880
E02001596,3687,2,37,200,695,1317,1436
E02001597,4060,4,60,287,823,1501,1385
E02001598,4068,3,21,303,701,1076,1964
E02001599,2627,0,25,143,439,549,1471
E02001600,4126,30,76,255,514,684,2567
E02001601,2188,1,9,152,373,636,1017
E02001602,3745,1,20,235,615,1334,1540
E02001603,2794,6,12,175,480,844,1277
E02001604,3455,2,11,225,639,1231,1347
E02001605,3079,4,16,186,511,799,1563
E02001606,3306,1,31,160,454,1159,1501
E02001607,3755,4,17,204,566,1403,1561
E02001608,2818,2,12,77,437,934,1356
E02001609,3578,0,10,124,448,1096,1900
E02001610,3533,2,24,146,549,1067,1745
E02001611,3356,6,39,370,601,1157,1183
E02001612,2539,7,24,178,402,782,1146
E02001613,4522,12,40,303,832,1646,1689
E02001614,4728,5,25,185,839,1433,2241
E02001615,3289,1,9,111,501,961,1706
E02001616,3116,5,49,355,602,1150,955
E02001617,2287,5,16,85,678,1217,286
E02001618,4057,1,56,251,717,979,2053
E02001619,3996,6,43,369,1098,1620,860
E02001620,2773,10,41,159,1057,1069,437
E02001621,2305,3,34,279,812,699,478
E02001622,4004,17,103,517,1413,1226,728
E02001623,3301,9,69,561,828,1180,654
E02001624,4020,8,71,424,759,1637,1121
E02001625,3179,7,34,172,1227,1297,442
E02001626,2474,3,26,106,264,617,1458
E02001627,2788,9,52,293,543,1007,884
E02001628,2235,12,56,272,552,703,640
E02001629,2858,42,112,424,953,771,556
E02001630,2802,25,72,301,420,696,1288
E02001631,3357,15,58,213,380,1314,1377
E02001632,4370,106,355,803,939,1036,1131
E02001633,3177,3,25,146,478,815,1710
E02001634,4398,22,84,416,740,1704,1432
E02001635,2930,13,50,451,477,1039,900
E02001636,4176,81,177,811,1114,1251,742
E02001637,2350,16,77,392,620,635,610
E02001638,2218,6,16,101,358,593,1144
E02001639,2779,7,21,256,616,954,925
E02001640,2871,71,164,522,453,346,1315
E02001642,4011,7,60,210,1034,1405,1295
E02001643,2729,9,44,172,321,462,1721
E02001646,2758,60,148,354,401,308,1487
E02001647,2682,6,33,290,425,856,1072
E02001648,2769,37,112,248,457,390,1525
E02001649,4178,28,80,856,1013,1615,586
E02001650,3391,220,475,711,629,444,912
E02001651,3306,1,14,71,307,476,2437
E02001652,3791,136,337,517,557,870,1374
E02001653,3101,13,118,447,1100,1031,392
E02001654,2639,0,21,196,345,1078,999
E02001655,3419,6,53,386,869,1265,840
E02001656,3042,9,39,207,337,574,1876
E02001657,3619,2,19,155,271,711,2461
E02001658,2321,13,30,140,1198,751,189
E02001659,2976,27,80,552,701,788,828
E02001660,4084,67,189,582,607,542,2097
E02001661,3647,40,123,473,918,1233,860
E02001662,3394,17,51,211,797,1310,1008
E02001663,3343,24,130,219,372,1002,1596
E02001664,2768,4,14,235,356,1049,1110
E02001665,3794,4,9,118,331,413,2919
E02001666,2584,2,16,201,563,965,837
E02001669,3500,4,38,215,697,1079,1467
E02001670,2766,21,59,529,434,1054,669
E02001671,2669,4,39,259,582,690,1095
E02001672,2734,17,64,209,448,1025,971
E02001673,2195,5,29,73,358,603,1127
E02001674,3904,12,51,339,375,1086,2041
E02001675,4149,12,41,595,1054,1467,980
E02001676,2514,0,62,96,187,522,1647
E02001678,4344,1,24,220,429,735,2935
E02001679,3011,11,59,365,842,874,860
E02001680,3133,21,78,571,925,1072,466
E02001681,3332,5,31,232,392,709,1963
E02006803,3763,5,73,249,714,965,1757
E02006843,3270,382,898,1017,317,203,453
E02006844,3155,255,590,844,452,451,563
E02006868,5068,41,166,553,1525,1631,1152
E02006869,4820,10,43,393,1283,1896,1195
E02002183,2579,7,48,241,456,493,1334
E02002184,5556,8,93,407,907,907,3234
E02002185,2478,3,27,152,380,511,1405
E02002186,5450,17,93,360,1127,1581,2272
E02002187,2475,0,22,125,322,373,1633
E02002188,3173,1,35,114,471,848,1704
E02002189,2249,12,35,141,331,449,1281
E02002190,4222,34,145,443,809,1146,1645
E02002191,3523,8,75,360,791,1298,991
E02002192,3910,3,58,301,499,746,2303
E02002193,2828,13,113,532,661,888,621
E02002194,3107,2,38,313,514,1232,1008
E02002195,2766,2,39,235,416,518,1556
E02002196,2622,1,30,144,455,796,1196
E02002197,4019,25,114,767,796,967,1350
E02002198,3766,22,70,377,900,937,1460
E02002199,2804,3,54,289,478,667,1313
E02002200,4032,30,103,362,840,771,1926
E02002201,5203,27,123,513,1350,1157,2033
E02002202,3408,52,275,676,717,458,1230
E02002203,3285,8,63,377,1039,1062,736
E02002204,4900,11,64,283,989,1153,2400
E02002205,4476,10,105,351,998,1115,1897
E02002206,3427,8,22,182,646,1237,1332
E02002207,2307,44,72,248,284,309,1350
E02002208,3235,7,57,335,690,942,1204
E02002209,2283,6,26,210,482,938,621
E02002210,2824,8,34,126,551,1025,1080
E02002211,2064,3,44,203,304,270,1240
E02002212,2260,5,40,127,397,709,982
E02002213,2917,4,47,289,585,710,1282
E02002214,2404,6,49,145,336,807,1061
E02002215,2733,62,157,309,290,379,1536
E02002216,2700,123,218,533,476,295,1055
E02002217,2995,27,190,388,539,779,1072
E02002218,3685,10,62,447,787,1057,1322
E02002219,2152,20,59,191,469,522,891
E02002220,2561,8,45,159,337,899,1113
E02002221,4961,110,703,1301,1138,551,1158
E02002222,2944,8,43,243,663,1049,938
E02002223,2216,16,96,215,519,583,787
E02002224,2803,29,86,302,582,644,1160
E02002225,3448,9,76,405,728,969,1261
E02002226,3478,150,185,275,520,511,1837
E02002227,2444,28,63,408,728,596,621
E02002228,2824,33,109,472,759,950,501
E02002229,3152,5,55,342,701,799,1250
E02002230,3332,133,227,607,868,680,817
E02002231,4442,9,67,336,764,1365,1901
E02002232,2516,17,100,406,597,694,702
E02002233,2695,23,64,226,631,971,780
E02002234,3192,10,45,522,862,1140,613
E02002235,2438,14,72,276,474,759,843
E02002236,2493,3,45,198,447,790,1010
E02002237,3258,3,64,161,596,1213,1221
E02002238,2546,15,65,306,513,938,709
E02002239,4000,13,97,293,897,1260,1440
E02002240,4423,8,104,410,985,1091,1825
E02002241,4897,8,119,473,1000,1781,1516
E02002242,3369,15,51,248,814,1089,1152
E02002243,4047,9,83,393,848,1299,1415
E02002244,2525,0,28,167,471,746,1113
E02002245,2441,10,22,217,743,779,670
E02002246,4183,2,68,368,764,967,2014
E02002247,4310,12,128,476,856,1006,1832
E02002248,3180,5,80,281,721,980,1113
E02002249,2385,8,24,213,845,817,478
E02002250,3805,5,68,408,914,828,1582
E02002251,3869,54,222,894,1214,751,734
E02002252,2570,1,25,119,687,740,998
E02002253,2957,5,65,236,995,924,732
E02002254,2497,14,33,191,379,572,1308
E02002255,2485,44,96,523,569,440,813
E02002256,4156,4,73,392,963,1184,1540
E02002257,2074,8,49,170,714,488,645
E02002258,4005,12,147,642,743,847,1614
E02002259,2902,6,100,409,647,640,1100
E02002260,4301,7,125,627,1194,1026,1322
E02002261,3655,11,74,411,996,1018,1145
E02002262,3689,21,121,520,1024,777,1226
E02002263,2881,1,56,284,722,732,1086
E02002264,3030,7,86,285,543,548,1561
E02002265,2512,8,51,221,656,643,933
E02002266,2556,6,76,215,587,584,1088
E02002267,3510,5,68,447,678,914,1398
E02002268,4519,19,91,668,1246,1110,1385
E02002269,4106,3,87,366,872,1047,1731
E02002270,3518,5,43,296,678,623,1873
E02002271,3040,9,49,256,543,745,1438
E02002272,4107,17,150,465,1027,1096,1352
E02002273,2702,4,62,167,662,654,1153
E02002274,2879,2,48,238,556,678,1357
E02002275,3942,20,120,643,1021,954,1184
E02002276,2976,7,94,230,544,949,1152
E02002277,2527,13,81,240,534,692,967
E02002278,2680,6,53,312,548,749,1012
E02002279,2780,4,63,487,780,648,798
E02002280,2274,11,159,439,587,516,562
E02002281,4340,10,122,496,1054,1264,1394
E02002282,2536,7,79,339,620,704,787
E02002283,2413,10,91,281,632,578,821
E02002284,2648,7,47,271,476,815,1032
E02002285,3356,3,84,223,551,1001,1494
E02002286,2372,12,56,336,688,651,629
E02002287,2732,56,220,616,538,447,855
E02002288,3831,13,93,452,947,1179,1147
E02002289,2126,12,36,213,498,765,602
E02002290,2697,3,30,181,420,658,1405
E02002291,2709,6,49,171,449,696,1338
E02002292,2391,4,38,198,407,498,1246
E02002293,2624,22,79,408,678,675,762
E02002294,3102,9,71,306,719,769,1228
E02002295,2951,12,54,464,1007,800,614
E02002296,3114,58,167,390,599,665,1235
E02002297,2773,1,41,254,454,521,1502
E02002298,2878,6,38,322,664,782,1066
E02002299,2852,95,215,365,983,635,559
E02002300,2931,15,71,277,596,660,1312
E02002301,2839,34,120,414,578,629,1064
E02002302,2650,2,33,145,487,623,1360
E02002303,2880,14,152,344,606,679,1085
E02002304,2972,156,222,505,733,366,990
E02002305,2639,13,50,466,745,530,835
E02002306,2692,2,50,215,487,657,1281
E02002307,2623,10,50,281,569,683,1030
E02002308,2876,4,96,276,629,760,1111
E02002309,2838,79,153,540,647,501,918
E02002310,2713,17,46,387,684,717,862
E02002311,2812,7,121,249,629,839,967
E02002312,3054,54,198,572,805,698,727
E02002313,2544,21,102,312,782,594,733
E02002314,2624,7,40,177,436,680,1284
E02002315,3028,26,98,388,849,859,808
E02002316,2758,2,33,150,485,797,1291
E02002317,2920,12,97,280,741,749,1041
E02002318,2883,14,75,529,736,736,793
E02002319,2876,1,58,227,723,796,1071
E02002320,3097,9,100,486,710,625,1167
E02002321,2569,4,67,151,433,513,1401
E02002322,2781,6,42,141,634,738,1220
E02002323,3612,7,80,239,634,785,1867
E02002324,2811,2,39,214,543,709,1304
E02002325,3567,4,56,298,549,947,1713
E02002326,2509,3,29,67,291,579,1540
E02002327,4086,5,39,156,767,975,2144
E02002328,2942,5,63,246,457,659,1512
E02002329,5047,2,89,310,789,1184,2673
E02002330,2785,5,15,66,255,468,1976
E02002331,2679,10,59,347,673,531,1059
E02002332,2534,9,48,166,488,648,1175
E02002333,3625,13,102,389,769,881,1471
E02002334,3156,11,21,189,511,591,1833
E02002335,3154,3,14,81,298,410,2348
E02002336,2826,6,26,104,323,481,1886
E02002337,2830,2,28,275,385,469,1671
E02002338,2888,7,47,270,478,717,1369
E02002339,2597,7,67,409,760,656,698
E02002340,2536,10,35,215,579,690,1007
E02002341,3016,0,9,78,448,426,2055
E02002342,2577,20,20,226,319,759,1233
E02002343,2419,1,13,97,414,716,1178
E02002344,3427,3,62,278,790,695,1599
E02002345,2334,0,21,115,298,245,1655
E02002346,2727,10,59,326,669,842,821
E02002347,2734,18,65,370,949,676,656
E02002348,2727,12,37,254,762,649,1013
E02002349,2540,11,52,288,544,403,1242
E02002350,2563,24,47,102,266,490,1634
E02002351,2265,1,10,49,257,448,1500
E02002352,3116,5,70,291,648,468,1634
E02002353,2225,2,21,81,249,335,1537
E02002354,3328,11,51,471,427,820,1548
E02002356,3217,10,34,223,565,646,1739
E02002357,3585,26,83,392,761,1028,1295
E02002358,3159,5,28,359,577,1083,1107
E02002359,2773,3,9,163,431,586,1581
E02002360,2954,15,53,290,562,758,1276
E02002361,2462,36,42,304,450,427,1203
E02002362,3562,13,50,552,869,1255,823
E02002363,3300,21,107,357,622,721,1472
E02002364,2699,14,44,461,833,963,384
E02002366,2844,7,65,180,353,596,1643
E02002367,2603,18,75,395,647,856,612
E02002368,3537,4,95,293,607,885,1653
E02002369,2928,34,55,390,757,751,941
E02002370,2880,7,30,336,1026,973,508
E02002371,4149,60,217,584,780,896,1612
E02002373,2670,64,172,276,365,296,1497
E02002374,2979,18,114,399,721,869,858
E02002375,2296,10,34,283,717,723,529
E02002376,2455,10,49,261,531,917,687
E02002377,2282,41,133,351,419,317,1021
E02002379,2044,7,28,206,588,636,579
E02002380,2353,3,44,188,524,781,813
E02002381,2891,8,61,347,845,956,674
E02002382,2302,22,114,173,902,504,587
E02002383,2332,38,102,251,445,373,1123
E02002384,4306,213,549,1089,1177,739,539
E02002385,3419,39,232,491,896,779,982
E02002386,3853,16,60,184,910,1081,1602
E02002387,2435,12,43,363,655,793,569
E02002388,3196,20,66,400,683,1038,989
E02002389,2906,21,65,375,883,1013,549
E02002390,2665,5,56,294,448,901,961
E02002391,3505,7,116,328,915,964,1175
E02002392,2352,150,319,628,456,417,382
E02002393,3870,157,395,975,1306,745,292
E02002394,3198,40,114,494,1219,838,493
E02002395,2440,1,19,112,334,632,1342
E02002396,3822,41,167,483,780,995,1356
E02002397,3277,3,38,360,782,1148,946
E02002398,3256,9,39,166,558,876,1608
E02002399,2631,1,29,80,797,1106,618
E02002400,3641,75,200,684,1328,815,539
E02002401,2541,18,61,273,750,818,621
E02002402,2396,11,17,78,284,622,1384
E02002403,2633,1,31,199,541,714,1147
E02002404,4432,162,703,1125,1118,907,417
E02002405,3228,9,45,330,519,928,1397
E02002406,2850,1,5,71,416,871,1486
E02002407,2835,20,72,367,957,923,496
E02002408,3268,2,74,406,881,818,1087
E02002409,2633,7,20,240,647,873,846
E02002410,3051,16,65,364,693,953,960
E02002411,3502,266,415,843,902,556,520
E02002412,3051,5,55,275,668,965,1083
E02002414,2682,86,189,644,794,606,363
E02002415,2599,201,315,318,583,387,795
E02002416,2794,1,36,192,574,836,1155
E02002417,2727,2,21,186,583,875,1060
E02002418,3038,7,61,115,680,952,1223
E02002419,3503,22,94,499,972,1113,803
E02002420,3299,22,56,107,736,1155,1223
E02002421,2609,16,63,501,807,759,463
E02002422,2662,1,34,202,552,795,1078
E02002423,2482,13,45,296,739,854,535
E02002424,3271,3,51,295,762,952,1208
E02002425,3685,10,101,213,723,987,1651
E02002426,3240,3,38,184,477,948,1590
E02002427,3021,3,29,218,696,1019,1056
E02002428,3110,12,64,344,847,1047,796
E02002429,3523,4,19,161,760,1105,1474
E02002430,3017,9,43,288,942,1283,452
E02002431,3591,12,182,446,1145,934,872
E02002432,2919,4,13,170,561,943,1228
E02002433,3182,33,269,650,925,683,622
E02002434,3542,3,32,167,828,1163,1349
E02002435,3269,11,101,224,702,965,1266
E02002436,2831,7,45,228,722,708,1121
E02002437,2445,1,17,35,351,573,1468
E02006852,4551,26,171,515,896,571,2372
E02006861,3887,161,352,687,795,440,1452
E02006875,3569,257,987,1621,510,110,84
E02006876,3492,43,609,1061,845,605,329
E02002438,3273,5,32,220,1065,1199,752
E02002439,3639,17,55,211,1357,1077,922
E02002440,3225,3,16,130,530,1177,1369
E02002441,3825,16,66,418,984,1270,1071
E02002442,2819,5,12,92,612,950,1148
E02002443,2353,2,11,90,490,569,1191
E02002444,2657,11,32,284,584,732,1014
E02002445,3057,8,28,271,597,1012,1141
E02002446,2585,0,22,104,571,754,1134
E02002447,2721,20,59,208,617,938,879
E02002448,3352,5,38,239,839,1305,926
E02002449,3230,1,11,40,481,1218,1479
E02002450,2859,5,41,160,628,835,1190
E02002451,3049,0,27,139,522,815,1546
E02002452,3723,14,89,456,1122,1071,971
E02002453,4171,17,76,385,1093,1273,1327
E02002454,3399,103,212,701,941,545,897
E02002455,2552,2,30,217,435,994,874
E02002456,2738,12,79,261,678,691,1017
E02002457,3252,13,56,387,968,1041,787
E02002458,3757,10,51,284,924,1040,1448
E02002459,3934,13,57,324,851,1243,1446
E02002460,3149,10,40,111,354,934,1700
E02002461,4173,2,18,205,985,1266,1697
E02002462,3337,12,71,373,819,868,1194
E02002463,3651,0,29,346,611,1823,842
E02002464,3506,3,63,300,961,1255,924
E02002465,2850,34,44,404,577,650,1141
E02002466,4012,6,81,379,1017,1075,1454
E02002467,3611,40,195,482,1090,915,889
E02002468,2660,6,46,140,658,681,1129
E02002469,2423,3,11,57,406,794,1152
E02002470,2622,5,6,101,230,304,1976
E02002471,4499,4,53,179,732,1013,2518
E02002472,2439,0,17,104,516,656,1146
E02002473,2722,1,5,56,636,863,1161
E02002474,2700,5,39,211,802,872,771
E02002475,2573,1,12,73,363,597,1527
E02002476,2375,4,20,120,467,944,820
E02002477,2699,6,26,148,619,960,940
E02002478,2459,0,15,120,346,897,1081
E02002479,3693,7,47,185,978,1127,1349
E02002480,2673,1,41,217,667,1062,685
E02002481,2672,2,20,207,541,888,1014
E02002482,2746,3,22,130,573,951,1067
E02002796,2585,1,9,84,314,539,1638
E02002797,3371,2,14,142,394,838,1981
E02002798,4187,7,38,141,869,683,2449
E02002799,2451,3,19,127,537,798,967
E02002800,3136,27,72,430,359,558,1690
E02002801,3160,2,17,197,485,1018,1441
E02002802,3256,5,28,355,780,1293,795
E02002803,3492,53,139,956,860,780,704
E02002804,3243,4,25,201,599,1198,1216
E02002805,2575,0,9,102,326,792,1346
E02002806,2839,8,76,383,584,1099,689
E02002807,3737,2,28,169,698,1224,1616
E02002808,5590,122,411,1239,1133,1569,1116
E02002809,2830,5,53,167,450,916,1239
E02002810,3457,0,26,102,352,998,1979
E02002811,3684,80,286,624,429,866,1399
E02002812,2722,16,48,225,494,479,1460
E02002813,3819,71,235,768,699,824,1222
E02002814,3273,2,37,205,521,708,1800
E02002815,2520,12,49,160,186,769,1344
E02002816,3377,1,39,155,406,475,2301
E02002817,2377,1,6,78,253,563,1476
E02002818,2852,11,80,284,405,1167,905
E02002819,3452,12,61,383,894,1056,1046
E02002820,4043,14,61,315,579,1527,1547
E02002821,4340,13,73,444,676,2021,1113
E02002822,2748,0,26,207,528,867,1120
E02002823,3236,8,53,245,599,1187,1144
E02002824,3716,13,72,380,721,1240,1290
E02002825,3557,6,48,349,629,779,1746
E02002826,2646,8,43,166,416,488,1525
E02002827,2550,21,66,300,700,636,827
E02002828,2804,10,56,227,581,897,1033
E02002829,4340,34,153,579,993,1379,1202
E02002830,3909,56,152,591,826,1201,1083
E02002831,2340,17,54,202,345,890,832
E02002832,2803,42,141,354,383,819,1064
E02002833,2609,10,78,190,320,932,1079
E02002834,3975,13,124,423,602,1304,1509
E02002835,4369,15,158,445,715,898,2138
E02002836,3131,49,127,346,476,1050,1083
E02002837,2624,40,101,380,418,1177,508
E02002838,3093,16,59,498,517,977,1026
E02002839,2911,7,44,332,370,876,1282
E02002842,3418,48,182,355,544,1447,842
E02002843,3843,47,258,466,520,1118,1434
E02002844,3775,105,263,751,1091,743,822
E02002845,3933,67,177,713,690,1143,1143
E02002846,3028,3,58,154,296,794,1723
E02002847,2854,19,61,159,145,832,1638
E02002848,3344,70,252,375,342,910,1395
E02002849,5256,225,495,862,898,1150,1626
E02002851,2861,7,27,140,300,621,1766
E02002852,2584,8,80,404,340,1215,537
E02002853,4029,84,210,368,364,695,2308
E02002854,3222,22,73,486,386,1187,1068
E02002855,2786,25,74,282,334,927,1144
E02002856,5066,93,340,747,729,1100,2057
E02002857,2925,39,147,317,521,1163,738
E02002858,2928,20,57,177,298,368,2008
E02002860,3350,2,52,270,504,1073,1449
E02002861,2775,11,52,227,411,1241,833
E02002862,3547,14,61,533,898,1211,830
E02006815,3739,8,38,511,728,1439,1015
E02006817,2974,9,85,189,329,966,1396
E02006819,3254,17,40,449,598,984,1166
E02006850,3215,222,457,915,381,545,695
E02006851,2961,172,914,1202,366,136,171
E02002868,2458,0,16,91,378,1042,931
E02002869,3297,21,57,354,1054,1137,674
E02002871,3469,5,43,289,665,1267,1200
E02002872,3816,15,125,547,888,1399,842
E02002873,3903,10,129,386,848,1778,752
E02002874,3052,5,68,193,393,1010,1383
E02002875,3627,13,73,345,807,1526,863
E02002876,3471,10,104,307,771,1198,1081
E02002877,3650,18,145,399,608,928,1552
E02002878,3258,1,36,113,588,1839,681
E02002879,3936,26,139,375,729,1180,1487
E02002880,3296,5,33,187,708,1799,564
E02002881,2669,8,38,405,567,945,706
E02002882,3784,119,328,586,840,473,1438
E02002883,3537,11,96,536,991,1136,767
E02002884,2323,55,121,321,384,590,852
E02002885,3107,59,237,424,674,882,831
E02002886,3438,6,64,317,665,1039,1347
E02002887,2832,3,34,265,833,716,981
E02002888,3064,34,96,498,687,1167,582
E02002889,3140,119,232,1044,638,366,741
E02002890,4727,243,661,1168,1173,873,609
E02002891,3376,8,32,179,698,1261,1198
E02002892,2565,5,21,233,292,826,1188
E02002893,4388,153,267,762,1178,934,1094
E02002894,2689,9,26,138,173,564,1779
E02002895,3279,53,246,792,687,393,1108
E02002896,4372,33,150,584,1052,1308,1245
E02002897,3406,3,25,180,500,845,1853
E02002898,3738,80,197,442,830,627,1562
E02002899,2172,33,45,156,709,639,590
E02002901,2540,4,24,176,339,774,1223
E02002902,3488,8,47,492,219,1402,1320
E02002903,2859,6,67,471,495,1059,761
E02002904,2633,1,21,222,113,1625,651
E02006834,3661,21,158,809,523,1465,685
E02006904,3787,131,869,1163,729,445,450
E02006905,3324,45,273,669,778,907,652
E02002863,2676,3,32,108,323,563,1647
E02002864,2519,4,31,135,249,627,1473
E02002865,3390,0,36,199,551,722,1882
E02002866,3088,5,21,136,285,605,2036
E02002867,3329,5,49,191,481,548,2055
E02004029,2845,4,44,210,589,883,1115
E02004030,2550,2,12,157,402,522,1455
E02004031,3218,2,47,300,887,1007,975
E02004032,3643,1,32,116,737,1110,1647
E02004033,3828,2,29,186,743,1174,1694
E02004034,3197,2,12,202,448,929,1604
E02004035,2727,4,11,83,327,653,1649
E02004036,4267,3,44,288,766,1516,1650
E02004037,3154,0,19,95,490,777,1773
E02004038,3643,18,62,385,860,968,1350
E02004039,3413,0,45,155,692,880,1641
E02004040,3658,2,11,100,507,1141,1897
E02004041,2938,2,26,131,466,938,1375
E02004043,3009,0,15,176,433,852,1533
E02004044,3151,2,20,186,359,404,2180
E02006827,3355,3,34,281,682,1289,1066
E02004045,3899,0,30,144,691,1180,1854
E02004046,2738,1,10,101,643,902,1081
E02004047,2507,2,14,143,501,827,1020
E02004048,2919,2,27,107,540,1151,1092
E02004049,3478,4,25,178,648,1010,1613
E02004050,2969,2,26,143,677,1169,952
E02004051,3831,3,47,150,709,1335,1587
E02004052,3382,2,15,104,701,1162,1398
E02004053,3347,6,57,178,700,1136,1270
E02004054,3731,6,49,100,818,1094,1664
E02004055,3286,2,74,315,847,1024,1024
E02004056,3228,5,23,223,611,1290,1076
E02004057,3398,11,58,223,859,1189,1058
E02004058,3638,4,83,565,1119,950,917
E02004059,3232,7,37,219,703,914,1352
E02004060,3190,1,19,127,543,1100,1400
E02004061,3430,14,84,452,605,997,1278
E02004062,3680,2,34,571,818,845,1410
E02004063,3655,18,67,245,651,865,1809
E02004064,4271,41,214,481,1161,1131,1243
E02004065,3672,4,24,90,363,769,2422
E02004066,5124,4,96,296,922,1688,2118
E02004067,2992,15,64,487,859,757,810
E02004068,3302,2,36,215,611,688,1750
E02004069,3099,5,36,167,534,568,1789
E02004070,2763,13,35,161,446,628,1480
E02004071,2229,2,21,124,367,546,1169
E02004072,3722,5,38,161,556,889,2073
E02004073,4129,14,93,483,642,985,1912
E02004074,2582,1,45,191,433,658,1254
E02004075,3156,1,39,173,420,613,1910
E02004076,2796,7,60,247,468,720,1294
E02004077,2966,2,9,75,279,502,2099
E02004078,3159,5,42,358,655,1320,779
E02004080,4284,12,106,280,831,1502,1553
E02004081,2470,0,6,139,286,628,1411
E02004082,2550,1,5,40,311,638,1555
E02004083,3310,3,30,128,540,1375,1234
E02004084,2667,2,17,279,579,1059,731
E02004085,3726,15,52,244,499,1126,1790
E02004086,3175,2,17,170,357,934,1695
E02004087,3414,3,31,243,529,1224,1384
E02004088,3124,0,32,90,449,648,1905
E02004089,3259,23,105,512,601,1032,986
E02004090,2733,2,19,196,438,782,1296
E02004091,3905,9,21,164,610,1267,1834
E02004092,4194,7,35,399,606,1511,1636
E02006828,2722,0,30,80,442,803,1367
E02004093,2751,0,36,154,735,852,974
E02004094,2994,3,22,336,582,943,1108
E02004095,4463,20,109,425,1305,1070,1534
E02004096,3795,1,15,107,379,699,2594
E02004097,3328,7,52,195,697,745,1632
E02004098,3227,2,44,300,759,915,1207
E02004100,3216,7,25,186,533,588,1877
E02004102,3909,51,208,608,829,683,1530
E02004103,2938,8,76,186,555,968,1145
E02004104,2912,2,14,137,394,659,1706
E02006872,5413,9,86,363,865,1381,2709
E02004105,3845,0,13,181,773,1247,1631
E02004106,3111,9,22,145,558,925,1452
E02004108,3387,3,35,354,647,951,1397
E02004109,2880,3,3,83,262,689,1840
E02004110,3136,0,1,65,428,947,1695
E02004111,2414,6,25,109,451,781,1042
E02004112,2894,0,12,126,388,657,1711
E02004113,4027,4,43,271,973,1650,1086
E02004114,3163,4,22,116,489,728,1804
E02004115,3978,1,22,198,889,1328,1540
E02004116,3604,6,87,230,1065,1032,1184
E02004117,3170,1,18,105,590,1065,1391
E02006804,3461,2,46,308,794,1239,1072
E02004118,2700,4,40,98,375,540,1643
E02004119,4330,22,105,203,604,930,2466
E02004120,2903,15,19,109,510,765,1485
E02004121,2800,8,17,130,362,442,1841
E02004122,2472,5,18,98,269,473,1609
E02004123,2816,4,23,188,543,610,1448
E02004124,3141,0,12,77,453,1122,1477
E02004125,3775,4,22,198,700,1259,1592
E02004126,3009,3,39,238,617,885,1227
E02004128,4296,1,30,144,632,1240,2249
E02006919,3595,5,102,236,727,995,1530
E02006920,3155,3,25,201,608,821,1497
E02005334,2161,0,17,39,186,661,1258
E02005335,2824,2,23,147,273,503,1876
E02005336,2903,0,16,137,464,970,1316
E02005337,3961,6,95,173,414,1400,1873
E02005338,4167,13,57,261,670,1097,2069
E02005339,3502,5,26,162,543,810,1956
E02005340,3553,1,36,199,517,977,1823
E02005341,2753,5,20,167,368,720,1473
E02005342,2802,1,7,98,320,819,1557
E02005343,2797,4,9,130,380,699,1575
E02005344,3146,14,49,160,364,738,1821
E02006820,4117,3,25,150,571,1080,2288
E02005345,2600,12,22,171,499,802,1094
E02005346,4925,69,234,1095,922,1242,1363
E02005347,3449,38,107,443,428,880,1553
E02005348,2540,19,58,332,401,571,1159
E02005349,2980,4,23,170,476,904,1403
E02005350,2813,12,82,236,649,605,1229
E02005351,2328,7,49,178,137,757,1200
E02005352,2421,1,11,45,195,389,1780
E02005353,3824,40,75,340,443,1370,1556
E02005354,3542,0,4,54,327,655,2502
E02005355,2766,4,45,197,367,710,1443
E02005356,2873,6,34,243,353,534,1703
E02005357,3036,4,34,148,638,994,1218
E02005358,4281,10,55,190,617,1177,2232
E02005359,2390,2,17,68,246,668,1389
E02005360,2546,0,8,84,207,414,1833
E02005361,2778,1,52,320,622,598,1185
E02005362,2627,6,34,154,462,831,1140
E02005363,2944,5,29,80,274,864,1692
E02005364,2098,0,21,99,214,618,1146
E02005365,3944,12,102,285,863,1274,1408
E02005366,2811,13,63,188,368,873,1306
E02005368,2581,1,19,92,249,382,1838
E02005369,4128,7,56,253,499,720,2593
E02005370,3422,2,19,90,479,722,2110
E02005371,3970,4,40,161,483,835,2447
E02005372,3749,6,21,100,314,596,2712
E02005373,3773,3,27,119,449,805,2370
E02005374,3008,23,86,364,792,789,954
E02005375,3518,6,88,234,601,812,1777
E02005376,3940,8,60,292,598,862,2120
E02006816,2809,3,42,113,377,489,1785
E02005377,3568,3,23,124,739,893,1786
E02005378,2183,2,20,62,326,613,1160
E02005379,2532,5,33,80,476,704,1234
E02005380,3562,9,38,110,502,756,2147
E02005381,3378,1,19,71,452,915,1920
E02005382,4390,5,63,372,701,1430,1819
E02005383,3908,11,53,233,731,1283,1597
E02005384,2646,3,13,65,296,648,1621
E02005385,2525,1,14,53,298,510,1649
E02005386,3870,7,100,341,773,1082,1567
E02005387,3858,8,46,154,832,1101,1717
E02005388,2564,10,80,268,369,743,1094
E02005389,2619,2,37,281,361,636,1302
E02005390,3774,5,32,137,535,931,2134
E02005391,4087,1,35,148,485,737,2681
E02005392,3815,7,57,123,380,945,2303
E02005393,3001,2,20,109,407,700,1763
E02005394,3961,18,133,295,792,1111,1612
E02005395,3837,19,76,295,458,1144,1845
E02005396,2789,3,19,71,304,399,1993
E02005397,3576,18,57,223,464,895,1919
E02005398,2598,0,30,117,333,628,1490
E02005399,2752,4,43,227,442,731,1305
E02005400,2438,0,20,105,375,708,1230
E02005401,2345,3,6,78,179,480,1599
E02005402,2498,2,20,140,250,614,1472
E02005403,2966,8,28,166,440,885,1439
E02005404,3145,2,21,108,459,853,1702
E02005405,2828,0,36,220,344,852,1376
E02005406,3125,0,41,236,556,956,1336
E02005407,3481,4,23,104,325,888,2137
E02005408,3074,3,38,127,501,790,1615
E02005409,4302,2,32,178,625,1276,2189
E02005412,3310,3,41,230,470,898,1668
E02005414,3245,18,100,291,599,1028,1209
E02005415,3256,4,45,204,897,1148,958
E02005416,3613,1,28,93,626,1074,1791
E02006818,3277,4,20,53,291,1138,1771
E02006911,4638,2,12,101,506,852,3165
E02005417,2935,1,15,68,396,730,1725
E02005418,4119,32,169,596,972,1265,1085
E02005419,3591,40,266,586,662,738,1299
E02005420,3623,8,55,361,837,1138,1224
E02005422,2569,4,19,64,357,633,1492
E02005423,4106,21,69,223,728,1030,2035
E02006864,3361,5,24,54,456,781,2041
E02006865,2987,0,13,86,328,833,1727
E02005424,4281,3,25,83,560,1037,2573
E02005425,2688,3,23,78,319,578,1687
E02005426,4151,7,37,267,894,1106,1840
E02005427,3379,6,73,329,890,715,1366
E02005428,3686,6,43,250,1029,915,1443
E02005429,3244,0,55,235,806,956,1192
E02005430,3059,5,23,88,423,626,1894
E02005431,3643,4,17,138,636,827,2021
E02005432,3303,0,9,58,317,664,2255
E02005433,3259,3,52,260,999,892,1053
E02005434,3291,10,66,220,740,810,1445
E02005435,3292,5,61,301,981,754,1190
E02005436,3454,4,38,129,740,912,1631
E02005437,2695,49,223,539,601,375,908
E02005438,3016,13,64,244,892,749,1054
E02005439,4599,2,37,184,791,1172,2413
E02005440,2272,5,32,90,410,534,1201
E02005441,3578,2,19,54,424,758,2321
E02005442,2710,13,44,559,859,715,520
E02005443,3177,6,68,447,884,713,1059
E02005444,5257,11,94,553,771,1145,2683
E02005445,4806,47,174,717,906,1208,1754
E02005446,2840,44,194,543,538,487,1034
E02005447,3202,26,186,568,498,766,1158
E02005448,3126,7,47,370,1018,911,773
E02005449,2891,11,63,214,425,704,1474
E02005450,3708,1,31,124,730,980,1842
E02005451,3421,9,73,665,883,839,952
E02005452,4687,7,33,250,634,1366,2397
E02005453,4569,2,12,71,512,1173,2799
E02005455,5113,0,37,170,660,1211,3035
E02005456,4023,4,36,151,821,1174,1837
E02005457,3565,1,9,95,595,990,1875
E02005458,2764,5,15,94,309,539,1802
E02005459,3420,2,21,139,517,926,1815
E02005460,2387,1,6,29,334,626,1391
E02005461,2817,0,14,62,450,601,1690
E02005462,4123,8,102,303,906,1165,1639
E02005463,3530,2,14,91,551,646,2226
E02005464,3591,1,20,73,516,762,2219
E02006866,2792,3,34,120,543,812,1280
E02006867,3278,17,19,87,516,895,1744
E02005465,3523,1,16,102,494,799,2111
E02005466,2699,1,15,31,291,682,1679
E02005467,3209,11,38,174,711,821,1454
E02005468,3084,0,14,68,355,691,1956
E02005469,3079,4,18,106,430,617,1904
E02005470,4483,25,127,413,909,862,2147
E02005471,3857,27,79,375,749,923,1704
E02005472,4314,9,43,240,786,1172,2064
E02005473,3767,4,29,202,628,1009,1895
E02005474,2726,0,7,47,340,591,1741
E02005475,2523,1,21,71,279,495,1656
E02005476,3017,4,10,48,356,521,2078
E02005477,3798,1,18,109,547,677,2446
E02005478,4339,10,63,229,681,979,2377
E02005479,3558,19,70,241,573,671,1984
E02005480,2861,4,20,81,538,1160,1058
E02005481,4985,29,178,502,1031,1097,2148
E02005482,4092,3,14,81,552,891,2551
E02005483,3224,3,20,99,369,591,2142
E02005484,3030,1,31,57,519,675,1747
E02005485,2531,3,8,68,313,557,1582
E02005486,3580,8,53,211,734,707,1867
E02005487,3664,1,16,59,316,603,2669
E02005488,2686,4,16,136,445,544,1541
E02005489,2985,2,16,134,434,658,1741
E02005490,4046,13,34,311,656,1189,1843
E02005491,4948,26,119,448,842,1083,2430
E02005492,4067,1,26,110,609,869,2452
E02005493,3881,1,26,106,416,780,2552
E02005494,4130,2,36,188,721,876,2307
E02005495,4499,7,62,390,715,1348,1977
E02005496,2685,3,13,63,362,505,1739
E02005497,2981,0,19,276,684,1005,997
E02005498,3152,1,10,99,485,650,1907
E02005499,3317,0,8,79,434,716,2080
E02005500,2867,2,4,72,451,734,1604
E02005501,3112,1,16,74,272,650,2099
E02005502,3694,0,17,126,604,932,2015
E02005612,2744,8,35,244,346,777,1334
E02005613,3712,7,45,303,700,1254,1403
E02005614,2907,4,61,203,693,831,1115
E02005615,3699,17,59,207,508,1376,1532
E02005616,2221,12,47,186,467,715,794
E02005617,4051,13,94,382,495,1401,1666
E02006862,2499,6,13,131,226,818,1305
E02006863,3382,4,18,123,549,883,1805
E02005619,2348,3,10,53,235,350,1697
E02005620,3094,3,15,79,302,573,2122
E02005621,2883,1,17,95,302,564,1904
E02005622,3551,5,30,87,376,556,2497
E02005623,3316,5,22,122,463,655,2049
E02005624,3702,4,45,184,747,766,1956
E02005625,3909,5,129,374,801,974,1626
E02005626,2734,25,73,246,515,1090,785
E02005627,2955,6,50,217,451,587,1644
E02005628,3155,12,40,118,381,555,2049
E02005629,2398,2,13,68,287,432,1596
E02005630,3798,5,37,167,544,640,2405
E02005631,4064,3,41,182,521,823,2494
E02005632,2464,6,17,92,308,505,1536
E02005633,3555,1,37,177,539,1097,1704
E02005634,3568,10,61,237,652,970,1638
E02005635,3511,2,27,163,442,860,2017
E02005636,4554,4,40,173,605,1570,2162
E02005637,3869,21,122,531,898,1041,1256
E02005638,3881,0,13,78,432,1013,2345
E02005639,2246,3,11,67,262,351,1552
E02005640,4390,2,41,200,662,1092,2393
E02005641,3366,2,69,285,590,909,1511
E02005642,3277,4,17,112,412,865,1867
E02005643,3420,7,54,327,1077,1019,936
E02005644,3645,33,157,352,868,1183,1052
E02005645,5081,26,187,949,983,965,1971
E02005646,2700,4,16,49,345,908,1378
E02005647,3145,19,50,300,712,870,1194
E02005648,2897,1,26,51,320,643,1856
E02005649,5534,1,22,302,800,1410,2999
E02005650,2373,8,30,155,340,750,1090
E02005651,2744,2,9,81,566,868,1218
E02005652,2609,3,33,182,495,795,1101
E02005653,3162,28,121,277,665,1000,1071
E02005654,3228,17,48,282,701,1136,1044
E02005655,2560,7,27,183,385,709,1249
E02005656,2286,8,67,278,327,1026,580
E02005657,2784,32,55,220,580,724,1173
E02005658,2569,9,45,328,718,788,681
E02005659,2247,5,31,164,327,665,1055
E02005660,2294,27,31,304,438,662,832
E02005661,2534,21,61,266,416,772,998
E02005662,2772,24,83,168,522,694,1281
E02005663,2348,6,94,97,459,496,1196
E02005664,2493,12,77,366,564,685,789
E02005665,3003,9,44,205,474,783,1488
E02005666,3330,43,118,525,1052,858,734
E02005667,2676,5,55,317,623,761,915
E02005668,2598,2,18,82,393,826,1277
E02005669,2251,0,5,47,122,369,1708
E02005670,4056,133,379,1286,1160,670,428
E02005671,3102,19,138,333,517,795,1300
E02005672,3292,70,306,663,771,814,668
E02005673,3249,30,154,444,888,845,888
E02005674,3341,36,223,811,889,593,789
E02005675,2340,6,47,225,540,723,799
E02005676,2389,5,48,201,380,699,1056
E02005677,3601,11,139,361,862,865,1363
E02005678,3986,5,100,339,640,701,2201
E02005679,3565,16,84,113,672,621,2059
E02005680,2949,9,15,35,256,519,2115
E02005681,3286,0,20,48,391,755,2072
E02005682,2673,1,7,47,333,531,1754
E02005683,5212,5,38,155,803,1150,3061
E02005684,3311,3,35,92,430,530,2221
E02005685,3408,7,58,249,573,869,1652
E02005686,3037,1,30,87,371,629,1919
E02005687,2356,2,12,52,247,358,1685
E02005688,3453,7,21,116,449,802,2058
E02005689,2951,0,40,89,340,619,1863
E02005690,2363,21,78,290,446,596,932
E02005691,2667,4,29,90,393,570,1581
E02005692,2981,5,64,188,526,757,1441
E02005693,3276,6,26,259,325,1100,1560
E02005694,3059,3,14,111,252,696,1983
E02005695,3248,23,161,460,700,906,998
E02005696,2458,5,49,182,397,1127,698
E02005697,2964,22,181,589,614,643,915
E02005698,2368,3,12,171,300,946,936
E02005699,3164,3,30,188,621,985,1337
E02005700,3860,2,26,182,545,916,2189
E02005701,4679,2,39,230,698,1284,2426
E02005819,2668,5,23,147,373,972,1148
E02005820,2513,7,26,83,407,910,1080
E02005821,2795,6,47,299,412,979,1052
E02005822,3974,14,66,306,528,1319,1741
E02005823,3214,11,75,352,779,963,1034
E02005824,4097,3,26,131,508,1419,2010
E02005825,3241,1,21,129,403,1196,1491
E02005826,2602,15,51,256,447,933,900
E02005827,3453,0,18,101,532,1002,1800
E02005828,3116,0,16,66,597,1067,1370
E02005829,2785,2,13,84,453,865,1368
E02005830,2642,3,21,64,464,903,1187
E02005831,3686,6,58,212,764,1072,1574
E02005832,4034,17,83,450,708,1231,1545
E02005833,3041,3,10,70,466,960,1532
E02005834,3070,0,33,260,647,1162,968
E02005835,4289,7,45,314,531,1530,1862
E02005836,3809,1,27,92,416,794,2479
E02005837,2825,4,28,60,278,557,1898
E02005838,3495,4,28,221,404,1233,1605
E02005839,2793,3,40,246,513,803,1188
E02005840,3501,1,16,72,377,963,2072
E02005842,3756,7,49,237,552,971,1940
E02005843,2662,5,46,185,400,661,1365
E02005844,3411,14,69,295,647,820,1566
E02005846,2835,39,97,308,600,980,811
E02005847,2921,6,72,142,549,712,1440
E02005848,2751,2,21,73,311,784,1560
E02005849,3662,2,24,106,452,803,2275
E02006903,4957,19,126,360,930,1421,2101
E02005850,2942,2,11,66,424,1059,1380
E02005851,2614,4,58,309,480,905,858
E02005852,3426,1,19,101,618,1030,1657
E02005853,3876,7,42,263,647,924,1993
E02005856,3104,0,20,111,288,595,2090
E02005857,2666,5,21,167,470,961,1042
E02005858,3085,7,67,165,466,843,1537
E02005859,3853,2,51,251,667,1403,1479
E02005860,3809,8,172,680,702,892,1355
E02005861,2453,15,52,188,505,876,817
E02005862,3356,4,38,227,638,1160,1289
E02005863,3132,2,34,165,378,847,1706
E02005864,3350,1,38,140,431,859,1881
E02006906,5154,2,17,142,735,1411,2847
E02005865,3414,0,16,67,308,723,2300
E02005866,3873,13,95,154,575,1010,2026
E02005868,2798,1,23,153,577,835,1209
E02005869,2446,5,18,284,312,949,878
E02005870,2957,4,78,281,511,1063,1020
E02005871,3153,2,20,173,601,978,1379
E02005872,2512,5,22,80,371,476,1558
E02005873,4272,1,60,182,626,742,2661
E02005874,3708,53,105,151,379,978,2042
E02005875,2983,2,9,95,374,1290,1213
E02005876,3700,6,33,178,411,1185,1887
E02005877,3169,4,17,161,500,1181,1306
E02005878,4393,1,142,452,895,1224,1679
E02005879,3451,8,33,288,775,1179,1168
E02006835,2520,6,48,143,460,755,1108
E02005880,2527,4,26,111,253,942,1191
E02005881,2408,3,27,149,388,698,1143
E02005882,3355,1,14,100,560,1134,1546
E02005883,3347,10,45,390,568,1135,1199
E02005884,2653,3,34,146,488,831,1151
E02005885,3577,6,37,384,468,1255,1427
E02005886,4231,0,12,145,525,1469,2080
E02005887,4048,32,142,420,765,1349,1340
E02005888,3726,19,116,683,961,1020,927
E02005889,4406,21,33,223,782,1429,1918
E02005890,2790,1,7,41,332,939,1470
E02005891,2839,4,57,517,568,751,942
E02005892,5021,2,20,149,547,1175,3128
E02005893,4277,4,49,309,577,1542,1796
E02005894,4095,4,38,137,540,1200,2176
E02005895,3356,0,10,92,362,569,2323
E02005896,3156,3,10,79,359,633,2072
E02005897,3652,2,22,101,422,971,2134
E02005898,4555,6,29,167,823,1646,1884
E02005899,4955,43,145,659,1026,1333,1749
E02005900,3069,1,49,190,394,586,1849
E02005901,3827,9,72,184,549,1034,1979
E02005902,3602,8,65,259,595,1033,1642
E02005903,4303,3,25,181,765,1180,2149
E02005904,3466,2,41,130,467,600,2226
E02005905,2460,2,9,66,223,335,1825
E02005906,2615,1,6,67,300,468,1773
E02005907,3889,6,29,148,779,878,2049
E02005908,3840,9,22,215,533,818,2243
E02005909,3229,17,57,207,337,429,2182
E02005910,3821,53,202,677,610,517,1762
E02005911,3501,3,17,169,632,593,2087
E02005912,3627,4,20,238,542,631,2192
E02005913,2764,3,6,116,388,446,1805
E02005914,2928,2,6,127,397,1079,1317
E02005915,2397,1,6,46,283,469,1592
E02005916,3146,3,28,149,520,825,1621
E02005917,2378,1,11,19,199,376,1772
E02005918,2260,6,4,55,334,673,1188
E02005919,2425,14,11,63,294,557,1486
E02005920,3015,0,21,75,302,592,2025
E02002905,2650,4,14,64,291,567,1710
E02002906,2497,2,47,174,543,789,942
E02002907,2687,7,72,327,575,575,1131
E02002908,3635,15,31,107,378,663,2441
E02002909,4444,6,67,323,647,851,2550
E02002910,3420,11,41,163,463,708,2034
E02002911,3790,1,26,158,418,662,2525
E02002912,2763,2,27,129,274,466,1865
E02002913,2399,5,29,107,241,378,1639
E02002914,4010,35,131,451,841,891,1661
E02002915,2832,8,76,177,301,528,1742
E02002916,4424,67,274,711,960,1051,1361
E02002917,3032,47,71,278,456,764,1416
E02002918,2422,2,38,100,164,466,1652
E02002919,3855,8,97,416,735,1065,1534
E02002920,2741,2,87,141,441,523,1547
E02002921,3176,9,45,343,838,1100,841
E02002922,2601,8,32,134,277,423,1727
E02002923,4315,16,72,300,968,1011,1948
E02002924,2573,3,19,98,292,487,1674
E02002925,4433,16,59,207,525,810,2816
E02002926,4784,16,132,608,931,979,2118
E02002927,4836,10,76,187,566,712,3285
E02006008,3316,4,55,207,645,740,1665
E02006009,2717,2,19,81,452,569,1594
E02006010,4799,4,55,324,784,977,2655
E02006011,2683,8,67,273,479,545,1311
E02006012,2818,7,60,215,566,650,1320
E02006013,3195,2,15,110,426,596,2046
E02006014,3832,7,34,132,713,843,2103
E02006015,4282,7,65,420,817,997,1976
E02006016,3019,7,16,96,251,509,2140
E02006017,3098,4,38,158,444,645,1809
E02006018,5144,18,102,401,942,1265,2416
E02006019,2626,8,51,221,574,700,1072
E02006020,2422,2,11,62,267,500,1580
E02006021,3015,2,15,60,229,431,2278
E02006022,2275,0,21,55,226,427,1546
E02006023,3829,12,30,151,645,916,2075
E02006024,4098,2,41,217,927,1174,1737
E02006025,4205,7,99,446,880,860,1913
E02006026,2785,3,17,56,382,522,1805
E02006027,2188,0,8,43,210,399,1528
E02006028,3661,5,38,162,417,639,2400
E02006029,3316,3,28,270,321,1156,1538
E02006030,2904,1,10,120,408,766,1599
E02006031,3471,14,191,390,833,948,1095
E02006032,3695,11,50,323,503,864,1944
E02006033,3889,59,349,625,817,484,1555
E02006034,3746,33,126,309,599,565,2114
E02006035,2553,5,49,144,265,474,1616
E02006036,2969,13,93,314,606,670,1273
E02006037,3999,7,84,222,454,681,2551
E02006038,3223,1,27,132,316,634,2113
E02006039,3239,0,18,176,467,578,2000
E02006040,2981,2,22,113,331,454,2059
E02006041,2472,7,18,94,340,469,1544
E02006042,2647,5,19,167,394,459,1603
E02006043,2946,6,29,143,379,666,1723
E02006044,2750,8,32,96,314,516,1784
E02006045,5173,25,108,465,1125,1326,2124
E02006046,3694,13,35,163,563,774,2146
E02002951,3204,10,14,177,665,1001,1337
E02002952,2837,30,44,196,626,1107,834
E02002953,3090,7,38,285,651,1209,900
E02002954,3619,3,28,224,938,1277,1149
E02002955,3012,7,80,296,660,1083,886
E02002956,3855,2,39,183,884,1477,1270
E02002957,4274,0,20,182,802,1376,1894
E02002958,3568,4,35,362,812,1137,1218
E02002959,3665,18,177,517,869,1251,833
E02002960,2459,2,18,126,464,792,1057
E02002961,2857,12,74,313,636,1034,788
E02002962,3004,3,33,251,1002,1082,633
E02002963,3559,28,79,443,904,1449,656
E02002964,3846,7,34,332,836,1472,1165
E02002965,2719,45,126,335,609,932,672
E02002966,3900,55,301,637,877,1162,868
E02002967,4212,3,42,448,1223,1327,1169
E02002968,3980,5,121,310,764,1234,1546
E02002969,4125,34,81,480,1007,1504,1019
E02002970,3861,15,75,351,1059,1578,783
E02002971,2262,0,13,101,557,991,600
E02002972,2844,6,43,370,755,1002,668
E02002973,3496,4,43,251,783,1244,1171
E02002974,2415,1,13,68,512,793,1028
E02002975,3136,0,30,85,709,1196,1116
E02002976,2420,1,18,73,337,981,1010
E02002977,2814,3,57,527,733,863,631
E02002978,2793,6,19,219,885,959,705
E02002979,2075,3,24,112,446,706,784
E02002980,2692,2,18,83,599,804,1186
E02002981,3238,1,37,208,679,968,1345
E02002982,3194,5,33,508,666,873,1109
E02002983,2269,1,5,53,241,602,1367
E02002984,2281,0,5,44,246,499,1487
E02002928,2365,4,18,143,343,464,1393
E02002929,2135,1,14,39,147,366,1568
E02002930,2388,4,41,189,422,501,1231
E02002931,2472,3,20,84,242,437,1686
E02002932,3417,3,17,241,711,1040,1405
E02002933,3382,2,19,182,501,722,1956
E02002934,2365,4,18,171,404,462,1306
E02002935,2724,3,8,130,424,994,1165
E02002936,3174,5,29,249,520,916,1455
E02002937,4095,13,52,176,500,813,2541
E02002938,2631,11,62,252,478,535,1293
E02002939,2893,19,62,267,557,652,1336
E02002940,2693,3,19,263,740,712,956
E02002941,4063,15,86,310,893,1163,1596
E02002942,2267,5,18,22,140,240,1842
E02002943,3528,1,46,124,566,897,1894
E02002944,3189,12,45,324,850,1125,833
E02002945,3588,3,23,263,598,1250,1451
E02002946,3407,10,87,221,862,915,1312
E02002947,2671,1,29,177,338,1083,1043
E02002948,2475,2,26,111,297,1365,674
E02002949,2429,3,87,274,499,487,1079
E02002950,2257,3,32,152,256,1076,738
E02006118,3032,0,7,80,255,815,1875
E02006119,3481,18,87,412,492,1125,1347
E02006120,3698,4,56,204,510,1218,1706
E02006121,2293,1,19,215,450,713,895
E02006122,2839,6,77,337,587,754,1078
E02006123,2616,2,25,191,350,681,1367
E02006124,2992,2,35,393,707,978,877
E02006125,3248,11,71,471,564,1092,1039
E02006126,3372,3,37,287,503,884,1658
E02006127,2797,1,13,137,478,479,1689
E02006128,3745,12,53,384,540,694,2062
E02006129,3461,16,82,631,775,1015,942
E02006130,3090,6,46,210,475,928,1425
E02006131,3152,1,10,75,419,659,1988
E02006132,2535,7,50,81,462,825,1110
E02006133,2942,5,71,234,522,637,1473
E02006134,3951,8,35,178,544,882,2304
E02006135,3285,7,31,134,497,721,1895
E02006136,3208,1,10,85,280,497,2335
E02006137,3673,17,64,328,535,1143,1586
E02006138,2502,7,49,181,586,646,1033
E02006139,2931,18,122,427,548,738,1078
E02006140,3430,14,44,223,500,869,1780
E02006141,4377,40,254,602,729,1121,1631
E02006142,2211,5,12,29,277,465,1423
E02006143,3033,3,38,174,481,712,1625
E02006144,3636,24,92,446,770,952,1352
E02006145,2385,7,36,115,231,522,1474
E02006146,2896,7,37,142,440,802,1468
E02006147,3000,1,8,81,297,542,2071
E02006148,2945,3,35,105,242,424,2136
E02006149,4590,19,101,754,1097,1053,1566
E02006150,4902,12,34,263,631,1006,2956
E02006151,3693,13,45,283,624,1057,1671
E02006152,4268,9,46,305,699,919,2290
E02006153,2767,1,13,70,316,536,1831
E02006154,4115,2,12,83,519,1260,2239
E02006155,2315,7,24,186,448,855,795
E02006156,3046,0,7,50,268,446,2275
E02006157,2687,3,9,112,488,696,1379
E02006158,3543,1,17,79,518,1166,1762
E02006159,2480,1,21,236,421,1039,762
E02006160,3588,1,22,225,596,1388,1356
E02006161,2783,1,25,86,345,788,1538
E02006162,3678,2,16,198,626,1157,1679
E02006163,3226,3,16,220,474,1009,1504
E02006164,3179,8,37,325,716,1162,931
E02006165,3448,11,89,440,585,1124,1199
E02006166,3103,1,13,149,304,849,1787
E02006167,3942,18,89,606,1199,1027,1003
E02006168,4189,30,168,888,1045,916,1142
E02006169,2167,2,20,179,397,675,894
E02006170,2236,2,32,98,348,454,1302
E02006171,4000,4,58,383,664,860,2031
E02006172,4171,7,25,127,540,836,2636
E02006173,2841,2,6,43,226,429,2135
E02006174,4264,3,37,132,474,969,2649
E02006175,2641,5,26,91,490,779,1250
E02006176,3146,5,24,148,424,556,1989
E02006177,3968,2,35,135,552,1117,2127
E02006178,3198,4,34,80,630,954,1496
E02006179,2787,4,35,138,587,571,1452
E02006180,2590,8,20,112,392,651,1407
E02006181,2567,11,43,249,635,592,1037
E02006182,2751,4,5,80,224,524,1914
E02006183,3090,3,39,146,401,553,1948
E02006184,2274,10,31,273,458,438,1064
E02006185,3113,7,51,288,676,733,1358
E02006186,4995,5,38,245,661,934,3112
E02006187,3074,6,48,192,416,537,1875
E02006188,2521,1,19,116,262,578,1545
E02006189,3086,3,31,163,347,585,1957
E02006190,4676,10,120,539,897,1000,2110
E02006191,3268,7,16,84,383,563,2215
E02006192,3388,5,25,198,326,565,2269
E02006193,2780,2,18,63,330,712,1655
E02006194,3222,2,28,203,672,927,1390
E02006195,3543,0,15,177,334,691,2326
E02006196,2856,68,71,317,781,698,921
E02006197,4233,119,222,933,771,905,1283
E02006198,3111,3,24,99,419,621,1945
E02006199,3359,17,19,141,306,508,2368
E02006200,3546,8,56,317,886,972,1307
E02006201,5006,2,7,38,359,981,3619
E02006202,3641,3,17,174,359,555,2533
E02006203,3467,9,82,370,574,691,1741
E02006204,3127,8,31,167,571,981,1369
E02006205,3058,2,20,72,418,667,1879
E02006206,3424,3,42,325,609,1254,1191
E02006207,2785,4,8,68,520,890,1295
E02006208,3911,19,126,491,893,1004,1378
E02006209,4594,3,58,240,597,1074,2622
E02006210,2377,6,24,124,291,490,1442
E02006211,2708,1,6,87,361,664,1589
E02006212,3307,1,11,65,393,933,1904
E02006213,2844,4,15,150,521,659,1495
E02006214,2685,4,32,202,594,778,1075
E02006215,3382,1,11,110,441,907,1912
E02006216,3570,0,28,99,449,920,2074
E02006217,3649,1,23,173,416,1123,1913
E02006218,3877,15,156,772,997,1001,936
E02006219,3101,2,32,250,326,972,1519
E02006220,3167,7,55,194,392,1176,1343
E02006221,2540,8,75,184,454,513,1306
E02006222,2716,3,28,186,332,1051,1116
E02006223,2756,3,25,322,454,1379,573
E02006224,2946,0,19,135,457,685,1650
E02006225,3013,1,18,121,341,750,1782
E02006226,3852,1,17,239,639,1247,1709
E02006468,4174,3,23,184,478,1297,2189
E02006469,3507,6,26,233,497,1019,1726
E02006470,4824,20,88,460,965,1381,1910
E02006471,2864,3,21,129,371,667,1673
E02006472,3703,6,31,189,571,1121,1785
E02006473,4275,6,55,329,774,1065,2046
E02006474,2465,1,18,110,267,587,1482
E02006475,3080,19,16,199,449,770,1627
E02006476,3075,4,43,179,779,1172,898
E02006477,2733,11,27,63,213,540,1879
E02006478,3176,1,7,50,469,1061,1588
E02006479,3982,58,209,676,659,1021,1359
E02006480,3184,12,44,327,669,1020,1112
E02006481,2885,5,31,209,352,1244,1044
E02006482,2797,7,51,156,351,896,1336
E02006483,3235,16,104,398,513,932,1272
E02006484,3292,9,59,288,609,933,1394
E02006485,2807,0,9,34,211,604,1949
E02006486,2966,10,36,151,478,940,1351
E02006487,2985,6,50,334,610,929,1056
E02006488,2794,12,42,125,443,911,1261
E02006489,3341,1,30,170,849,1194,1097
E02006490,3074,3,32,127,500,1186,1226
E02006806,3305,19,47,138,538,1138,1425
E02006492,4405,17,76,288,488,907,2629
E02006493,3671,12,85,241,721,996,1616
E02006494,3075,24,115,561,625,684,1066
E02006495,3195,3,33,134,492,839,1694
E02006496,3033,29,127,336,434,867,1240
E02006497,3388,20,110,361,716,1048,1133
E02006498,4435,2,42,184,784,1127,2296
E02006499,2463,4,24,72,339,561,1463
E02006500,2358,23,69,271,320,465,1210
E02006501,3895,3,52,306,497,1034,2003
E02006502,4648,5,24,304,694,1176,2445
E02006503,3309,7,33,155,447,541,2126
E02006504,2287,2,17,59,215,302,1692
E02006505,3044,2,36,197,689,571,1549
E02006506,2513,3,26,135,469,636,1244
E02006507,3759,5,33,223,732,934,1832
E02006508,3920,3,24,76,522,782,2513
E02006509,2752,5,77,249,591,665,1165
E02006510,2606,4,37,116,414,402,1633
E02006511,3815,0,38,152,579,743,2303
E02006512,5000,37,143,662,1147,1105,1906
E02006513,3168,3,26,245,452,441,2001
E02006514,4226,19,115,436,810,831,2015
E02006515,3769,1,30,179,586,781,2192
E02006516,3740,6,24,108,582,799,2221
E02006517,3088,4,13,109,480,532,1950
E02006518,4241,9,42,201,821,869,2299
E02006519,3487,5,77,281,655,681,1788
E02006520,3658,6,63,214,605,737,2033
E02006521,3236,4,39,212,328,728,1925
E02006522,2327,2,29,103,210,351,1632
E02006523,4228,2,46,192,522,880,2586
E02006524,2442,8,39,256,482,657,1000
E02006525,5845,30,301,911,1184,857,2562
E02006526,3630,3,25,239,922,960,1481
E02006527,4115,61,179,484,945,638,1808
E02006528,4693,49,179,662,1132,1009,1662
E02006529,5238,14,207,610,1439,1084,1884
E02006530,4480,18,94,370,918,804,2276
E02006531,3865,42,140,511,915,1038,1219
E02006532,3587,2,28,148,444,784,2181
E02006533,3848,4,30,145,863,1042,1764
E02001827,2578,7,15,163,405,409,1579
E02001828,3141,5,33,287,667,501,1648
E02001829,3446,0,20,64,317,538,2507
E02001830,3954,16,41,240,498,419,2740
E02001831,4399,8,93,536,776,1016,1970
E02001832,3437,5,68,292,488,530,2054
E02001833,2288,1,11,69,214,537,1456
E02001834,2480,5,21,114,500,1066,774
E02001835,3496,19,75,365,641,525,1871
E02001836,3672,6,32,206,246,625,2557
E02001837,4098,17,61,392,522,2079,1027
E02001838,3082,0,38,90,423,565,1966
E02001839,2810,6,44,274,575,1009,902
E02001840,3586,14,60,514,664,1387,947
E02001841,2414,3,14,50,264,266,1817
E02001842,3024,0,10,81,305,1260,1368
E02001843,2713,3,26,102,481,1047,1054
E02001844,4459,40,135,664,829,812,1979
E02001845,2575,3,10,158,342,1155,907
E02001846,3359,25,86,412,551,1233,1052
E02001847,2399,1,18,114,354,674,1238
E02001848,2545,7,37,209,524,856,912
E02001849,3211,42,124,488,863,703,991
E02001850,3059,3,49,178,303,1098,1428
E02001851,3705,8,55,358,855,1024,1405
E02001852,2687,32,50,302,270,724,1309
E02001854,3252,14,44,297,624,1009,1264
E02001855,4247,25,111,412,1133,1540,1026
E02001856,3451,15,64,270,710,975,1417
E02001857,5340,129,306,995,970,902,2038
E02001858,3126,100,200,656,466,504,1200
E02001859,2722,11,79,171,339,733,1389
E02001860,2852,26,88,215,240,895,1388
E02001861,3160,45,138,484,394,601,1498
E02001862,3337,43,136,405,372,969,1412
E02001863,2350,25,86,313,321,596,1009
E02001864,2248,18,61,343,345,963,518
E02001865,3324,51,109,269,354,806,1735
E02001866,2576,54,133,448,401,407,1133
E02001867,2076,22,69,331,369,608,677
E02001868,2637,2,7,90,143,588,1807
E02001869,2433,36,115,451,597,853,381
E02001870,3575,15,63,211,368,1177,1741
E02001871,3543,22,72,560,1175,1008,706
E02001872,3128,19,83,379,977,975,695
E02001873,3949,64,150,503,773,1278,1181
E02001874,2737,22,85,335,423,735,1137
E02001875,3264,104,287,770,749,786,568
E02001876,3136,192,351,746,820,619,408
E02001877,2867,24,66,305,334,669,1469
E02001878,2707,21,92,381,562,584,1067
E02001879,3155,58,185,378,499,836,1199
E02001880,3479,3,52,260,870,1482,812
E02001881,2943,30,42,325,365,1144,1037
E02001882,3144,32,111,458,540,820,1183
E02001883,3615,15,125,519,1047,1293,616
E02001884,2447,9,54,143,257,820,1164
E02001886,3231,146,197,424,344,597,1523
E02001888,2400,4,20,224,377,984,791
E02001889,2276,8,51,164,220,686,1147
E02001890,4450,157,450,1028,932,476,1407
E02001892,3534,18,75,417,589,1449,986
E02001893,3168,14,35,328,449,929,1413
E02001895,3259,8,68,327,754,1085,1017
E02001896,2422,24,93,190,251,513,1351
E02001897,2818,102,158,666,645,626,621
E02001898,2664,1,42,145,270,902,1304
E02001899,3216,12,61,183,368,623,1969
E02001900,2625,32,123,490,601,437,942
E02001901,3677,23,85,424,840,771,1534
E02001902,2487,8,19,167,319,922,1052
E02001903,2016,27,93,204,224,467,1001
E02001904,2618,14,69,278,468,801,988
E02001905,2578,27,163,287,560,332,1209
E02001906,3798,8,36,152,474,1223,1905
E02001907,4115,4,47,235,940,1296,1593
E02001908,2178,29,65,100,197,568,1219
E02001909,2298,27,79,342,281,547,1022
E02001910,2330,41,129,428,413,548,771
E02001911,3317,10,72,448,688,1240,859
E02001913,3289,37,120,606,715,821,990
E02001914,2195,21,71,178,348,282,1295
E02001915,4852,75,214,659,1022,1010,1872
E02001916,3085,42,89,262,591,1008,1093
E02001918,4081,113,306,1142,725,426,1369
E02001919,2624,64,189,653,497,185,1036
E02001920,3256,19,62,484,736,1233,722
E02001921,3283,9,52,281,693,1247,1001
E02001922,2994,23,38,116,258,689,1870
E02001923,3380,26,75,327,305,644,2003
E02001924,2396,9,29,294,178,615,1271
E02001925,2812,9,68,284,453,702,1296
E02001926,2829,27,68,220,375,756,1383
E02001927,3205,13,62,387,578,1331,834
E02001928,3003,15,59,458,808,1055,608
E02001929,3690,7,41,369,715,1649,909
E02001930,3203,19,38,261,316,663,1906
E02001931,3067,8,28,292,395,571,1773
E02001932,2853,5,39,396,750,850,813
E02001933,3119,7,84,281,392,1170,1185
E02001934,2297,2,15,71,147,469,1593
E02001935,3238,5,25,199,369,1061,1579
E02001936,2570,11,34,197,301,505,1522
E02001937,3249,14,44,433,614,1155,989
E02001938,3286,22,97,281,384,901,1601
E02001939,2882,26,133,569,770,536,848
E02001941,2519,7,29,292,426,1025,740
E02001942,2971,46,89,350,596,782,1108
E02001943,2593,2,37,172,495,896,991
E02001944,3411,6,67,322,707,898,1411
E02001945,3098,7,41,328,559,1373,790
E02001946,3193,4,60,231,394,838,1666
E02001947,2869,15,69,601,747,879,558
E02001948,3073,9,25,223,351,1219,1246
E02001949,2483,4,43,256,607,857,716
E02001950,3608,2,58,223,590,1078,1657
E02001951,3573,14,55,682,898,1248,676
E02001952,4055,18,119,745,1147,1079,947
E02001953,2963,5,29,232,326,1047,1324
E02001954,3400,18,90,605,856,1149,682
E02001955,2738,17,75,314,562,1025,745
E02001956,2684,13,35,228,539,851,1018
E02001957,3283,1,25,113,538,1374,1232
E02006807,3013,6,12,105,256,798,1836
E02006809,3083,10,24,132,197,616,2104
E02006895,3179,122,531,948,872,414,292
E02006896,3102,145,732,1260,651,181,133
E02006897,3150,224,468,1071,721,436,230
E02006898,3371,125,532,1131,950,455,178
E02006899,3433,207,1080,1350,570,137,89
E02006900,4067,21,98,353,570,945,2080
E02006901,4174,22,118,250,488,1178,2118
E02001958,3268,16,70,340,900,999,943
E02001959,2378,0,17,50,263,975,1073
E02001961,3277,26,131,431,741,1154,794
E02001962,2215,7,49,107,388,919,745
E02001963,2441,4,60,149,263,925,1040
E02001964,3282,37,97,454,718,1418,558
E02001965,3309,10,62,259,562,1194,1222
E02001966,2228,29,66,161,393,740,839
E02001967,2648,3,21,91,477,687,1369
E02001968,2693,0,28,129,414,1194,928
E02001969,2677,5,31,300,546,990,805
E02001970,2474,9,35,163,721,851,695
E02001971,2401,11,30,159,242,900,1059
E02001972,3644,84,203,443,757,1206,951
E02001973,3414,50,143,367,1039,1010,805
E02001974,3906,6,28,145,509,1440,1778
E02001975,2974,10,15,68,211,1356,1314
E02001976,3126,20,101,452,533,1087,933
E02001977,4097,168,259,600,1098,1015,957
E02001978,2538,18,49,97,335,992,1047
E02001979,2465,1,10,79,401,951,1023
E02001980,2568,7,23,30,420,807,1281
E02001981,4334,96,385,673,1038,1183,959
E02001982,3068,9,32,254,631,975,1167
E02001983,3268,11,53,146,538,1116,1404
E02001984,3515,12,49,183,391,1226,1654
E02001985,3071,77,135,245,581,1142,891
E02001986,3587,17,108,621,964,942,935
E02001987,2609,24,66,172,333,1079,935
E02001988,3562,184,418,884,843,412,821
E02001989,2296,0,18,68,342,941,927
E02001990,3661,0,23,148,507,1263,1720
E02001991,3732,47,94,207,482,655,2247
E02001992,3879,10,74,393,932,1605,865
E02001993,2937,29,145,295,360,779,1329
E02001994,3398,10,54,195,338,1282,1519
E02001995,3090,17,136,283,949,952,753
E02001996,3262,201,201,507,862,926,565
E02001997,3464,4,32,155,391,684,2198
E02001998,2381,4,4,42,251,705,1375
E02001999,2258,9,15,78,223,457,1476
E02006805,3197,13,97,243,644,1367,833
E02002000,3218,13,30,246,629,1184,1116
E02002001,2509,13,52,265,213,707,1259
E02002002,2982,2,10,98,259,688,1925
E02002003,3766,6,34,296,386,1155,1889
E02002004,2979,3,22,270,491,1160,1033
E02002005,3024,3,36,135,575,1289,986
E02002006,2826,15,60,344,668,804,935
E02002007,3796,5,24,231,608,1200,1728
E02002008,3066,1,37,92,423,634,1879
E02002009,2550,25,74,345,549,749,808
E02002010,3223,40,169,689,654,657,1014
E02002011,2457,2,17,145,339,762,1192
E02002012,3278,12,66,565,670,1002,963
E02002013,2783,5,38,128,335,628,1649
E02002014,2643,10,33,186,385,729,1300
E02002015,2429,2,15,92,475,693,1152
E02002016,3132,4,57,326,807,1131,807
E02002017,3550,33,83,441,897,1103,993
E02002018,3707,1,36,104,421,915,2230
E02002019,3102,8,36,138,555,1287,1078
E02002020,3980,2,82,289,617,1199,1791
E02002021,3400,36,203,691,835,883,752
E02002022,3418,6,62,321,775,1103,1151
E02002023,2221,13,19,73,423,773,920
E02002024,3434,11,46,299,534,1170,1374
E02002025,3319,2,26,283,524,967,1517
E02002026,2800,3,23,155,370,1080,1169
E02002027,2223,4,15,108,417,338,1341
E02002028,2587,2,21,199,425,594,1346
E02002029,2468,0,13,107,295,596,1457
E02002030,2690,6,34,253,520,1113,764
E02002031,2339,5,33,245,338,766,952
E02002032,4050,7,42,343,837,1478,1343
E02002033,3190,4,29,179,482,929,1567
E02002034,3724,14,141,471,653,890,1555
E02002035,2490,1,8,152,203,358,1768
E02002036,2773,4,78,478,381,1091,741
E02002037,2507,0,44,170,198,727,1368
E02002038,4231,8,75,415,967,1150,1616
E02002039,2562,2,35,209,378,616,1322
E02002040,2510,1,14,105,225,434,1731
E02002041,2570,0,7,54,301,543,1665
E02002042,3361,0,15,130,238,767,2211
E02002043,3165,16,27,264,432,1261,1165
E02002044,2834,5,30,164,619,849,1167
E02002045,3201,8,37,354,628,1100,1074
E02002046,2031,3,9,149,272,1131,467
E02002047,2787,20,93,334,672,854,814
E02002048,2635,6,22,131,387,609,1480
E02002049,2365,1,36,213,433,899,783
E02002051,2041,4,29,158,393,941,516
E02002052,4082,12,62,527,703,1346,1432
E02002053,2477,2,36,191,297,887,1064
E02002054,2274,2,15,98,239,887,1033
E02002055,3519,19,41,388,616,1210,1245
E02002056,3532,6,49,627,654,1073,1123
E02002057,3655,14,66,587,793,996,1199
E02002058,4622,14,108,595,1160,1178,1567
E02002059,4244,20,105,661,734,998,1726
E02002060,2369,11,53,334,397,821,753
E02002061,2052,8,55,287,378,597,727
E02002062,2952,45,136,647,654,701,769
E02002063,3583,4,100,343,861,1183,1092
E02002064,4656,9,64,344,837,1634,1768
E02002065,3774,27,105,356,424,1095,1767
E02002066,2784,10,68,399,393,942,972
E02002067,2190,1,9,156,226,847,951
E02002068,4097,61,181,636,710,1011,1498
E02002069,2917,8,68,350,749,836,906
E02002070,3487,38,108,565,497,1047,1232
E02002071,2610,0,31,197,454,954,974
E02002072,3415,12,58,376,492,1029,1448
E02002073,2867,3,27,207,288,1233,1109
E02002074,3109,2,48,246,295,1341,1177
E02002075,3593,14,76,413,740,1006,1344
E02002076,4479,15,84,203,655,1721,1801
E02002077,4282,11,79,469,1096,1221,1406
E02002078,2483,4,15,121,161,843,1339
E02002079,3375,3,50,260,554,1108,1400
E02002080,2783,9,36,307,466,858,1107
E02006810,4177,12,56,288,865,1082,1874
E02002081,2369,8,29,175,416,592,1149
E02002082,2441,3,26,388,413,1056,555
E02002083,2339,0,4,62,106,687,1480
E02002084,2614,6,37,383,400,1095,693
E02002085,2593,25,35,204,441,1055,833
E02002086,2462,8,45,513,675,795,426
E02002087,2684,7,29,509,525,1024,590
E02002088,4116,23,67,773,1073,1394,786
E02002089,3084,3,35,244,447,844,1511
E02002090,2302,0,8,30,228,779,1257
E02002091,3160,3,22,146,334,970,1685
E02002092,3058,6,46,326,397,860,1423
E02002093,2836,26,112,329,510,673,1186
E02002094,2380,1,14,69,375,268,1653
E02002095,3613,7,107,233,561,765,1940
E02002096,4165,12,50,271,767,596,2469
E02002097,2860,8,25,202,417,531,1677
E02002098,3808,10,52,300,465,686,2295
E02002099,2687,2,16,135,469,170,1895
E02002101,2645,9,51,259,440,721,1165
E02002102,3474,5,21,139,588,817,1904
E02002103,2575,0,12,137,241,590,1595
E02002104,2399,3,7,75,222,304,1788
E02002105,3101,1,20,148,230,363,2339
E02002106,3888,7,30,163,489,496,2703
E02002107,2269,3,16,83,322,276,1569
E02002108,3867,1,33,143,344,505,2841
E02002109,3874,3,139,377,457,655,2243
E02006808,2393,2,16,49,147,672,1507
E02002110,2689,1,21,194,380,866,1227
E02002111,2484,9,47,204,434,826,964
E02002112,2219,2,12,133,206,624,1242
E02002113,2683,6,23,273,441,791,1149
E02002114,2642,1,22,243,382,685,1309
E02002115,2835,6,31,163,567,872,1196
E02002116,2849,5,28,186,285,684,1661
E02002117,2682,17,45,236,651,587,1146
E02002118,3019,2,56,239,476,1166,1080
E02002119,2451,0,17,155,344,674,1261
E02002120,2386,1,9,104,366,588,1318
E02002121,2401,9,27,160,355,919,931
E02002122,2006,3,17,123,298,817,748
E02002123,2694,4,18,213,616,888,955
E02002124,3161,7,48,404,653,860,1189
E02002125,2552,4,27,247,366,808,1100
E02002126,2656,8,33,226,700,949,740
E02002127,3087,14,65,380,495,1178,955
E02002128,2386,2,32,195,505,873,779
E02002129,2451,1,12,168,359,841,1070
E02002130,2540,1,24,112,659,873,871
E02002131,3182,3,15,139,252,622,2151
E02002132,2559,2,13,185,595,878,886
E02002133,3041,48,129,457,678,440,1289
E02002134,3308,9,37,322,565,1312,1063
E02002135,2585,15,108,304,422,856,880
E02002136,3093,9,53,305,729,924,1073
E02002137,2652,4,10,106,326,478,1728
E02002138,2313,6,18,131,370,384,1404
E02002139,3905,34,247,849,1062,536,1177
E02002140,2936,21,87,284,530,957,1057
E02002141,2666,6,24,107,197,716,1616
E02002142,2443,7,57,292,433,804,850
E02002143,3150,7,53,292,502,1006,1290
E02002144,2498,2,3,89,180,335,1889
E02002145,2741,18,33,339,558,989,804
E02002146,2257,0,34,159,202,861,1001
E02002147,3081,4,46,218,592,1066,1155
E02002148,4539,0,24,184,373,1796,2162
E02002149,4268,9,29,289,629,1430,1882
E02002150,2259,3,11,162,389,610,1084
E02002151,2548,11,40,429,555,917,596
E02002152,2337,1,14,207,376,853,886
E02002153,3384,6,49,491,923,902,1013
E02002154,2270,22,31,249,330,565,1073
E02002155,2129,6,19,116,283,1131,574
E02002156,3409,4,52,306,453,811,1783
E02002157,3170,3,26,192,258,675,2016
E02002158,3437,8,34,421,749,925,1300
E02002159,2215,2,24,137,374,805,873
E02002160,2762,8,22,194,370,782,1386
E02002161,2426,26,43,363,461,737,796
E02002162,3275,4,29,170,505,695,1872
E02002163,5059,64,146,932,1271,1382,1264
E02002164,2361,76,103,497,455,527,703
E02002165,3611,161,265,748,699,434,1304
E02002166,3839,18,74,634,734,1351,1028
E02002167,2977,4,20,238,627,535,1553
E02002168,4422,58,314,981,888,834,1347
E02002169,3531,5,38,181,367,639,2301
E02002170,2461,8,30,200,438,783,1002
E02002171,3059,5,43,244,536,1168,1063
E02002174,2975,14,36,219,317,464,1925
E02002175,2901,14,78,447,530,940,892
E02002176,3338,6,49,420,467,749,1647
E02002177,3821,23,92,614,784,1144,1164
E02002178,2722,2,19,113,201,477,1910
E02002179,2580,3,28,116,175,515,1743
E02002180,2666,5,37,211,488,799,1126
E02002181,2979,8,70,391,603,963,944
E02002182,2515,1,36,203,317,685,1273
E02006894,4471,12,104,550,835,1231,1739
E02006696,2504,6,15,59,254,407,1763
E02006697,3030,2,26,159,331,505,2007
E02006698,2674,0,26,122,185,797,1544
E02006699,2569,0,22,156,350,537,1504
E02006700,2308,2,10,54,243,444,1555
E02006701,2383,4,8,32,165,263,1911
E02006702,2427,2,33,184,243,807,1158
E02006703,2891,4,15,112,224,427,2109
E02006704,2717,1,18,151,433,544,1570
E02006705,2819,4,40,219,375,763,1418
E02006706,3062,5,113,530,625,620,1169
E02006707,2638,1,1,64,228,409,1935
E02006708,3418,5,58,409,786,885,1275
E02006709,2850,6,53,145,302,517,1827
E02006710,3402,8,39,154,488,692,2021
E02006711,3235,1,40,183,356,490,2165
E02006712,2842,5,12,70,250,511,1994
E02006713,2881,13,55,322,621,605,1265
E02006714,2293,4,10,122,288,423,1446
E02006715,3455,10,51,225,478,760,1931
E02006716,2740,4,62,410,573,585,1106
E02006717,2426,1,26,107,228,503,1561
E02006718,2730,4,35,224,501,481,1485
E02006719,3229,10,82,263,620,570,1684
E02006720,2979,5,45,213,453,538,1725
E02006721,2401,2,9,107,287,508,1488
E02006722,2312,35,71,413,515,835,443
E02006723,3441,9,133,385,839,794,1281
E02006724,2742,39,90,477,565,637,934
E02006725,2411,5,47,316,437,881,725
E02006726,2594,44,139,284,253,636,1238
E02006727,2475,7,25,136,246,769,1292
E02006728,2961,17,75,249,389,550,1681
E02006729,2831,2,13,142,269,1025,1380
E02006730,2391,9,80,297,207,1172,626
E02006731,2597,10,71,362,485,657,1012
E02006732,3007,11,43,198,401,664,1690
E02006733,2559,4,52,226,355,438,1484
E02006734,3494,7,41,198,395,719,2134
E02006735,2379,9,53,466,599,777,475
E02006736,2829,7,64,234,550,579,1395
E02006737,3464,9,55,247,702,993,1458
E02006738,3649,17,73,421,620,1492,1026
E02006739,2106,0,26,97,224,552,1207
E02006740,3554,99,384,761,598,610,1102
E02006741,2151,0,13,82,333,399,1324
E02006742,3544,17,71,423,597,1118,1318
E02006743,2579,2,36,197,406,815,1123
E02006744,3262,84,276,633,671,441,1157
E02006745,3252,4,19,97,357,838,1937
E02006746,3297,5,79,285,429,896,1603
E02006747,2482,3,58,117,459,495,1350
E02006748,2765,14,36,137,380,447,1751
E02006749,2185,0,35,222,351,800,777
E02006750,2587,12,65,370,613,492,1035
E02006751,2561,4,24,299,447,633,1154
E02006752,2730,3,25,80,265,378,1979
E02006753,2595,9,14,115,292,447,1718
E02006754,2243,5,20,75,182,317,1644
E02006755,2212,5,13,41,174,326,1653
E02006756,2085,5,14,58,251,354,1403
E02006757,2854,12,20,110,349,452,1911
E02006758,2134,6,14,81,224,452,1357
E02006759,3285,13,75,323,555,699,1620
E02006760,3293,6,22,123,492,689,1961
E02006761,2776,33,187,601,663,621,671
E02006762,2422,2,33,152,435,527,1273
E02006763,2619,6,27,101,369,593,1523
E02006764,2210,2,63,239,550,514,842
E02006765,2696,8,41,165,430,600,1452
E02006766,3214,2,23,106,357,565,2161
E02006767,3804,8,91,242,598,591,2274
E02006768,2910,1,35,132,344,1037,1361
E02006769,3047,10,37,119,359,831,1691
E02006770,3196,25,89,481,798,877,926
E02006771,2933,7,30,167,598,661,1470
E02006772,2815,7,29,284,382,707,1406
E02006773,3790,12,49,414,729,895,1691
E02006774,3347,24,58,307,511,879,1568
E02006775,2070,10,17,323,234,707,779
E02006776,2817,1,61,157,521,620,1457
E02006777,3248,7,53,263,569,676,1680
E02006778,2894,3,13,121,372,825,1560
E02006779,3497,20,140,359,831,646,1501
E02006780,2617,2,20,150,528,771,1146
E02003616,2275,2,12,84,193,416,1568
E02003617,3714,3,35,213,401,645,2417
E02003618,3521,8,26,200,529,819,1939
E02003619,4057,4,29,181,399,837,2607
E02003620,3497,28,68,252,295,873,1981
E02003621,3304,5,27,111,224,880,2057
E02003622,3762,13,57,350,809,1196,1337
E02003623,3285,3,13,120,355,531,2263
E02003624,2346,79,175,471,429,261,931
E02003625,3737,120,306,981,701,551,1078
E02003626,2259,10,37,160,319,512,1221
E02003627,4080,82,319,884,711,607,1477
E02003628,2801,10,76,236,540,737,1202
E02003629,3940,34,98,517,943,1071,1277
E02003630,3681,21,150,488,718,941,1363
E02003631,2180,11,72,210,417,492,978
E02003632,2491,10,72,202,420,784,1003
E02003633,2982,6,52,203,328,946,1447
E02003634,3747,6,27,221,648,934,1911
E02003635,2153,7,34,162,276,500,1174
E02003599,2236,4,39,178,362,659,994
E02003600,2556,6,48,131,491,672,1208
E02003601,3029,4,47,199,408,604,1767
E02003602,2444,0,19,117,291,482,1535
E02003603,4186,5,91,534,876,1091,1589
E02003604,2729,1,19,170,548,643,1348
E02003605,3066,12,44,141,353,654,1862
E02003606,3068,1,12,198,343,613,1901
E02003607,3499,4,39,256,477,782,1941
E02003608,4562,4,55,328,927,1042,2206
E02003609,4001,4,71,322,653,932,2019
E02003610,2966,4,29,233,465,562,1673
E02003611,3353,1,25,207,484,737,1899
E02003612,3978,1,64,309,637,909,2058
E02003613,2387,1,27,233,437,435,1254
E02003614,3020,5,29,163,584,859,1380
E02003615,3451,5,32,146,357,652,2259
E02003636,2974,2,24,121,593,717,1517
E02003637,3878,10,44,194,598,759,2273
E02003638,2933,0,12,66,348,867,1640
E02003639,3948,19,146,595,1034,841,1313
E02003640,2621,4,50,267,493,584,1223
E02003641,2233,5,14,90,341,542,1241
E02003642,3325,15,69,331,581,1383,946
E02003643,3946,19,63,195,887,1077,1705
E02003644,3473,7,76,332,843,941,1274
E02003645,2648,1,21,136,389,907,1194
E02003646,3557,15,49,272,492,1126,1603
E02003647,3862,24,199,550,892,841,1356
E02003648,2206,6,37,325,461,571,806
E02003649,2786,8,85,188,344,652,1509
E02003650,2914,11,42,169,390,559,1743
E02003651,2564,4,21,158,475,645,1261
E02003258,3462,13,81,275,472,737,1884
E02003259,2542,4,29,162,598,937,812
E02003260,3194,22,107,408,755,1147,755
E02003261,2470,9,28,231,518,669,1015
E02003262,3872,34,93,503,757,1299,1186
E02003263,4325,24,123,341,760,1504,1573
E02003264,3226,3,15,80,336,645,2147
E02003265,3458,48,98,258,705,1015,1334
E02003266,3618,17,113,449,787,1164,1088
E02003267,3584,15,101,280,380,950,1858
E02003268,3487,12,78,289,662,1067,1379
E02003269,4040,28,81,398,750,1124,1659
E02003270,3137,65,117,231,474,1153,1097
E02003271,3954,9,70,336,905,1121,1513
E02003272,2643,37,52,223,387,529,1415
E02003273,3789,16,40,222,452,1617,1442
E02003274,3128,127,261,474,547,607,1112
E02003275,5297,267,690,1420,1249,790,881
E02003276,2511,100,163,236,339,780,893
E02003277,3720,36,97,516,561,1138,1372
E02003278,4836,245,543,970,829,954,1295
E02003237,2600,3,35,154,305,517,1586
E02003238,2466,12,91,261,394,629,1079
E02003239,3275,8,16,97,423,945,1786
E02003240,2480,4,17,82,393,572,1412
E02003241,2567,3,21,123,457,593,1370
E02003242,3584,9,87,292,612,998,1586
E02003243,4071,50,125,738,858,1369,931
E02003244,3685,21,88,498,827,1068,1183
E02003245,2967,36,34,470,424,1264,739
E02003246,3094,17,123,404,475,869,1206
E02003247,3272,28,65,412,374,1361,1032
E02003248,3284,25,117,277,339,573,1953
E02003249,4368,45,158,622,1051,1157,1335
E02003250,3835,76,279,645,855,643,1337
E02003251,2852,6,17,107,274,449,1999
E02003252,4163,19,72,485,808,987,1792
E02003253,3841,19,136,573,633,959,1521
E02003254,3732,5,23,221,427,879,2177
E02003255,3777,3,49,219,618,1218,1670
E02003257,3532,54,114,473,546,1296,1049
E02006877,3205,6,80,301,623,579,1616
E02006878,3373,4,94,321,657,726,1571
E02003279,3982,19,65,189,742,1305,1662
E02003280,4205,34,119,307,833,1367,1545
E02003281,4173,31,95,384,927,1199,1537
E02003282,4208,26,139,430,606,978,2029
E02003283,4279,10,87,357,650,1254,1921
E02003284,4646,17,127,481,823,1325,1873
E02003285,4386,24,125,702,900,882,1753
E02003286,3840,17,46,229,594,546,2408
E02003287,4065,11,89,351,709,924,1981
E02003288,4965,130,383,1268,1176,865,1143
E02003289,4608,16,123,734,1170,840,1725
E02003290,4369,114,250,790,1077,446,1692
E02003291,4782,44,183,777,1041,1319,1418
E02003292,5087,123,464,1220,1466,671,1143
E02003293,5199,179,406,1237,1659,696,1022
E02003294,3921,1,32,243,718,614,2313
E02003295,3963,5,43,273,557,1061,2024
E02003296,2743,5,18,44,278,1046,1352
E02003297,2895,3,37,244,418,1163,1030
E02003298,2838,3,35,171,412,1225,992
E02003299,2370,6,21,108,293,553,1389
E02003300,3162,10,62,261,489,1164,1176
E02003301,3827,14,87,462,777,1284,1203
E02003302,4082,16,76,832,1088,1288,782
E02003303,3126,15,73,267,522,1271,978
E02003304,3599,8,38,429,239,1228,1657
E02003305,2319,3,26,78,407,763,1042
E02003307,3935,7,57,383,566,1591,1331
E02003308,2447,17,38,109,415,909,959
E02003309,2999,4,40,375,363,843,1374
E02003310,4783,53,248,991,1184,1348,959
E02003311,3320,18,105,469,743,856,1129
E02003312,3466,42,234,887,1247,691,365
E02003313,4921,24,187,562,919,2031,1198
E02006859,2680,3,57,229,858,514,1019
E02006926,2841,2,38,227,763,445,1366
E02003719,3918,37,179,694,961,1004,1043
E02003720,3886,33,211,574,714,918,1436
E02003721,4038,28,258,687,741,1003,1321
E02003722,3729,204,337,465,458,553,1712
E02003723,2082,55,95,251,363,365,953
E02003724,4106,32,141,586,975,960,1412
E02003725,3372,83,372,393,585,538,1401
E02003726,3366,91,309,473,747,656,1090
E02003727,3857,107,182,457,637,1114,1360
E02003728,3788,54,247,689,626,725,1447
E02003729,3676,7,72,409,769,1001,1418
E02003730,3472,131,300,567,595,600,1279
E02003731,3424,108,170,159,395,603,1989
E02003732,3584,6,57,258,646,957,1660
E02003733,3414,0,26,126,420,795,2047
E02003734,4897,18,100,347,1024,1080,2328
E02003735,3642,7,82,367,642,758,1786
E02003736,4024,14,50,212,597,849,2302
E02003737,4782,20,73,377,994,1212,2106
E02003738,2534,1,29,120,410,550,1424
E02003739,2631,2,37,163,447,532,1450
E02003740,2393,2,20,108,339,472,1452
E02006825,2713,4,18,111,407,531,1642
E02003742,2775,5,19,118,413,720,1500
E02003743,4066,15,97,390,887,1160,1517
E02003744,5517,46,284,661,1064,1232,2230
E02003745,4050,6,37,186,601,1035,2185
E02003746,3066,1,18,150,550,939,1408
E02003747,4861,8,69,379,783,1179,2443
E02003748,3444,4,79,354,788,923,1296
E02003749,2509,3,19,79,401,621,1386
E02003750,3068,2,41,310,588,778,1349
E02003751,2727,2,13,73,425,650,1564
E02003752,4537,3,76,318,963,1213,1964
E02003753,4448,1,26,227,636,1220,2338
E02003754,2381,1,15,58,311,434,1562
E02003755,3559,15,78,322,474,789,1881
E02003756,2641,4,11,98,389,593,1546
E02003757,2553,1,31,130,328,523,1540
E02003758,3775,7,51,133,528,808,2248
E02003759,2414,1,7,54,255,457,1640
E02003760,3081,17,26,252,552,1317,917
E02003761,2386,1,18,93,265,689,1320
E02003762,3431,4,19,107,505,727,2069
E02003763,4072,10,79,285,657,1078,1963
E02003764,3929,28,189,522,751,749,1690
E02003765,2938,12,108,384,502,506,1426
E02003766,2879,24,55,353,520,509,1418
E02003767,2591,0,20,55,230,351,1935
E02003768,3974,6,57,182,550,698,2481
E02003769,2657,5,22,82,318,482,1748
E02003770,3202,8,34,191,498,660,1811
E02003771,2785,6,72,378,493,598,1238
E02003772,2856,3,48,233,406,460,1706
E02003773,4334,8,79,368,841,1406,1632
E02003774,2447,5,27,246,414,826,929
E02003775,2750,5,24,114,388,516,1703
E02003776,2658,3,31,141,498,480,1505
E02003777,2715,5,32,134,486,535,1523
E02003778,2290,16,26,165,449,586,1048
E02003779,2139,5,67,125,335,511,1096
E02003780,4211,6,80,467,670,853,2135
E02003781,2626,16,44,189,536,487,1354
E02003783,2772,14,44,156,380,474,1704
E02003784,3395,6,34,128,328,766,2133
E02003785,3602,16,124,304,699,734,1725
E02003786,2673,9,72,207,437,421,1527
E02003787,3019,5,29,125,426,629,1805
E02003788,2592,3,19,96,290,422,1762
E02003789,2992,8,45,180,477,758,1524
E02003790,3831,5,21,139,537,739,2390
E02003791,3215,3,45,167,479,592,1929
E02003792,3829,17,50,193,587,737,2245
E02003793,2871,10,14,101,413,517,1816
E02006873,2608,2,46,191,605,530,1234
E02006874,3172,7,40,176,491,529,1929
E02004424,2755,0,33,55,200,521,1946
E02004425,3169,8,71,326,516,754,1494
E02004426,3284,3,39,249,435,756,1802
E02004427,3333,11,40,247,428,738,1869
E02004428,2694,7,51,349,517,672,1098
E02004429,3111,2,63,139,451,752,1704
E02004430,3206,2,42,106,539,888,1629
E02004431,3814,11,100,429,800,961,1513
E02004432,2604,5,13,110,296,667,1513
E02004433,3691,8,102,489,807,871,1414
E02004434,3454,17,108,377,813,1098,1041
E02004435,3324,20,106,223,703,1316,956
E02004436,3142,19,106,485,426,1153,953
E02004437,3583,31,133,570,664,979,1206
E02004438,3660,20,148,598,868,1136,890
E02004439,3472,12,72,556,789,1327,716
E02004440,3354,6,61,281,830,1251,925
E02004441,3209,11,117,448,477,1007,1149
E02004442,3350,16,166,480,673,1159,856
E02004443,3415,15,98,320,785,1006,1191
E02004444,3602,6,27,258,584,602,2125
E02004445,3520,17,145,530,710,1092,1026
E02004446,2749,1,12,78,403,561,1694
E02004447,2500,2,9,43,309,414,1723
E02004448,2688,3,32,170,457,534,1492
E02004449,3831,11,127,448,833,1114,1298
E02004450,2548,7,13,79,363,550,1536
E02004451,3521,4,61,155,593,722,1986
E02004452,3522,6,31,196,431,799,2059
E02004453,2969,3,40,319,782,697,1128
E02004454,4219,30,207,741,1062,874,1305
E02004455,2884,1,8,52,314,644,1865
E02004456,3809,16,91,396,884,1230,1192
E02004457,4041,9,48,224,873,1087,1800
E02004458,3540,0,25,122,561,678,2154
E02004459,4339,17,52,273,786,873,2338
E02004460,3706,9,51,198,664,1153,1631
E02004461,2258,5,22,226,393,965,647
E02004462,4655,62,149,784,1105,1039,1516
E02004463,3264,1,18,162,605,696,1782
E02004464,3742,3,19,146,339,755,2480
E02004465,2588,8,24,195,391,523,1447
E02004466,3314,7,46,248,693,1041,1279
E02004467,3062,16,96,250,689,763,1248
E02004468,4144,9,30,158,437,494,3016
E02004469,2749,4,30,109,372,684,1550
E02004470,5127,50,426,1110,1379,859,1303
E02004471,3360,15,51,486,825,599,1384
E02004472,2560,8,64,148,340,564,1436
E02004473,3088,5,28,150,376,1110,1419
E02004474,2994,2,35,131,568,853,1405
E02004475,2607,5,29,113,342,690,1428
E02004476,3140,0,22,106,336,748,1928
E02004477,2606,0,11,79,440,744,1332
E02004478,2864,4,45,378,639,656,1142
E02004479,3270,3,42,139,614,836,1636
E02004480,2709,2,26,249,442,736,1254
E02004481,3194,2,59,513,941,818,861
E02004482,3147,14,63,239,491,1377,963
E02004483,3460,11,87,333,642,879,1508
E02004484,3361,17,41,480,739,837,1247
E02004485,2805,12,25,194,366,561,1647
E02004486,3336,14,102,138,380,750,1952
E02004487,2946,15,59,186,445,721,1520
E02004488,3446,10,82,250,631,958,1515
E02004489,3480,2,62,273,390,640,2113
E02004490,3275,15,155,520,751,864,970
E02004491,2989,5,40,135,407,790,1612
E02004492,3910,39,93,468,765,930,1615
E02004493,4209,11,109,485,977,702,1925
E02004494,4664,32,312,1233,1343,751,993
E02004495,3421,20,38,213,426,732,1992
E02004496,2874,4,47,96,274,599,1854
E02004497,3308,7,63,279,382,650,1927
E02004498,4209,14,118,562,687,972,1856
E02004499,2698,0,7,33,191,1177,1290
E02004500,3647,7,87,178,270,548,2557
E02004501,3006,28,31,265,360,734,1588
E02004502,2791,11,48,222,333,461,1716
E02004503,3257,23,79,205,388,708,1854
E02004504,3343,12,98,358,587,363,1925
E02004505,2053,3,16,106,338,469,1121
E02004506,2696,1,19,103,272,481,1820
E02004507,4172,45,188,524,1096,837,1482
E02004508,2620,2,24,93,263,575,1663
E02004509,4413,39,146,493,931,818,1986
E02004512,4961,47,246,1169,1242,978,1279
E02004513,4268,78,221,754,1057,1221,937
E02004514,2311,2,16,146,337,478,1332
E02004515,2880,2,38,111,320,538,1871
E02004516,4437,131,209,548,1164,1252,1133
E02004517,3506,10,91,329,613,782,1681
E02004518,2583,13,83,285,305,411,1486
E02004519,3076,5,30,107,299,722,1913
E02004520,3163,19,57,341,792,815,1139
E02004521,3904,35,148,476,997,962,1286
E02004522,3457,23,85,222,491,910,1726
E02004523,3634,10,48,351,647,1241,1337
E02004524,3231,3,19,90,250,623,2246
E02004525,3293,4,107,192,473,921,1596
E02004526,3300,3,32,189,522,725,1829
E02006922,5729,18,102,397,945,1661,2606
E02004527,3667,14,142,422,606,865,1618
E02004528,3242,5,26,141,369,700,2001
E02004529,2582,0,19,121,222,484,1736
E02004530,2626,18,33,240,343,727,1265
E02004531,2663,9,67,188,378,768,1253
E02004532,2764,10,77,310,548,606,1213
E02004533,2999,9,51,557,528,963,891
E02004534,3678,12,70,490,924,1063,1119
E02004535,2493,44,110,422,604,473,840
E02004536,2520,4,59,213,336,474,1434
E02004537,3805,32,181,800,995,1008,789
E02004538,3515,3,77,241,453,653,2088
E02004539,3188,6,48,331,845,956,1002
E02004540,2457,7,15,144,494,514,1283
E02004541,4894,21,126,530,1056,924,2237
E02004542,2396,3,26,97,267,490,1513
E02004543,2502,4,52,164,693,508,1081
E02004544,3012,9,106,356,531,749,1261
E02004545,3025,20,108,373,883,886,755
E02004546,3260,54,137,535,968,854,712
E02004547,3369,18,165,499,1005,911,771
E02004548,3513,7,44,219,1019,737,1487
E02004549,3244,17,110,375,875,929,938
E02004550,3331,34,154,527,981,801,834
E02004551,3180,14,87,439,925,887,828
E02004552,2748,11,68,379,523,893,874
E02004553,2949,6,52,328,758,976,829
E02004554,2989,12,103,466,475,893,1040
E02004555,2503,1,17,123,344,537,1481
E02004556,2912,3,11,78,265,407,2148
E02004557,3365,10,66,242,508,875,1664
E02004558,3059,15,131,446,737,695,1035
E02004559,3147,2,20,178,291,842,1814
E02004560,3383,2,39,190,451,790,1911
E02004561,3929,1,45,204,415,707,2557
E02004562,3519,6,42,310,670,840,1651
E02004563,2786,4,41,236,483,710,1312
E02004564,3122,0,25,135,437,811,1714
E02004565,5929,8,52,298,830,1360,3381
E02004566,2379,37,107,409,431,548,847
E02004567,3133,0,13,94,325,810,1891
E02004568,3372,2,35,185,683,906,1561
E02004569,3133,12,73,413,528,863,1244
E02004570,3591,10,85,364,556,819,1757
E02004571,3141,0,13,88,379,864,1797
E02004572,2978,3,31,197,366,909,1472
E02004573,2873,19,144,458,542,800,910
E02004574,3127,2,32,208,642,1119,1124
E02004575,4812,13,87,395,888,1092,2337
E02004576,3736,1,12,136,575,1000,2012
E02004577,2082,5,14,99,259,454,1251
E02004578,3423,11,102,309,903,809,1289
E02004579,2992,13,41,235,510,788,1405
E02004580,5535,1,28,215,1249,1660,2382
E02004581,3101,0,22,121,446,783,1729
E02004582,3188,4,20,172,990,1162,840
E02004583,3703,10,80,271,740,968,1634
E02004584,3205,14,23,82,930,1059,1097
E02004585,3312,1,47,197,689,1034,1344
E02004586,3631,14,90,438,943,727,1419
E02004587,3338,13,100,355,887,1075,908
E02004588,3019,94,274,659,790,413,789
E02004589,3141,4,40,219,780,784,1314
E02004590,3887,13,108,427,1224,1086,1029
E02004591,2705,5,27,83,335,444,1811
E02004592,5158,11,145,581,1063,1143,2215
E02004593,3190,4,22,82,377,529,2176
E02004594,2933,2,34,108,362,542,1885
E02004595,4711,15,57,255,582,934,2868
E02004596,2959,4,48,161,479,594,1673
E02004597,3075,33,98,362,579,534,1469
E02004598,3825,6,42,176,418,657,2526
E02004599,2760,2,38,125,303,440,1852
E02004843,2648,0,5,73,278,820,1472
E02004844,2767,5,44,230,458,1061,969
E02004845,3367,35,186,713,822,527,1084
E02004846,2398,5,29,111,259,341,1653
E02004847,4040,17,143,624,1046,1062,1148
E02004848,2673,6,22,171,485,764,1225
E02004849,2486,2,23,89,298,434,1640
E02004850,3064,20,114,366,615,985,964
E02004851,2315,3,73,273,487,902,577
E02004852,3144,16,81,302,698,1010,1037
E02004853,2576,16,96,262,569,843,790
E02004854,3017,13,75,315,660,1015,939
E02004855,3163,36,243,748,693,873,570
E02004856,2247,1,42,194,328,543,1139
E02004857,2350,8,38,183,407,494,1220
E02004858,2069,0,50,237,316,519,947
E02004859,2141,1,57,169,273,365,1276
E02004860,2516,17,38,348,785,571,757
E02004861,2394,7,69,221,324,387,1386
E02004862,3130,12,69,556,410,1055,1028
E02004863,3194,5,83,590,735,1045,736
E02004864,2852,1,40,271,624,511,1405
E02004865,2415,16,101,367,449,530,952
E02004866,2707,13,48,325,530,562,1229
E02004867,2401,2,48,292,327,330,1402
E02004868,2387,8,62,331,497,438,1051
E02004869,2293,7,24,179,403,476,1204
E02004870,4059,33,279,647,818,777,1505
E02004871,2064,7,15,201,330,527,984
E02004872,2801,2,46,122,353,602,1676
E02004873,4440,12,148,540,978,803,1959
E02004874,2421,7,55,225,516,733,885
E02004875,3541,11,61,307,578,982,1602
E02004876,3381,2,53,235,434,562,2095
E02004877,2135,2,35,176,318,396,1208
E02004878,2653,1,35,141,351,593,1532
E02004879,3084,7,21,148,378,532,1998
E02004880,3492,2,45,172,430,518,2325
E02004881,2587,53,155,395,410,421,1153
E02004882,3023,9,108,217,313,654,1722
E02004883,2308,1,50,180,377,468,1232
E02004884,4233,9,172,646,1008,967,1431
E02004885,3222,1,33,146,418,564,2060
E02004886,2204,2,25,188,281,420,1288
E02004887,2914,6,50,199,376,493,1790
E02004888,3587,12,92,309,567,763,1844
E02004889,4368,17,167,525,865,1141,1653
E02004890,3643,13,135,481,933,703,1378
E02004891,3270,13,89,307,732,687,1442
E02004892,2449,5,111,309,613,647,764
E02004893,2129,2,38,154,443,537,955
E02004894,3810,23,138,617,888,763,1381
E02004895,3601,9,101,396,634,685,1776
E02004896,3263,9,70,276,587,720,1601
E02004897,2588,5,26,177,347,775,1258
E02004898,3040,12,44,334,684,793,1173
E02004899,2101,25,22,174,364,405,1111
E02004900,3143,2,40,239,385,389,2088
E02004901,3485,10,122,641,913,955,844
E02004902,3173,25,100,370,832,1000,846
E02004903,2591,18,58,283,590,589,1053
E02004904,2486,12,119,434,708,654,559
E02004905,2405,14,43,157,457,390,1344
E02004906,3738,29,174,584,673,987,1291
E02004907,3774,12,80,431,695,897,1659
E02004908,3991,17,68,319,902,745,1940
E02004909,2175,18,68,283,323,582,901
E02004910,4431,10,42,271,602,1069,2437
E02004911,2935,16,75,471,682,817,874
E02004912,4375,27,137,519,893,1015,1784
E02004913,5796,6,53,318,1119,1058,3242
E02004914,3115,14,104,403,585,691,1318
E02004915,2335,5,62,353,416,890,609
E02004916,2933,6,38,173,347,564,1805
E02004917,2672,8,37,268,345,790,1224
E02004918,3615,31,213,767,596,576,1432
E02004919,3073,9,86,351,439,878,1310
E02004920,4660,16,147,621,894,1051,1931
E02004921,3216,6,58,306,523,742,1581
E02004922,3859,7,24,220,573,772,2263
E02004923,4236,10,85,277,798,783,2283
E02004924,2644,0,24,161,323,374,1762
E02004925,2907,14,58,248,392,579,1616
E02004926,3114,2,63,239,582,330,1898
E02004927,2582,4,21,125,364,514,1554
E02004928,2639,4,27,82,216,506,1804
E02004929,2534,3,46,178,378,458,1471
E02004930,2778,10,116,257,524,522,1349
E02004931,2613,6,40,286,448,563,1270
E02004932,2880,31,51,224,493,659,1422
E02004933,2505,4,30,89,256,335,1791
E02004934,2997,23,179,511,713,394,1177
E02004935,3661,52,320,820,935,518,1016
E02004936,2284,17,64,156,263,465,1319
E02004937,2707,9,28,121,410,484,1655
E02004938,2282,9,33,198,404,412,1226
E02004939,2682,20,69,292,545,634,1122
E02004940,2975,27,108,390,702,654,1094
E02004941,3763,36,102,382,819,927,1497
E02004942,2513,12,60,204,398,608,1231
E02004943,3080,10,48,171,394,577,1880
E02004944,2559,13,61,334,192,763,1196
E02004945,4756,12,77,505,969,981,2212
E02004946,2632,20,124,418,372,541,1157
E02004947,2632,11,136,205,470,682,1128
E02004948,2611,18,90,526,481,632,864
E02004949,3689,21,149,765,559,676,1519
E02004950,2710,3,50,160,490,928,1079
E02004951,3041,19,137,479,641,754,1011
E02004952,2694,27,93,298,511,676,1089
E02004953,2467,11,71,120,282,902,1081
E02004954,2673,18,108,307,435,727,1078
E02004955,2434,9,71,224,268,627,1235
E02004956,3738,15,71,531,670,740,1711
E02004957,3536,23,126,319,618,910,1540
E02004958,2861,6,33,231,263,527,1801
E02004959,2237,5,38,201,394,222,1377
E02004960,2184,4,36,125,276,292,1451
E02004961,3681,12,47,215,429,836,2142
E02004962,3517,36,93,282,738,588,1780
E02004963,2736,15,46,272,627,806,970
E02004964,2314,4,21,183,562,640,904
E02004965,2754,1,51,187,564,954,997
E02004966,2465,7,20,74,219,280,1865
E02004967,3085,21,151,765,827,753,568
E02004968,3002,24,161,335,657,846,979
E02004969,2792,3,80,273,452,797,1187
E02004970,3229,16,153,445,739,714,1162
E02004971,2774,21,105,353,383,790,1122
E02004972,2456,6,119,252,423,513,1143
E02004973,3161,47,143,481,509,955,1026
E02004974,3173,30,162,405,809,373,1394
E02004975,2938,23,82,331,383,270,1849
E02004976,3948,160,492,1043,949,654,650
E02004977,2971,41,211,436,432,783,1068
E02004978,3460,78,292,705,817,691,877
E02004979,2777,22,130,293,456,631,1245
E02004980,2387,4,13,78,228,339,1725
E02004981,2883,6,32,226,456,616,1547
E02004982,2408,2,18,112,373,641,1262
E02004983,2581,8,48,322,568,773,862
E02004984,2878,13,141,648,555,604,917
E02004985,2997,27,152,438,365,501,1514
E02004986,2935,12,43,446,702,1106,626
E02004987,2732,24,109,181,392,883,1143
E02004988,3018,12,68,450,490,1023,975
E02004989,3831,25,109,661,847,719,1470
E02004990,2613,14,84,373,489,595,1058
E02004991,2965,37,229,585,606,648,860
E02004992,2795,11,49,300,411,855,1169
E02004993,2273,13,77,320,431,565,867
E02004994,2224,0,7,35,232,367,1583
E02004995,2093,0,14,60,243,358,1418
E02005503,2896,1,13,94,397,720,1671
E02005504,3694,1,17,83,566,844,2183
E02005505,2955,10,54,231,422,667,1571
E02005506,2843,2,11,77,468,648,1637
E02005507,5130,7,117,509,1146,1448,1903
E02005508,2814,5,29,115,386,589,1690
E02005509,3258,11,64,255,683,913,1332
E02005510,2931,1,20,62,517,696,1635
E02005511,3226,3,76,168,739,990,1250
E02005512,3155,0,25,71,383,709,1967
E02005513,3893,15,84,289,849,971,1685
E02005514,2840,3,11,70,535,706,1515
E02005515,2471,5,11,72,306,530,1547
E02005516,2742,4,18,90,363,613,1654
E02005517,2255,9,48,287,372,1050,489
E02005518,4329,21,152,384,729,1229,1814
E02005519,3087,11,39,235,390,1153,1259
E02005520,3347,2,23,213,517,843,1749
E02005521,3600,3,15,149,546,769,2118
E02005522,2246,0,12,81,360,491,1302
E02005523,3038,7,16,76,374,684,1881
E02005524,2336,1,10,108,376,659,1182
E02005525,4101,0,26,212,569,849,2445
E02005526,2278,2,29,111,418,476,1242
E02005527,3336,2,4,100,344,653,2233
E02005528,3678,4,35,139,569,1081,1850
E02005529,2637,5,36,93,406,840,1257
E02005530,2233,0,12,76,287,683,1175
E02005531,2364,2,16,157,404,604,1181
E02005532,3160,2,12,100,496,1082,1468
E02005533,3521,1,11,125,469,825,2090
E02005534,3362,5,34,242,599,894,1588
E02005535,2998,16,22,143,445,624,1748
E02005536,2492,3,9,84,243,588,1565
E02005537,2609,0,13,115,424,670,1387
E02005538,3959,6,12,135,604,1150,2052
E02005539,3153,4,19,122,410,797,1801
E02005540,4138,2,23,215,879,1299,1720
E02005541,2553,17,55,296,232,619,1334
E02005542,3067,47,142,509,753,670,946
E02005543,3763,82,244,639,892,1011,895
E02005544,2927,12,66,328,574,804,1143
E02005545,2732,0,25,150,523,804,1230
E02005546,3620,8,59,463,1056,947,1087
E02005547,3826,35,75,266,464,1062,1924
E02005548,3056,4,26,283,748,1058,937
E02005549,2323,1,21,123,380,678,1120
E02005550,2962,5,26,214,682,775,1260
E02005551,2661,10,49,269,596,591,1146
E02005552,3330,4,28,113,538,755,1892
E02005553,4228,7,55,238,837,1168,1923
E02005554,3248,1,24,155,612,914,1542
E02005555,2777,1,7,20,220,484,2045
E02005556,3122,4,28,103,543,955,1489
E02005557,2413,8,46,233,674,928,524
E02005558,2846,3,22,93,434,669,1625
E02005559,2847,15,70,228,451,772,1311
E02005560,3379,12,104,370,712,1119,1062
E02005561,4518,71,377,956,1013,1114,987
E02005562,3052,7,29,124,504,709,1679
E02005563,2961,10,31,99,293,628,1900
E02005564,3801,0,14,92,534,958,2203
E02005565,2878,5,16,91,488,695,1583
E02005566,3969,4,38,131,542,921,2333
E02005567,4637,11,116,340,1075,1286,1809
E02005568,3059,4,14,94,485,705,1757
E02005569,3251,4,23,92,539,817,1776
E02005570,3487,7,50,321,649,697,1763
E02005571,2858,2,29,147,522,622,1536
E02005572,3723,10,135,496,1004,791,1287
E02005573,2734,1,49,146,582,685,1271
E02005574,3013,4,18,91,416,752,1732
E02005575,3103,4,9,68,476,751,1795
E02005576,3020,5,30,147,536,733,1569
E02005577,2570,2,14,89,366,512,1587
E02005578,2573,0,40,88,469,699,1277
E02005579,5597,14,55,456,1246,1467,2359
E02005580,3484,6,31,266,729,929,1523
E02005581,3095,3,17,75,472,785,1743
E02005582,2948,9,54,222,545,701,1417
E02005583,3841,1,44,146,556,845,2249
E02005584,4736,41,122,556,1306,1392,1319
E02005585,4673,10,115,520,1029,1504,1495
E02005586,4866,30,122,560,777,1447,1930
E02005587,4219,7,44,293,811,1485,1579
E02005588,4708,5,75,433,1030,1618,1547
E02005589,4784,17,55,475,887,1656,1694
E02005590,5708,51,363,1755,1957,828,754
E02005592,4096,58,150,323,370,890,2305
E02005593,2901,9,74,234,622,790,1172
E02005594,5381,64,303,973,1043,994,2004
E02005595,3933,2,20,161,421,923,2406
E02005596,4358,26,93,480,1005,1420,1334
E02006907,3076,105,448,934,623,353,613
E02006908,2880,17,93,476,896,583,815
E02005597,5457,10,85,345,1012,1494,2511
E02005598,3245,7,56,127,329,518,2208
E02005599,2507,0,23,145,370,579,1390
E02005600,2294,0,6,74,286,445,1483
E02005601,2763,5,71,306,592,648,1141
E02005602,4433,6,27,172,510,948,2770
E02005603,3520,6,18,87,548,827,2034
E02005604,3451,2,43,156,401,784,2065
E02005605,4173,5,18,129,524,941,2556
E02005606,2318,2,19,57,222,529,1489
E02005607,4484,2,24,105,670,996,2687
E02005608,3092,2,17,113,391,711,1858
E02005609,3156,2,32,183,670,816,1453
E02005610,3321,5,27,90,444,783,1972
E02005611,4595,6,88,359,1093,1099,1950
E02006227,2738,6,20,188,390,485,1649
E02006228,2438,7,24,112,367,642,1286
E02006229,2571,5,28,152,440,595,1351
E02006230,4392,9,46,244,658,1058,2377
E02006231,3574,3,67,150,723,820,1811
E02006232,2406,1,7,62,341,547,1448
E02006233,5174,25,195,587,1043,1680,1644
E02006234,3564,1,32,205,663,1137,1526
E02006235,3380,2,18,115,401,626,2218
E02006236,4168,1,12,69,434,888,2764
E02006237,3117,1,31,118,490,714,1763
E02006238,4278,7,47,407,1219,1232,1366
E02006239,2350,2,18,106,554,699,971
E02006240,3337,13,38,135,559,747,1845
E02006241,3755,11,105,364,736,1127,1412
E02006242,3251,4,43,136,614,846,1608
E02006243,4024,35,142,490,1237,885,1235
E02006826,4381,30,129,390,1254,1170,1408
E02006245,3218,3,50,243,264,1189,1469
E02006246,3034,1,26,74,223,832,1878
E02006247,3777,15,93,317,839,1300,1213
E02006248,3296,4,12,181,379,791,1929
E02006249,3403,23,129,348,514,510,1879
E02006250,4363,87,350,772,779,1147,1228
E02006251,4501,127,443,861,864,929,1277
E02006252,3921,12,139,531,558,1144,1537
E02006253,3017,11,68,84,242,659,1953
E02006254,3898,66,202,755,762,1046,1067
E02006255,3573,14,146,574,618,826,1395
E02006256,3920,31,168,620,862,1040,1199
E02006257,2993,11,38,436,281,1185,1042
E02006258,3570,8,50,302,664,916,1630
E02006259,3226,17,83,382,605,1165,974
E02006260,3588,4,43,218,707,1272,1344
E02006261,3234,8,38,157,441,574,2016
E02006262,3605,3,18,120,477,668,2319
E02006263,3090,1,20,152,341,604,1972
E02006264,3325,1,35,113,462,686,2028
E02006265,2980,3,31,175,451,685,1635
E02006266,3848,4,35,196,537,683,2393
E02006267,3371,2,25,103,398,634,2209
E02006268,2736,2,47,240,654,775,1018
E02006269,2811,3,42,167,309,655,1635
E02006270,4787,13,70,291,1071,1304,2038
E02006271,3381,4,51,198,625,901,1602
E02006272,3138,2,38,170,530,786,1612
E02006273,2695,9,12,79,449,645,1501
E02006274,2527,1,16,60,429,585,1436
E02006275,2956,5,29,339,599,1025,959
E02006276,2730,4,28,90,306,541,1761
E02006277,3148,13,55,207,509,715,1649
E02006278,4184,67,241,642,916,911,1407
E02006279,3965,2,28,295,722,1157,1761
E02006280,3776,16,21,98,459,811,2371
E02006281,3916,19,115,492,647,914,1729
E02006282,2722,5,18,105,376,504,1714
E02006283,2543,0,6,52,301,556,1628
E02006284,3176,11,64,255,559,988,1299
E02006285,3011,6,63,190,487,955,1310
E02006286,4453,18,87,359,614,1545,1830
E02006287,2721,4,19,71,327,528,1772
E02006288,3673,5,33,130,502,643,2360
E02006289,3670,2,42,184,581,827,2034
E02006290,3859,12,73,321,612,988,1853
E02006291,3118,7,24,190,495,652,1750
E02006292,2694,0,10,50,308,470,1856
E02006293,4089,6,55,112,685,989,2242
E02006294,3792,21,77,318,670,975,1731
E02006295,3942,6,54,148,733,1092,1909
E02006296,5135,4,65,251,840,1008,2967
E02006297,3193,0,12,89,303,475,2314
E02006298,3764,7,56,169,680,993,1859
E02006299,3770,4,37,144,387,743,2455
E02006300,3477,14,145,545,669,968,1136
E02006301,2661,32,104,398,611,385,1131
E02006302,2895,2,22,121,367,646,1737
E02006303,3191,6,43,457,430,925,1330
E02006304,3306,1,24,191,529,1124,1437
E02006305,4079,22,95,388,515,1312,1747
E02006306,3203,3,20,226,465,1012,1477
E02006307,3172,3,39,72,302,789,1967
E02006308,3496,39,266,639,620,694,1238
E02006309,2989,4,47,352,494,879,1213
E02006310,3290,0,35,114,713,944,1484
E02006311,3828,7,69,272,718,1089,1673
E02006312,3649,3,13,108,461,1014,2050
E02006313,4520,13,37,202,888,1327,2053
E02006314,3190,7,56,181,479,756,1711
E02006315,2828,2,33,149,405,703,1536
E02006316,3247,7,28,201,706,887,1418
E02000166,3537,66,272,829,697,613,1060
E02000167,3629,89,293,708,795,538,1206
E02000168,3535,111,464,766,847,543,804
E02000169,2942,64,176,334,625,706,1037
E02000170,3685,363,382,584,724,595,1037
E02000171,3502,105,329,881,923,512,752
E02000172,4186,202,555,1040,1048,835,506
E02000173,3569,327,426,691,854,611,660
E02000174,3822,157,579,916,911,658,601
E02000175,4277,403,463,1106,1011,643,651
E02000176,3261,264,400,699,926,472,500
E02000177,3865,138,451,983,1060,808,425
E02000178,4280,353,562,1262,1057,586,460
E02000179,2870,273,313,509,752,500,523
E02000180,3394,166,430,905,859,529,505
E02000181,3657,190,286,841,1197,658,485
E02000182,2963,103,291,563,845,554,607
E02000183,3881,224,622,931,803,542,759
E02000184,3655,135,484,833,1160,673,370
E02000185,3938,402,516,1084,1018,564,354
E02000186,3099,241,500,778,724,337,519
E02000187,3290,110,315,946,1075,593,251
E02000188,3170,140,372,807,965,594,292
E02000189,2253,196,390,551,533,351,232
E02000190,3181,370,493,1144,825,241,108
E02000191,2868,296,562,820,703,241,246
E02000192,3375,146,565,1068,943,445,208
E02000193,3850,482,750,1072,816,420,310
E02000001,4385,373,870,1357,1086,366,333
E02000345,2693,124,224,556,555,361,873
E02000346,2563,129,205,521,859,598,251
E02000347,2727,138,227,495,791,442,634
E02000348,2804,61,213,618,899,503,510
E02000350,3605,170,396,912,800,471,856
E02000351,3826,325,358,908,1166,602,467
E02000352,2810,71,232,625,916,468,498
E02000353,3192,156,306,687,574,634,835
E02000354,4056,207,412,1228,983,696,530
E02000355,3240,206,341,480,599,556,1058
E02000356,3144,118,335,811,710,558,612
E02000357,2507,69,149,592,744,693,260
E02000358,4775,159,469,1359,1175,913,700
E02000359,2416,63,123,356,406,783,685
E02000360,4747,140,472,1267,1521,870,477
E02000361,3467,212,481,878,969,561,366
E02000362,2634,62,205,700,746,589,332
E02000363,4402,134,340,999,1607,937,385
E02000364,3899,189,419,918,889,716,768
E02000365,5740,294,778,1470,1301,940,957
E02000366,3690,143,298,931,857,775,686
E02000367,4163,144,482,1134,1266,637,500
E02000368,4028,107,404,1081,1121,862,453
E02000369,5100,189,502,1604,1577,829,399
E02000370,3768,102,515,1203,1060,649,239
E02000371,5672,412,862,1726,1570,857,245
E02006918,3113,120,434,872,706,602,379
E02006921,2909,123,212,688,1009,440,437
E02000372,3674,345,405,670,921,776,557
E02000373,2433,73,189,397,836,645,293
E02000374,2590,48,137,499,642,564,700
E02000375,3230,217,394,1003,719,436,461
E02000376,3152,158,421,1060,726,381,406
E02000377,3613,234,390,1032,841,510,606
E02000378,3271,183,473,1103,839,319,354
E02000379,3190,136,328,812,673,423,818
E02000380,2559,78,223,605,653,455,545
E02000381,3583,240,409,900,849,436,749
E02000382,2823,134,321,660,702,359,647
E02000383,4456,347,403,1198,1201,728,579
E02000384,3256,120,338,935,856,560,447
E02000385,3094,214,270,997,802,445,366
E02000386,3585,202,361,972,1001,621,428
E02000387,2841,208,352,632,610,600,439
E02000388,3805,113,361,1242,901,534,654
E02000389,3452,104,134,605,873,678,1058
E02000390,2823,66,188,644,659,615,651
E02000391,3419,94,243,746,706,531,1099
E02000392,4122,127,334,875,1080,644,1062
E02000393,2650,24,97,532,833,451,713
E02000394,3551,66,247,934,1394,492,418
E02000395,2719,45,160,463,698,457,896
E02000396,2699,75,158,465,681,453,867
E02000397,3376,209,370,855,903,511,528
E02000398,2713,128,251,583,811,525,415
E02000400,3061,67,191,595,746,560,902
E02000401,2351,20,107,268,662,840,454
E02000402,2469,41,146,488,660,729,405
E02000403,2915,212,283,561,717,505,637
E02000404,2640,55,174,479,637,697,598
E02000405,2550,38,88,275,556,349,1244
E02000406,2665,55,131,419,771,758,531
E02000407,2905,156,273,772,771,406,527
E02000408,2689,70,188,561,803,659,408
E02000409,2505,120,161,595,685,454,490
E02000410,2839,81,193,593,744,253,975
E02000411,2695,76,146,579,753,686,455
E02000412,2873,218,319,761,599,467,509
E02000413,2945,138,169,352,589,443,1254
E02000414,2562,80,117,445,561,610,749
E02000415,2697,145,204,570,536,493,749
E02000416,3463,160,518,894,822,571,498
E02000417,2852,169,216,452,672,380,963
E02000418,2235,28,91,283,444,296,1093
E02000419,3323,286,334,702,748,416,837
E02000420,3050,178,310,726,755,649,432
E02000421,2875,109,267,880,731,496,392
E02000422,2926,153,227,563,726,731,526
E02000423,2516,107,168,459,530,525,727
E02000424,3088,71,250,780,852,393,742
E02000425,2116,83,143,322,310,485,773
E02000426,2882,69,186,429,789,390,1019
E02000427,2829,249,283,577,647,347,726
E02000428,2758,109,196,671,744,577,461
E02000429,3207,131,246,716,953,349,812
E02000430,3462,123,340,994,925,375,705
E02000431,3133,172,354,622,851,385,749
E02000432,2879,124,297,731,889,306,532
E02006794,2911,163,293,754,788,571,342
E02000554,4226,142,389,1245,1181,746,523
E02000555,3986,125,268,930,885,881,897
E02000556,4561,192,528,1330,1170,676,665
E02000557,3929,127,444,1219,1016,655,468
E02000558,3780,182,344,1268,896,760,330
E02000559,3882,95,551,1063,712,556,905
E02000560,3177,151,476,876,733,406,535
E02000561,3413,216,265,861,716,436,919
E02000562,3594,84,365,1069,947,538,591
E02000563,3652,122,383,1039,1141,579,388
E02000564,5004,210,855,1538,1328,605,468
E02000565,3610,105,383,962,1089,686,385
E02000566,3662,85,409,856,871,581,860
E02000567,4937,112,585,1364,1506,769,601
E02000568,4063,195,540,1136,1095,628,469
E02000569,4745,63,337,1264,1596,832,653
E02000570,4119,122,578,1011,938,558,912
E02000571,3777,81,371,999,1195,649,482
E02000572,3490,95,324,929,1046,730,366
E02000573,4204,114,535,993,1072,574,916
E02000574,3840,121,607,1019,1257,476,360
E02000575,5583,433,879,1724,1421,767,359
E02000576,4322,148,505,1333,1522,634,180
E02000577,3163,268,398,838,834,603,222
E02000578,2454,83,183,696,763,471,258
E02000579,4013,221,521,997,1032,599,643
E02000580,4517,299,645,1551,1101,546,375
E02000581,3311,191,404,816,852,729,319
E02000582,3946,463,525,931,948,420,659
E02000583,3496,118,444,865,734,406,929
E02000584,3922,171,432,725,915,557,1122
E02000585,3919,225,379,780,1125,498,912
E02000586,3729,267,270,643,1016,573,960
E02000587,3536,275,286,583,795,468,1129
E02000588,4458,215,397,993,1155,639,1059
E02000589,4422,540,590,1081,1254,480,477
E02000590,3890,334,632,867,978,495,584
E02000591,3589,457,602,855,1053,353,269
E02000592,3583,357,338,701,953,530,704
E02000593,4067,273,615,1052,1165,472,490
E02000594,3710,117,384,872,847,503,987
E02000595,3747,179,434,855,833,406,1040
E02000596,3605,113,333,827,976,567,789
E02000597,3459,83,369,901,1099,527,480
E02000619,3743,134,361,956,1067,750,475
E02000620,4398,76,574,1141,1325,803,479
E02000621,5083,281,641,1520,1400,673,568
E02000622,3482,116,336,832,944,718,536
E02000623,3409,130,252,652,1269,691,415
E02000624,3500,113,268,840,1198,675,406
E02000625,3383,147,292,623,1235,678,408
E02000626,3443,203,308,734,1077,691,430
E02000627,4042,144,326,1045,1202,673,652
E02000628,3972,186,362,937,1065,893,529
E02000629,3973,70,393,989,1099,736,686
E02000630,3336,68,316,842,905,537,668
E02000631,3723,90,266,736,896,697,1038
E02000632,4148,72,274,1042,1204,745,811
E02000633,3872,119,349,1082,1142,576,604
E02000634,3021,96,260,774,981,542,368
E02000635,4066,136,357,1084,1039,674,776
E02000636,3076,40,177,499,748,442,1170
E02000637,3935,167,341,1061,969,497,900
E02000638,4104,100,325,931,1310,848,590
E02000639,3398,101,301,782,1172,665,377
E02000640,3785,29,97,587,1113,896,1063
E02000641,3442,70,314,693,1044,787,534
E02000642,4162,108,281,861,944,824,1144
E02000643,3589,138,279,771,990,544,867
E02000644,3565,67,293,704,899,642,960
E02000645,3870,94,272,868,1042,619,975
E02000646,3842,164,291,736,1032,557,1062
E02000647,3444,73,185,576,797,686,1127
E02000648,3232,67,240,672,908,877,468
E02000649,4887,329,518,1110,1394,774,762
E02000650,3233,50,222,687,834,864,576
E02000651,3492,162,273,638,800,471,1148
E02000652,2527,37,65,162,335,802,1126
E02006801,3840,66,370,1284,1166,616,338
E02000653,3547,109,347,964,1085,621,421
E02000654,3336,113,331,926,999,636,331
E02000655,3366,139,366,1068,798,612,383
E02000657,3776,118,428,992,917,649,672
E02000658,3538,145,300,789,914,571,819
E02000659,3284,36,189,607,1151,555,746
E02000660,3659,159,490,952,987,478,593
E02000661,3139,60,301,607,905,584,682
E02000662,3317,42,274,689,1009,688,615
E02000663,2903,40,138,568,687,532,938
E02000664,4452,136,526,1278,1186,731,595
E02000665,3504,79,264,726,812,710,913
E02000666,2859,29,144,533,667,580,906
E02000667,2595,29,76,304,412,757,1017
E02000668,2816,12,105,358,703,543,1095
E02000669,3270,69,335,728,997,534,607
E02000670,2748,52,173,581,907,414,621
E02000671,3668,69,192,617,977,728,1085
E02000672,3509,90,364,820,843,569,823
E02000673,3490,73,217,719,836,621,1024
E02000674,3020,37,100,315,479,599,1490
E02000675,3419,34,130,399,845,757,1254
E02000676,3252,47,190,547,931,580,957
E02000677,2692,70,167,379,424,366,1286
E02000678,2432,31,81,387,625,807,501
E02000679,3455,89,298,607,872,685,904
E02000680,3016,104,235,540,970,616,551
E02000681,3268,37,114,588,674,1023,832
E02000682,3095,25,99,315,714,1030,912
E02000683,2763,37,107,491,818,753,557
E02000685,3357,52,244,612,1055,730,664
E02000686,2839,36,126,556,1066,742,313
E02000687,3436,56,190,688,974,703,825
E02006783,2893,10,73,268,1237,953,352
E02006784,3168,39,129,606,864,853,677
E02006798,3210,150,400,783,924,651,302
E02000714,2733,55,216,475,646,655,686
E02000715,2234,37,129,474,455,532,607
E02000716,2320,57,141,457,561,425,679
E02000717,2400,53,141,509,576,489,632
E02000718,2210,39,102,447,678,537,407
E02000719,2937,102,287,650,709,634,555
E02000720,2220,43,116,377,398,431,855
E02000721,2737,108,200,579,501,465,884
E02000722,2943,66,229,735,786,598,529
E02000723,2737,39,129,415,330,643,1181
E02000724,2434,37,107,374,360,652,904
E02000725,3671,115,515,954,1159,618,310
E02000726,3666,96,525,1193,891,591,370
E02000727,2251,54,153,439,432,534,639
E02000728,2237,47,86,343,362,637,762
E02000729,2207,51,107,436,403,523,687
E02000730,2443,66,154,457,399,474,893
E02000731,2825,60,168,555,478,773,791
E02000732,2326,52,150,528,604,500,492
E02000733,3465,82,179,790,1038,912,464
E02000734,2672,58,213,647,648,657,449
E02000735,2355,43,129,518,510,630,525
E02000736,2574,23,109,404,563,881,594
E02000737,3068,30,147,475,785,947,684
E02000738,2563,34,90,333,486,935,685
E02000739,2286,57,152,492,486,635,464
E02000740,2556,67,197,541,778,686,287
E02000741,2767,45,142,408,934,807,431
E02000742,2498,24,115,316,650,882,511
E02000743,2893,122,218,617,757,826,353
E02000744,2942,57,222,521,967,798,377
E02000745,2782,36,167,573,686,749,571
E02000746,2574,67,233,684,590,506,494
E02000747,4371,102,769,1200,934,991,375
E02000748,2230,57,159,429,693,529,363
E02000749,3022,51,173,618,829,957,394
E02000750,4370,69,336,1140,1678,762,385
E02000807,3705,34,241,873,1351,655,551
E02000808,4167,139,650,1490,1145,513,230
E02000809,5936,112,790,2099,2108,606,221
E02000810,4137,99,516,1221,1228,762,311
E02000812,4385,140,527,1310,1387,717,304
E02000813,3746,105,399,915,1245,790,292
E02000814,3876,75,326,1098,1205,734,438
E02000815,2516,81,312,684,866,369,204
E02000816,3959,121,340,1102,1206,796,394
E02000817,2809,73,175,859,882,536,284
E02000818,3217,99,333,911,866,623,385
E02000819,3415,162,302,1103,880,619,349
E02000820,3873,119,460,1262,1044,611,377
E02000821,3097,121,194,772,787,690,533
E02000822,3294,123,283,897,1082,591,318
E02000823,3155,89,230,623,1086,676,451
E02000824,3553,121,297,756,1084,856,439
E02000825,3545,129,410,981,995,671,359
E02000826,3539,103,353,941,924,750,468
E02000827,4304,182,513,1174,1316,701,418
E02000828,3180,192,243,733,756,753,503
E02000829,4334,180,357,1458,898,763,678
E02000830,3783,95,262,991,918,556,961
E02000831,3918,65,328,965,897,806,857
E02000832,4106,112,278,1061,1086,949,620
E02000833,2973,51,165,539,1017,710,491
E02000834,4198,170,320,972,926,717,1093
E02000835,2930,27,162,518,796,537,890
E02000836,3362,24,117,648,677,772,1124
E02000837,3300,49,86,257,450,468,1990
E02000838,3862,47,152,749,1151,684,1079
E02000839,3381,33,152,498,890,737,1071
E02006802,2867,101,351,707,859,456,393
E02000864,3468,51,240,1003,1073,715,386
E02000865,2763,52,252,668,867,596,328
E02000866,3829,49,280,755,870,1011,864
E02000867,4307,143,663,1390,1157,542,412
E02000868,2618,58,273,758,777,523,229
E02000869,2485,61,224,660,807,468,265
E02000870,2560,37,186,633,804,683,217
E02000871,3107,67,316,886,945,587,306
E02000872,3088,82,453,818,977,511,247
E02000873,2792,87,235,694,985,471,320
E02000874,2494,182,183,583,781,552,213
E02000875,3437,106,348,905,1111,631,336
E02000876,2750,106,400,828,703,458,255
E02000877,3252,48,237,705,1023,823,416
E02000878,3900,144,569,1194,972,529,492
E02000879,2855,71,267,691,822,652,352
E02000880,2090,63,205,547,745,302,228
E02000881,2379,55,191,502,693,586,352
E02000882,2884,45,265,727,908,491,448
E02000883,2880,59,174,655,953,745,294
E02000884,3707,186,536,1223,1008,419,335
E02000885,2509,60,271,686,731,497,264
E02000886,3185,47,333,960,1062,476,307
E02000887,3165,68,280,773,1030,725,289
E02000888,3306,49,479,1000,1050,463,265
E02000889,2879,84,313,754,965,492,271
E02000890,3093,87,370,959,1072,396,209
E02000891,5742,233,773,1650,1998,680,408
E02000893,2912,38,192,712,1068,569,333
E02000894,4510,59,431,1293,1493,735,499
E02006853,3320,195,663,1145,670,415,232
E02006854,2991,89,701,851,906,281,163
E02000923,3632,65,254,853,1099,698,663
E02000924,5295,200,789,1547,1395,938,426
E02000925,3412,62,261,831,1127,679,452
E02000926,4283,53,413,1260,1181,862,514
E02000927,3228,38,144,763,1101,769,413
E02000928,3635,26,140,623,848,663,1335
E02000929,3201,90,339,871,1164,476,261
E02000930,4382,83,308,928,1412,800,851
E02000931,3532,50,141,637,762,492,1450
E02000932,4777,78,411,1212,1306,707,1063
E02000933,3872,59,302,773,938,608,1192
E02000934,4325,95,342,1167,1255,733,733
E02000935,2468,46,109,618,845,529,321
E02000936,4057,150,366,719,1520,672,630
E02000937,3130,21,154,551,680,439,1285
E02000938,4032,45,219,675,1299,982,812
E02000939,2915,43,117,368,452,312,1623
E02000940,3494,45,349,897,1216,683,304
E02000941,4125,35,185,853,981,682,1389
E02000942,3794,32,180,539,736,534,1773
E02000943,3708,85,274,918,850,566,1015
E02000944,2856,39,278,563,934,704,338
E02000945,2764,37,186,555,708,732,546
E02000946,3172,36,186,567,876,694,813
E02000947,3820,17,120,732,1110,759,1082
E02000948,4493,52,303,1026,1418,706,988
E02000949,4072,122,361,696,809,578,1506
E02000950,3233,33,143,570,1096,745,646
E02000951,2946,138,292,648,707,351,810
E02000952,2644,129,242,568,602,349,754
E02000953,3113,213,241,554,784,703,618
E02000954,2299,22,69,253,505,497,953
E02000955,2527,35,145,279,857,496,715
E02000956,3066,48,187,709,975,702,445
E02000957,4238,57,263,873,1379,821,845
E02000958,2973,37,129,401,504,614,1288
E02000959,2980,57,183,700,798,643,599
E02000960,3055,69,257,557,881,529,762
E02000961,4064,119,396,835,1294,571,849
E02000962,4424,237,695,1268,1097,583,544
E02000963,4141,124,285,1125,1295,902,410
E02000964,5638,228,538,1947,1699,802,424
E02000965,3981,141,357,914,1326,881,362
E02000966,4714,179,556,1126,1220,852,781
E02000967,3653,157,393,805,1090,657,551
E02000968,5713,294,736,1560,1563,1095,465
E02000969,3719,201,456,929,1217,685,231
E02000970,4874,167,564,1148,1411,716,868
E02000971,4354,390,653,992,1048,575,696
E02000972,4503,319,962,1481,1029,425,287
E02000973,5312,296,973,1725,1108,559,651
E02000974,4380,359,705,1098,1059,483,676
E02000975,4621,613,845,1144,1105,568,346
E02000976,5041,537,812,1245,1324,595,528
E02000977,3895,183,585,1257,979,415,476
E02000978,3882,72,165,537,831,704,1573
E02000979,3892,121,436,1099,1092,563,581
E02000980,4498,206,683,1354,1439,556,260
E02000981,4853,250,684,1548,1188,587,596
E02000982,4143,141,643,1195,1183,548,433
E02000983,4422,258,709,1200,1281,705,269
E02000002,2713,23,66,368,872,816,568
E02000003,3834,28,127,487,802,1120,1270
E02000004,2318,4,25,141,463,784,901
E02000005,3183,13,70,318,881,1265,636
E02000007,3441,21,141,580,1004,1141,554
E02000008,4591,25,137,626,1675,1522,606
E02000009,3212,31,125,430,1094,1020,512
E02000010,3292,14,116,428,1105,1164,465
E02000011,2289,12,48,255,491,779,704
E02000012,3258,7,79,348,521,778,1525
E02000013,3125,4,57,369,1119,1100,476
E02000014,3531,14,121,359,1181,1332,524
E02000015,3170,39,118,921,775,780,537
E02000016,2934,122,600,785,640,478,309
E02000017,2729,37,123,479,383,683,1024
E02000018,3326,13,90,567,1170,1015,471
E02000019,3010,8,70,296,1152,1020,464
E02000020,3460,29,156,541,898,1052,784
E02000021,2949,21,134,387,625,1099,683
E02000022,3261,100,298,1017,933,696,217
E02000023,2431,50,173,535,634,666,373
E02006799,3624,14,119,368,1176,1288,659
E02000024,4110,53,174,476,708,672,2027
E02000025,3622,69,225,575,1136,501,1116
E02000026,2496,21,53,206,463,545,1208
E02000027,3705,21,125,495,875,1072,1117
E02000028,2473,19,73,257,660,361,1103
E02000029,3513,62,172,485,875,724,1195
E02000030,3410,7,66,168,511,585,2073
E02000031,2817,26,73,237,627,417,1437
E02000032,2742,7,33,113,137,739,1713
E02000033,3317,29,96,373,758,891,1170
E02000034,3403,30,110,530,917,442,1374
E02000035,3381,134,215,485,1029,469,1049
E02000036,3942,54,131,411,926,900,1520
E02000037,3397,22,105,289,613,539,1829
E02000038,4049,66,169,559,1048,644,1563
E02000039,2485,24,83,205,492,329,1352
E02000040,2649,22,103,296,689,513,1026
E02000041,3120,45,114,309,647,738,1267
E02000042,4421,173,284,909,1147,680,1228
E02000043,2693,27,47,143,370,514,1592
E02000044,2862,26,100,310,822,876,728
E02000045,4168,80,222,723,1261,891,991
E02000046,2860,131,184,429,826,331,959
E02000047,4036,79,268,778,1192,1087,632
E02000048,3784,34,142,408,896,747,1557
E02000049,3028,66,234,666,1006,662,394
E02000050,3853,74,236,625,888,680,1350
E02000051,3537,111,165,364,1161,428,1308
E02000052,4163,64,247,725,1143,854,1130
E02000053,3244,195,450,680,682,540,697
E02000054,2774,76,218,523,656,363,938
E02000055,4179,209,287,607,1177,602,1297
E02000056,3390,10,70,224,728,381,1977
E02000057,2460,74,79,255,526,478,1048
E02000058,3961,106,206,373,805,744,1727
E02000059,3990,198,352,806,1124,626,884
E02000060,3400,161,198,437,481,436,1687
E02000061,3172,189,295,385,629,323,1351
E02000062,2357,118,149,357,644,573,516
E02000063,2503,66,120,371,431,586,929
E02000064,2450,69,173,416,764,476,552
E02000065,2728,36,130,443,688,704,727
E02000066,3795,71,127,893,794,994,916
E02000067,3580,21,149,547,988,1011,864
E02000068,3041,41,170,539,1005,712,574
E02000069,2495,26,64,284,591,563,967
E02000070,3177,6,42,186,600,994,1349
E02000071,2782,6,28,127,413,1026,1182
E02000072,4722,60,233,820,1323,1379,907
E02000073,3968,3,22,112,375,1103,2353
E02000074,3185,14,96,557,790,834,894
E02000075,3172,2,27,75,492,936,1640
E02000077,2870,2,33,211,256,915,1453
E02000078,3036,2,31,129,623,744,1507
E02000079,3267,13,30,299,720,707,1498
E02000080,3702,14,95,200,588,1033,1772
E02000081,3106,6,43,276,488,839,1454
E02000082,3356,6,25,82,359,1129,1755
E02000083,3985,13,84,370,713,1318,1487
E02000084,4209,2,62,160,674,961,2350
E02000085,3084,3,36,158,800,824,1263
E02000086,2789,12,24,132,420,774,1427
E02000087,3142,8,56,123,541,571,1843
E02000088,2984,3,14,88,442,784,1653
E02000089,2899,0,17,70,301,739,1772
E02000090,3962,14,124,612,1183,686,1343
E02000091,4279,39,226,576,905,755,1778
E02000092,2722,11,89,327,725,718,852
E02006785,2567,7,23,284,421,819,1013
E02000093,3408,26,120,335,567,955,1405
E02000094,2738,19,92,322,576,664,1065
E02000095,3117,37,115,383,564,782,1236
E02000096,2518,26,78,244,296,311,1563
E02000097,2926,20,67,340,515,833,1151
E02000098,2652,26,117,338,471,504,1196
E02000099,2782,31,173,395,578,583,1022
E02000100,2696,227,168,147,222,423,1509
E02000101,3312,64,181,745,975,499,848
E02000102,2496,58,164,426,467,653,728
E02000103,2994,21,152,455,847,527,992
E02000104,2213,27,87,330,411,403,955
E02000105,2997,81,186,532,788,511,899
E02000106,3449,109,231,604,852,672,981
E02000107,4107,340,394,726,1123,544,980
E02000108,2147,46,106,350,448,454,743
E02000109,3264,98,310,640,555,691,970
E02000110,2969,123,186,490,582,488,1100
E02000111,2914,69,216,464,781,539,845
E02000112,2892,89,197,445,540,612,1009
E02000113,3306,113,233,591,936,826,607
E02000114,3528,222,371,775,966,484,710
E02000115,3911,293,532,933,1177,484,492
E02000116,3072,155,319,740,977,417,464
E02000117,4557,255,399,1024,1319,826,734
E02000118,2849,64,167,542,548,714,814
E02000119,2597,56,186,638,666,597,454
E02000120,4277,301,495,1251,1072,508,650
E02000121,2623,41,198,445,581,533,825
E02000122,3047,66,163,446,735,358,1279
E02000123,5884,513,577,1406,1605,874,909
E02000124,4334,199,322,933,1214,579,1087
E02000125,4329,177,253,670,1157,767,1305
E02000126,3381,217,416,990,1047,487,224
E02000127,3675,7,85,519,1099,1145,820
E02000128,3006,3,35,206,623,789,1350
E02000130,3464,30,137,607,680,796,1214
E02000131,4589,88,457,1438,1439,715,452
E02000132,4668,77,268,1223,1688,583,829
E02000133,3961,7,63,216,522,554,2599
E02000134,5106,84,285,1046,1524,865,1302
E02000135,4402,122,380,1223,1321,922,434
E02000136,2207,9,61,187,508,419,1023
E02000137,3637,16,85,731,894,474,1437
E02000138,4057,31,124,732,1219,584,1367
E02000139,3202,39,105,465,680,632,1281
E02000140,3301,16,101,552,869,994,769
E02000141,3055,31,104,551,655,647,1067
E02000142,3283,20,93,315,537,561,1757
E02000144,3831,58,152,437,915,645,1624
E02000145,3376,22,113,424,959,1060,798
E02000146,3508,32,140,321,671,951,1393
E02000147,3183,5,51,310,426,246,2145
E02000148,2633,7,42,114,285,440,1745
E02000149,3249,26,59,263,830,957,1114
E02000150,3109,6,20,225,215,602,2041
E02000151,2994,0,8,33,358,554,2041
E02000152,2623,3,48,202,448,836,1086
E02000153,2860,0,19,41,139,535,2126
E02000154,3293,40,78,282,511,667,1715
E02000155,3057,3,31,230,573,948,1272
E02000156,4756,35,127,308,444,584,3258
E02000157,3300,1,47,57,458,736,2001
E02000158,2952,6,21,173,395,770,1587
E02000159,2749,4,12,50,338,524,1821
E02000160,2968,17,60,133,419,487,1852
E02000161,3369,0,12,127,399,832,1999
E02000162,2889,23,91,253,500,669,1353
E02000163,3072,4,34,105,321,580,2028
E02000165,2691,1,19,113,323,862,1373
E02006782,3091,10,52,243,588,757,1441
E02006787,3034,7,62,269,390,570,1736
E02006789,2662,3,18,186,396,522,1537
E02000194,4099,116,314,1037,1277,581,774
E02000195,3446,16,105,311,582,631,1801
E02000196,2553,34,131,288,289,387,1424
E02000197,3403,36,142,469,672,717,1367
E02000198,3338,55,193,555,972,775,788
E02000199,3172,47,99,349,546,852,1279
E02000200,3811,104,371,865,1013,479,979
E02000201,3814,158,386,984,993,616,677
E02000202,2981,41,107,280,426,764,1363
E02000203,3062,102,261,655,629,633,782
E02000204,3146,29,121,396,421,619,1560
E02000206,4009,118,274,905,1129,849,734
E02000207,3592,73,196,567,923,853,980
E02000208,3821,147,435,835,960,703,741
E02000209,2919,16,91,369,626,960,857
E02000210,3371,33,111,344,701,1035,1147
E02000211,3279,6,67,192,453,926,1635
E02000212,2977,37,162,417,781,936,644
E02000213,4160,200,446,1225,1255,465,569
E02000214,2321,14,40,142,228,308,1589
E02000215,4991,178,465,1439,1144,742,1023
E02000216,3028,30,137,568,825,383,1085
E02000217,4273,87,370,931,1107,849,929
E02000218,2369,10,43,123,547,541,1105
E02000219,2999,2,19,114,380,377,2107
E02000220,4847,195,689,1507,1481,457,518
E02000221,3866,40,161,492,1113,1011,1049
E02000222,3539,68,243,560,920,549,1199
E02000223,2875,20,60,320,745,1131,599
E02000224,3309,76,218,535,806,480,1194
E02000225,2708,4,27,139,581,1054,903
E02000226,2796,1,19,46,132,541,2057
E02000227,4851,17,74,728,991,1318,1723
E02000228,2924,5,27,124,296,289,2183
E02000229,2413,13,76,315,668,835,506
E02000230,4004,23,200,490,711,503,2077
E02000231,2543,7,34,71,143,181,2107
E02000232,2324,2,16,47,233,586,1440
E02000233,2391,12,46,137,433,652,1111
E02000234,3161,22,90,303,530,595,1621
E02000235,2694,7,35,105,451,477,1619
E02000236,2838,2,10,53,214,628,1931
E02000237,3090,2,26,209,449,761,1643
E02006788,2903,12,49,274,661,1036,871
E02000238,3179,24,98,449,636,920,1052
E02000239,2924,29,89,221,266,927,1392
E02000240,3770,47,177,526,1315,1001,704
E02000241,2366,13,95,249,581,710,718
E02000242,2151,40,91,262,298,706,754
E02000243,3068,37,132,496,669,830,904
E02000244,2658,31,114,381,488,774,870
E02000245,3210,81,218,818,1062,560,471
E02000246,3071,42,114,469,793,813,840
E02000247,3755,56,224,706,1109,952,708
E02000248,2902,66,209,447,815,507,858
E02000249,2739,31,165,341,619,722,861
E02000250,2541,18,71,285,443,424,1300
E02000251,2442,11,58,196,357,840,980
E02000252,3717,188,509,687,826,586,921
E02000253,3744,46,167,697,1223,985,626
E02000254,2487,29,69,185,418,853,933
E02000255,3622,103,227,514,884,508,1386
E02000256,3782,145,409,715,1010,330,1173
E02000257,5873,242,532,1210,1613,760,1516
E02000258,2544,89,162,407,528,477,881
E02000259,2283,36,50,277,459,439,1022
E02000260,2468,39,124,299,486,585,935
E02000261,4110,169,447,817,939,746,992
E02000262,3771,199,376,980,954,480,782
E02000263,3155,60,116,424,443,884,1228
E02000264,3205,202,226,530,629,341,1277
E02000265,4747,174,401,1389,997,584,1202
E02000266,3711,100,207,610,994,993,807
E02000267,2847,55,156,533,598,661,844
E02000268,3824,77,220,653,852,722,1300
E02000269,3245,50,151,479,586,592,1387
E02000270,3331,120,296,936,1113,472,394
E02000271,2871,80,114,355,541,499,1282
E02000272,2579,20,55,249,415,528,1312
E02000274,3557,84,189,457,578,1085,1164
E02000275,2131,76,153,329,392,388,793
E02000276,2634,36,103,479,596,489,931
E02006791,3068,83,221,706,788,551,719
E02000277,2651,17,80,281,544,890,839
E02000278,3278,29,113,438,786,1158,754
E02000279,4356,51,208,818,1126,1240,913
E02000280,3466,32,82,329,861,925,1237
E02000281,3531,40,202,538,1048,891,812
E02000282,3491,73,209,596,1005,1063,545
E02000283,2843,10,37,210,546,1207,833
E02000284,3497,22,165,415,921,843,1131
E02000285,2466,14,35,96,179,746,1396
E02000286,3863,65,232,761,1161,545,1099
E02000287,2540,20,96,215,419,318,1472
E02000288,3784,73,205,626,772,1209,899
E02000289,2421,1,14,68,235,503,1600
E02000290,2853,62,177,783,737,707,387
E02000291,3998,75,289,917,1186,665,866
E02000292,3578,19,68,297,646,1268,1280
E02000293,2470,5,31,209,377,317,1531
E02000294,3009,29,60,261,650,1061,948
E02000295,3347,19,91,398,1053,528,1258
E02000296,3941,35,145,607,1456,728,970
E02000297,3482,15,75,259,369,716,2048
E02000298,3075,30,93,281,451,388,1832
E02000299,3438,72,201,580,773,1141,671
E02000300,2998,95,156,527,480,929,811
E02000301,3923,115,219,841,1074,1030,644
E02000302,3123,28,131,339,400,914,1311
E02000303,3120,142,249,500,660,896,673
E02000304,2964,23,58,211,430,358,1884
E02000305,3481,77,223,652,840,385,1304
E02000306,3594,87,257,954,1194,762,340
E02000307,3368,35,84,263,691,1227,1068
E02000308,2908,57,102,359,579,755,1056
E02000309,3785,103,258,555,1086,1121,662
E02000311,3656,63,188,557,690,879,1279
E02000312,4262,242,359,759,892,613,1397
E02006793,3356,138,201,783,986,774,474
E02000313,2575,98,129,721,534,784,309
E02000314,4382,49,271,776,1610,905,771
E02000315,3440,40,180,539,841,1131,709
E02000316,4944,114,684,1708,1385,574,479
E02000317,3200,87,235,665,938,703,572
E02000318,3283,53,181,489,805,1040,715
E02000319,3866,55,244,666,1229,905,767
E02000320,2524,26,78,324,660,716,720
E02000321,2877,52,166,775,835,662,387
E02000323,4001,137,337,900,1045,843,739
E02000324,2807,28,157,519,631,736,736
E02000326,2932,16,79,443,731,893,770
E02000327,2357,50,152,463,647,497,548
E02000328,3070,56,296,694,711,426,887
E02000329,2364,11,46,201,489,826,791
E02000331,3236,46,218,542,799,875,756
E02000332,2958,30,88,330,524,815,1171
E02000333,3005,35,180,673,798,461,858
E02000334,2585,14,67,299,573,819,813
E02000335,2637,7,29,179,348,848,1226
E02000337,2998,7,35,246,608,1204,898
E02000339,2502,22,71,311,403,393,1302
E02000340,2799,29,106,346,718,545,1055
E02000341,3024,13,68,296,881,1124,642
E02000342,2268,17,94,287,603,611,656
E02000343,2699,22,77,335,413,576,1276
E02000344,2476,21,55,196,323,497,1384
E02006786,2599,28,99,261,712,750,749
E02006927,3338,9,67,393,712,1027,1130
E02006928,2977,63,334,896,1009,446,229
E02006929,3333,35,336,991,912,615,444
E02006930,2876,59,190,498,586,718,825
E02006931,4113,58,337,894,1045,823,956
E02000433,3309,52,170,348,1019,472,1248
E02000434,3138,58,129,316,557,588,1490
E02000435,2728,16,78,271,551,673,1139
E02000436,2080,6,36,64,166,257,1551
E02000437,3082,25,117,281,565,723,1371
E02000438,2990,20,93,353,815,557,1152
E02000439,2711,38,95,321,455,845,957
E02000440,3087,5,34,120,318,819,1791
E02000441,2765,22,73,410,672,561,1027
E02000442,2532,10,49,208,367,977,921
E02000443,3203,72,134,543,496,869,1089
E02000444,2682,18,66,241,471,754,1132
E02000445,3616,59,183,603,847,765,1159
E02000447,2453,16,47,247,351,402,1390
E02000448,2730,14,91,237,563,319,1506
E02000449,2531,30,57,278,473,803,890
E02000451,2341,4,25,161,257,414,1480
E02000452,3039,89,278,595,760,433,884
E02000453,2800,56,125,429,564,406,1220
E02000454,2550,4,8,86,359,375,1718
E02000455,3306,60,254,772,969,396,855
E02000456,2512,39,105,317,370,509,1172
E02000457,2200,24,33,165,281,465,1232
E02000459,3159,122,235,638,756,618,790
E02000460,2189,16,88,319,519,573,674
E02000461,2556,37,118,358,823,426,794
E02000462,2210,17,93,292,336,592,880
E02000463,2788,12,78,339,527,937,895
E02006795,2639,27,53,197,311,753,1298
E02006882,4342,24,87,282,418,1094,2437
E02000464,2597,3,71,338,683,860,642
E02000465,3256,20,80,526,717,1278,635
E02000466,3235,2,27,173,823,1033,1177
E02000467,4087,26,139,1061,935,1344,582
E02000468,3099,3,30,198,424,1359,1085
E02000469,2664,11,53,301,773,937,589
E02000470,3487,32,105,340,604,1071,1335
E02000471,2961,1,7,36,278,925,1714
E02000472,3544,8,48,190,598,1115,1585
E02000473,3841,11,63,266,495,1163,1843
E02000474,3514,21,92,460,714,1078,1149
E02000475,3933,17,82,405,872,510,2047
E02000476,4023,81,447,1071,971,596,857
E02000477,3725,3,34,160,431,994,2103
E02000478,2156,6,39,77,170,270,1594
E02000479,3529,26,115,530,845,892,1121
E02000480,3872,60,114,392,825,1189,1292
E02000481,3254,0,32,113,577,1103,1429
E02000482,2546,1,9,84,236,494,1722
E02000483,3423,7,85,458,889,717,1267
E02000484,3180,7,34,217,413,946,1563
E02000485,3375,3,17,178,845,993,1339
E02000486,3039,1,38,245,484,1009,1262
E02000487,2970,0,7,30,163,476,2294
E02000488,2967,3,25,133,379,1095,1332
E02000489,3155,3,36,242,459,1137,1278
E02000490,3169,4,24,214,462,1444,1021
E02000491,3603,16,69,429,772,1240,1077
E02000492,2524,3,28,71,346,995,1081
E02000493,2471,12,63,260,491,996,649
E02000494,3115,15,91,386,611,414,1598
E02000495,4141,27,157,669,1153,757,1378
E02000496,3008,11,73,399,731,687,1107
E02000497,3440,13,72,298,856,764,1437
E02000498,2561,23,114,346,521,520,1037
E02000499,3001,5,24,192,437,596,1747
E02000500,3093,21,89,234,512,484,1753
E02000501,3163,3,39,154,675,880,1412
E02000502,3097,9,72,256,904,815,1041
E02000503,3235,6,46,160,741,981,1301
E02000504,2891,10,25,144,360,586,1766
E02000506,2725,4,18,197,240,367,1899
E02000507,2756,5,27,133,386,989,1216
E02000508,3075,55,257,630,653,570,910
E02000509,3112,53,256,607,737,640,819
E02000510,3196,76,104,268,511,887,1350
E02000511,3211,27,90,263,575,1154,1102
E02000512,2968,39,129,412,814,786,788
E02000513,3234,58,190,482,1301,680,523
E02000514,3044,40,106,279,668,951,1000
E02000515,4303,153,352,974,1130,765,929
E02000516,2764,31,103,380,772,712,766
E02000517,2917,30,124,390,711,924,738
E02000518,3099,9,65,380,739,980,926
E02000519,2890,42,126,478,687,615,942
E02000520,3645,59,193,618,677,964,1134
E02000521,3397,64,163,502,618,1207,843
E02000522,3269,28,118,419,874,875,955
E02000523,2939,33,151,308,551,988,908
E02000524,2462,68,189,348,486,656,715
E02000525,3142,89,227,463,1028,763,572
E02006796,3321,44,99,407,846,858,1067
E02000526,3536,99,173,591,706,571,1396
E02000528,4770,77,401,1411,1422,944,515
E02000529,2776,63,130,419,608,653,903
E02000530,2314,60,137,380,729,582,426
E02000531,4269,191,286,881,1105,827,979
E02000532,4001,56,158,683,943,695,1466
E02000533,3835,90,182,748,991,640,1184
E02000534,2917,32,206,321,621,424,1313
E02000535,2852,28,117,309,398,793,1207
E02000536,2925,44,95,378,523,735,1150
E02000537,2841,58,100,285,594,594,1210
E02000538,2648,29,111,297,516,766,929
E02000539,4299,45,278,717,1273,1152,834
E02000540,3564,79,264,745,829,688,959
E02000541,2846,46,147,447,675,650,881
E02000542,3166,110,311,588,738,646,773
E02000543,4170,214,553,805,978,599,1021
E02000544,2793,20,54,232,365,807,1315
E02000545,3299,30,166,574,977,814,738
E02000546,3018,52,196,480,634,678,978
E02000547,3547,25,78,456,1048,1042,898
E02000548,3539,39,250,648,889,870,843
E02000549,3937,19,102,357,946,1121,1392
E02000550,3840,32,244,668,1189,1135,572
E02000551,3294,62,137,605,963,878,649
E02000552,3266,45,132,565,989,834,701
E02000553,2605,18,71,280,668,779,789
E02006792,4035,141,384,952,1044,555,959
E02000598,3001,6,54,166,568,594,1613
E02000599,2368,6,20,100,214,290,1738
E02000600,3354,35,142,476,1007,664,1030
E02000601,4245,42,342,551,995,813,1502
E02000602,3997,87,288,908,1084,690,940
E02000603,2798,30,121,296,487,887,977
E02000604,3343,48,182,378,572,610,1553
E02000605,3013,30,76,279,449,607,1572
E02000606,4799,200,375,898,1787,566,973
E02000607,2497,40,95,282,483,410,1187
E02000608,3182,110,357,853,1079,359,424
E02000609,2741,27,55,233,356,486,1584
E02000610,3785,144,342,985,1268,396,650
E02000611,2649,16,44,56,175,421,1937
E02000612,3051,8,34,182,279,617,1931
E02000613,3174,28,138,369,813,559,1267
E02000614,3072,16,80,284,509,993,1190
E02000615,2916,4,67,178,429,874,1364
E02000616,2363,3,24,122,487,827,900
E02000617,3291,15,58,212,887,835,1284
E02000689,3230,54,284,452,391,509,1540
E02000690,2300,9,59,189,362,250,1431
E02000691,2968,47,194,535,752,414,1026
E02000692,3686,72,249,687,1149,496,1033
E02000693,3973,53,376,990,1256,634,664
E02000694,3828,42,201,716,1095,876,898
E02000695,2813,32,63,268,291,775,1384
E02000696,3185,73,237,727,675,677,796
E02000697,3577,49,236,669,1003,552,1068
E02000698,3146,21,74,295,572,503,1681
E02000699,3205,32,148,437,741,585,1262
E02000700,3367,52,229,732,1092,889,373
E02000701,3006,32,102,478,578,856,960
E02000702,2964,58,195,424,711,848,728
E02000703,2961,10,77,229,412,400,1833
E02000704,3409,44,222,664,949,614,916
E02000705,2836,8,40,189,342,905,1352
E02000706,3259,48,234,695,804,935,543
E02000707,2683,32,172,273,410,888,908
E02000708,3011,14,53,172,357,735,1680
E02000709,2874,11,66,153,195,716,1733
E02000710,3208,31,137,591,799,736,914
E02000711,3140,22,112,345,1042,964,655
E02000712,3328,17,102,371,926,1002,910
E02000713,2800,2,11,81,480,1009,1217
E02000751,4277,20,97,345,804,612,2399
E02000752,2864,28,97,451,712,890,686
E02000753,2420,9,55,217,653,833,653
E02000754,2607,23,52,240,506,744,1042
E02000755,2151,7,55,196,487,658,748
E02000756,4966,15,103,508,1129,1369,1842
E02000757,4969,36,353,1029,1050,674,1827
E02000758,2159,23,46,166,354,596,974
E02000759,4703,51,177,558,1026,1047,1844
E02000760,2613,18,58,280,701,629,927
E02000762,2087,6,47,185,258,366,1225
E02000763,2385,24,55,213,458,688,947
E02000764,5435,47,263,1036,1537,776,1776
E02000765,2190,23,101,263,246,534,1023
E02000767,2620,24,152,353,396,691,1004
E02000768,2240,14,82,134,356,365,1289
E02000769,5160,39,198,542,1183,1360,1838
E02000770,2425,68,109,299,397,523,1029
E02000772,2565,50,170,307,452,512,1074
E02000773,2819,14,152,381,456,652,1164
E02000774,2208,39,105,282,340,488,954
E02000776,2031,29,131,282,372,262,955
E02000777,2365,38,80,300,484,213,1250
E02000779,2753,114,420,714,519,281,705
E02000780,4443,89,386,785,698,967,1518
E02000781,4257,37,105,356,498,1151,2110
E02000782,2851,70,279,567,591,567,777
E02000783,2250,34,119,312,533,692,560
E02006800,4170,78,225,659,723,661,1824
E02006924,4020,62,202,485,445,595,2231
E02006925,4102,20,49,241,480,819,2493
E02000784,4296,63,158,541,893,815,1826
E02000785,4304,70,191,553,1043,593,1854
E02000786,4941,34,184,734,1451,1120,1418
E02000787,4800,38,279,935,1210,862,1476
E02000788,3666,58,172,379,825,543,1689
E02000789,2966,57,205,505,893,494,812
E02000790,2609,31,99,315,599,423,1142
E02000791,2986,47,257,560,810,458,854
E02000792,3209,53,226,570,853,413,1094
E02000793,3144,29,117,225,494,810,1469
E02000794,2660,14,46,262,521,587,1230
E02000795,2623,21,39,197,407,436,1523
E02000796,3918,31,82,395,839,885,1686
E02000797,3273,51,236,535,833,711,907
E02000798,4280,20,91,328,993,1194,1654
E02000799,2418,22,112,315,502,266,1201
E02000800,2159,12,84,182,422,738,721
E02000801,2880,29,114,407,589,619,1122
E02000802,2840,37,128,375,578,507,1215
E02000803,4086,50,163,660,918,915,1380
E02000804,3148,47,153,563,674,484,1227
E02000805,4455,40,277,792,1146,515,1685
E02000806,4174,36,112,526,833,694,1973
E02000840,3206,17,117,517,1069,1057,429
E02000841,3335,26,105,520,1065,1131,488
E02000842,2879,5,32,153,499,803,1387
E02000843,3271,46,151,591,985,723,775
E02000844,3117,7,58,367,782,1014,889
E02000845,3472,9,105,327,628,1064,1339
E02000846,2708,10,29,186,518,703,1262
E02000847,3489,4,61,305,684,735,1700
E02000848,2886,3,38,144,364,884,1453
E02000849,3099,18,99,379,766,762,1075
E02000850,4037,11,93,275,715,1125,1818
E02000851,4098,94,445,1040,1120,790,609
E02000852,3136,29,98,391,679,724,1215
E02000853,3164,19,81,358,826,875,1005
E02000854,2932,36,91,293,582,492,1438
E02000855,3035,31,59,178,457,469,1841
E02000856,3486,67,221,537,766,338,1557
E02000857,4004,94,250,1072,1635,408,545
E02000858,3139,25,133,652,928,747,654
E02000859,3453,24,96,498,897,432,1506
E02000860,3925,114,331,1211,1508,335,426
E02000861,2789,7,20,125,283,268,2086
E02000863,2319,5,22,94,251,420,1527
E02006836,3195,20,55,253,513,319,2035
E02000895,3271,35,147,320,617,940,1212
E02000896,3758,32,128,419,824,601,1754
E02000897,3345,18,83,449,904,907,984
E02000898,3065,21,70,315,764,666,1229
E02000899,3090,36,93,262,473,906,1320
E02000900,2986,13,67,357,486,994,1069
E02000901,3553,19,72,326,581,767,1788
E02000902,3101,40,161,370,633,868,1029
E02000903,3179,28,116,375,725,1099,836
E02000904,2900,21,127,419,499,740,1094
E02000905,3465,71,138,384,903,1055,914
E02000906,3507,34,120,643,1259,865,586
E02000907,3885,103,351,1063,1079,732,557
E02000908,4348,73,350,1152,1359,861,553
E02000909,3459,63,224,597,871,799,905
E02000910,4005,105,307,846,896,748,1103
E02000911,4115,104,290,1049,1245,760,667
E02000912,3151,46,112,444,837,927,785
E02000913,2968,66,134,395,537,479,1357
E02000914,3689,206,356,851,748,716,812
E02000915,3305,119,262,620,880,427,997
E02000916,3506,80,212,667,1291,643,613
E02000917,3396,60,216,572,1150,770,628
E02000918,3449,112,299,777,803,563,895
E02000919,3225,74,195,565,708,712,971
E02000920,3434,92,303,760,760,769,750
E02000921,3966,86,306,854,1019,964,737
E02000922,3740,79,197,611,815,1169,869
E02003352,2487,10,39,170,549,405,1314
E02003353,3534,15,56,253,596,573,2041
E02003354,3872,2,35,232,727,603,2273
E02003355,2708,6,69,366,567,568,1132
E02003356,2731,8,25,135,440,566,1557
E02003357,3951,52,195,695,795,655,1559
E02003358,3988,76,230,693,804,635,1550
E02003359,2835,6,105,432,760,653,879
E02003360,3605,2,44,92,650,818,1999
E02003361,3133,45,53,324,554,813,1344
E02003362,2757,10,46,359,435,647,1260
E02003363,2533,35,86,220,470,325,1397
E02003364,2509,3,18,143,410,630,1305
E02003365,2652,13,43,142,356,535,1563
E02003366,2583,6,22,273,398,631,1253
E02003491,3088,8,44,158,548,882,1448
E02003492,2166,8,53,265,368,563,909
E02003493,3348,5,72,284,664,678,1645
E02003494,2641,21,63,159,471,552,1375
E02003495,2970,21,42,150,881,1130,746
E02003496,3146,8,49,314,898,699,1178
E02003497,2804,6,18,105,373,391,1911
E02003498,3475,30,141,733,933,813,825
E02003499,2843,22,89,260,580,839,1053
E02003500,3049,25,64,298,386,725,1551
E02003501,3685,70,164,545,959,490,1457
E02003502,3145,12,93,328,734,1000,978
E02003503,3487,14,43,297,636,1031,1466
E02003504,3838,52,321,1098,939,468,960
E02003505,3786,39,357,960,874,631,925
E02003506,2871,21,95,417,611,835,892
E02003507,3924,1,38,183,889,1220,1593
E02003508,3418,13,140,411,866,906,1082
E02003509,4695,179,451,1570,1372,540,583
E02003510,4055,124,340,944,1320,429,898
E02003511,3318,36,89,401,657,796,1339
E02003512,3736,49,269,709,995,870,844
E02003513,2907,41,165,501,835,340,1025
E02003514,4856,399,821,1638,1192,297,509
E02003515,3659,17,120,558,1144,1168,652
E02003516,4972,404,738,1635,1447,465,283
E02003517,5238,192,782,1467,1230,805,762
E02003518,4158,213,489,1112,1321,473,550
E02003519,5052,521,873,1615,1235,449,359
E02003520,4690,311,664,1379,1281,497,558
E02003521,4424,184,512,1388,1225,494,621
E02003522,3584,85,255,793,1201,561,689
E02003523,4512,9,145,273,895,1065,2125
E02003581,3669,4,94,347,784,1001,1439
E02003582,3516,7,16,200,460,924,1909
E02003583,2847,2,65,205,626,751,1198
E02003584,3149,54,314,716,862,418,785
E02003585,3018,6,34,167,548,814,1449
E02003586,3268,7,41,199,559,909,1553
E02003587,3610,17,154,299,782,1021,1337
E02003588,2917,8,47,235,569,885,1173
E02003589,3320,22,191,517,744,790,1056
E02003590,3549,4,31,175,542,907,1890
E02003591,3750,5,37,225,641,905,1937
E02003592,4475,13,96,309,953,1133,1971
E02003593,2350,3,14,92,303,557,1381
E02003594,3910,34,98,393,984,976,1425
E02003595,3613,4,21,145,681,974,1788
E02003596,4020,47,159,627,1007,728,1452
E02003597,2464,2,25,80,359,629,1369
E02003598,3640,16,100,390,819,893,1422
E02003314,2724,10,43,242,584,827,1018
E02003315,2137,6,23,138,181,638,1151
E02003316,3873,4,65,139,630,1113,1922
E02003317,2321,0,11,128,316,680,1186
E02003318,2273,0,8,31,201,607,1426
E02003319,3181,19,81,275,426,983,1397
E02003320,3127,32,217,473,721,609,1075
E02003321,2481,16,58,207,383,951,866
E02003322,2546,77,86,200,390,792,1001
E02003323,2783,8,58,187,512,969,1049
E02003324,3572,6,72,247,730,1308,1209
E02003325,3079,74,216,433,603,792,961
E02003326,2992,14,65,164,330,874,1545
E02003327,3518,48,243,729,1004,512,982
E02003328,3580,75,326,869,728,741,841
E02003329,2637,17,62,231,241,761,1325
E02003330,2771,6,44,156,336,1100,1129
E02003331,3674,16,77,363,612,1044,1562
E02003332,2238,12,22,76,222,514,1392
E02003333,2900,54,193,450,478,791,934
E02003334,2254,21,67,163,281,683,1039
E02003335,2719,10,41,161,460,1139,908
E02003336,2454,0,8,49,279,796,1322
E02003337,2647,12,58,169,460,755,1193
E02003338,3078,22,77,298,553,1133,995
E02003339,2414,3,23,144,256,655,1333
E02003340,3190,3,124,383,489,1027,1164
E02003341,2211,3,17,100,298,663,1130
E02003342,2567,13,65,132,244,678,1435
E02003343,2334,1,4,93,193,471,1572
E02003344,2725,12,82,292,422,995,922
E02003345,2308,1,41,78,265,825,1098
E02003346,2540,3,26,127,439,828,1117
E02003347,2425,4,31,194,628,660,908
E02003348,3139,10,10,126,283,668,2042
E02003349,3091,1,37,142,499,1193,1219
E02003350,2521,7,30,166,459,673,1186
E02003351,3185,2,29,220,710,972,1252
E02003459,3670,8,49,209,496,693,2215
E02003460,3806,5,45,224,448,757,2327
E02003461,2925,8,43,146,358,865,1505
E02003462,3289,7,80,277,605,840,1480
E02003463,2669,6,56,217,285,651,1454
E02003464,2569,7,58,246,395,928,935
E02003465,2685,2,58,293,570,504,1258
E02003466,2905,23,108,281,409,765,1319
E02003467,2490,18,84,349,533,699,807
E02003468,3191,5,48,295,462,928,1453
E02003469,2406,4,35,137,382,629,1219
E02003470,2134,19,72,339,320,829,555
E02003471,2543,6,65,359,430,688,995
E02003472,3815,166,575,1006,738,813,517
E02003473,2335,18,119,260,380,475,1083
E02003474,3238,8,105,295,463,845,1522
E02003475,5668,44,244,688,1399,947,2346
E02003476,3080,39,113,473,776,1128,551
E02003477,4114,13,118,366,730,886,2001
E02003478,2684,6,76,270,518,610,1204
E02003479,2778,10,148,389,641,905,685
E02003480,3402,8,107,374,1003,653,1257
E02003481,3000,58,292,609,592,884,565
E02003482,2508,17,39,197,292,430,1533
E02003483,3888,6,80,380,721,654,2047
E02003484,2914,10,115,339,636,674,1140
E02003485,3243,5,36,276,552,1046,1328
E02003486,3410,12,82,230,662,761,1663
E02003487,2930,1,25,159,480,827,1438
E02003488,2881,10,51,245,447,860,1268
E02003489,2824,8,37,148,528,728,1375
E02003490,2590,4,42,244,509,1256,535
E02003524,3076,7,53,313,387,1134,1182
E02003525,2459,4,34,312,648,780,681
E02003526,2687,12,24,176,268,397,1810
E02003527,2571,0,57,174,526,856,958
E02003529,3027,1,16,164,295,512,2039
E02003530,3101,5,27,340,724,645,1360
E02003531,3314,20,93,148,443,760,1850
E02003532,3149,27,136,435,391,469,1691
E02003533,2408,10,45,200,495,879,779
E02003534,3469,9,53,249,382,654,2122
E02003535,3810,9,78,272,535,1165,1751
E02003536,3277,33,164,697,1055,857,471
E02003537,4182,8,50,311,575,789,2449
E02003538,4386,25,165,497,904,1508,1287
E02003539,4872,166,577,1271,1517,830,511
E02003540,3685,8,107,319,386,1071,1794
E02003541,4631,108,331,1149,1046,1083,914
E02003542,3669,2,60,241,439,923,2004
E02003543,3503,44,136,460,661,708,1494
E02003544,2851,6,49,201,481,973,1141
E02003545,3555,93,408,912,917,477,748
E02003546,3825,28,122,322,761,1096,1496
E02003547,4470,156,476,1090,1321,554,873
E02003548,2866,57,151,442,639,400,1177
E02006821,2630,4,27,106,289,585,1619
E02003389,3115,3,22,157,282,790,1861
E02003390,2846,1,8,39,186,298,2314
E02003391,3286,8,65,260,389,687,1877
E02003392,3647,10,92,385,869,1079,1212
E02003393,3186,5,30,200,533,680,1738
E02003394,2927,20,104,303,475,1015,1010
E02003395,3861,96,245,454,653,1099,1314
E02003396,3995,50,244,648,753,873,1427
E02003397,3022,21,57,235,544,952,1213
E02003398,4040,65,306,772,606,913,1378
E02003399,5891,164,1068,1826,1529,608,696
E02003400,3052,97,190,327,415,485,1538
E02003401,3682,55,192,578,1200,706,951
E02003402,3725,139,238,626,631,845,1246
E02003403,3582,34,137,435,780,907,1289
E02003404,2326,43,120,261,464,573,865
E02003405,3816,21,222,479,1151,1108,835
E02003406,2870,5,36,306,573,958,992
E02003407,3648,26,120,573,1109,1207,613
E02003408,3462,61,175,496,720,967,1043
E02003409,4198,29,150,788,1156,951,1124
E02003410,3334,32,116,443,503,1038,1202
E02003411,3759,131,211,555,633,1225,1004
E02003412,3641,29,170,482,680,1034,1246
E02003413,3880,83,266,694,661,900,1276
E02003414,4589,47,236,858,1311,1107,1030
E02003415,4241,98,471,969,1113,686,904
E02003416,3106,52,163,432,635,612,1212
E02003417,3654,121,330,794,775,432,1202
E02003418,3445,28,116,500,782,1007,1012
E02003419,3276,22,124,503,838,919,870
E02003420,2533,43,315,459,483,666,567
E02003549,2849,87,86,169,530,454,1523
E02003550,3216,18,59,300,483,1281,1075
E02003551,2256,15,162,424,408,607,640
E02003552,2646,17,81,576,458,1078,436
E02003553,2394,43,94,186,226,764,1081
E02003554,2646,12,109,415,525,461,1124
E02003555,3140,23,100,467,568,914,1068
E02003556,2471,22,55,157,464,712,1061
E02003557,2753,54,136,418,625,270,1250
E02003558,2924,27,156,593,714,768,666
E02003559,3065,22,50,212,357,314,2110
E02003560,3040,10,71,515,1034,594,816
E02003561,3181,113,252,666,699,520,931
E02003562,3636,59,190,650,769,562,1406
E02003563,3483,64,175,736,674,655,1179
E02003564,3474,27,140,360,827,942,1178
E02003565,2563,121,185,482,610,382,783
E02003566,2607,7,42,282,613,677,986
E02003567,2991,12,56,268,535,685,1435
E02003568,3820,223,462,743,911,295,1186
E02003569,3527,62,279,886,799,630,871
E02003570,3635,203,352,803,695,613,969
E02003571,3040,105,247,652,827,249,960
E02003572,2484,14,55,158,333,630,1294
E02003573,3236,23,122,410,815,991,875
E02003574,3412,60,124,379,591,1015,1243
E02003575,2808,12,80,584,779,717,636
E02003576,3434,27,160,541,577,850,1279
E02003577,4908,184,715,1508,1551,482,468
E02003578,2641,4,70,289,576,725,977
E02003579,3357,24,114,481,618,747,1373
E02003580,2617,14,56,470,920,593,564
E02003367,2368,1,25,85,321,455,1481
E02003368,2416,3,75,137,396,562,1243
E02003369,2427,2,33,125,225,406,1636
E02003370,2642,7,44,119,321,466,1685
E02003371,2287,2,25,90,215,632,1323
E02003372,2949,0,20,148,346,727,1708
E02003373,2972,1,21,92,320,489,2049
E02003374,2334,10,65,245,379,598,1037
E02003375,2440,21,95,255,358,564,1147
E02003376,2600,11,88,242,534,528,1197
E02003377,3854,3,61,212,690,633,2255
E02003378,3466,37,84,427,733,554,1631
E02003379,2785,17,95,237,527,815,1094
E02003380,3110,4,43,168,431,892,1572
E02003381,2272,1,29,102,300,420,1420
E02003382,3129,8,101,387,678,764,1191
E02003383,2708,2,26,138,451,623,1468
E02003384,2587,8,30,113,267,516,1653
E02003385,3592,20,208,753,998,545,1068
E02003386,3465,21,121,498,563,790,1472
E02003387,3611,2,12,162,420,631,2384
E02003388,2326,3,24,192,336,384,1387
E02003421,2148,2,8,67,322,578,1171
E02003422,4718,9,54,212,629,864,2950
E02003423,2289,3,40,191,404,770,881
E02003424,3430,13,55,300,762,359,1941
E02003425,4704,61,350,946,1034,842,1471
E02003426,3721,8,52,213,487,740,2221
E02003427,2833,5,30,230,499,1045,1024
E02003428,3545,7,47,276,404,948,1863
E02003429,2966,2,33,155,284,495,1997
E02003430,2609,32,114,379,505,638,941
E02003431,2730,12,119,321,452,508,1318
E02003432,3021,18,108,531,688,644,1032
E02003433,2744,5,45,214,484,800,1196
E02003434,3688,17,109,571,786,878,1327
E02003435,2844,10,37,267,497,499,1534
E02003436,3355,11,46,243,387,644,2024
E02003437,2886,81,57,220,369,446,1713
E02003438,4118,27,43,340,618,542,2548
E02003439,2272,9,64,121,282,329,1467
E02003440,3634,6,52,258,555,645,2118
E02003441,2954,4,7,74,339,608,1922
E02003442,2760,1,10,154,506,487,1602
E02003443,2429,3,42,285,370,678,1051
E02003444,3223,3,51,131,309,588,2141
E02003445,3110,1,5,55,373,1028,1648
E02003446,3035,6,24,141,220,573,2071
E02003447,3453,7,44,224,511,635,2032
E02003448,2617,6,12,130,248,426,1795
E02003449,3144,13,169,483,604,539,1336
E02003450,4206,6,77,313,744,825,2241
E02003451,3725,23,136,611,883,755,1317
E02003452,2428,0,10,76,301,338,1703
E02003453,2387,2,6,45,142,278,1914
E02003454,3045,2,34,172,335,645,1857
E02003455,2669,4,18,161,400,403,1683
E02003456,2535,5,16,160,472,558,1324
E02003457,3679,6,36,57,201,530,2849
E02003458,3027,11,39,81,251,423,2222
E02003652,3079,6,24,109,377,620,1943
E02003653,2616,14,70,237,492,506,1297
E02003654,2208,5,10,78,249,363,1503
E02003655,3706,4,33,144,442,682,2401
E02003656,2485,5,45,166,450,484,1335
E02003657,2411,3,18,110,316,346,1618
E02003658,2869,3,24,156,356,582,1748
E02003659,3272,3,41,251,457,545,1975
E02003660,3823,7,25,189,510,667,2425
E02003661,2066,6,15,137,219,352,1337
E02003662,2592,20,68,373,655,609,867
E02003663,2044,6,40,178,424,770,626
E02003664,2440,18,89,251,576,855,651
E02003665,2209,11,49,244,355,564,986
E02003666,2974,30,236,635,834,519,720
E02003667,3887,17,117,404,1172,1012,1165
E02003668,3472,54,54,93,331,897,2043
E02003669,2506,14,64,322,615,597,894
E02003670,3650,133,144,337,694,846,1496
E02003671,2395,9,103,304,632,830,517
E02003672,3837,6,31,197,484,609,2510
E02003673,3387,4,30,221,485,537,2110
E02003674,2137,2,16,167,221,322,1409
E02003675,3341,10,47,261,561,604,1858
E02003676,3190,5,22,105,394,375,2289
E02003677,3751,10,71,336,666,920,1748
E02003678,2195,4,21,151,324,547,1148
E02003679,2796,13,93,341,667,716,966
E02003680,4032,7,43,160,485,663,2674
E02003681,3982,8,36,247,770,548,2373
E02003682,3000,8,54,221,424,546,1747
E02003683,2509,3,28,139,457,339,1543
E02003685,3185,6,26,131,365,517,2140
E02003686,2702,4,41,96,264,341,1956
E02003687,2182,7,18,94,291,363,1409
E02006823,3422,6,42,108,331,481,2454
E02003688,4733,5,51,332,618,813,2914
E02003689,3160,3,34,149,300,318,2356
E02003690,2806,5,35,244,732,568,1222
E02003691,2698,2,22,261,312,358,1743
E02003692,3354,4,56,256,546,670,1822
E02003693,2520,7,24,131,315,410,1633
E02003694,3294,16,80,419,536,827,1416
E02003695,3949,9,49,332,704,839,2016
E02003696,3500,4,75,317,524,695,1885
E02003697,2384,2,20,82,201,433,1646
E02003698,3247,1,22,115,272,526,2311
E02003699,2290,3,36,144,351,495,1261
E02003701,4149,13,133,340,637,1157,1869
E02003702,3207,9,54,117,354,543,2130
E02003703,3049,52,158,307,612,407,1513
E02003704,2330,2,21,150,271,387,1499
E02003705,2491,12,51,295,456,781,896
E02003706,2657,6,84,480,550,541,996
E02003707,2445,15,157,364,442,506,961
E02003708,3075,54,214,520,545,656,1086
E02003709,2315,9,46,358,529,603,770
E02003710,3520,40,182,426,488,691,1693
E02003711,3848,33,248,885,869,677,1136
E02003712,3246,16,79,335,492,1114,1210
E02003713,2390,2,13,90,271,556,1458
E02003714,2829,7,82,309,451,752,1228
E02003715,2563,5,13,97,232,367,1849
E02003716,2460,14,65,224,409,473,1275
E02003717,3729,13,58,288,545,825,2000
E02003718,2377,18,84,153,360,658,1104
E02006824,3760,3,47,217,305,878,2310
E02004356,3009,28,86,228,644,1123,900
E02004357,3050,12,60,217,524,1365,872
E02004358,3537,21,73,350,947,1218,928
E02004359,3484,6,65,380,834,955,1244
E02004361,3330,7,48,254,422,699,1900
E02004362,3585,13,98,346,586,844,1698
E02004363,3280,150,273,697,804,474,882
E02004364,3908,57,191,576,893,639,1552
E02004365,3590,182,416,892,950,482,668
E02004366,3758,148,347,915,1339,511,498
E02004367,3401,38,118,412,892,650,1291
E02006857,3856,10,90,370,798,1059,1529
E02006858,3224,5,63,472,1059,575,1050
E02004368,3253,17,55,246,528,824,1583
E02004369,4206,5,44,257,750,1053,2097
E02004370,3223,11,36,357,826,1213,780
E02004371,3007,0,39,223,774,897,1074
E02004372,2801,11,62,456,685,896,691
E02004373,3638,12,93,362,736,1010,1425
E02004374,3530,36,128,354,689,981,1342
E02004375,3973,59,206,795,937,612,1364
E02004376,3793,83,372,1058,932,551,797
E02004377,4480,13,94,398,1141,1079,1755
E02004378,5255,153,578,1884,1525,545,570
E02004379,3008,7,35,153,375,604,1834
E02004380,3491,11,22,141,458,588,2271
E02004381,4363,28,171,668,1039,1067,1390
E02004382,2769,2,21,172,417,850,1307
E02004383,3094,22,69,225,592,756,1430
E02004384,3161,27,70,245,623,920,1276
E02004385,3421,18,103,372,834,1003,1091
E02004386,2784,9,51,221,739,801,963
E02004387,2468,21,115,250,480,803,799
E02004388,2828,3,58,262,708,886,911
E02004389,4180,13,66,228,707,1181,1985
E02004390,3473,4,27,232,506,971,1733
E02004391,3141,50,156,655,791,533,956
E02004392,3639,6,42,194,534,732,2131
E02004393,2763,2,29,155,444,605,1528
E02004394,3195,2,41,152,365,630,2005
E02004395,3642,19,77,364,791,937,1454
E02004396,3815,8,29,122,500,843,2313
E02004397,3362,3,43,189,705,690,1732
E02004398,3679,30,89,429,843,986,1302
E02004399,3572,4,71,298,973,1149,1077
E02004400,4697,2,19,142,656,1037,2841
E02004401,3801,16,75,248,1010,843,1609
E02004402,4712,104,280,1070,1717,703,838
E02004403,2623,11,37,191,335,435,1614
E02004404,2570,4,23,90,255,403,1795
E02004405,2342,8,20,139,294,454,1427
E02004406,2988,5,67,205,346,328,2037
E02004407,3295,6,40,201,418,516,2114
E02004408,3126,7,49,275,515,818,1462
E02004409,2189,5,38,72,192,291,1591
E02004410,3153,2,31,168,293,462,2197
E02004411,3668,16,98,341,718,845,1650
E02004412,3330,9,71,355,596,780,1519
E02004413,2806,4,28,157,382,619,1616
E02004414,2409,5,39,200,373,574,1218
E02004415,2398,2,9,88,264,407,1628
E02004416,2695,4,21,129,368,606,1567
E02004417,2520,3,59,187,552,717,1002
E02004418,2284,7,33,210,407,603,1024
E02004419,2473,8,56,200,644,808,757
E02004420,4527,5,44,152,820,1071,2435
E02004421,3649,11,89,256,1041,1189,1063
E02004422,4125,3,26,202,802,1122,1970
E02004423,3506,8,46,107,767,1102,1476
E02004675,3060,0,20,167,395,829,1649
E02004676,3361,8,51,168,409,672,2053
E02004677,2707,2,11,70,224,506,1894
E02004678,3127,4,49,205,356,596,1917
E02004679,3430,4,32,228,498,594,2074
E02004680,2849,5,34,295,703,483,1329
E02004681,4551,17,218,635,542,1395,1744
E02004682,3238,14,51,327,565,641,1640
E02004683,2802,9,45,318,629,668,1133
E02004684,3645,10,96,334,664,1022,1519
E02004685,3292,137,239,673,693,745,805
E02004686,3544,25,194,643,652,838,1192
E02004687,2761,1,42,192,391,753,1382
E02004688,3472,33,148,330,850,1140,971
E02004689,2277,0,8,113,167,448,1541
E02004690,3179,3,73,200,518,1084,1301
E02004691,3232,7,22,132,470,566,2035
E02004692,2996,0,14,97,240,643,2002
E02004693,3041,14,62,405,673,1125,762
E02004694,2872,4,39,221,490,654,1464
E02004695,3235,0,20,163,496,441,2115
E02004696,2644,5,23,157,393,609,1457
E02004697,2223,1,17,78,249,315,1563
E02004698,2503,17,225,431,622,547,661
E02004699,4442,10,91,335,750,1117,2139
E02004700,2170,10,52,241,475,689,703
E02004702,3241,13,68,295,601,881,1383
E02004703,4175,4,30,128,360,562,3091
E02004704,2325,3,10,102,412,509,1289
E02004705,3532,12,57,293,512,666,1992
E02004706,3030,5,47,231,402,588,1757
E02004707,4529,33,86,250,529,742,2889
E02004708,3918,48,191,496,837,893,1453
E02004709,3020,4,19,140,369,696,1792
E02004710,2569,12,45,134,279,469,1630
E02006829,2772,6,38,115,302,556,1755
E02006838,2809,2,46,117,341,416,1887
E02004712,3487,0,17,70,447,492,2461
E02004713,3212,0,19,149,261,1026,1757
E02004714,3371,4,45,245,695,711,1671
E02004715,3429,15,90,367,633,807,1517
E02004716,3563,9,65,140,632,981,1736
E02004717,3996,5,64,438,909,1004,1576
E02004718,3796,19,156,643,715,920,1343
E02004719,3977,3,52,177,484,867,2394
E02004720,4748,35,119,497,1010,896,2191
E02004721,3569,3,48,249,744,594,1931
E02004722,3098,6,59,394,680,672,1287
E02004723,3816,7,32,164,663,993,1957
E02004724,3200,25,81,213,662,798,1421
E02004725,2398,22,89,288,517,556,926
E02004726,2517,4,30,150,489,591,1253
E02004727,3384,3,26,77,367,525,2386
E02004728,3472,3,41,301,548,721,1858
E02004729,3062,39,51,215,491,978,1288
E02004730,3544,1,21,95,260,737,2430
E02004731,3232,1,68,253,446,476,1988
E02004732,3279,3,40,145,395,673,2023
E02004733,3111,37,48,211,387,741,1687
E02004734,4370,17,112,476,630,877,2258
E02004735,3206,0,8,74,280,1001,1843
E02004736,3398,3,16,132,438,1003,1806
E02004737,3278,47,87,587,680,816,1061
E02004738,3212,8,39,191,538,921,1515
E02004739,2913,3,28,154,289,798,1641
E02004740,3118,1,25,168,319,767,1838
E02004741,3161,5,31,275,325,883,1642
E02004742,3231,9,42,463,453,863,1401
E02004743,3162,3,30,178,313,817,1821
E02004744,3251,2,22,187,1003,955,1082
E02004745,3900,13,93,569,844,1045,1336
E02004746,4616,8,78,375,787,869,2499
E02004747,2914,19,58,271,520,949,1097
E02004748,4767,39,344,1331,1277,879,897
E02004749,3058,4,38,167,431,580,1838
E02004750,3370,19,72,236,460,817,1766
E02004751,3293,10,36,181,414,778,1874
E02004752,3162,1,47,132,307,593,2082
E02004753,3851,17,39,143,376,1088,2188
E02004754,2549,6,42,154,353,500,1494
E02004755,4728,6,111,456,1221,747,2187
E02004756,3214,2,38,177,490,467,2040
E02004757,3160,2,36,90,228,463,2341
E02004758,3100,8,106,165,328,493,2000
E02004759,3239,24,62,157,415,677,1904
E02004760,2941,0,24,172,473,432,1840
E02004761,2273,0,11,114,405,426,1317
E02004764,3421,14,121,169,429,918,1770
E02004765,2640,20,69,219,388,451,1493
E02004766,2632,4,87,356,475,635,1075
E02004767,2247,16,30,283,412,1022,484
E02004768,2274,23,97,196,406,634,918
E02004769,2478,4,25,259,806,786,598
E02004770,2880,2,28,374,847,961,668
E02004771,3621,15,55,391,1002,1112,1046
E02004772,3852,19,82,323,558,962,1908
E02004774,4329,7,56,333,499,1073,2361
E02004775,3969,13,124,366,519,823,2124
E02004776,2546,4,42,110,241,445,1704
E02004777,2608,11,70,304,728,524,971
E02004778,2805,8,80,239,688,597,1193
E02006822,3602,9,20,166,486,988,1933
E02006830,2771,6,194,218,485,938,930
E02006831,2636,3,29,154,299,720,1431
E02004779,4691,9,67,299,664,1000,2652
E02004780,2550,9,51,159,430,887,1014
E02004781,3332,15,63,299,505,766,1684
E02004782,3322,17,81,340,588,919,1377
E02004783,2924,15,39,148,425,797,1500
E02004784,2289,1,16,70,251,423,1528
E02004785,2422,12,68,161,272,398,1511
E02004786,3608,10,104,373,732,801,1588
E02004787,3480,6,70,223,707,821,1653
E02004788,2887,1,25,75,279,676,1831
E02004789,4406,7,50,296,576,1256,2221
E02004790,3445,27,118,414,749,845,1292
E02004791,2201,1,16,103,394,792,895
E02004792,3723,10,42,173,492,892,2114
E02004793,3081,12,41,110,303,492,2123
E02004794,2825,7,25,83,263,542,1905
E02004795,4028,19,101,320,669,759,2160
E02004796,4259,9,36,146,709,1145,2214
E02004797,3540,13,103,337,808,966,1313
E02004798,2668,12,61,395,565,713,922
E02004799,3881,27,125,412,1157,995,1165
E02004800,3561,7,45,128,753,866,1762
E02004801,3716,8,57,186,498,789,2178
E02004802,2547,3,57,198,623,598,1068
E02004803,2648,10,60,273,680,848,777
E02004804,2780,0,63,158,287,833,1439
E02004805,3334,6,114,294,379,641,1900
E02004806,3177,4,51,176,514,663,1769
E02004807,3785,5,70,352,879,1079,1400
E02004808,4180,61,250,582,773,820,1694
E02004809,2856,45,256,583,716,514,742
E02004810,2945,3,90,276,752,933,891
E02004811,3210,42,196,538,605,699,1130
E02004812,2395,5,25,124,330,491,1420
E02004813,2487,2,39,337,614,754,741
E02004814,2861,1,16,119,386,644,1695
E02004815,2837,4,59,259,482,1056,977
E02004816,3968,29,89,599,737,851,1663
E02004817,3259,3,81,342,580,944,1309
E02004818,4092,9,29,232,556,1071,2195
E02004819,3291,10,76,291,583,688,1643
E02004820,2856,0,17,128,340,687,1684
E02004821,2161,2,8,89,221,382,1459
E02004822,3255,5,41,190,358,540,2121
E02004823,3814,35,57,216,393,1215,1898
E02004824,2864,15,97,398,651,606,1097
E02004825,4416,8,39,271,701,1111,2286
E02004826,2620,5,21,129,227,410,1828
E02004827,2831,0,14,65,309,496,1947
E02004828,2501,1,17,115,249,411,1708
E02004829,2236,10,16,87,339,411,1373
E02004830,2608,3,25,164,411,446,1559
E02004831,3417,8,31,141,347,735,2155
E02004832,3591,10,29,215,552,728,2057
E02004833,3428,9,92,262,536,633,1896
E02004834,3167,20,102,669,816,617,943
E02004835,4418,57,318,815,989,703,1536
E02004836,2177,7,53,276,482,371,988
E02004837,3092,4,39,154,498,552,1845
E02004838,3685,4,40,239,547,578,2277
E02004839,3314,11,35,123,289,492,2364
E02004840,3986,10,66,309,540,777,2284
E02004841,4517,10,120,345,831,808,2403
E02004842,3229,5,37,184,411,598,1994
E02004996,3331,6,24,205,574,746,1776
E02004997,3161,6,33,155,473,631,1863
E02004998,2669,2,14,101,382,601,1569
E02004999,5136,14,134,477,885,1460,2166
E02005000,3922,23,145,490,739,1048,1477
E02005001,3575,7,59,210,469,1007,1823
E02005002,3795,17,105,403,1037,1062,1171
E02005003,3069,3,58,288,483,1104,1133
E02005004,4473,6,78,260,931,1038,2160
E02005005,2952,0,15,64,322,563,1988
E02005006,2193,3,13,86,309,445,1337
E02005007,3494,3,53,142,654,808,1834
E02005008,3686,9,62,286,630,805,1894
E02005009,2331,2,21,94,343,472,1399
E02005010,3522,50,314,879,800,425,1054
E02005011,3152,2,46,163,508,854,1579
E02005012,3603,26,101,258,674,989,1555
E02005013,3558,7,52,290,760,1147,1302
E02005014,3688,2,48,119,595,948,1976
E02005015,3352,7,29,179,661,935,1541
E02005016,3317,7,60,260,660,879,1451
E02005017,3303,23,100,374,625,865,1316
E02005018,3393,4,7,131,603,990,1658
E02005019,2380,5,16,122,402,516,1319
E02005020,2865,6,27,161,582,875,1214
E02005021,2635,8,37,145,315,513,1617
E02005022,2959,12,60,226,451,702,1508
E02005023,3158,37,201,612,649,786,873
E02005025,3495,42,128,402,606,601,1716
E02005026,3046,3,37,137,461,671,1737
E02005027,2203,3,27,93,272,420,1388
E02006855,2356,2,80,315,478,645,836
E02006856,4786,48,328,820,1177,1006,1407
E02005028,3156,10,81,798,870,655,742
E02005029,4021,11,228,704,963,878,1237
E02005030,4093,26,203,632,868,1010,1354
E02005031,3258,8,148,591,742,888,881
E02005032,3931,61,262,492,960,1076,1080
E02005033,2897,21,195,545,747,679,710
E02005034,2843,1,4,47,312,727,1752
E02005035,3038,7,68,268,364,899,1432
E02005036,2556,26,61,367,573,782,747
E02005037,2742,5,8,90,353,827,1459
E02005038,2333,5,39,146,334,597,1212
E02005039,2692,8,19,244,457,858,1106
E02005040,2521,1,19,101,256,541,1603
E02005041,2851,4,32,106,470,695,1544
E02005042,3999,10,51,248,734,1078,1878
E02005043,3353,7,49,369,596,839,1493
E02005044,3446,27,126,476,739,752,1326
E02005045,3298,6,30,163,591,1063,1445
E02005046,2619,5,34,150,521,856,1053
E02005047,3354,1,28,301,710,1003,1311
E02005048,2678,0,14,68,291,772,1533
E02005049,3200,3,44,162,446,655,1890
E02005050,3719,3,32,106,624,1025,1929
E02005051,5514,15,119,566,1560,1863,1391
E02005052,3590,64,304,615,1060,697,850
E02005053,3813,45,224,510,930,1087,1017
E02005054,2876,5,47,148,495,811,1370
E02005055,3167,11,77,482,855,935,807
E02005056,4550,81,479,1528,923,643,896
E02005057,4146,34,161,554,807,1232,1358
E02005058,2974,8,71,249,524,993,1129
E02005059,3819,14,63,300,388,791,2263
E02005060,2879,3,60,296,431,906,1183
E02005061,2777,5,20,352,360,914,1126
E02005062,2606,1,15,35,177,1264,1114
E02005063,2469,1,20,134,352,691,1271
E02005064,2702,7,22,84,298,694,1597
E02005065,2904,8,31,329,616,1149,771
E02005066,3146,3,18,69,304,816,1936
E02005067,2292,3,21,87,246,502,1433
E02005068,2706,4,24,106,450,551,1571
E02005069,3465,12,49,156,543,931,1774
E02005070,3650,2,12,80,784,875,1897
E02005071,4423,123,357,862,1141,943,997
E02005072,3055,0,19,124,359,609,1944
E02005073,4713,96,433,834,1052,770,1528
E02005074,3336,10,45,158,609,777,1737
E02005075,3700,10,58,317,789,969,1557
E02005076,3434,18,109,371,739,1023,1174
E02005077,3021,8,34,195,406,775,1603
E02005078,3230,2,24,154,419,723,1908
E02005079,3241,2,28,171,363,614,2063
E02005080,4530,13,108,751,1174,1326,1158
E02005081,2861,5,44,245,425,586,1556
E02005082,3820,7,54,235,554,940,2030
E02005083,2808,6,36,165,459,687,1455
E02005084,2579,4,26,106,340,505,1598
E02005085,2564,6,30,130,397,479,1522
E02005086,2311,2,27,86,281,534,1381
E02005087,2804,3,21,105,290,831,1554
E02005088,3916,21,111,723,801,1168,1092
E02005089,2533,1,25,119,332,684,1372
E02005090,2405,1,23,217,279,451,1434
E02005091,2896,3,43,392,508,686,1264
E02005093,2505,1,30,178,419,623,1254
E02005094,3514,18,39,272,636,717,1832
E02005095,2950,2,17,94,325,609,1903
E02005096,4009,15,92,417,802,974,1709
E02005097,3362,5,20,57,270,434,2576
E02005098,3914,31,162,405,527,503,2286
E02005099,3265,3,22,206,539,706,1789
E02005100,3785,5,55,412,656,1038,1619
E02005101,2694,5,24,178,352,507,1628
E02006832,2468,6,51,82,351,784,1194
E02005102,2695,4,29,142,357,547,1616
E02005103,3602,4,39,152,720,983,1704
E02005104,3388,11,59,347,676,963,1332
E02005105,3254,11,116,379,756,971,1021
E02005106,3608,8,85,266,881,1084,1284
E02005107,5068,19,82,346,889,1051,2681
E02005109,2893,4,31,142,354,525,1837
E02005110,2853,5,12,70,401,723,1642
E02005111,3648,12,167,434,1049,890,1096
E02005112,3047,1,14,124,595,876,1437
E02005113,2984,5,46,198,466,669,1600
E02005114,2814,13,48,175,471,946,1161
E02006879,3842,164,628,1146,993,409,502
E02006880,3683,111,250,900,1308,513,601
E02005115,2441,20,111,279,381,787,863
E02005116,2567,11,93,285,590,858,730
E02005117,2492,3,28,146,388,690,1237
E02005118,3696,1,42,261,652,1236,1504
E02005119,2438,6,24,158,377,967,906
E02005120,2729,4,41,253,460,838,1133
E02005121,4706,1,70,332,848,1364,2091
E02005122,2795,1,27,126,385,748,1508
E02005123,4328,26,81,229,791,1297,1904
E02005124,3692,43,246,692,691,1057,963
E02005125,3120,6,52,315,582,1057,1108
E02005126,3184,3,30,125,484,975,1567
E02005127,3406,6,42,144,352,656,2206
E02005128,3449,9,76,223,658,1046,1437
E02005129,4896,21,197,579,877,1410,1812
E02005130,3358,3,53,198,464,963,1677
E02005131,2288,3,8,112,317,583,1265
E02005132,4393,103,434,1468,1193,427,768
E02005133,3739,2,28,220,710,926,1853
E02005134,3079,29,171,572,724,703,880
E02005135,3222,53,82,403,614,893,1177
E02005136,3176,3,43,235,386,788,1721
E02005137,3205,3,25,365,888,872,1052
E02005138,3985,21,163,687,1014,939,1161
E02005139,4214,2,51,271,987,1205,1698
E02005140,3429,7,45,183,710,865,1619
E02005141,3133,13,105,400,609,551,1455
E02005142,3108,2,50,199,556,1082,1219
E02005143,3450,5,49,186,741,1075,1394
E02005144,3440,9,59,371,809,1209,983
E02005145,2948,1,48,241,552,768,1338
E02005146,3130,5,101,226,633,920,1245
E02005147,4455,58,447,1220,1075,624,1031
E02005148,3407,5,47,188,637,1006,1524
E02005149,4167,3,50,198,713,1099,2104
E02005150,4288,16,132,493,831,1430,1386
E02005151,4932,5,30,237,754,1331,2575
E02005153,3460,7,75,347,356,973,1702
E02005154,4333,13,39,231,501,760,2789
E02005155,3920,2,43,166,560,612,2537
E02005156,2915,2,27,177,429,770,1510
E02005157,2677,9,22,265,406,611,1364
E02005158,2550,6,42,100,264,465,1673
E02005159,3145,0,18,173,629,545,1780
E02005160,4210,17,148,583,842,997,1623
E02005161,3332,8,67,345,495,779,1638
E02006833,4211,15,74,261,619,901,2341
E02005162,4198,6,41,319,560,1052,2220
E02005163,3097,6,38,172,427,720,1734
E02005164,3318,21,148,451,574,748,1376
E02005165,3077,7,47,289,291,676,1767
E02005166,2839,13,87,379,801,832,727
E02005167,2957,2,43,146,233,487,2046
E02005168,3097,38,116,395,489,578,1481
E02005169,4630,168,639,1337,1037,612,837
E02005170,4028,42,190,476,781,802,1737
E02005171,2642,30,104,349,719,686,754
E02005172,3213,4,39,160,369,564,2077
E02005173,3734,34,200,441,614,527,1918
E02005174,2961,1,48,134,523,616,1639
E02005175,3383,5,82,232,599,657,1808
E02005921,2248,9,41,90,244,378,1486
E02005922,3404,6,71,321,607,1004,1395
E02005923,2301,16,47,250,385,782,821
E02005924,4852,75,385,1082,1197,858,1255
E02005925,3139,5,31,232,346,1132,1393
E02005926,3210,11,70,194,379,793,1763
E02005927,2219,13,35,246,320,558,1047
E02005928,2975,8,19,107,302,541,1998
E02005929,2814,3,23,102,362,519,1805
E02005930,3123,5,38,112,454,636,1878
E02005931,3325,5,20,60,518,642,2080
E02005932,2683,12,132,180,557,537,1265
E02005933,2950,9,44,190,515,1012,1180
E02005934,3531,4,31,148,489,1271,1588
E02005935,3122,20,172,459,710,580,1181
E02005936,3335,4,64,117,377,665,2108
E02005937,2768,8,62,235,429,752,1282
E02005938,2149,0,14,88,262,709,1076
E02005939,2580,10,84,215,425,637,1209
E02005940,2593,6,78,262,447,450,1350
E02005941,2835,48,191,318,560,468,1250
E02005942,2458,34,123,321,432,325,1223
E02005943,2516,9,41,168,352,731,1215
E02005944,2813,14,124,397,626,704,948
E02005945,3772,113,205,477,587,580,1810
E02005946,3306,30,125,292,468,746,1645
E02005947,2705,85,350,673,683,279,635
E02005948,2856,87,189,399,672,664,845
E02005949,2527,96,139,313,649,544,786
E02005950,4080,169,317,587,559,698,1750
E02005951,2592,32,220,421,457,557,905
E02005952,5317,49,257,687,1183,1074,2067
E02005953,2187,28,99,183,343,538,996
E02005954,3800,25,116,410,633,946,1670
E02005955,3936,28,121,436,991,1162,1198
E02005956,2390,8,88,348,438,717,791
E02005957,2692,11,57,434,941,799,450
E02005958,2301,8,29,173,465,518,1108
E02005959,2214,5,22,117,318,452,1300
E02005960,2422,0,65,207,417,511,1222
E02005961,2745,11,36,201,389,568,1540
E02005962,3285,6,32,101,292,832,2022
E02005963,3226,5,58,251,531,792,1589
E02005964,2934,3,24,104,354,690,1759
E02005965,2252,3,33,120,295,426,1375
E02005966,3173,2,17,181,1023,540,1410
E02005967,2265,7,30,169,445,579,1035
E02005968,2559,1,36,115,309,660,1438
E02005969,3901,12,103,438,684,740,1924
E02005970,2384,29,130,346,607,461,811
E02005971,2311,1,27,128,397,595,1163
E02005972,3210,7,38,110,458,603,1994
E02005973,2616,13,58,244,549,591,1161
E02005974,2641,25,80,277,468,512,1279
E02005975,3082,1,24,98,314,507,2138
E02005976,2278,7,20,74,160,261,1756
E02005977,2305,1,13,60,282,456,1493
E02005978,2739,3,30,95,326,422,1863
E02005979,3728,8,120,227,381,805,2187
E02005980,4005,2,58,238,599,805,2303
E02005981,3544,9,57,180,425,618,2255
E02005982,2450,15,78,151,423,511,1272
E02005983,4845,34,287,802,1160,806,1756
E02005984,2812,3,24,70,249,454,2012
E02005985,3201,10,53,296,474,1034,1334
E02005986,3822,8,106,319,758,854,1777
E02005987,3156,10,52,216,416,658,1804
E02005988,2918,2,15,144,386,927,1444
E02005991,4074,13,91,462,538,762,2208
E02005992,3748,8,51,256,530,729,2174
E02006886,4365,4,22,170,502,697,2970
E02005993,2815,9,54,203,619,586,1344
E02005994,2445,3,37,96,320,459,1530
E02005995,2511,5,17,113,318,448,1610
E02005996,3469,7,55,188,493,789,1937
E02005997,2419,4,20,114,317,497,1467
E02005998,2357,5,36,106,245,472,1493
E02005999,2510,7,17,64,345,541,1536
E02006000,4790,25,96,335,845,1071,2418
E02006001,2251,3,46,138,478,625,961
E02006002,4380,8,208,549,781,1106,1728
E02006003,2236,8,17,94,353,555,1209
E02006004,2446,6,34,121,388,463,1434
E02006005,3564,9,84,256,884,934,1397
E02006006,2321,6,55,177,441,593,1049
E02006007,2727,3,64,131,409,487,1633
E02006317,2509,1,33,163,387,561,1364
E02006318,2685,44,96,192,458,395,1500
E02006319,2824,4,69,433,576,836,906
E02006320,2787,10,52,461,639,736,889
E02006321,2451,6,49,136,574,337,1349
E02006322,2504,11,39,205,387,390,1472
E02006323,3063,14,223,424,725,441,1236
E02006324,2773,6,22,160,401,677,1507
E02006325,3226,4,25,132,318,300,2447
E02006326,2722,8,52,306,501,457,1398
E02006327,2662,5,53,178,629,401,1396
E02006328,4002,47,220,554,893,591,1697
E02006329,2638,16,49,200,419,349,1605
E02006330,3844,24,198,407,472,780,1963
E02006331,2788,11,17,150,336,470,1804
E02006332,2567,5,18,143,537,305,1559
E02006333,3765,8,64,320,538,714,2121
E02006334,3112,5,37,128,178,307,2457
E02006335,3187,16,70,228,520,624,1729
E02006336,2670,1,34,245,677,847,866
E02006337,3303,1,11,118,227,566,2380
E02006338,2638,4,11,114,329,772,1408
E02006339,3379,9,70,234,844,896,1326
E02006341,3846,22,109,513,611,801,1790
E02006342,3392,50,307,733,892,396,1014
E02006343,3239,5,9,75,448,632,2070
E02006837,4130,9,38,291,608,453,2731
E02006344,3291,3,43,161,420,570,2094
E02006345,2411,6,20,94,424,521,1346
E02006346,3862,3,24,120,365,599,2751
E02006347,3079,7,45,255,742,707,1323
E02006348,3456,5,33,174,517,1020,1707
E02006349,3106,16,133,308,526,812,1311
E02006350,2400,2,53,321,415,459,1150
E02006351,3404,17,157,456,534,508,1732
E02006352,2274,3,22,151,330,522,1246
E02006353,2612,13,63,292,513,767,964
E02006354,3599,19,90,258,548,399,2285
E02006355,2368,15,45,268,536,612,892
E02006356,4977,146,454,1146,1051,693,1487
E02006357,2636,9,31,214,529,622,1231
E02006358,2472,28,136,266,243,506,1293
E02006359,2559,19,78,325,404,302,1431
E02006360,3220,6,39,219,485,576,1895
E02006361,2247,8,26,75,271,431,1436
E02006362,2677,4,38,143,259,420,1813
E02006363,2340,23,53,140,283,377,1464
E02006364,3177,56,303,646,699,611,862
E02006365,2535,11,62,249,487,330,1396
E02006366,3112,3,49,113,330,543,2074
E02006367,2444,28,75,232,281,317,1511
E02006368,2396,13,51,190,281,415,1446
E02006369,2866,5,68,246,578,496,1473
E02006370,2646,20,109,309,426,464,1318
E02006371,3025,22,132,453,538,503,1377
E02006372,2703,11,120,302,587,779,904
E02006373,3039,5,47,242,393,584,1768
E02006374,2868,17,55,277,444,488,1587
E02006375,2381,6,32,90,269,377,1607
E02006376,3349,7,29,245,650,523,1895
E02006377,2287,3,9,78,232,465,1500
E02006378,3325,15,22,156,454,653,2025
E02006379,2519,6,63,374,725,720,631
E02006380,2798,6,43,116,373,378,1882
E02006381,2767,3,46,134,451,439,1694
E02006382,2574,8,58,283,544,770,911
E02006383,3836,16,59,368,829,563,2001
E02006384,4197,40,169,637,969,696,1686
E02006385,4284,45,300,834,913,676,1516
E02006386,3164,16,101,301,495,509,1742
E02006387,2585,7,26,206,441,610,1295
E02006388,3553,19,67,354,711,901,1501
E02006389,2747,4,29,186,450,576,1502
E02006390,3134,9,31,221,434,865,1574
E02006391,2336,16,36,96,372,470,1346
E02006392,3587,23,153,559,923,654,1275
E02006393,2709,21,112,474,526,476,1100
E02006394,3333,14,159,472,508,558,1622
E02006395,3800,11,144,451,629,1025,1540
E02006396,2426,6,70,264,575,508,1003
E02006397,2323,5,31,112,314,276,1585
E02006398,3348,31,187,541,767,764,1058
E02006399,4574,78,167,540,864,1088,1837
E02006400,2374,9,75,250,466,404,1170
E02006401,3958,37,149,513,808,897,1554
E02006402,3869,19,43,168,463,915,2261
E02006403,2622,119,219,441,475,735,633
E02006404,2476,39,48,230,578,786,795
E02006405,3995,4,79,316,787,942,1867
E02006406,3528,64,266,618,690,715,1175
E02006407,3584,7,85,336,694,919,1543
E02006408,3486,15,145,354,929,880,1163
E02006409,2712,6,68,312,467,852,1007
E02006410,3163,15,100,310,740,945,1053
E02006411,3033,15,31,239,639,653,1456
E02006412,2831,4,60,229,430,493,1615
E02006413,2496,13,91,266,354,677,1095
E02006414,2539,4,40,160,421,741,1173
E02006415,3047,16,70,285,601,665,1410
E02006416,3398,2,48,194,320,558,2276
E02006417,2332,8,117,194,303,542,1168
E02006418,2778,11,53,194,347,438,1735
E02006419,3079,15,44,289,506,682,1543
E02006420,2788,6,38,148,359,159,2078
E02006421,2998,2,50,119,328,442,2057
E02006422,2344,1,17,112,208,594,1412
E02006423,4111,9,142,599,788,760,1813
E02006424,2360,6,29,83,142,315,1785
E02006425,2354,2,27,167,284,617,1257
E02006426,2266,1,20,111,322,471,1341
E02006427,2738,4,55,206,454,614,1405
E02006429,3149,2,186,352,686,422,1501
E02006430,3473,8,72,266,792,789,1546
E02006431,4265,10,101,437,966,666,2085
E02006432,2193,3,43,229,261,316,1341
E02006433,3760,4,55,267,530,514,2390
E02006434,2358,3,42,167,374,544,1228
E02006435,2361,21,48,182,369,469,1272
E02006436,2386,8,37,194,449,584,1114
E02006437,3199,7,47,221,442,616,1866
E02006438,3151,15,64,184,444,567,1877
E02006790,3047,2,24,254,492,652,1623
E02006439,2490,4,53,250,391,530,1262
E02006440,2844,2,20,94,323,699,1706
E02006441,3296,21,118,482,757,623,1295
E02006442,2290,2,39,97,215,213,1724
E02006443,3141,12,86,394,633,873,1143
E02006444,2718,7,57,151,506,483,1514
E02006445,2995,18,87,400,553,557,1380
E02006446,2730,1,33,189,315,437,1755
E02006447,2412,17,35,109,241,496,1514
E02006448,2818,15,36,133,453,574,1607
E02006449,2894,2,33,254,508,526,1571
E02006450,2563,2,26,129,322,417,1667
E02006451,4372,26,53,413,615,782,2483
E02006453,3235,11,32,247,463,535,1947
E02006454,2766,9,56,208,489,445,1559
E02006455,2445,26,98,322,363,474,1162
E02006839,3271,13,62,290,367,391,2148
E02006456,3174,18,56,261,599,912,1328
E02006457,3615,6,30,214,393,442,2530
E02006458,3498,11,47,224,368,444,2404
E02006459,3618,30,193,662,723,984,1026
E02006460,3945,13,119,676,1104,999,1034
E02006461,2696,42,108,236,420,360,1530
E02006462,3339,6,76,353,594,847,1463
E02006463,4393,67,404,928,1105,691,1198
E02006464,2882,8,86,387,552,685,1164
E02006465,2509,15,116,203,327,317,1531
E02006466,3355,9,68,249,466,1129,1434
E02006467,2443,5,12,66,206,398,1756
E02006534,3544,0,38,166,529,1228,1583
E02006535,2829,2,9,90,411,802,1515
E02006536,2875,2,15,131,499,893,1335
E02006537,4304,15,108,557,1038,1292,1294
E02006538,4059,28,135,595,1000,845,1456
E02006539,3132,13,55,306,651,1110,997
E02006540,2589,27,75,280,621,841,745
E02006541,3625,18,161,574,993,909,970
E02006542,2629,8,44,226,497,561,1293
E02006543,2432,8,20,130,399,808,1067
E02006544,4128,11,60,205,660,1039,2153
E02006545,3458,15,90,310,780,1202,1061
E02006546,4201,7,48,314,709,1213,1910
E02006547,2300,3,43,136,418,617,1083
E02006548,4133,2,51,292,844,1303,1641
E02006549,2864,2,23,91,513,715,1520
E02006550,4118,4,36,284,756,1221,1817
E02006551,4049,7,58,323,1023,854,1784
E02006552,3462,111,366,882,738,562,803
E02006553,3139,2,42,226,809,1015,1045
E02006554,3140,3,64,274,624,715,1460
E02006555,3164,24,141,477,770,874,878
E02006556,3659,14,39,146,514,852,2094
E02006557,2828,36,134,341,486,798,1033
E02006558,4850,223,512,1437,1311,504,863
E02006559,3831,6,15,134,544,983,2149
E02006560,4321,6,44,249,1120,1453,1449
E02006561,2636,7,32,142,363,527,1565
E02006562,2387,0,41,100,255,334,1657
E02006563,2392,1,18,117,288,416,1552
E02006564,3424,11,85,357,693,844,1434
E02006565,3502,3,63,195,483,755,2003
E02006566,3356,14,38,166,479,711,1948
E02006567,3149,4,31,118,495,709,1792
E02006568,4791,47,156,693,1370,1116,1409
E02006569,3197,9,40,188,537,633,1790
E02006570,4130,69,207,816,915,886,1237
E02006571,3343,5,58,215,464,802,1799
E02006572,3807,7,65,358,664,936,1777
E02006573,4871,7,79,247,869,1061,2608
E02006574,4863,11,91,378,954,1279,2150
E02006575,2942,25,73,294,446,1030,1074
E02006576,3228,6,36,216,559,672,1739
E02006577,3301,18,113,455,659,775,1281
E02006578,4141,83,216,752,919,791,1380
E02006579,3269,20,127,385,440,807,1490
E02006580,3281,7,45,307,643,879,1400
E02006581,3650,50,237,542,720,725,1376
E02006582,3008,1,35,171,568,412,1821
E02006583,3809,12,76,462,774,714,1771
E02006584,2900,16,50,516,491,1127,700
E02006585,3096,7,26,220,416,1053,1374
E02006586,2662,16,51,215,258,1267,855
E02006587,3440,25,165,644,809,1017,780
E02006588,3198,45,196,404,577,584,1392
E02006589,4465,34,36,240,606,1011,2538
E02006590,3646,13,74,410,800,721,1628
E02006591,3428,24,122,400,676,801,1405
E02006592,2430,18,67,140,224,353,1628
E02006593,4697,81,232,854,961,868,1701
E02006594,2892,4,41,294,508,775,1270
E02006595,3154,16,37,121,338,392,2250
E02006596,3342,3,55,288,534,627,1835
E02006597,3945,9,78,324,625,933,1976
E02006598,2184,6,29,89,290,459,1311
E02006599,3049,2,20,59,236,389,2343
E02006600,4324,8,76,462,923,976,1879
E02006601,3464,11,72,305,577,676,1823
E02006602,2921,6,21,83,298,581,1932
E02006603,3784,26,100,203,660,842,1953
E02006604,5493,69,333,851,1083,1137,2020
E02006605,2429,4,47,120,280,461,1517
E02006606,3310,5,70,167,524,721,1823
E02006607,2981,4,40,117,365,571,1884
E02006608,2343,3,30,115,298,492,1405
E02006609,2729,9,46,169,303,496,1706
E02006610,2784,8,41,260,331,486,1658
E02006611,4165,2,43,203,500,921,2496
E02006612,4656,35,286,989,1170,660,1516
E02006613,3028,13,85,315,652,887,1076
E02006614,4149,11,87,375,602,807,2267
E02006615,2608,2,39,164,447,712,1244
E02006616,3264,0,27,184,579,955,1519
E02006617,3877,11,149,633,829,1010,1245
E02006618,2377,3,6,21,291,556,1500
E02006619,3192,11,56,184,443,698,1800
E02006620,4024,8,73,280,631,918,2114
E02006621,3330,4,15,132,557,849,1773
E02006622,3466,28,100,279,744,853,1462
E02006623,3340,3,31,299,878,1117,1012
E02006624,2862,10,49,119,413,384,1887
E02006625,3295,36,95,380,407,778,1599
E02006626,3001,5,45,247,573,1190,941
E02006627,3758,17,46,322,819,1076,1478
E02006628,3969,67,251,645,844,857,1305
E02006629,3391,67,173,425,639,905,1182
E02006630,4164,120,365,1184,1481,350,664
E02006631,4945,309,682,1331,1300,517,806
E02006632,3783,15,116,460,1011,648,1533
E02006633,3740,4,36,155,755,920,1870
E02002985,2176,4,49,189,273,618,1043
E02002986,2307,3,56,314,479,655,800
E02002987,2324,4,31,139,358,388,1404
E02002988,2412,9,37,252,400,633,1081
E02002989,2306,47,30,172,321,496,1240
E02002990,2828,41,255,449,553,536,994
E02002991,5472,125,498,1570,1235,673,1371
E02002992,2483,54,64,315,364,353,1333
E02002993,2666,57,256,660,582,344,767
E02002994,4279,11,65,249,462,739,2753
E02002995,2273,20,65,369,607,655,557
E02002996,3500,65,142,313,595,524,1861
E02002997,2216,6,33,134,333,609,1101
E02002998,2277,6,39,245,412,523,1052
E02002999,2327,3,31,188,442,718,945
E02003000,3830,4,32,194,410,666,2524
E02003001,2240,9,52,155,213,247,1564
E02003002,2336,5,72,222,460,452,1125
E02003003,2364,0,29,113,449,799,974
E02003004,2392,5,19,131,196,434,1607
E02003005,2479,2,14,105,169,352,1837
E02003006,3473,8,85,149,603,776,1852
E02003007,3371,1,30,185,469,870,1816
E02003008,2300,3,42,166,482,638,969
E02003009,2455,2,27,168,448,556,1254
E02003010,2299,1,26,84,382,820,986
E02003011,2130,1,11,132,273,572,1141
E02003172,2688,5,46,182,637,805,1013
E02003173,3027,0,32,244,978,997,776
E02003174,3486,4,61,243,757,917,1504
E02003175,3750,3,69,282,876,1053,1467
E02003176,2976,13,79,429,930,808,717
E02003177,3188,7,52,145,501,711,1772
E02003178,3417,25,92,335,661,957,1347
E02003179,2766,60,81,313,608,813,891
E02003180,3617,47,133,511,709,535,1682
E02003181,3341,32,77,272,543,490,1927
E02003182,2689,45,70,133,336,353,1752
E02003183,2765,32,109,241,496,249,1638
E02003184,3171,82,185,437,972,374,1121
E02003185,3035,15,31,221,644,633,1491
E02003186,3684,76,220,564,916,633,1275
E02003187,4015,65,271,580,968,687,1444
E02003188,5433,329,826,1525,1762,352,639
E02003189,3935,76,228,744,1148,451,1288
E02003190,5441,472,973,1564,1660,347,425
E02003191,3840,29,152,395,891,665,1708
E02003192,5008,316,522,1202,1746,666,556
E02006883,3204,146,367,828,1156,381,326
E02006885,3898,213,330,713,1613,551,478
E02003012,4806,12,119,468,1360,1119,1728
E02003013,4850,12,114,613,722,1941,1448
E02003014,3331,15,77,374,1053,781,1031
E02003015,2436,6,46,166,503,497,1218
E02003016,3059,25,102,371,566,1052,943
E02003017,2736,10,63,313,519,447,1384
E02003018,2393,6,30,214,205,704,1234
E02003019,3995,37,108,369,644,1305,1532
E02003020,2504,6,29,158,283,248,1780
E02003021,2670,17,75,204,293,685,1396
E02003022,2389,1,9,49,145,324,1861
E02003023,2630,1,38,298,586,532,1175
E02003024,3599,26,141,447,720,705,1560
E02003025,2726,16,40,337,383,747,1203
E02003026,3241,7,61,161,467,448,2097
E02003027,4578,51,218,430,507,744,2628
E02003028,3430,92,176,346,587,429,1800
E02003029,2448,12,79,184,256,888,1029
E02003030,3088,52,177,432,565,722,1140
E02003031,4083,155,345,597,618,454,1914
E02003032,3083,13,100,395,445,927,1203
E02003033,3613,93,298,670,927,384,1241
E02003034,5569,145,644,1246,1192,1069,1273
E02003036,3913,450,517,917,869,380,780
E02003037,4038,110,384,868,1156,580,940
E02003038,2795,27,100,306,437,919,1006
E02003039,3518,33,193,470,620,1108,1094
E02003040,4392,101,343,656,1101,1327,864
E02003041,2979,59,248,607,917,407,741
E02003043,4647,225,942,1129,946,481,924
E02003044,2513,6,73,228,343,927,936
E02003045,2988,60,344,570,806,367,841
E02003046,4107,9,125,446,814,1372,1341
E02003047,4474,30,274,748,760,860,1802
E02003048,3212,32,239,608,656,803,874
E02003049,3122,11,69,286,518,952,1286
E02003050,4322,37,465,1047,921,1038,814
E02003051,2831,15,82,328,500,936,970
E02003052,2835,12,51,169,402,988,1213
E02003053,3342,32,102,324,259,704,1921
E02003054,2698,26,96,334,273,611,1358
E02003055,3118,12,54,225,226,1672,929
E02003056,2841,6,43,296,404,1493,599
E02003057,2434,13,61,189,176,810,1185
E02003058,3836,14,94,431,739,1251,1307
E02003059,2374,10,34,135,416,832,947
E02003060,4591,10,80,569,577,1259,2096
E02003061,2481,5,41,232,689,757,757
E02003062,2435,10,42,411,475,800,697
E02003063,2947,0,7,57,335,1146,1402
E02003064,2834,17,54,400,850,866,647
E02006887,3380,182,683,1159,937,258,161
E02006888,2857,75,198,583,589,742,670
E02006889,3015,83,272,680,950,657,373
E02006890,3621,92,188,483,742,1101,1015
E02003892,2769,4,39,159,512,641,1414
E02003893,2819,2,23,124,433,612,1625
E02003894,3479,6,64,182,781,880,1566
E02003895,3379,7,45,199,667,902,1559
E02003896,2608,14,98,286,530,702,978
E02003897,2228,3,14,45,244,535,1387
E02003898,2879,3,27,120,428,564,1737
E02003899,2372,0,27,212,538,701,894
E02003900,3090,5,24,182,526,968,1385
E02003901,3369,5,40,227,638,746,1713
E02003902,2383,2,36,211,507,712,915
E02003903,2872,4,40,196,611,811,1210
E02003904,2509,4,72,221,521,652,1039
E02003905,2556,3,34,117,492,616,1294
E02003906,2362,5,56,176,400,482,1243
E02003907,3404,7,61,270,634,819,1613
E02003908,3387,16,40,200,781,945,1405
E02003909,3914,11,49,280,847,1104,1623
E02003910,3002,41,122,593,555,516,1175
E02003911,3594,5,41,147,356,694,2351
E02003912,3496,6,45,214,463,788,1980
E02003913,2564,15,26,127,312,492,1592
E02003914,3146,19,154,399,725,929,920
E02003915,3308,22,103,363,778,957,1085
E02003916,3034,160,174,359,570,528,1243
E02003917,3167,7,54,139,609,951,1407
E02003918,2969,3,25,151,639,767,1384
E02003919,2998,31,102,405,781,750,929
E02003920,3093,19,114,256,650,785,1269
E02003921,2517,4,21,153,525,752,1062
E02003922,3262,17,67,277,692,919,1290
E02003923,3090,15,146,237,689,828,1175
E02003924,3123,20,51,438,566,767,1281
E02003925,2892,3,31,142,609,829,1278
E02003926,3117,6,17,124,374,736,1860
E02003927,3674,12,51,188,580,854,1989
E02003928,4916,3,106,399,1023,1332,2053
E02003929,2957,15,37,177,457,769,1502
E02003930,3600,7,43,223,483,835,2009
E02003931,4484,39,105,407,924,1110,1899
E02003932,2853,4,19,104,383,560,1783
E02003933,3078,7,69,202,472,678,1650
E02003934,2734,8,53,126,382,610,1555
E02003935,3926,15,121,422,791,911,1666
E02003936,3414,5,29,117,459,740,2064
E02003937,2396,6,37,142,381,542,1288
E02003938,2810,7,50,152,514,671,1416
E02003939,2955,20,103,296,541,705,1290
E02003940,2553,7,35,95,313,567,1536
E02003941,3098,12,103,291,495,801,1396
E02003942,3148,8,94,385,600,988,1073
E02003943,3445,29,199,373,683,840,1321
E02003944,4031,16,93,324,757,1185,1656
E02003945,2656,10,89,197,465,665,1230
E02003946,3714,7,64,230,650,912,1851
E02003947,2753,3,44,150,446,649,1461
E02003948,3685,58,117,292,935,968,1315
E02003949,3472,59,357,621,845,684,906
E02003950,2429,14,61,183,487,586,1098
E02003951,2920,8,73,187,596,801,1255
E02003952,2853,8,118,349,545,670,1163
E02003953,4232,14,78,258,912,989,1981
E02003954,3091,63,266,625,572,461,1104
E02003955,4032,22,159,432,846,1060,1513
E02003956,2884,13,50,195,484,864,1278
E02003957,4192,9,78,245,753,1140,1967
E02003958,3180,5,31,151,593,922,1478
E02003959,2841,3,44,162,602,965,1065
E02003960,2577,4,32,133,449,612,1347
E02003961,3866,0,58,195,562,1165,1886
E02003962,2587,25,54,165,401,631,1311
E02003963,4195,24,134,531,907,1072,1527
E02003964,3407,12,48,167,576,742,1862
E02006781,989,20,74,109,179,186,421
E02003065,3960,16,97,614,822,695,1716
E02003066,2613,1,5,123,286,410,1788
E02003067,3174,3,68,283,494,553,1773
E02003068,2671,2,24,114,367,660,1504
E02003069,2390,6,25,174,386,380,1419
E02003070,4942,9,55,189,524,830,3335
E02003071,3521,22,147,417,686,704,1545
E02003072,4127,55,54,274,553,1014,2177
E02003073,2651,2,6,64,191,516,1872
E02003074,3448,9,117,263,680,846,1533
E02003075,2288,1,4,57,146,389,1691
E02003076,3761,4,66,137,451,803,2300
E02003077,2491,4,30,97,299,400,1661
E02003078,2756,6,33,139,314,503,1761
E02003079,3905,2,46,205,720,864,2068
E02003080,3917,8,46,260,693,1429,1481
E02003081,4126,4,28,264,523,960,2347
E02003082,4453,101,310,799,1393,632,1218
E02003084,4665,86,300,1012,1290,561,1416
E02003085,3307,7,75,409,1219,739,858
E02003086,2810,46,111,438,719,329,1167
E02003087,4029,6,21,185,723,964,2130
E02003088,3451,5,41,184,360,520,2341
E02003089,2532,1,13,92,532,692,1202
E02006845,3352,2,88,207,859,907,1289
E02006846,2887,18,77,295,817,772,908
E02003122,2843,3,28,132,359,652,1669
E02003123,3508,2,31,382,999,1097,997
E02003124,3333,6,42,390,976,978,941
E02003125,2648,3,35,434,696,639,841
E02003126,2909,16,98,329,433,1108,925
E02003127,3060,5,25,231,658,997,1144
E02003128,3823,5,50,568,1055,1129,1016
E02003129,2760,7,59,248,373,772,1301
E02003130,4392,6,41,377,1012,1531,1425
E02003131,3193,2,25,254,849,1206,857
E02003132,3398,13,56,273,565,812,1679
E02003133,3012,2,24,125,529,974,1358
E02003134,2735,3,22,265,325,1182,938
E02003135,3008,3,30,232,1005,997,741
E02003136,3286,3,41,231,518,752,1741
E02003137,3125,13,65,180,357,411,2099
E02003138,3138,11,40,251,340,606,1890
E02003139,2544,1,14,49,512,766,1202
E02003140,3126,0,19,111,450,878,1668
E02003141,3690,25,185,626,801,834,1219
E02003142,3877,6,71,469,724,1209,1398
E02003143,3295,11,49,297,703,780,1455
E02003144,3257,56,272,725,565,331,1308
E02003145,3049,32,245,434,554,401,1383
E02003146,3522,31,140,494,637,647,1573
E02003147,3579,43,269,827,1261,723,456
E02003148,4376,158,635,1377,1193,447,566
E02003149,4158,67,276,907,1024,709,1175
E02003150,6100,170,749,1884,1615,739,943
E02003151,3213,0,6,107,393,892,1815
E02003152,3971,11,64,218,542,1065,2071
E02003153,3379,24,25,253,646,939,1492
E02003194,2440,1,16,102,303,459,1559
E02003195,2176,4,30,154,324,666,998
E02003196,4197,5,35,120,475,839,2723
E02003197,2809,0,29,280,533,716,1251
E02003198,2898,14,63,277,628,869,1047
E02003199,3986,9,45,321,1020,1287,1304
E02003200,4139,3,39,327,1070,1339,1361
E02003201,4458,18,107,579,923,1248,1583
E02003202,2671,39,73,323,689,511,1036
E02003203,3173,6,76,283,740,838,1230
E02003204,3781,22,76,448,870,843,1522
E02003205,3354,4,34,197,452,1014,1653
E02003206,4077,60,81,333,791,670,2142
E02003207,2861,6,21,321,592,1066,855
E02003208,5025,67,290,1097,1621,819,1131
E02003209,2686,10,102,361,518,815,880
E02003210,4386,35,81,499,1048,712,2011
E02003211,4413,5,46,317,1320,983,1742
E02003090,2802,3,37,120,360,495,1787
E02003091,2756,6,41,177,300,674,1558
E02003092,2801,2,12,79,241,446,2021
E02003093,2726,5,32,109,212,444,1924
E02003094,3319,14,36,143,486,660,1980
E02003095,2723,1,33,117,351,521,1700
E02003096,2719,4,61,216,555,817,1066
E02003097,2681,13,19,131,308,628,1582
E02003098,4145,18,132,347,1173,682,1793
E02003099,2842,11,41,102,412,1103,1173
E02003100,4514,13,62,333,776,1449,1881
E02003101,4289,7,125,407,1075,829,1846
E02003102,2577,0,8,77,207,547,1738
E02003103,2793,4,23,95,309,1409,953
E02003104,3196,6,35,185,445,1038,1487
E02003105,2554,7,27,144,235,544,1597
E02003106,3596,6,69,212,692,681,1936
E02003107,4514,26,169,444,587,1066,2222
E02003108,3813,15,74,270,535,944,1975
E02003109,2445,0,9,85,155,440,1756
E02003110,3998,4,23,82,632,770,2487
E02003111,2689,2,63,298,313,441,1572
E02003112,2635,9,66,237,375,796,1152
E02003113,4161,6,35,193,476,731,2720
E02003114,3133,13,64,346,481,936,1293
E02003115,3994,22,129,491,595,1298,1459
E02003116,3264,11,78,397,622,985,1171
E02003117,3615,11,137,372,539,1009,1547
E02003118,4250,9,80,417,781,1139,1824
E02003119,4163,7,32,257,875,1119,1873
E02003120,3531,8,55,235,395,822,2016
E02003121,4300,12,83,228,746,1003,2228
E02003212,3607,8,37,332,624,905,1701
E02003214,2745,9,44,311,995,774,612
E02003215,3068,11,79,189,543,796,1450
E02003216,3911,8,70,326,627,1037,1843
E02003217,2775,4,61,378,415,798,1119
E02003218,2596,18,55,291,275,880,1077
E02003219,2536,3,13,74,212,378,1856
E02003220,4321,18,99,340,659,959,2246
E02003221,2872,28,115,349,554,1005,821
E02003222,2525,9,25,177,594,404,1316
E02003223,4306,16,110,485,999,1375,1321
E02003224,3814,8,48,168,705,1173,1712
E02003225,2552,13,107,227,572,490,1143
E02003226,3345,52,308,669,688,909,719
E02003227,2789,15,108,475,711,895,585
E02003228,2698,15,85,166,335,754,1343
E02003229,2300,9,57,113,556,425,1140
E02003230,3548,69,343,515,697,963,961
E02003231,3445,18,73,298,808,1264,984
E02003232,3522,33,194,451,597,524,1723
E02003233,3838,13,68,589,756,1228,1184
E02003234,3615,13,52,352,488,1202,1508
E02003235,3349,7,90,318,527,567,1840
E02003236,4403,11,49,259,580,1100,2404
E02006847,3551,4,49,267,652,566,2013
E02006848,2892,6,98,474,664,539,1111
E02006849,3437,2,29,143,579,630,2054
E02003154,3038,2,49,184,657,1094,1052
E02003155,2568,24,98,357,472,505,1112
E02003156,3944,2,48,254,927,1067,1646
E02003157,2819,81,154,406,570,580,1028
E02003158,2529,5,70,332,614,548,960
E02003159,2449,14,98,274,458,554,1051
E02003161,3553,146,462,917,955,446,627
E02003163,4109,99,224,718,1180,564,1324
E02003164,3821,5,57,268,691,956,1844
E02003165,3038,18,25,179,557,911,1348
E02003166,4349,19,61,340,991,1469,1469
E02003167,4448,96,462,940,1265,671,1014
E02003168,3081,15,75,318,618,817,1238
E02003169,3027,2,16,69,484,880,1576
E02003170,4500,19,131,518,1060,1152,1620
E02003171,3236,10,48,213,855,839,1271
E02006840,4501,36,116,272,709,1187,2181
E02006634,3533,2,39,154,445,570,2323
E02006635,3415,10,96,351,665,683,1610
E02006636,3059,6,40,181,538,569,1725
E02006637,4505,5,97,289,969,1094,2051
E02006638,3076,8,118,443,656,524,1327
E02006639,3391,6,19,117,445,654,2150
E02006640,2941,0,22,83,406,546,1884
E02006641,2968,5,23,137,451,581,1771
E02006642,2412,0,7,71,353,552,1429
E02006643,4512,9,83,281,1193,1349,1597
E02006644,2782,8,17,98,393,527,1739
E02006645,2992,5,52,161,498,649,1627
E02006646,2242,2,16,103,244,413,1464
E02006647,2337,4,11,52,153,277,1840
E02006648,2398,1,41,83,384,407,1482
E02006649,2979,28,103,216,588,726,1318
E02006650,4387,3,43,121,799,838,2583
E02006651,2760,6,25,89,233,401,2006
E02006652,3703,1,41,190,508,724,2239
E02006653,3989,2,21,201,665,928,2172
E02006654,4291,28,163,664,1007,965,1464
E02006655,2703,2,9,63,213,464,1952
E02006656,2867,10,71,187,632,534,1433
E02006657,3951,6,48,327,777,1072,1721
E02006658,3162,7,52,198,537,781,1587
E02006659,2997,2,24,138,489,685,1659
E02006660,5481,14,84,382,916,1166,2919
E02006661,2808,2,26,82,528,749,1421
E02006662,2367,0,22,94,313,807,1131
E02006663,4264,11,46,236,993,1019,1959
E02006664,2683,1,17,43,348,603,1671
E02006665,2953,1,27,135,449,706,1635
E02006666,2338,2,21,146,419,537,1213
E02006667,2509,7,27,178,663,716,918
E02006668,2517,21,38,177,358,502,1421
E02006669,4358,5,75,250,733,970,2325
E02006670,3068,25,170,489,628,673,1083
E02006671,2791,39,111,337,706,518,1080
E02006672,2728,22,35,152,359,630,1530
E02006673,2435,12,55,370,442,422,1134
E02006674,2425,4,60,210,509,627,1015
E02006675,3229,6,37,84,329,543,2230
E02006676,2658,8,27,152,406,594,1471
E02006677,3201,8,23,116,377,679,1998
E02006678,3033,2,28,120,469,1001,1413
E02006679,3872,5,21,144,483,699,2520
E02006680,3251,23,101,270,704,558,1595
E02006681,2538,6,24,75,324,401,1708
E02006682,4286,22,93,304,606,911,2350
E02006683,3094,4,55,159,396,575,1905
E02006684,2778,31,213,390,505,705,934
E02006685,3234,14,84,228,525,630,1753
E02006686,2130,0,18,89,309,537,1177
E02006687,3017,3,97,202,628,801,1286
E02006688,2447,30,36,124,414,736,1107
E02006689,2584,3,29,64,224,440,1824
E02006690,2865,5,21,121,376,561,1781
E02006691,5595,15,136,427,1220,1400,2397
E02006692,2290,7,40,149,569,608,917
E02006693,2462,4,50,135,446,676,1151
E02006694,2791,18,87,361,618,624,1083
E02006695,2762,2,19,88,327,526,1800
E02004129,2363,0,18,70,371,470,1434
E02004130,2873,16,91,279,777,752,958
E02004131,2421,0,9,86,504,719,1103
E02004132,3349,3,20,104,423,679,2120
E02004133,3711,10,61,263,719,997,1661
E02004134,2810,6,16,119,332,631,1706
E02004135,3604,6,34,87,482,731,2264
E02004136,3398,6,40,143,469,722,2018
E02004137,2375,4,20,109,291,458,1493
E02004138,3564,4,78,409,880,836,1357
E02004139,3032,3,25,177,639,862,1326
E02004140,2606,3,38,220,615,508,1222
E02004141,2472,2,9,102,396,567,1396
E02004142,2224,3,17,84,295,431,1394
E02004143,2679,0,12,120,432,801,1314
E02004144,2973,3,12,104,693,721,1440
E02004145,2896,6,33,206,491,610,1550
E02004146,3043,1,27,232,659,798,1326
E02004147,3328,57,209,484,818,689,1071
E02004148,3350,20,87,423,881,621,1318
E02004149,2681,8,33,162,384,540,1554
E02004150,2835,28,69,285,588,863,1002
E02004151,3284,3,30,180,514,917,1640
E02004152,2986,88,272,534,512,367,1213
E02004153,3219,4,90,265,958,1072,830
E02004154,3183,49,100,327,497,728,1482
E02004155,3305,3,41,354,928,689,1290
E02004156,4766,190,736,1478,1072,578,712
E02004157,2993,44,151,465,576,519,1238
E02004158,3317,24,106,307,550,995,1335
E02004159,3939,6,38,265,743,1039,1848
E02004160,3030,15,47,194,474,937,1363
E02004161,3313,9,64,447,727,1047,1019
E02004162,3247,14,120,426,739,773,1175
E02004163,3144,11,53,280,589,717,1494
E02004164,2747,9,14,108,272,507,1837
E02004165,3433,3,41,139,575,917,1758
E02004166,2715,9,46,166,427,555,1512
E02004167,3015,17,87,318,770,908,915
E02004168,2734,12,130,306,630,632,1024
E02004169,2858,6,20,114,376,597,1745
E02004170,3223,5,70,269,649,851,1379
E02004171,3144,4,24,119,530,624,1843
E02004172,2571,8,23,107,376,528,1529
E02004173,2922,3,25,93,374,593,1834
E02004174,3396,23,99,372,665,844,1393
E02004175,2491,9,119,454,494,508,907
E02004176,2421,6,38,158,401,478,1340
E02004177,2541,11,75,306,523,525,1101
E02004178,2260,8,28,121,282,453,1368
E02004179,3717,15,56,234,692,1023,1697
E02004180,2273,1,19,71,250,378,1554
E02004181,2571,7,56,357,434,726,991
E02004182,2896,37,154,634,493,794,784
E02004183,2654,50,61,260,478,608,1197
E02004184,3532,14,67,258,787,936,1470
E02004185,2510,2,16,75,360,674,1383
E02004186,3426,4,28,113,629,893,1759
E02004187,3966,14,69,209,647,973,2054
E02004188,2743,5,25,141,422,576,1574
E02004189,2417,4,44,160,518,517,1174
E02004190,3285,6,45,178,508,725,1823
E02004191,3848,17,115,491,938,996,1291
E02004192,3230,12,41,134,441,745,1857
E02004193,4741,6,42,291,717,1186,2499
E02004194,2655,10,43,139,421,549,1493
E02004195,2635,9,67,315,669,650,925
E02004196,3111,3,26,203,451,658,1770
E02004197,2874,6,36,136,423,620,1653
E02004198,2980,16,91,410,620,720,1123
E02004199,2550,8,32,123,335,654,1398
E02004200,2532,10,30,216,410,510,1356
E02004201,2231,6,33,106,312,444,1330
E02004202,3332,5,48,209,573,798,1699
E02004203,2425,2,28,98,302,470,1525
E02004204,4038,8,83,232,732,1051,1932
E02004205,2759,6,51,230,475,713,1284
E02004206,3216,13,160,476,764,584,1219
E02004207,2534,4,28,127,569,574,1232
E02004208,3423,7,35,173,636,852,1720
E02004209,3553,5,27,240,824,1000,1457
E02004210,3268,20,230,602,887,544,985
E02004211,2946,5,43,171,484,586,1657
E02004212,2494,3,43,213,427,708,1100
E02004213,2049,5,14,64,468,469,1029
E02004214,2821,15,149,488,763,720,686
E02004215,2390,15,112,262,455,536,1010
E02004216,2383,1,14,102,375,697,1194
E02004217,3382,7,85,279,739,885,1387
E02004218,2462,5,30,123,467,574,1263
E02004219,2297,6,21,73,356,578,1263
E02004220,3027,5,40,188,825,838,1131
E02004221,2767,13,66,151,471,578,1488
E02004222,2762,13,128,387,533,589,1112
E02004223,4793,29,63,315,1036,1499,1851
E02004224,2640,2,33,92,359,535,1619
E02004225,2438,2,47,150,483,729,1027
E02004226,3047,0,15,66,439,630,1897
E02004227,3682,6,58,175,522,778,2143
E02004228,2830,1,33,83,300,555,1858
E02004229,3272,4,39,149,486,698,1896
E02004230,3242,10,62,293,653,806,1418
E02004231,2710,7,19,124,366,632,1562
E02004232,2639,7,18,100,357,505,1652
E02004233,5467,12,128,548,1103,1195,2481
E02004234,2630,4,18,115,308,593,1592
E02004235,2765,5,30,198,439,553,1540
E02004236,2440,2,14,105,406,777,1136
E02004237,3105,1,46,130,507,848,1573
E02004238,3503,24,127,328,742,801,1481
E02004239,2627,1,21,98,592,774,1141
E02004240,2576,22,166,342,520,751,775
E02004241,4132,34,215,606,986,854,1437
E02004242,3092,4,51,182,628,790,1437
E02004243,2605,3,16,68,382,639,1497
E02004244,3096,10,19,98,454,880,1635
E02004245,2965,5,43,109,498,581,1729
E02004246,3040,0,17,74,364,518,2067
E02004247,2373,3,9,52,240,464,1605
E02004248,3492,7,45,211,941,921,1367
E02004249,2223,4,14,57,249,404,1495
E02004250,3569,21,103,288,823,961,1373
E02004251,2757,1,7,63,553,876,1257
E02004252,3422,18,132,495,878,774,1125
E02004253,3944,9,20,168,581,767,2399
E02004254,4078,8,38,120,626,1136,2150
E02004255,3399,4,78,246,834,785,1452
E02004256,3769,4,38,126,541,733,2327
E02004257,3235,22,127,305,560,808,1413
E02004258,4545,2,70,310,681,1064,2418
E02004259,2759,5,24,115,337,516,1762
E02004260,3328,5,24,159,430,871,1839
E02004261,4438,32,170,579,959,1052,1646
E02004262,3197,2,18,119,369,644,2045
E02004263,2463,5,42,163,350,613,1290
E02004264,3372,6,43,223,720,1068,1312
E02004265,3690,12,58,253,708,1018,1641
E02004266,3313,4,28,166,677,892,1546
E02004267,2241,3,21,114,273,418,1412
E02004268,4504,13,135,437,1154,1014,1751
E02004269,4213,9,50,433,867,1087,1767
E02004270,3226,7,18,110,338,607,2146
E02004271,4408,12,43,209,710,959,2475
E02004272,4925,6,39,222,735,1103,2820
E02004273,3338,10,51,266,577,713,1721
E02004274,3001,24,40,368,607,800,1162
E02004275,3366,3,24,96,448,843,1952
E02004276,2813,8,87,388,753,604,973
E02004277,4573,27,163,781,901,866,1835
E02004278,3876,9,70,424,550,941,1882
E02004279,3323,4,20,131,595,787,1786
E02004280,3324,5,42,197,593,819,1668
E02004281,3176,12,80,411,817,834,1022
E02004282,3912,7,46,221,566,803,2269
E02004283,3709,10,43,256,561,952,1887
E02004284,4743,56,349,1035,1267,807,1229
E02004285,3299,10,118,439,714,733,1285
E02004286,2122,6,38,118,364,494,1102
E02004287,2399,3,11,169,371,655,1190
E02004288,2094,15,44,167,446,535,887
E02004289,3081,9,33,109,718,891,1321
E02004600,2451,5,69,172,476,726,1003
E02004601,2341,3,49,81,290,406,1512
E02004602,2771,4,56,289,665,939,818
E02004603,2958,33,210,408,551,696,1060
E02004604,3437,16,62,552,984,833,990
E02004605,2443,6,45,319,564,663,846
E02004606,4147,18,169,531,780,953,1696
E02004607,4794,127,404,962,1024,641,1636
E02004608,5072,183,509,1179,1348,716,1137
E02004609,3125,2,43,156,590,637,1697
E02004610,3618,22,102,515,851,567,1561
E02004611,4586,7,73,213,657,917,2719
E02004612,4155,3,43,182,922,1124,1881
E02004613,2755,21,34,165,272,473,1790
E02004614,2276,1,35,106,256,454,1424
E02004615,3589,1,25,194,545,721,2103
E02004616,4055,6,51,279,691,903,2125
E02004617,3428,8,45,205,463,726,1981
E02004618,2990,3,31,95,307,562,1992
E02004619,3171,4,29,142,412,575,2009
E02004620,3149,2,47,183,332,772,1813
E02004621,3103,24,128,651,754,645,901
E02004622,2798,3,41,268,598,704,1184
E02004623,3451,7,24,161,580,705,1974
E02004624,2488,1,24,86,357,527,1493
E02004625,4014,8,70,249,554,877,2256
E02004626,3645,4,43,115,257,594,2632
E02004627,2302,5,41,160,366,587,1143
E02004628,3201,4,33,154,500,880,1630
E02004629,5333,17,126,450,1090,1532,2118
E02004630,2605,12,30,120,287,454,1702
E02004631,2130,0,18,79,241,453,1339
E02004632,4362,4,87,405,837,1135,1894
E02004633,3423,4,35,156,509,887,1832
E02004634,4263,4,96,291,772,1056,2044
E02004635,2903,4,17,132,345,639,1766
E02004636,3272,8,53,109,395,790,1917
E02004637,3965,53,312,734,786,611,1469
E02004638,2285,3,15,60,263,435,1509
E02004639,3935,129,526,997,709,542,1032
E02004640,2987,30,137,352,600,782,1086
E02004641,3260,3,12,135,489,976,1645
E02004642,4580,4,66,238,491,1350,2431
E02004643,3000,26,85,303,481,1063,1042
E02004644,3547,6,75,302,631,1119,1414
E02004645,3941,24,48,186,787,748,2148
E02004646,3782,9,96,544,874,1071,1188
E02004647,2423,3,27,185,443,695,1070
E02004648,2549,2,28,127,629,882,881
E02004649,2812,5,61,228,654,518,1346
E02004650,4025,8,78,258,1021,1132,1528
E02004651,3173,9,87,246,460,639,1732
E02004652,2828,5,22,120,300,439,1942
E02004653,2569,10,22,114,250,506,1667
E02004654,4731,9,58,479,730,1188,2267
E02004655,3193,8,76,229,747,775,1358
E02004656,4967,43,191,667,992,1213,1861
E02004657,2860,1,28,123,466,660,1582
E02004658,2681,0,18,123,470,530,1540
E02004659,2640,0,15,119,369,573,1564
E02004660,2760,3,31,123,334,486,1783
E02004661,3573,6,26,282,640,773,1846
E02004662,2540,2,29,153,410,536,1410
E02004663,2827,5,56,349,478,565,1374
E02004664,2909,6,65,266,607,658,1307
E02004665,3543,14,58,279,422,647,2123
E02004666,4600,2,47,275,770,1346,2160
E02004667,4819,36,186,567,1124,983,1923
E02004668,3684,8,29,164,548,718,2217
E02004669,2731,4,34,95,242,375,1981
E02004670,5574,3,66,392,1169,1267,2677
E02004671,2480,9,25,124,310,341,1671
E02004672,5251,12,109,366,802,1155,2807
E02004673,2351,4,15,125,463,518,1226
E02004674,3636,4,54,219,565,1174,1620
E02006047,3418,14,47,111,473,639,2134
E02006048,2714,8,41,160,302,637,1566
E02006049,3167,2,21,82,587,759,1716
E02006050,3613,27,154,544,709,818,1361
E02006051,3099,7,32,142,362,566,1990
E02006052,3187,11,46,145,525,654,1806
E02006053,3848,10,81,344,668,1071,1674
E02006054,3699,17,84,411,838,887,1462
E02006055,3744,21,97,418,802,900,1506
E02006056,3068,5,19,152,431,648,1813
E02006057,3410,25,128,412,683,721,1441
E02006058,3085,2,23,114,295,675,1976
E02006059,2673,9,25,107,191,429,1912
E02006060,3432,11,143,481,800,734,1263
E02006061,3791,12,63,287,557,610,2262
E02006062,4423,11,49,141,607,893,2722
E02006063,2748,2,11,80,191,366,2098
E02006064,3740,30,94,550,783,760,1523
E02006065,3743,10,59,356,816,958,1544
E02006066,3309,2,24,123,470,834,1856
E02006067,2972,4,28,148,344,594,1854
E02006068,3092,8,56,217,688,952,1171
E02006069,4435,36,213,600,1114,1097,1375
E02006070,2955,5,47,178,736,846,1143
E02006071,3408,3,22,137,345,717,2184
E02006072,3758,1,24,122,337,692,2582
E02006073,2960,35,109,309,559,804,1144
E02006074,3467,1,30,185,422,931,1898
E02006075,2099,6,44,136,250,409,1254
E02006076,3660,7,28,196,580,677,2172
E02006077,2444,2,31,131,386,621,1273
E02006078,2410,5,29,130,336,502,1408
E02006079,3114,7,65,225,570,708,1539
E02006080,2502,1,18,94,384,539,1466
E02006081,2253,2,13,89,232,424,1493
E02006082,2840,5,38,172,462,683,1480
E02006083,2504,3,25,152,516,570,1238
E02006084,3165,3,22,130,454,735,1821
E02006085,2549,2,29,132,477,852,1057
E02006086,2706,6,35,130,328,610,1597
E02006087,2640,8,100,207,654,961,710
E02006088,3149,34,100,365,561,929,1160
E02006089,2939,26,227,625,590,505,966
E02006090,2985,6,65,254,569,732,1359
E02006091,4254,1,37,185,618,1018,2395
E02006092,2659,5,60,146,392,605,1451
E02006093,3747,5,58,275,595,885,1929
E02006094,2357,7,16,101,370,568,1295
E02006095,3585,3,71,274,778,930,1529
E02006096,2849,5,46,221,494,778,1305
E02006097,2933,9,91,415,643,760,1015
E02006098,3158,8,30,149,359,576,2036
E02006099,2736,1,31,130,304,597,1673
E02006100,2955,9,40,190,366,522,1828
E02006101,2420,3,39,123,429,438,1388
E02006102,3083,3,71,318,677,858,1156
E02006103,3079,10,29,137,328,670,1905
E02006104,3264,14,65,232,695,659,1599
E02006105,4680,49,254,672,874,942,1889
E02006106,2991,2,37,216,673,756,1307
E02006107,3458,9,75,433,894,888,1159
E02006108,4029,77,236,656,911,721,1428
E02006109,3355,5,27,100,451,766,2006
E02006110,3441,16,83,484,679,912,1267
E02006111,4322,9,33,163,625,1031,2461
E02006112,3094,10,30,178,328,451,2097
E02006113,3340,30,82,421,768,675,1364
E02006114,2887,6,48,157,681,742,1253
E02006115,3254,4,37,278,619,892,1424
E02006116,3519,5,29,127,420,732,2206
E02006117,2623,28,30,128,385,551,1501
W02000001,3793,4,50,172,580,882,2105
W02000002,2916,8,22,93,355,621,1817
W02000003,4673,16,62,423,864,1368,1940
W02000004,3241,2,9,88,420,886,1836
W02000005,3997,1,45,175,571,945,2260
W02000006,2847,0,28,145,385,711,1578
W02000007,3003,2,22,134,504,787,1554
W02000008,2789,6,21,174,419,660,1509
W02000009,3335,5,27,118,579,911,1695
W02000010,2785,25,102,298,556,589,1215
W02000011,3011,24,38,134,393,876,1546
W02000012,3546,5,54,156,601,866,1864
W02000013,2720,6,42,129,434,667,1442
W02000014,2949,7,31,114,502,809,1486
W02000015,3508,6,46,269,531,877,1779
W02000016,2767,3,29,162,426,689,1458
W02000017,3335,5,31,131,590,873,1705
W02000018,2997,5,43,168,612,813,1356
W02000019,3218,2,55,229,493,762,1677
W02000020,2958,1,31,125,433,667,1701
W02000021,3654,12,53,237,609,922,1821
W02000022,2881,8,46,127,524,716,1460
W02000023,2698,46,27,139,340,586,1560
W02000024,2556,3,25,149,376,620,1383
W02000025,3160,16,90,274,571,656,1553
W02000026,3730,13,56,194,747,858,1862
W02000027,4228,78,246,904,1146,597,1257
W02000028,3043,2,21,214,602,762,1442
W02000029,2806,0,15,81,593,672,1445
W02000030,3002,10,56,453,636,508,1339
W02000031,3606,1,19,169,787,1200,1430
W02000032,3539,3,11,166,635,850,1874
W02000033,3002,24,113,496,670,405,1294
W02000034,3258,5,56,367,492,564,1774
W02000035,3763,2,23,209,625,901,2003
W02000036,4986,10,70,368,1235,1230,2073
W02000037,3023,4,23,145,461,848,1542
W02000038,2755,2,23,153,509,640,1428
W02000039,3502,4,51,233,690,904,1620
W02000040,2807,2,22,105,377,498,1803
W02000041,3857,8,48,231,603,932,2035
W02000042,2622,2,9,138,640,870,963
W02000043,2217,2,43,153,358,474,1187
W02000044,2391,0,18,66,699,648,960
W02000045,4084,49,236,740,928,649,1482
W02000047,2058,3,22,183,286,575,989
W02000049,2709,1,14,103,415,651,1525
W02000050,2789,5,23,115,570,806,1270
W02000051,2263,4,47,118,409,536,1149
W02000052,2305,5,37,230,630,603,800
W02000053,2631,3,12,94,436,556,1530
W02000054,2460,7,37,102,275,393,1646
W02000055,2406,2,22,160,445,580,1197
W02000056,2172,3,16,76,301,427,1349
W02000057,2786,11,47,224,505,549,1450
W02000419,4653,6,32,207,1095,1355,1958
W02000058,2291,3,17,100,436,700,1035
W02000059,2691,1,13,87,346,752,1492
W02000060,4491,6,55,335,755,1468,1872
W02000061,2862,26,30,196,566,992,1052
W02000062,2400,0,11,50,262,668,1409
W02000063,3506,1,16,109,455,751,2174
W02000064,2596,9,37,294,408,781,1067
W02000065,3000,1,17,66,338,1030,1548
W02000066,4150,10,66,473,665,1140,1796
W02000067,2494,1,6,67,220,581,1619
W02000068,2453,8,35,239,480,701,990
W02000069,2524,1,14,114,300,668,1427
W02000070,4266,6,74,147,333,834,2872
W02000071,3049,0,1,47,313,915,1773
W02000072,4668,7,52,280,547,1626,2156
W02000073,4313,5,47,346,630,1095,2190
W02000074,4098,4,49,376,726,1152,1791
W02000075,2224,1,11,76,199,419,1518
W02000076,3169,3,22,97,476,762,1809
W02000077,2536,4,5,130,323,584,1490
W02000080,3287,2,34,200,440,1150,1461
W02000081,2331,2,25,154,480,673,997
W02000082,3171,3,25,207,678,976,1282
W02000083,3668,5,31,270,832,1003,1527
W02000084,2240,3,5,48,278,601,1305
W02000085,3965,14,66,287,653,939,2006
W02000086,2239,2,5,110,403,402,1317
W02000087,2938,5,68,257,828,1001,779
W02000088,3515,57,117,348,734,874,1385
W02000089,3781,14,120,606,960,1033,1048
W02000090,2422,3,15,124,420,672,1188
W02000091,2636,3,17,138,415,783,1280
W02000092,3079,29,39,367,686,850,1108
W02000093,2826,3,17,169,416,661,1560
W02000094,3818,3,44,296,930,1045,1500
W02000095,2697,3,9,87,300,429,1869
W02000096,2839,6,21,169,450,756,1437
W02000420,5577,2,34,182,658,1004,3697
W02000097,3893,3,49,146,447,799,2449
W02000098,2641,3,18,54,299,551,1716
W02000099,2955,12,92,328,645,816,1062
W02000100,2748,4,26,143,476,591,1508
W02000101,2350,3,15,76,281,466,1509
W02000102,2652,1,22,55,337,531,1706
W02000103,2349,0,12,41,283,482,1531
W02000104,2880,7,76,328,503,604,1362
W02000105,2135,0,46,177,374,775,763
W02000106,2954,5,42,150,488,569,1700
W02000107,4449,9,49,190,658,1023,2520
W02000108,3210,7,30,139,514,705,1815
W02000109,2583,7,87,247,502,606,1134
W02000110,3072,5,40,140,396,569,1922
W02000111,3751,24,57,193,497,832,2148
W02000113,3635,12,92,313,619,1139,1460
W02000114,2970,3,28,125,313,509,1992
W02000414,2565,8,23,59,258,428,1789
W02000416,4553,3,29,246,764,1119,2392
W02000116,3291,4,47,146,431,704,1959
W02000117,3321,82,304,669,557,347,1362
W02000118,2840,6,49,210,767,725,1083
W02000120,3257,3,49,175,382,602,2046
W02000122,2921,6,30,109,340,574,1862
W02000123,3432,10,69,184,436,737,1996
W02000124,4165,7,65,311,697,912,2173
W02000125,3308,7,27,145,476,680,1973
W02000421,5027,10,44,140,646,1045,3142
W02000126,3537,9,28,122,409,711,2258
W02000127,4462,17,67,219,619,1010,2530
W02000128,3130,6,26,145,444,661,1848
W02000129,2807,3,28,75,305,551,1845
W02000130,3118,46,128,335,652,807,1150
W02000131,3020,15,27,132,414,828,1604
W02000132,2702,8,37,130,412,524,1591
W02000133,3322,3,28,114,422,667,2088
W02000134,3633,8,29,127,484,837,2148
W02000135,3097,5,70,285,558,761,1418
W02000136,3708,10,35,170,622,825,2046
W02000137,3047,6,36,250,498,964,1293
W02000138,4171,6,74,344,864,1089,1794
W02000139,3318,4,20,130,397,720,2047
W02000140,3046,11,64,277,590,848,1256
W02000141,3004,17,89,352,603,572,1371
W02000142,2406,3,27,69,397,490,1420
W02000143,2516,6,21,74,307,479,1629
W02000144,3274,3,32,124,487,617,2011
W02000145,3124,19,39,131,349,559,2027
W02000146,2732,3,20,51,286,420,1952
W02000147,3221,13,32,137,461,588,1990
W02000148,2267,6,36,196,360,544,1125
W02000149,2945,13,106,330,567,601,1328
W02000151,3209,1,15,114,541,746,1792
W02000152,3387,4,16,110,435,959,1863
W02000153,3351,5,22,48,447,712,2117
W02000154,3344,3,15,223,445,718,1940
W02000156,3381,0,19,72,459,956,1875
W02000157,3845,0,18,137,519,883,2288
W02000158,2409,0,9,75,288,605,1432
W02000159,2575,0,20,108,333,759,1355
W02000160,3193,2,11,73,363,888,1856
W02000161,2320,3,17,154,375,711,1060
W02000162,3781,5,25,188,477,940,2146
W02000163,2371,6,46,115,252,501,1451
W02000164,3035,4,39,147,304,556,1985
W02000165,2827,6,38,191,268,874,1450
W02000166,3616,6,45,164,446,973,1982
W02000167,4551,25,65,688,820,1261,1692
W02000418,5149,13,53,200,679,1041,3163
W02000168,2661,4,53,215,291,620,1478
W02000169,4034,5,24,214,641,1120,2030
W02000170,3868,7,40,209,684,1161,1767
W02000171,3288,12,16,69,493,716,1982
W02000172,4201,1,55,394,556,1068,2127
W02000173,2987,4,19,91,454,768,1651
W02000174,3867,4,23,184,413,999,2244
W02000175,3416,13,52,300,810,1005,1236
W02000176,4011,6,31,275,787,1317,1595
W02000177,2982,1,33,83,608,982,1275
W02000178,3753,4,66,283,1076,1256,1068
W02000179,2807,1,21,148,388,705,1544
W02000180,3416,5,20,198,765,1056,1372
W02000181,2980,6,169,194,715,891,1005
W02000182,3446,5,27,181,764,1125,1344
W02000183,4279,19,65,432,1374,1502,887
W02000184,3176,9,75,280,610,849,1353
W02000185,2175,3,15,53,236,517,1351
W02000186,3850,5,55,265,1568,1338,619
W02000187,2373,0,7,30,192,758,1386
W02000188,3321,24,184,422,659,1072,960
W02000189,3678,3,72,493,655,704,1751
W02000190,2027,3,28,38,254,506,1198
W02000191,3916,49,176,447,524,481,2239
W02000192,5079,282,478,1557,1334,574,854
W02000193,3609,45,169,680,580,573,1562
W02000194,2448,2,32,163,228,317,1706
W02000195,2672,7,44,125,370,359,1767
W02000196,3062,3,81,203,574,587,1614
W02000197,2637,2,29,62,223,333,1988
W02000198,3478,5,69,204,518,585,2097
W02000200,2232,1,5,83,295,731,1117
W02000201,2336,18,26,108,298,760,1126
W02000202,4904,9,36,318,702,1180,2659
W02000203,2813,16,27,83,303,930,1454
W02000204,2940,9,14,53,366,586,1912
W02000205,2595,0,18,192,444,621,1320
W02000206,3367,34,105,420,686,871,1251
W02000207,2139,0,9,32,275,611,1212
W02000208,3773,6,29,168,587,1085,1898
W02000209,2264,5,16,117,363,829,934
W02000210,2663,6,15,117,500,725,1300
W02000211,3588,8,104,363,573,1008,1532
W02000212,3342,4,28,131,507,984,1688
W02000213,2924,0,23,72,249,743,1837
W02000214,4151,3,42,196,491,962,2457
W02000215,4234,16,67,359,717,1128,1947
W02000216,3019,5,26,110,317,782,1779
W02000217,2716,3,18,150,277,504,1764
W02000417,4393,6,35,262,739,1181,2170
W02000218,2966,3,22,109,439,1244,1149
W02000219,3223,3,41,174,486,1110,1409
W02000220,3449,10,40,146,523,1201,1529
W02000221,3230,1,44,152,554,1033,1446
W02000222,2585,2,35,72,259,770,1447
W02000223,2337,0,14,97,533,583,1110
W02000224,2556,2,36,117,514,727,1160
W02000225,3783,1,33,184,634,1115,1816
W02000226,4163,2,35,112,557,1053,2404
W02000227,3023,11,55,161,563,818,1415
W02000228,2350,1,13,59,343,532,1402
W02000229,2616,0,12,191,441,698,1274
W02000230,2171,1,3,17,127,389,1634
W02000231,3770,38,71,463,611,976,1611
W02000232,2427,3,29,80,403,596,1316
W02000233,2602,12,42,191,603,660,1094
W02000234,4112,6,36,139,593,756,2582
W02000235,4073,9,44,316,545,682,2477
W02000236,3079,13,60,221,436,538,1811
W02000237,2158,0,4,33,115,252,1754
W02000238,2715,4,13,91,239,341,2027
W02000239,2688,0,8,48,242,280,2110
W02000240,3628,18,52,178,463,837,2080
W02000241,4554,27,176,583,1094,618,2056
W02000242,3333,2,16,125,437,766,1987
W02000243,3784,7,25,393,702,1234,1423
W02000244,4318,12,114,258,640,731,2563
W02000245,3586,14,48,302,670,1037,1515
W02000246,2347,0,5,68,268,443,1563
W02000247,3637,3,15,101,460,988,2070
W02000248,4624,11,125,415,717,1309,2047
W02000249,3934,21,65,435,721,1161,1531
W02000250,4307,6,29,115,761,1042,2354
W02000251,3892,6,108,480,753,783,1762
W02000367,2456,1,19,97,347,233,1759
W02000368,2488,9,28,117,558,482,1294
W02000369,3115,1,25,145,610,624,1710
W02000370,2957,0,13,58,635,515,1736
W02000371,3989,13,248,523,608,526,2071
W02000372,3060,2,20,148,374,349,2167
W02000373,2668,6,38,227,400,738,1259
W02000374,2293,0,4,27,209,370,1683
W02000375,2783,9,79,253,448,737,1257
W02000376,2989,15,65,251,653,536,1469
W02000377,2876,16,70,172,672,650,1296
W02000378,3096,2,47,179,317,511,2040
W02000379,2562,7,59,323,783,689,701
W02000380,2764,3,6,88,225,310,2132
W02000381,2799,12,46,245,660,712,1124
W02000382,2342,15,39,312,289,571,1116
W02000383,3027,9,57,426,345,776,1414
W02000384,2322,1,11,124,182,203,1801
W02000385,2453,10,58,77,347,310,1651
W02000386,3349,9,51,184,511,532,2062
W02000387,2419,3,19,121,251,433,1592
W02000388,2384,3,20,146,230,516,1469
W02000389,3504,10,64,272,605,992,1561
W02000390,2365,9,36,128,304,316,1572
W02000391,2426,17,64,216,260,354,1515
W02000392,3794,6,66,286,593,551,2292
W02000393,2963,13,53,305,815,606,1171
W02000394,2739,22,134,225,305,511,1542
W02000395,2727,49,157,312,441,247,1521
W02000396,2963,72,202,282,478,546,1383
W02000397,2985,23,59,485,330,622,1466
W02000398,3453,107,520,834,519,366,1107
W02000399,4602,235,711,1064,766,570,1256
W02000400,3147,48,234,524,721,395,1225
W02000401,2688,26,113,232,332,499,1486
W02000402,4064,114,413,965,778,716,1078
W02000403,3077,15,137,361,703,907,954
W02000404,2786,34,141,446,620,596,949
W02000405,2996,8,46,288,808,1028,818
W02000406,3566,21,104,375,593,756,1717
W02000407,2637,9,68,271,635,786,868
W02000408,3011,71,284,718,527,497,914
W02000409,2541,10,33,210,689,657,942
W02000410,3039,29,147,373,545,638,1307
W02000411,2703,7,51,350,447,725,1123
W02000412,2804,25,144,470,554,521,1090
W02000422,3654,70,715,1340,1137,245,147
W02000423,4132,73,501,1236,1178,495,649
W02000252,3742,3,33,140,572,1223,1771
W02000253,2722,7,27,127,580,812,1169
W02000254,3356,10,38,158,673,905,1572
W02000255,2718,6,17,165,474,714,1342
W02000256,4329,5,46,291,841,1673,1473
W02000257,3282,2,38,215,666,1027,1334
W02000258,2573,4,20,150,425,997,977
W02000259,2427,3,21,83,445,1201,674
W02000260,2640,25,35,117,545,961,957
W02000261,3362,13,30,129,545,1203,1442
W02000262,2322,3,25,170,375,818,931
W02000263,2694,7,25,123,345,1050,1144
W02000264,2657,10,55,123,450,1185,834
W02000265,3944,14,61,177,645,1562,1485
W02000266,3183,5,32,230,551,1066,1299
W02000267,2804,8,35,118,463,1295,885
W02000268,4030,7,41,151,585,1701,1545
W02000269,3598,14,44,229,513,1418,1380
W02000270,2888,3,23,136,520,1093,1113
W02000271,2487,2,28,121,408,962,966
W02000272,4294,14,54,254,676,1334,1962
W02000273,3732,18,60,326,655,1106,1567
W02000274,3921,1,23,145,446,1348,1958
W02000275,2501,5,14,138,418,849,1077
W02000276,2518,1,15,120,237,674,1471
W02000277,3098,19,76,267,614,874,1248
W02000278,3623,3,19,65,462,623,2451
W02000279,3166,5,39,112,660,938,1412
W02000280,3266,6,24,111,524,1009,1592
W02000281,3293,5,37,202,507,680,1862
W02000282,4493,7,39,146,580,951,2770
W02000284,4048,13,79,212,882,1451,1411
W02000285,3385,4,34,112,503,1024,1708
W02000286,2966,17,99,384,555,944,967
W02000287,3380,11,68,133,454,1125,1589
W02000288,3512,6,56,195,680,1329,1246
W02000289,3316,1,19,93,474,1213,1516
W02000415,3657,11,55,131,578,1514,1368
W02000290,3857,3,40,317,733,1492,1272
W02000291,3151,4,36,161,574,1147,1229
W02000292,2432,1,19,120,513,960,819
W02000293,2645,1,26,129,477,1070,942
W02000294,2363,1,18,52,351,705,1236
W02000295,3790,5,45,142,405,1235,1958
W02000296,3214,9,54,249,438,1285,1179
W02000297,3214,0,20,96,647,1090,1361
W02000298,2940,2,13,123,406,995,1401
W02000299,2743,2,13,146,363,1051,1168
W02000300,3535,3,37,179,450,1228,1638
W02000301,3039,2,22,128,341,1126,1420
W02000302,4114,3,65,231,561,1282,1972
W02000303,2948,6,36,159,486,1009,1252
W02000304,2436,9,46,171,431,846,933
W02000305,2743,1,27,122,586,761,1246
W02000306,2364,11,53,195,282,885,938
W02000307,2778,5,57,164,418,1067,1067
W02000308,3760,6,19,143,548,1404,1640
W02000309,2837,2,20,168,379,796,1472
W02000310,2215,0,14,86,372,609,1134
W02000311,4077,6,50,301,879,1210,1631
W02000312,3100,3,23,223,428,954,1469
W02000313,4184,7,43,187,514,1088,2345
W02000314,3011,4,19,147,597,953,1291
W02000315,2457,14,35,236,524,781,867
W02000316,3058,2,26,99,588,1315,1028
W02000317,3283,13,24,116,571,1242,1317
W02000318,3959,15,47,244,716,1621,1316
W02000319,3673,11,70,243,884,1356,1109
W02000320,3696,10,77,277,644,1415,1273
W02000321,3985,12,45,332,901,1419,1276
W02000322,3294,7,54,170,889,1134,1040
W02000323,2645,3,22,166,710,907,837
W02000324,2938,4,25,145,589,939,1236
W02000325,2923,8,26,191,465,1030,1203
W02000326,3845,14,60,254,693,1106,1718
W02000327,2632,1,7,101,426,650,1447
W02000328,3043,3,22,154,480,808,1576
W02000329,3233,21,53,365,512,881,1401
W02000330,3314,8,43,228,527,904,1604
W02000331,2653,3,29,230,361,1007,1023
W02000332,3127,31,92,379,647,935,1043
W02000333,2611,2,22,149,351,688,1399
W02000334,2753,2,30,134,384,559,1644
W02000335,2807,3,26,124,337,610,1707
W02000336,3653,19,54,302,522,645,2111
W02000337,3316,6,60,397,580,854,1419
W02000338,3337,5,17,177,389,717,2032
W02000339,4520,19,107,404,778,1056,2156
W02000340,2971,3,26,99,266,470,2107
W02000341,3381,14,36,181,324,529,2297
W02000342,3780,6,23,84,263,507,2897
W02000343,3709,14,109,342,630,1063,1551
W02000344,3033,0,15,96,203,453,2266
W02000345,3458,4,33,251,553,829,1788
W02000346,3075,3,14,135,310,486,2127
W02000347,3433,5,28,170,519,708,2003
W02000348,3363,2,19,82,477,1084,1699
W02000349,3306,10,45,365,571,1742,573
W02000350,2974,3,30,70,246,572,2053
W02000351,2715,9,51,276,422,730,1227
W02000352,3019,10,55,309,684,985,976
W02000353,2955,7,31,127,449,780,1561
W02000354,2587,6,35,131,464,740,1211
W02000355,3386,6,19,107,301,591,2362
W02000356,2273,4,40,203,291,1193,542
W02000357,3289,36,87,300,461,840,1565
W02000358,2534,23,25,103,273,260,1850
W02000359,4074,21,135,484,879,1336,1219
W02000360,2831,79,150,492,615,439,1056
W02000361,3977,6,30,138,619,1683,1501
W02000362,2605,5,28,177,493,441,1461
W02000363,2624,14,37,280,412,655,1226
W02000364,2957,57,253,584,472,639,952
W02000365,3077,9,69,287,640,1298,774
W02000366,3193,10,41,119,421,549,2053
