geography code,total,OW,SO,SR,PR
E02002559,3646,1211,1630,162,47
E02002560,2511,922,1187,73,18
E02002561,2507,931,1060,286,15
E02002562,2933,570,880,686,25
E02002563,2343,669,885,557,29
E02002564,4137,996,1526,1233,27
E02002565,2667,724,1002,29,34
E02002566,3475,511,773,558,48
E02002567,3209,882,885,890,30
E02002568,2634,996,983,192,24
E02002569,3912,2089,1410,141,46
E02002570,3723,806,1148,823,40
E02002571,2758,641,999,648,24
E02002572,2727,571,806,699,21
E02002573,3488,1291,1483,251,34
E02004290,2518,904,1232,178,15
E02004291,3131,771,1184,714,28
E02004292,3523,1510,1308,365,37
E02004293,4412,833,1417,1741,41
E02004294,3655,1533,1680,36,31
E02004295,3213,1026,1276,573,33
E02004296,3529,983,1376,843,38
E02004297,3550,1184,1573,431,39
E02004298,4178,1607,1672,472,39
E02004299,3758,1090,1458,689,31
E02004300,3491,927,1094,1039,23
E02004301,3913,798,1190,1424,39
E02004302,3530,1072,1221,411,39
E02004303,5253,1590,2125,542,58
E02004304,3896,1176,1553,663,40
E02004305,3816,985,1354,1008,46
E02004306,2681,1158,930,355,40
E02004307,2878,953,1097,475,33
E02004308,2987,1333,1261,84,25
E02004309,2769,797,966,609,15
E02004310,3526,963,1296,899,30
E02004311,4118,1200,1598,986,32
E02004312,3409,1702,1201,151,29
E02004313,2957,595,532,1159,18
E02004314,2363,504,260,387,76
E02004315,3845,1444,1330,79,39
E02004316,2644,785,969,542,29
E02004317,3554,856,1094,1283,40
E02004318,2666,845,989,480,31
E02004319,3293,988,1267,724,25
E02004320,3851,1194,1701,551,68
E02004321,3662,1132,1309,540,46
E02004322,3769,782,937,1634,71
E02004323,3337,1047,1326,456,46
E02004324,2588,864,903,345,31
E02004325,3722,753,1117,1377,71
E02004326,2713,798,876,714,50
E02004327,2913,860,828,672,55
E02004328,3115,772,1208,789,48
E02004329,2807,878,1242,470,36
E02004330,2742,1016,860,520,26
E02004331,3084,918,1005,784,66
E02004332,3113,984,1220,538,55
E02004333,3195,1250,1207,511,29
E02004334,3192,894,1222,721,24
E02004335,2929,643,742,1029,30
E02004336,3264,828,965,1028,32
E02004337,4037,1215,1481,832,57
E02004338,3029,878,1050,624,31
E02004339,2997,1263,1106,306,33
E02004340,4812,1291,1404,1250,59
E02004341,3474,1096,1773,295,19
E02004342,2401,274,629,1099,16
E02004343,2492,615,889,759,25
E02004344,3244,994,1044,871,26
E02004345,5755,2355,1696,750,138
E02004346,2344,1015,534,156,100
E02004347,3012,1243,796,497,54
E02004348,3700,1591,1137,410,105
E02004349,4081,1117,1239,1259,63
E02004350,4378,1599,1686,381,66
E02004351,3135,784,878,1127,38
E02004352,3409,1038,1170,348,37
E02004353,3313,1425,1301,134,43
E02004354,3891,1192,1498,639,44
E02004355,3247,725,918,1246,45
E02002483,3847,1098,1850,559,32
E02002484,4553,734,1042,2147,72
E02002485,3474,730,994,1244,44
E02002487,2765,455,619,445,35
E02002488,2512,1019,1086,139,30
E02002489,3532,668,968,773,64
E02002490,2857,741,867,496,33
E02002491,2887,824,836,918,63
E02002492,2924,754,1020,833,52
E02002493,2698,1152,1095,215,29
E02002494,3399,688,802,1485,51
E02006909,4986,2227,2125,261,49
E02002496,4349,610,598,1278,111
E02002497,2815,465,651,877,78
E02002498,3820,629,612,680,86
E02002499,3005,561,796,1264,65
E02002500,2339,650,873,180,35
E02002501,2228,442,687,773,43
E02002502,4180,755,908,1987,103
E02002503,2567,563,895,798,34
E02002504,3719,1191,1602,130,56
E02002505,2531,420,726,1053,58
E02002506,2426,325,531,1167,44
E02002507,2498,1129,1036,41,27
E02002508,2118,1089,791,51,21
E02002509,2343,724,847,453,38
E02002510,2482,1279,947,46,16
E02002512,2205,943,1012,75,22
E02002513,3824,848,1135,1473,52
E02002514,3827,683,1609,1222,59
E02006811,3927,1894,1603,106,33
E02005702,2690,1018,694,260,84
E02005703,3150,873,814,934,92
E02005704,5508,2073,1800,933,76
E02005705,3407,1329,896,367,154
E02005706,4329,1168,1099,1293,75
E02005707,3123,1391,843,334,92
E02005708,5013,1853,1030,717,303
E02005709,2984,439,648,1561,65
E02005710,4067,1055,1293,730,59
E02005711,3680,884,986,1468,42
E02005712,2914,780,1136,621,33
E02005713,2736,1069,1475,16,10
E02005714,2003,624,1304,7,4
E02005715,3714,817,1097,1387,52
E02005716,3732,990,1657,710,44
E02005717,3598,1280,1299,720,58
E02005718,3085,1373,1213,153,24
E02005719,3536,914,1266,890,48
E02005720,4822,1534,1742,924,55
E02005721,2140,613,817,411,26
E02005722,2990,1082,981,174,135
E02005723,3124,1030,859,817,65
E02005724,2548,1373,972,49,23
E02005725,2792,1360,908,209,49
E02005726,3008,1452,1029,128,60
E02005727,2839,1003,769,345,105
E02005728,3172,1301,803,459,93
E02005729,2395,959,853,249,50
E02005730,5725,2183,1704,984,89
E02005731,4533,1253,1868,1022,40
E02005732,3905,1716,1230,332,76
E02005733,3487,1385,998,375,101
E02005734,2853,871,780,772,32
E02005735,3621,1011,1013,525,35
E02005736,3369,672,960,1280,39
E02005737,3232,892,1217,787,25
E02005738,2188,806,978,184,18
E02005739,4257,1358,1565,862,43
E02005740,4677,1122,1562,1273,45
E02005741,3588,1180,1473,579,40
E02002515,3270,830,1000,230,38
E02002516,2432,705,848,634,23
E02002517,2386,685,768,697,38
E02002518,4510,1777,2101,156,56
E02002519,3153,748,868,1301,25
E02002520,5772,2474,2228,490,61
E02002521,2865,1007,859,385,29
E02002523,2716,288,514,1574,19
E02002524,2291,836,840,316,16
E02002525,3772,1118,1379,815,29
E02002526,3189,910,1223,529,33
E02002527,2254,680,609,478,22
E02002529,2620,847,882,651,26
E02002530,2881,1034,802,640,42
E02002532,2933,740,859,766,52
E02002533,2437,1139,960,112,20
E02002534,2469,1338,911,24,30
E02006812,3354,1241,1104,710,30
E02006910,4301,1409,1400,1060,53
E02002535,4062,1421,2138,160,24
E02002536,4239,1393,1490,769,28
E02002537,3673,813,1243,1104,19
E02002538,2429,570,953,524,15
E02002539,3517,1519,1608,124,41
E02002540,2808,1279,1194,121,22
E02002541,2870,947,1113,282,38
E02002542,3358,696,1217,1075,21
E02002543,3356,467,1139,1409,14
E02002544,3391,772,1006,949,31
E02002545,2294,978,1050,76,15
E02002546,3103,674,979,886,21
E02002547,2765,1210,1066,311,22
E02002548,4986,597,1090,1815,71
E02002549,3361,1605,1359,153,36
E02002550,2670,983,964,335,31
E02002551,2739,373,638,792,35
E02002552,2798,632,1104,773,12
E02002553,2585,765,861,563,25
E02002554,2355,610,597,870,27
E02002555,4137,1677,1759,206,36
E02002556,2726,889,1548,20,24
E02002557,4792,748,3458,31,15
E02002558,4145,1667,1621,277,44
E02001682,3431,1128,1287,770,28
E02001683,4002,1419,1667,442,23
E02001684,3311,585,843,1324,31
E02001685,3612,627,1212,1463,28
E02001686,3168,1141,1259,477,28
E02001688,3799,410,1003,1703,37
E02001689,3351,500,772,985,36
E02001690,3325,974,1169,714,38
E02001691,3876,730,1014,591,39
E02001692,2765,355,680,1442,15
E02001693,2633,466,670,1274,18
E02001694,2814,902,1122,483,23
E02001695,2702,809,1235,481,12
E02001696,4065,875,1210,1749,40
E02001697,3386,1120,1495,402,26
E02001698,3202,1724,1119,162,31
E02001699,3124,771,1071,1039,25
E02001700,4585,1501,1930,794,47
E02001701,2763,1201,1141,163,28
E02001702,3522,587,780,1951,25
E02001703,2435,947,894,459,10
E02001704,3380,805,954,1397,40
E02001705,3200,1051,1003,619,35
E02001706,2924,697,886,1123,34
E02001707,3599,980,1309,886,38
E02006841,3949,296,790,1585,54
E02006842,2231,480,682,463,21
E02001708,4122,1286,1698,643,25
E02001709,4218,1539,1683,179,25
E02001710,4381,989,1174,1732,61
E02001711,4129,874,1229,1648,53
E02001712,4214,1367,1538,453,43
E02001713,4389,1607,1678,462,40
E02001714,3901,1443,1735,173,46
E02001715,4712,893,1408,1888,61
E02001718,2427,467,741,979,39
E02001719,3759,1300,1414,463,55
E02001720,3343,663,610,165,42
E02001721,4647,1288,1528,1352,55
E02001722,4195,1122,1347,1364,61
E02001723,2575,556,861,721,27
E02001724,3575,632,664,363,37
E02001725,4536,411,777,1362,50
E02001726,4687,1154,1573,1290,63
E02001727,3877,1141,1264,1098,50
E02001728,4248,1137,1576,987,60
E02001729,4145,609,632,1416,58
E02001730,4835,443,633,1788,82
E02001731,5587,339,559,2520,80
E02001732,2193,468,595,859,22
E02001733,5675,737,1054,2871,68
E02001734,3233,614,787,1331,55
E02001735,2884,250,448,1960,34
E02001736,4959,559,784,2241,111
E02001737,2968,272,401,2032,92
E02006893,4739,2098,1795,510,46
E02001738,2471,1427,881,27,22
E02001739,3355,772,1297,1034,16
E02001740,2294,958,1082,62,18
E02001741,3283,1423,1183,367,33
E02001742,2604,1025,1175,172,11
E02001743,3195,902,1386,200,35
E02001744,2877,842,1178,568,29
E02001745,2786,662,1198,691,16
E02001746,3598,1086,1450,531,34
E02001747,2880,1425,1018,197,26
E02001748,3253,644,1417,792,30
E02001749,2772,760,1182,576,21
E02001750,2841,1198,1138,288,30
E02001751,2716,825,1007,660,26
E02001752,2789,642,884,988,22
E02001753,3230,1003,994,551,58
E02001754,2849,1008,1152,138,20
E02001755,3500,1108,1492,515,22
E02001756,4391,682,1411,1831,27
E02001757,2753,1044,956,524,20
E02001758,2450,676,1082,523,17
E02001759,3261,770,1181,419,34
E02001760,3471,549,818,1477,47
E02001761,2448,738,897,612,23
E02001762,2471,846,1182,226,15
E02001763,2882,498,893,1205,32
E02001764,3883,389,987,1693,29
E02001765,3312,404,1021,1297,26
E02001766,3295,579,1141,626,31
E02001767,3385,726,1216,887,38
E02001768,3812,910,1415,721,31
E02001769,3973,616,729,1778,52
E02001770,3035,917,1212,240,33
E02001771,2806,812,800,1037,26
E02001772,2467,764,856,451,15
E02001773,2381,1155,895,182,32
E02001774,2559,470,751,998,23
E02001775,2450,456,749,1081,26
E02001776,3729,718,1228,1310,36
E02001777,2897,620,1235,672,15
E02001778,2939,544,908,738,27
E02001779,2519,492,637,1156,14
E02001780,2318,632,608,959,15
E02001781,2567,463,648,1305,18
E02001782,3835,926,1184,1508,35
E02001783,2980,502,810,1446,25
E02001784,2970,625,894,1297,22
E02001785,3555,1086,1185,1069,28
E02001786,3178,735,1015,1248,17
E02001787,2457,662,842,799,8
E02001788,2636,622,1003,737,27
E02001789,2471,1288,1017,30,18
E02001790,2633,988,1006,442,32
E02001791,2427,1158,1048,45,23
E02001792,3048,1472,1246,78,20
E02001793,3822,542,971,1912,13
E02001794,3732,788,933,1700,22
E02001795,3577,799,914,1183,25
E02001796,4426,1345,1403,683,55
E02001797,2486,928,1077,299,18
E02001798,3445,785,1115,1256,30
E02001799,4424,789,1248,1780,25
E02001800,3014,654,1156,947,16
E02001801,2515,594,866,247,29
E02001802,2638,403,667,1308,11
E02001803,4188,530,673,1136,40
E02001804,2706,658,969,839,15
E02001805,2501,1085,877,178,19
E02001806,4143,637,802,1451,30
E02001807,3027,657,1143,907,16
E02001808,2468,851,949,64,30
E02001809,2881,926,1030,694,23
E02001810,3699,818,1612,969,13
E02001811,4087,992,1109,1698,30
E02001812,4354,2142,1680,70,37
E02001813,4318,655,1050,2261,42
E02001814,2762,753,931,755,26
E02001815,4244,1328,1838,808,31
E02001816,3357,697,887,1466,25
E02001817,2714,642,903,855,24
E02001818,3530,832,1299,1028,26
E02001819,3054,1339,1201,277,19
E02001820,3618,985,1328,1016,28
E02001821,2453,674,1138,494,11
E02001822,3165,1007,1365,379,25
E02001823,3064,802,1119,829,20
E02001824,3722,1289,1179,939,26
E02001825,3232,1098,999,794,30
E02001826,2917,765,774,1054,16
E02002615,3952,1579,1448,477,55
E02002616,2941,1332,1227,24,38
E02002617,2668,945,609,580,40
E02002618,2143,938,517,331,55
E02002619,3057,961,849,491,58
E02002620,3225,729,474,1332,93
E02002621,2610,988,369,816,66
E02002622,3903,714,869,1735,81
E02002623,4559,943,1453,933,70
E02002624,3346,1577,1391,103,30
E02002625,3935,775,1358,1208,51
E02002626,3091,984,1011,739,58
E02002627,2969,813,1757,17,16
E02002628,3132,962,1072,449,42
E02002629,2588,709,764,486,30
E02002630,2661,681,934,279,36
E02002631,3925,1246,1749,357,48
E02002632,2648,1163,1193,34,19
E02002633,3595,1609,1350,22,34
E02002634,4040,1410,1300,823,58
E02002635,3683,1584,1236,59,34
E02002636,3738,1100,1532,514,35
E02002637,2673,1067,1086,57,21
E02002638,2907,507,530,192,35
E02002639,2745,409,516,1471,64
E02002640,3493,512,770,1021,52
E02002641,3570,1123,1430,85,29
E02002642,3382,548,501,363,31
E02002643,3358,804,1056,257,32
E02002644,3512,1244,1486,36,33
E02002645,2581,381,383,127,28
E02002646,3352,993,1029,829,46
E02002647,3655,1037,1240,244,36
E02002648,3267,959,1189,340,38
E02002649,3675,1182,1226,76,35
E02002650,3610,1460,1375,209,31
E02002651,3531,1389,1336,274,37
E02003811,2433,1226,835,165,48
E02003812,2419,1118,914,146,36
E02003813,2710,1026,1091,287,19
E02003814,2961,793,1514,335,24
E02003815,2897,835,935,859,35
E02003816,3192,1072,1053,463,41
E02003817,3005,1404,1195,174,26
E02003818,2467,1166,1054,13,27
E02003819,2540,1200,920,168,17
E02003820,2770,896,1388,99,13
E02003821,2530,982,802,466,33
E02003822,4584,2042,1734,355,52
E02003823,2967,1340,989,363,33
E02003824,2216,894,835,221,24
E02003825,2618,616,1698,61,11
E02003826,2998,763,1069,765,34
E02003827,3882,967,1002,971,48
E02003828,2804,686,858,899,22
E02003829,2549,1182,926,160,30
E02003830,3213,716,1076,513,35
E02003831,3660,1522,1561,146,48
E02003832,2488,644,770,225,19
E02003833,2640,916,1125,384,25
E02003834,2786,657,969,492,29
E02003835,3303,1746,1365,18,17
E02003836,3419,1372,992,550,35
E02003837,4612,1662,2111,177,57
E02003838,2764,1354,1047,91,24
E02003839,3291,1233,1056,432,37
E02003840,4140,1817,1406,304,91
E02003853,2472,1116,986,118,28
E02003854,2697,1184,1071,282,19
E02003855,2811,1502,1029,59,25
E02003856,4778,1328,1633,1182,42
E02003857,2735,877,1196,303,22
E02003858,2911,1247,1034,136,38
E02003859,4801,2050,1610,273,111
E02003860,2889,1361,1238,45,31
E02003861,2896,962,945,648,36
E02003862,2093,1117,699,73,40
E02003863,3014,1316,1051,240,35
E02003864,3624,1635,1192,250,58
E02003865,3437,1204,1317,297,32
E02003866,2402,1103,1084,39,14
E02003867,3140,1027,1378,365,29
E02003868,3901,1081,1386,889,57
E02003869,2992,1252,1286,152,20
E02003870,5079,1248,1947,377,36
E02003871,3058,875,1066,871,49
E02003872,4188,1997,1387,301,78
E02003873,2665,517,874,939,27
E02003794,3531,1425,1535,208,36
E02003795,2211,956,771,165,24
E02003796,3254,1269,977,747,41
E02003797,3990,1576,1542,148,40
E02003798,2488,467,782,1025,35
E02003799,3103,752,891,1224,38
E02003800,2603,1271,963,138,26
E02003801,2888,1189,1166,265,33
E02003802,4274,668,988,1029,51
E02003803,3869,758,837,481,68
E02003804,3217,868,1223,341,36
E02003805,2535,1232,933,122,21
E02003806,2547,1191,1034,61,19
E02003807,3832,1758,1177,242,43
E02003808,2776,589,1047,774,39
E02003809,3061,1165,915,229,128
E02003810,3445,1421,1163,307,60
E02003841,3462,1340,1040,672,43
E02003842,2367,1245,803,92,23
E02003843,2612,860,992,504,26
E02003844,2948,1313,1153,225,29
E02003845,3846,557,1153,1222,62
E02003846,2928,577,852,1184,46
E02003847,3844,1545,2011,21,32
E02003848,2135,579,761,621,34
E02003849,3003,471,910,1320,54
E02003850,2265,848,982,292,27
E02003851,2375,1039,1148,39,12
E02003852,2792,1192,1408,10,10
E02003874,4025,1726,1414,412,50
E02003875,2681,1254,1049,170,35
E02003876,2393,858,986,283,28
E02003877,3884,1820,1493,196,33
E02003878,3299,1424,1299,284,32
E02003879,2800,680,1043,425,22
E02003880,2755,978,991,548,33
E02003881,2730,708,1078,392,26
E02003882,3989,1041,1497,1019,55
E02003883,4031,1438,2026,107,23
E02003884,3318,1570,1249,206,40
E02003885,2408,1003,978,184,33
E02003886,2599,667,1092,527,28
E02003887,2496,731,1263,253,20
E02003888,2627,658,1017,606,21
E02003889,2297,544,648,917,36
E02003890,2454,771,983,375,15
E02003891,2455,1137,801,196,41
E02002574,2986,1308,1353,60,20
E02002575,3732,1117,2222,83,18
E02002576,3233,997,1175,627,39
E02002577,3287,686,831,1497,74
E02002578,3207,1012,1157,731,37
E02002579,3193,863,1086,940,37
E02002580,3426,603,851,1163,43
E02002581,3108,1223,1254,299,36
E02002582,3103,906,1937,88,11
E02002583,3093,441,549,1951,27
E02002584,3089,993,1239,577,31
E02002585,4897,1180,1714,905,46
E02002586,4060,732,1059,1943,59
E02002587,2919,506,1084,1057,23
E02002588,3245,561,909,1505,20
E02002589,2734,1308,1262,15,20
E02002590,2525,1191,998,137,21
E02002591,2772,1155,1038,335,17
E02002592,2557,1037,1096,209,27
E02002593,2367,687,952,484,18
E02002594,2472,447,951,839,14
E02002595,3409,589,981,1581,29
E02002596,3538,1273,1535,400,30
E02002597,3837,695,964,1901,43
E02002598,2892,522,1915,104,15
E02002599,4129,976,2335,423,33
E02002600,4104,1088,1536,889,46
E02002601,3343,1448,1414,226,26
E02002602,3166,500,956,1058,43
E02002603,2862,1246,1326,129,21
E02002604,3141,1322,1475,136,19
E02002605,3742,1067,1839,483,18
E02002606,4930,918,1619,822,30
E02002607,4868,1261,1440,977,65
E02002608,3526,1732,1460,77,29
E02002609,3731,764,1161,1114,36
E02002610,5171,1992,2129,386,42
E02002611,3253,1458,1429,165,27
E02002612,4009,1498,1645,410,42
E02002613,2402,1070,1111,24,23
E02002614,2394,1270,1041,9,7
E02003965,4705,2008,1445,722,78
E02003966,2945,1581,821,134,73
E02003967,3580,1490,1069,540,68
E02003968,3755,1555,1251,562,41
E02003969,2898,771,685,1201,48
E02003970,3454,1432,1103,396,54
E02003971,3513,1635,1071,379,60
E02003972,4141,1447,1502,709,42
E02003973,4132,1023,1019,1560,76
E02003974,3461,1145,1033,1095,47
E02003975,2749,1221,1060,247,34
E02003976,3012,1378,672,543,77
E02003977,2680,1103,1213,53,37
E02003978,2618,1045,1089,215,31
E02003979,3350,1980,1151,17,27
E02003980,3189,709,968,1056,56
E02003981,2990,1050,1415,76,35
E02003982,3224,1358,1384,283,27
E02003983,3426,925,1272,675,41
E02003984,3422,830,877,402,37
E02003985,3088,1307,1142,335,33
E02003986,3237,1116,1040,342,30
E02003987,2629,1127,770,273,81
E02003988,2948,1115,851,482,59
E02003989,3335,1420,1329,211,28
E02003990,4217,1824,1766,214,28
E02003991,3197,1500,1337,112,32
E02003992,4201,1106,1156,576,74
E02003993,3720,1830,1234,173,68
E02003994,3519,988,1083,734,40
E02003995,4475,1184,1465,1473,63
E02003996,4756,1127,1681,436,55
E02003997,4280,785,1457,1594,65
E02003998,3007,849,985,926,46
E02003999,4058,1899,1463,190,64
E02004000,2309,755,790,557,34
E02004001,2735,788,855,705,58
E02004002,4325,1661,1877,488,29
E02004003,5278,1917,1731,1110,71
E02004004,3983,1141,1258,1265,61
E02004005,3605,1243,1252,767,38
E02004006,3926,1929,1353,212,63
E02004007,4375,1881,1336,564,82
E02004008,2771,1250,778,262,78
E02004009,2493,1108,730,121,94
E02004010,3354,877,995,816,61
E02004011,4311,2103,1348,309,56
E02004012,2491,1178,537,245,84
E02004013,4319,1955,1229,319,109
E02004014,3304,1577,804,249,86
E02004015,2924,1174,471,620,81
E02004016,3738,1553,965,489,75
E02004017,3865,1449,1280,492,58
E02004018,3783,1094,1039,800,65
E02004019,3397,1672,1163,175,54
E02004020,3597,1593,1402,247,30
E02004021,2404,1119,554,161,72
E02004022,2493,1268,622,184,50
E02004023,2661,1199,604,266,90
E02004024,3107,1662,952,74,59
E02004025,3656,1809,1092,326,51
E02004026,3745,1269,1223,597,61
E02004027,3744,2080,904,253,87
E02004028,3438,1852,1134,169,35
E02000984,3146,1332,1465,27,22
E02000985,3205,1550,1283,129,17
E02000986,3682,1406,1494,178,52
E02000987,3288,957,1148,649,51
E02000988,3496,979,1135,760,67
E02000989,3637,1804,1423,180,31
E02000990,3286,1131,1446,266,22
E02000991,3316,1274,1398,204,31
E02000992,2518,1006,1077,181,25
E02000993,3135,433,704,1438,62
E02000994,3343,641,702,1359,88
E02000995,3430,1248,1055,752,58
E02000996,3321,578,697,1748,85
E02000997,2372,871,861,458,18
E02000998,3654,911,897,550,71
E02000999,3580,369,381,2093,131
E02001000,4123,1151,1300,673,64
E02001001,3197,1060,1229,245,48
E02001002,4018,1228,1519,862,44
E02001003,2850,1487,1119,49,24
E02001004,3185,799,403,1369,130
E02001005,3130,723,800,811,73
E02001006,2801,927,812,411,55
E02001007,4396,1667,1706,558,43
E02001008,2843,589,593,1160,87
E02001009,2975,805,850,822,47
E02001010,2468,596,773,565,29
E02001011,4125,1448,1958,202,28
E02001012,2919,919,1127,534,54
E02001013,2495,1070,1043,134,23
E02001014,3650,871,1371,856,45
E02001015,3762,809,1156,1143,82
E02001016,3354,532,959,1473,67
E02001017,4663,1300,1908,784,41
E02001018,3008,907,1605,202,26
E02001019,3982,1252,1627,439,47
E02001020,2483,1291,926,99,24
E02001021,3115,1135,1570,80,35
E02001022,3326,1229,1230,433,40
E02001023,2324,808,878,417,25
E02001024,3341,1233,1616,168,24
E02001025,3349,723,908,1304,64
E02001026,3671,748,1162,704,79
E02001027,3029,744,1206,347,45
E02001028,3108,1599,1262,119,25
E02001029,2880,776,949,612,71
E02001030,2346,834,1134,181,25
E02001031,2841,786,1014,547,37
E02001032,3120,1078,1402,246,24
E02001033,2390,589,915,415,29
E02001034,3831,593,967,1478,54
E02001035,2981,1419,1198,99,31
E02001036,3011,822,1232,526,30
E02001037,3016,1396,1214,52,33
E02001038,2637,675,913,550,52
E02001039,3443,721,1145,1182,32
E02001040,2548,1047,1064,80,29
E02001041,3369,850,1256,658,41
E02001042,2875,876,938,398,38
E02001043,2307,683,905,415,29
E02001044,2790,932,1172,154,31
E02001045,3622,731,845,1625,57
E02001046,3956,683,1114,1558,43
E02001047,4369,713,1228,1868,68
E02001048,3560,959,1112,639,45
E02001049,4049,1167,1519,909,59
E02001050,3195,517,730,889,43
E02001051,3393,906,1047,510,47
E02001052,4384,872,958,804,83
E02001053,4494,353,526,2763,102
E02001055,3829,635,917,1488,77
E02001056,3463,389,484,2046,66
E02001057,4018,224,465,1846,72
E02001059,4369,422,725,1989,93
E02001061,3863,619,783,1608,64
E02001062,3546,205,331,2324,89
E02001063,3629,173,545,1370,52
E02001064,3624,391,662,1807,91
E02001065,3787,829,1100,630,77
E02001066,3533,374,421,885,60
E02001067,3791,334,647,1867,73
E02001068,3696,269,377,2180,98
E02001069,4059,443,523,1291,81
E02001070,3294,427,586,788,73
E02001071,4566,755,1192,971,100
E02001072,3741,516,869,728,43
E02001073,4015,917,1307,406,24
E02001074,4299,614,1055,1505,66
E02001075,3320,547,1030,466,35
E02001076,2965,380,393,336,29
E02001077,3117,816,1030,276,30
E02001078,3835,1056,1362,558,42
E02001079,3341,457,711,1271,58
E02001080,3367,518,496,458,42
E02001081,2776,660,1085,452,25
E02001082,2921,484,664,333,25
E02001083,3902,333,1042,593,36
E02001084,3325,707,896,641,34
E02001085,3177,410,796,1609,66
E02001086,2949,517,909,858,46
E02001087,4402,1175,1417,417,62
E02001088,3780,580,1220,1499,61
E02001089,3123,1112,1219,142,50
E02001090,3100,861,1124,615,39
E02001091,3876,822,1390,1163,46
E02001092,3724,561,1171,1514,55
E02001093,3778,337,1007,1787,52
E02001094,3805,225,524,2591,74
E02001095,3580,467,937,1695,63
E02001096,3311,654,1003,1307,40
E02001097,3452,481,935,1514,67
E02006902,3368,186,512,780,53
E02006912,3885,272,683,370,50
E02006913,2939,302,319,915,34
E02006914,2299,155,277,571,34
E02006915,3047,183,446,1493,56
E02006916,3274,131,452,1119,42
E02006917,3087,319,613,45,49
E02001098,2756,1201,937,392,33
E02001099,2724,778,993,514,33
E02001100,2586,972,996,348,33
E02001101,2457,1063,1033,183,15
E02001102,2475,813,1239,126,20
E02001103,2353,1006,869,240,31
E02001104,2726,637,1310,535,14
E02001105,2631,942,925,567,28
E02001106,2668,870,983,494,19
E02001107,2390,855,918,342,31
E02001108,2148,399,646,738,15
E02001109,3332,652,1138,1108,45
E02001110,2742,1212,1103,38,28
E02001111,2928,278,416,1885,55
E02001112,2371,1075,1117,21,20
E02001113,2664,494,834,896,51
E02001114,3381,869,1265,858,43
E02001115,2539,807,1021,391,23
E02001116,2358,703,879,183,56
E02001117,2529,1074,927,215,19
E02001118,2602,1027,1076,191,35
E02001119,2840,937,750,557,91
E02001121,2224,536,552,596,57
E02001123,2751,551,786,1082,48
E02001124,2507,498,704,933,34
E02001125,3351,1123,1418,368,25
E02001126,3141,514,854,1203,52
E02001127,2790,558,646,1263,34
E02001128,3271,1047,1232,451,35
E02001129,2622,525,841,691,35
E02001130,2520,840,997,483,38
E02001131,2298,980,845,265,28
E02006860,4028,1357,1168,761,106
E02001132,2860,924,1093,302,32
E02001133,2544,930,1114,178,23
E02001134,2583,979,1156,93,30
E02001135,3052,416,736,1558,51
E02001136,3667,1199,1464,516,49
E02001137,2497,951,1218,52,25
E02001138,3647,1451,1507,307,32
E02001139,2906,734,969,581,57
E02001140,2958,779,940,741,31
E02001141,5181,859,966,2342,162
E02001142,2396,1188,879,66,14
E02001143,3988,871,1277,1176,57
E02001144,2702,743,985,508,26
E02001145,3024,961,1257,387,56
E02001146,2896,861,748,587,69
E02001147,3878,678,981,1719,62
E02001148,4257,1293,1514,703,62
E02001149,4671,951,1239,1693,73
E02001150,3591,846,1180,1201,39
E02001151,3867,1231,1680,372,37
E02001152,3984,1006,1387,1052,63
E02001153,4452,674,1158,2156,65
E02001154,4387,1056,1927,757,46
E02001155,3433,873,1234,812,46
E02001156,4131,1880,1546,388,53
E02001157,3183,423,700,1679,65
E02001158,2700,542,803,943,76
E02001159,2579,541,871,748,40
E02001160,2555,514,708,1086,47
E02001161,2680,764,958,475,41
E02001162,2709,848,806,620,35
E02001163,4182,1422,1643,565,49
E02001164,2677,513,899,870,37
E02001165,2664,742,1016,557,32
E02001166,2343,564,525,560,52
E02001167,2710,655,745,593,51
E02001168,4093,1007,1428,1073,59
E02001169,4252,1651,2067,112,31
E02001170,4130,1796,1734,143,40
E02001171,2336,973,1036,89,9
E02001172,4989,446,613,2718,145
E02001173,3153,390,442,1535,79
E02001174,2362,762,995,176,29
E02001175,2914,690,949,803,49
E02001176,5147,1220,1516,1327,84
E02001177,5293,1185,1365,1455,89
E02001178,5633,284,684,2022,86
E02001179,2874,625,854,613,44
E02001180,2981,98,128,2367,82
E02001181,2606,460,665,1180,51
E02001182,2858,391,723,1296,53
E02001183,2782,601,981,581,46
E02001184,5710,330,933,1656,80
E02001185,4208,1193,1624,977,37
E02001186,4253,973,1620,1000,65
E02001187,3076,973,1360,358,18
E02001188,3503,695,1312,785,53
E02001189,3616,1220,1541,366,31
E02001190,3053,351,556,1918,79
E02001191,2618,960,948,500,30
E02001192,2831,906,1022,201,25
E02001193,2952,755,1071,556,32
E02001194,2493,1002,927,84,20
E02001195,3208,1100,1492,120,23
E02001196,3339,1384,1203,458,47
E02001197,2610,926,1060,363,20
E02001198,3341,1058,1104,904,36
E02001199,3413,1297,1458,58,34
E02001200,3446,391,664,1776,59
E02001201,2431,781,1173,104,23
E02001202,2998,541,1148,641,27
E02001203,2387,1233,914,42,19
E02001204,3803,1100,1764,427,16
E02001205,3645,892,1368,788,29
E02001206,2940,1274,1008,363,20
E02001207,2942,1122,1328,256,23
E02001208,3261,875,1402,493,36
E02001209,3382,839,1457,373,28
E02001210,2889,768,954,965,35
E02001211,2413,1007,1092,86,25
E02001212,2563,342,802,1183,32
E02001213,3991,1341,1738,296,28
E02001214,3081,1311,1029,459,47
E02001215,2502,1135,907,255,19
E02001216,2986,1353,1272,99,23
E02001217,3066,997,1193,335,41
E02001218,2375,1058,983,166,15
E02001219,2240,1111,990,7,14
E02001220,2270,897,941,269,24
E02001221,2361,1169,1016,55,6
E02001222,2375,1198,971,16,26
E02001223,2797,1274,1212,33,27
E02001224,2577,1407,960,48,26
E02001225,2947,1265,1229,123,26
E02001226,2722,1098,1169,196,24
E02001227,2376,1273,939,37,19
E02001228,2160,1082,865,58,19
E02001229,4417,1312,1910,393,45
E02001230,2392,1016,931,241,30
E02001231,2846,733,1170,706,26
E02001232,3504,892,1141,857,40
E02001233,3258,920,1129,885,46
E02001234,3256,686,974,1083,31
E02001235,2814,859,1047,275,29
E02001236,2509,473,700,971,40
E02001237,2932,558,1090,750,35
E02001238,3422,1014,1326,639,41
E02001239,3897,1049,1432,653,49
E02001240,2597,931,1140,95,23
E02001241,4252,571,732,1873,66
E02001242,2360,984,1012,77,22
E02001243,3529,1208,1327,502,37
E02001244,2275,972,1028,75,23
E02001245,3573,742,1291,970,38
E02001246,3118,736,989,1128,36
E02001247,3064,742,1107,835,36
E02001248,4547,808,1602,1473,49
E02001249,2811,843,1046,349,26
E02001250,2679,898,1329,184,24
E02001251,2750,1003,1043,305,18
E02001252,3293,1489,1370,121,34
E02001253,2267,751,930,249,28
E02001254,2484,767,914,561,31
E02001255,2672,386,600,1517,41
E02001256,4015,833,1415,986,39
E02001257,4272,1173,1197,1482,68
E02001258,3148,1339,1257,203,24
E02001259,4162,687,750,1810,69
E02001260,3031,1135,1383,284,30
E02001261,3451,770,1332,642,29
E02001262,3009,919,995,668,59
E02001263,3293,1453,1419,141,30
E02001264,3230,1051,1352,443,34
E02001265,3369,1075,1470,585,30
E02001266,3033,738,1007,1012,41
E02001267,3363,884,1248,683,40
E02001268,2972,1254,1284,213,27
E02001269,3628,982,1172,809,29
E02001270,3418,1052,1448,270,38
E02001271,2874,835,1085,673,36
E02001272,3396,1349,1365,189,20
E02001273,4242,1161,1418,316,34
E02001274,3188,1539,1235,154,32
E02001275,3544,709,1005,1477,43
E02001276,3299,932,1216,873,41
E02001277,3786,580,1352,1501,38
E02001278,3271,1210,1478,194,19
E02001279,3229,1375,1548,106,10
E02001280,3558,906,1226,1127,50
E02001281,3078,1412,1340,84,20
E02001282,3883,1100,1583,308,23
E02001283,3748,1323,1251,383,70
E02001284,3131,1124,1444,88,23
E02001285,3251,1293,1149,268,38
E02001286,3047,1474,1133,184,35
E02001287,2321,910,1024,152,34
E02001288,3173,1235,1250,371,42
E02001289,4248,1903,1714,272,52
E02001290,2615,947,942,451,44
E02001291,3199,950,1022,874,47
E02001292,3528,1490,1192,211,38
E02001293,2583,961,1057,353,18
E02001294,3492,1117,1318,322,30
E02001295,3641,579,698,1818,96
E02001296,3745,328,623,2398,114
E02001297,2958,824,1014,775,48
E02001298,3372,659,890,1264,70
E02001299,3708,1132,1571,450,42
E02001300,3413,1114,1179,587,52
E02001301,3823,720,1148,1133,58
E02001302,3251,866,1153,962,59
E02001303,3740,709,957,1734,76
E02001304,5320,2244,2102,509,58
E02001305,3376,1398,1524,168,25
E02001306,2989,1262,1250,274,17
E02001307,4334,1683,2420,18,16
E02001308,2672,949,1001,376,44
E02001309,3565,1149,1377,361,42
E02001310,3766,836,1304,893,53
E02001311,3706,1060,1440,660,43
E02001312,3202,913,1261,481,42
E02001313,3409,749,1077,1198,70
E02001314,3157,905,1578,409,21
E02001315,3326,1202,1428,367,47
E02001316,3095,773,1056,276,41
E02001317,3602,956,1296,941,43
E02001318,3397,1166,1097,831,52
E02001319,3159,815,1057,701,20
E02001320,3475,1091,1183,665,35
E02001321,3375,1133,1552,317,33
E02001322,3159,1273,1257,225,40
E02001323,3356,1062,1242,672,43
E02001324,3607,972,1318,723,48
E02001325,3241,1239,1490,242,19
E02001326,3288,1172,1382,369,46
E02005176,3681,1361,1503,381,35
E02005177,2482,846,803,122,24
E02005178,3019,976,686,293,83
E02005179,4114,1118,1225,707,60
E02005180,2906,1117,1306,228,27
E02005181,2845,761,1036,341,40
E02005182,2790,641,724,578,42
E02005183,2844,857,905,825,42
E02005184,2211,1036,867,71,31
E02005185,3864,795,919,1122,71
E02005186,2524,880,1197,119,11
E02006881,4270,1427,1501,494,49
E02005189,2360,407,639,1129,11
E02005190,2602,1160,1053,133,27
E02005191,3457,1341,1680,204,16
E02005192,3073,980,1601,186,20
E02005193,3506,1473,1610,162,32
E02005194,3528,1289,1252,537,38
E02005195,2456,1047,993,155,26
E02005196,3281,1226,1213,493,25
E02005197,3003,812,1042,703,45
E02005198,3747,1218,1337,521,41
E02005199,3023,1457,1214,131,27
E02005200,3523,684,1529,775,35
E02005201,3264,1155,1335,414,32
E02005202,4096,1657,1662,300,48
E02005203,2968,1313,1019,193,47
E02005204,4533,1611,1755,486,61
E02005205,2564,1042,1009,277,31
E02005206,3265,1199,1167,348,39
E02005207,3782,1798,1234,226,41
E02005208,5105,1758,1294,180,70
E02005209,3565,1539,1289,275,39
E02005210,4923,2229,1520,366,68
E02005211,4180,1725,1256,256,59
E02005212,4788,1757,1636,448,46
E02005213,4891,1463,2112,453,47
E02005214,2912,1016,1024,224,20
E02005215,5338,1679,1751,783,70
E02005216,2304,652,725,490,27
E02005217,4185,1387,906,882,73
E02005218,3387,976,1229,532,47
E02005219,3770,1353,1358,393,37
E02005220,2766,1181,1117,184,28
E02005221,4379,1932,1612,291,54
E02005222,2565,1335,709,105,76
E02005223,3164,1743,1091,73,22
E02005224,2570,1402,685,29,31
E02005225,2310,1115,768,174,30
E02005226,3576,764,950,491,45
E02005228,2422,867,1037,54,20
E02005229,2636,521,656,168,23
E02005230,3059,1125,899,579,38
E02005231,3605,785,1338,906,64
E02005233,2421,683,999,389,32
E02005234,3377,639,708,454,53
E02005235,2105,531,631,105,20
E02005236,5512,2057,2248,420,68
E02005237,3933,1263,1427,502,37
E02005238,2459,901,867,319,28
E02005239,2571,1158,900,65,63
E02006871,5158,2069,1951,638,61
E02005240,2366,804,927,216,27
E02005241,2499,937,905,111,35
E02005242,2678,1059,950,242,32
E02005243,2462,728,738,448,47
E02005244,2413,678,779,579,31
E02005245,3016,1240,1244,124,35
E02005246,2409,631,703,388,31
E02005247,4459,1858,1732,234,68
E02005248,2451,777,478,536,56
E02005249,4058,1170,969,697,83
E02005250,2627,1121,689,192,65
E02005251,2629,961,1012,366,42
E02005252,3281,1471,1092,200,50
E02005253,2293,1086,942,27,29
E02005254,2528,1241,1030,71,46
E02005255,3742,1762,1543,120,29
E02005256,2915,907,1486,190,21
E02005257,2776,513,748,1249,32
E02005258,3299,1418,1137,315,45
E02005259,4099,1118,1436,1136,83
E02005260,2860,1306,1226,82,22
E02005261,4054,685,1222,1768,86
E02005262,2682,684,1263,211,23
E02005263,2788,626,800,404,34
E02005264,5005,1010,1656,549,54
E02005265,4706,1227,1727,1048,62
E02005266,3295,587,828,936,64
E02005267,2188,408,305,827,57
E02005268,3529,1047,908,815,49
E02005269,4808,730,694,1313,99
E02005270,2944,1324,827,120,66
E02005271,3266,1288,1108,285,47
E02005272,3295,1156,1039,648,63
E02005273,2381,1096,801,119,45
E02005274,2842,1213,1017,174,33
E02005275,2291,876,834,205,13
E02005276,3332,1330,1401,172,44
E02005277,3694,1803,1455,113,52
E02005278,3162,1054,1553,209,35
E02005279,4263,1283,1461,728,61
E02005280,4281,1174,1642,707,48
E02005281,3503,1065,1206,634,54
E02005284,2405,919,1014,236,26
E02005285,2740,1074,1190,144,33
E02005286,3292,1003,1275,509,36
E02006884,5412,1588,1836,1077,78
E02005287,2158,1003,988,33,17
E02005288,2596,1201,1019,148,28
E02005289,2615,1310,1088,22,17
E02005290,2992,1117,1506,61,18
E02005291,2418,900,1068,160,23
E02005292,2664,670,957,780,27
E02005293,2521,945,860,342,24
E02005294,2589,831,1120,306,26
E02005295,3125,1153,1513,130,18
E02005296,2397,1248,907,67,22
E02005297,3481,1677,1378,127,48
E02005298,2955,1100,1378,236,22
E02005299,3076,789,1472,305,18
E02005300,2081,621,989,331,16
E02005301,2787,863,1027,613,32
E02005302,2946,1149,1254,162,27
E02005303,2701,612,839,1022,14
E02005304,3493,1477,1533,150,32
E02005305,3157,1488,1151,195,46
E02005306,2971,1398,1063,157,38
E02005307,3729,1313,1548,425,45
E02005308,2766,1372,1055,100,48
E02005309,3459,1625,1267,239,33
E02005310,3036,914,901,460,43
E02005311,2254,1073,831,100,37
E02005312,2405,618,1206,388,10
E02005313,3476,530,1245,1282,39
E02005314,2834,692,1053,680,44
E02005315,3259,1615,1292,135,39
E02005316,2518,494,917,801,37
E02005317,2939,511,819,1134,49
E02005318,3085,1152,1240,410,48
E02005319,3952,1069,1213,417,64
E02005320,2369,924,961,236,22
E02005321,2662,1028,724,674,41
E02005322,4418,2251,1462,164,50
E02005323,2873,913,999,634,31
E02005324,2337,1039,795,128,45
E02005325,4023,2113,1214,231,52
E02005326,3961,1711,1187,182,40
E02005327,2352,1134,855,115,40
E02005328,3391,1673,1292,31,26
E02005329,3910,1355,1591,284,37
E02005330,3840,1860,1594,39,29
E02005331,3578,1464,1238,241,51
E02005332,3615,1889,1374,25,33
E02001327,2883,392,889,1293,38
E02001328,4090,1085,2252,325,26
E02001329,3422,592,906,1458,62
E02001330,3651,852,1375,831,36
E02001331,4260,1125,1290,1290,81
E02001332,3060,456,761,1586,43
E02001333,3754,809,1075,1314,69
E02001334,2468,326,469,1488,55
E02001335,3088,1026,1374,314,24
E02001336,2963,458,643,1530,61
E02001337,2403,668,913,571,25
E02001338,2466,618,877,556,33
E02001339,2771,656,967,876,42
E02001340,3641,1586,1627,111,16
E02001341,3033,767,969,913,57
E02001342,2874,1329,1296,40,25
E02001343,2878,1189,1374,70,29
E02001344,2231,532,897,628,36
E02001345,2302,903,1172,64,12
E02001346,3085,663,1052,1075,30
E02001347,3204,690,1195,920,44
E02001348,3148,914,1245,182,38
E02001349,3422,955,1432,226,35
E02001350,3417,491,1037,1344,70
E02001351,3515,583,914,1511,43
E02001352,3046,508,753,924,46
E02001353,2959,672,1742,195,18
E02001354,3312,699,926,1276,54
E02001355,3108,711,888,726,39
E02001356,2364,318,435,1338,23
E02001357,2858,594,601,1409,45
E02001358,3450,685,868,672,39
E02001359,2328,710,986,368,33
E02001360,4130,631,671,1977,52
E02001361,3388,784,975,1045,53
E02001362,3161,986,1098,781,48
E02001363,3481,542,872,1504,49
E02001364,2532,399,385,1066,41
E02001365,4059,863,1017,505,62
E02001366,4081,921,1274,680,43
E02001367,3939,1483,1527,343,56
E02001368,2918,256,426,1810,59
E02001369,3877,468,562,2000,61
E02001370,3153,306,318,1882,60
E02001371,3076,494,1010,1195,34
E02001372,2728,648,924,794,30
E02001373,4089,1012,1246,795,65
E02001374,4105,552,672,1177,68
E02001375,3202,880,1055,641,53
E02001376,3789,634,547,1034,81
E02001377,4063,446,348,1551,60
E02001378,3557,774,1108,936,57
E02001380,3117,1213,1353,172,23
E02001381,4312,768,919,971,50
E02001382,2782,1064,1375,75,22
E02001383,4260,145,241,2425,49
E02001384,3941,637,697,618,36
E02001385,3631,282,237,2147,72
E02001386,3572,664,845,1771,79
E02001387,3162,1264,1384,59,34
E02001388,4170,776,1019,410,31
E02001389,3740,264,334,1358,44
E02001390,4094,409,495,2462,91
E02001391,2481,528,697,1021,25
E02001392,2556,1259,910,86,28
E02001393,2845,1401,1176,53,21
E02001394,4290,795,1004,1091,41
E02001395,2612,991,1122,101,16
E02001396,3918,770,979,878,41
E02001397,3848,1159,1082,954,59
E02001398,3595,831,1017,752,33
E02001399,2866,1265,1187,215,19
E02001400,2839,813,970,752,49
E02001401,3395,1368,1195,318,31
E02001402,3762,1300,1418,318,32
E02001403,2841,495,798,802,27
E02001404,3155,562,817,1288,31
E02001405,4154,585,799,2254,53
E02006932,3201,126,297,584,26
E02006933,3135,308,442,575,45
E02006934,2782,152,374,168,30
E02001429,3059,1524,1130,107,21
E02001430,3011,1451,1136,78,27
E02001431,3639,1577,919,537,49
E02001432,4486,1085,813,367,54
E02001433,3140,982,1286,293,28
E02001434,2868,883,1305,162,39
E02001435,3411,965,1155,89,45
E02001436,3558,1275,1458,272,31
E02001437,4309,2068,1286,218,49
E02001438,3065,1204,1355,155,23
E02001439,2733,952,956,507,46
E02001440,2600,1594,852,13,19
E02001441,2688,1592,941,23,19
E02001442,2609,1288,898,162,32
E02001443,2279,1255,852,62,14
E02001444,2397,1176,937,44,20
E02001445,2942,1412,1229,95,20
E02001446,2855,1478,1114,75,17
E02001447,2555,1178,965,201,36
E02001448,2789,1298,1215,84,20
E02001449,3865,1559,1474,521,52
E02001450,3523,1636,1357,87,36
E02001451,2623,685,841,855,43
E02001452,2871,541,726,1370,52
E02001453,3498,1451,1567,229,31
E02001454,2912,1248,1272,165,24
E02001455,2913,1151,1351,182,25
E02001456,3254,1107,1310,212,37
E02001457,2980,587,900,1251,46
E02001458,3211,896,1400,216,22
E02001459,2928,778,1089,646,26
E02001460,3696,722,916,1440,42
E02001461,2646,895,1156,389,27
E02001462,3406,464,776,1553,40
E02001463,2727,586,897,1005,37
E02001464,3102,547,851,872,29
E02001465,3205,388,549,1676,42
E02001466,3577,856,1233,850,42
E02001406,3445,1807,1165,219,43
E02001407,2617,1300,928,237,34
E02001408,2368,1052,992,165,28
E02001409,4325,1450,1454,1104,64
E02001410,2498,778,858,610,40
E02001411,2520,873,986,375,35
E02001412,3686,1387,1347,575,50
E02001413,4085,1572,1478,736,48
E02001414,2253,1260,850,32,24
E02001415,2737,638,1013,795,45
E02001416,2540,545,673,970,42
E02001417,3623,659,1028,1178,68
E02001418,2487,524,816,719,37
E02001419,3188,657,745,972,60
E02001420,4348,1191,1567,1110,59
E02001421,4658,1521,1760,619,60
E02001422,2651,487,698,988,47
E02001423,2657,1092,1039,298,33
E02001424,5700,1398,1952,1695,82
E02001425,4523,1632,1607,835,50
E02001426,2299,1029,869,163,22
E02001427,4276,1163,1496,1127,38
E02001428,2252,1200,843,75,15
E02001467,3732,1075,1127,355,32
E02001468,3346,870,1275,205,37
E02001469,3465,1397,1290,231,30
E02001470,3456,1447,1500,37,31
E02001471,3301,696,1091,438,33
E02001472,2969,921,1159,519,34
E02001473,3352,1163,1253,197,32
E02001474,3248,529,693,1042,29
E02001475,2777,523,736,1205,46
E02001476,3419,640,923,860,18
E02001477,3296,313,562,1942,30
E02001478,3507,1291,1170,618,52
E02001479,2512,1022,1227,49,16
E02001480,3326,1326,1288,133,26
E02001481,3450,1179,1416,178,33
E02001482,4206,390,519,2222,37
E02001483,3202,1296,1476,105,27
E02001484,3368,1311,1321,365,37
E02001485,2610,583,790,905,52
E02001486,4169,1290,1229,565,35
E02001487,4321,712,1157,984,41
E02001488,3843,981,1431,369,42
E02001489,3587,1810,1451,90,30
E02001490,3451,1373,1655,84,19
E02001491,3101,661,823,1149,59
E02001492,3539,1403,1174,282,52
E02001493,3727,492,767,1416,44
E02001494,2990,1591,1138,68,22
E02001495,3370,1031,1290,498,34
E02001496,2470,1037,967,284,21
E02001497,3663,783,1017,1135,50
E02001498,3108,1256,1251,255,34
E02001499,2941,1489,1119,81,32
E02001500,3234,1471,1345,184,27
E02001501,3259,1343,1349,281,30
E02001502,3665,1134,1407,534,45
E02001503,3434,1485,1146,400,31
E02001504,3066,1611,1096,20,50
E02001505,2747,973,1016,445,22
E02001506,3821,2235,1385,9,21
E02001507,3009,1458,1324,53,16
E02001508,3526,1215,1397,537,34
E02002684,4628,2520,1362,159,38
E02002685,3739,2021,1022,179,45
E02002686,3571,721,794,1430,102
E02002687,2759,878,695,189,40
E02002688,2523,739,503,128,32
E02002689,2511,1089,732,196,70
E02002691,3485,1464,1227,211,100
E02002692,3384,1450,1443,176,41
E02002693,2954,1237,1062,224,60
E02002694,4737,1715,1615,452,155
E02002695,3626,1588,1094,375,51
E02002696,2427,984,867,99,57
E02002697,3232,1435,1260,156,41
E02002698,3253,1168,1300,315,46
E02002699,3977,1846,1733,83,40
E02002700,2758,589,777,1045,59
E02002701,3456,1443,1422,194,76
E02002702,4798,1521,1532,563,83
E02002703,3663,1426,1679,183,44
E02002704,3089,1459,1159,150,58
E02002705,2765,1441,927,195,32
E02002706,3010,1292,1182,217,20
E02002707,2881,1278,1199,123,37
E02002708,2886,1244,818,436,51
E02002709,3203,1249,1311,261,50
E02002710,3106,1259,1367,183,34
E02002711,3172,1714,1246,25,23
E02002712,3257,1301,1303,172,38
E02002714,3264,1350,1252,197,68
E02002715,5106,1634,2585,193,58
E02002716,3604,1320,1586,293,52
E02002717,3460,995,1265,546,38
E02002718,3283,1576,1334,106,29
E02002719,2363,946,1001,146,18
E02002720,2900,1228,1270,48,24
E02002721,2739,956,997,410,54
E02002722,3766,1290,1039,681,86
E02002723,3559,1241,1115,282,52
E02002724,3811,868,1129,964,69
E02002725,2740,1023,1132,296,39
E02006814,3517,1327,1477,269,26
E02006891,3114,1296,1267,141,39
E02006892,2956,1019,919,337,42
E02002652,4196,465,2175,1004,29
E02002653,3431,443,723,1968,53
E02002654,3123,308,436,2092,87
E02002655,3594,435,1059,1659,61
E02002656,2562,1187,1011,21,10
E02002657,3106,1096,1404,300,34
E02002658,2992,898,1334,345,58
E02002659,4665,519,843,2756,103
E02002660,3154,854,821,1193,66
E02002661,3373,756,1067,1250,69
E02002662,3355,706,1002,1345,80
E02002663,2457,620,792,206,12
E02002664,3007,1206,1478,63,23
E02002665,3384,1086,1408,363,38
E02002666,3653,401,539,557,37
E02002667,3295,910,1333,170,29
E02002668,3928,320,582,2695,86
E02002669,3699,698,993,175,22
E02002670,3688,730,1214,1246,72
E02002671,3246,763,1277,672,32
E02002672,3003,433,684,1519,45
E02002673,3431,838,1355,223,26
E02002674,3251,904,1367,197,25
E02002675,4105,337,554,1742,92
E02002676,3523,815,1178,248,49
E02002677,4273,608,1293,883,62
E02002678,3349,841,1322,127,26
E02002679,3227,954,1251,653,34
E02002680,5316,312,495,2550,143
E02002681,3905,515,712,852,56
E02002682,3514,508,994,1278,59
E02006813,3791,889,1239,1282,70
E02002726,4427,1366,1579,919,37
E02002727,3297,228,354,1990,55
E02002728,3681,693,1059,491,42
E02002729,2578,676,1073,570,24
E02002730,3203,626,1045,169,21
E02002731,2497,476,741,328,19
E02002732,3093,1218,1420,160,33
E02002733,2802,763,1016,293,28
E02002734,2233,734,908,258,12
E02002735,2281,601,889,81,29
E02002736,2451,460,770,198,20
E02002737,3098,1098,1394,184,24
E02002738,3024,1018,1394,275,19
E02002739,2876,795,967,407,44
E02002740,2438,694,753,687,35
E02002741,3693,1266,1482,137,52
E02002742,2494,1062,881,43,19
E02002743,2665,959,763,694,35
E02002744,2837,420,653,1442,30
E02002745,3406,1731,1277,107,30
E02002746,3779,1482,1606,312,38
E02002747,3409,1604,1443,108,19
E02002748,3445,1527,1319,238,41
E02002749,4816,1629,1765,669,56
E02002750,2636,957,1119,210,39
E02002751,2667,988,1012,342,30
E02002752,2935,974,1169,350,34
E02002753,3956,1591,1404,347,61
E02002754,3465,1098,1466,457,40
E02002755,2907,638,969,695,37
E02002756,3277,499,665,1011,60
E02002757,2518,990,974,148,18
E02002758,2715,657,979,608,35
E02002759,4151,1502,1396,579,72
E02002760,2493,822,942,511,33
E02002761,2834,1000,1180,215,41
E02002762,2879,706,996,773,43
E02002763,3164,569,1061,1078,59
E02002764,2289,518,641,894,37
E02002765,2711,819,927,545,28
E02002766,3804,1418,1564,366,42
E02002767,2967,1320,1307,59,21
E02002768,3095,1224,1243,292,48
E02002769,2539,1121,937,185,60
E02002770,2899,1038,1065,308,45
E02002771,2967,1277,1180,253,57
E02002772,2673,959,1194,164,18
E02002773,2624,1288,945,211,28
E02002774,2646,1308,1119,27,27
E02002775,2565,956,655,816,16
E02002776,2864,1298,1050,260,15
E02002777,3451,1065,1648,360,30
E02002778,3619,1488,1336,179,37
E02002779,4177,1897,1344,401,50
E02002780,3493,686,958,998,49
E02002781,4161,809,1048,833,58
E02002782,2491,1244,906,125,38
E02002783,4152,1442,1753,544,37
E02002784,5511,849,786,1418,141
E02002785,2762,1280,952,125,23
E02002786,3996,748,926,982,46
E02002787,4276,1316,1466,795,50
E02002788,4053,1111,1420,244,45
E02002789,3830,823,1174,1496,55
E02002790,4743,1201,1132,529,95
E02002791,2627,1230,1035,136,36
E02002792,3130,1121,1129,126,27
E02002793,4072,1585,1568,578,44
E02002794,2173,896,642,196,40
E02002795,3463,1751,1321,136,30
E02005742,3314,1569,959,221,67
E02005743,2290,1204,543,139,64
E02005744,3421,1598,955,314,69
E02005745,2154,1071,623,71,55
E02005746,2987,1148,969,406,61
E02005747,3042,944,890,442,59
E02005748,3215,1238,1198,230,62
E02005749,4160,1624,1556,389,63
E02005750,3574,1429,960,705,70
E02005751,3811,2020,1220,168,70
E02005752,2958,1232,832,331,77
E02005753,5775,1721,1778,1430,61
E02005754,3170,1604,1020,147,52
E02005755,2765,1010,878,380,64
E02005756,2575,921,683,159,67
E02005757,3772,1459,1160,309,78
E02005758,3410,1269,954,585,93
E02005759,3797,1585,1114,495,76
E02005760,2510,885,930,214,52
E02005761,2336,987,607,196,72
E02005762,2410,862,775,214,33
E02005763,2576,949,746,226,96
E02005764,4549,1524,1481,760,70
E02005765,2635,1009,924,207,58
E02005766,2645,1115,798,209,62
E02005767,2749,1315,1065,84,35
E02005768,2357,871,926,72,39
E02005769,3173,1006,979,593,48
E02005770,4092,1660,1705,180,42
E02005771,3336,876,1400,509,27
E02005772,2481,1263,976,35,23
E02005773,4101,770,1214,1124,89
E02005774,3945,1351,1533,471,54
E02005775,4497,1059,1129,376,48
E02005776,3185,1276,1164,229,82
E02005777,3429,1576,1392,158,35
E02005778,2466,1090,755,95,90
E02005779,3548,1417,1020,89,56
E02005780,4362,2062,1575,178,34
E02005781,2297,1080,851,133,34
E02005782,3325,1413,1007,221,116
E02005783,3775,1472,1105,537,62
E02005784,2382,774,867,270,37
E02005785,4183,611,1194,660,55
E02005786,2822,1430,581,220,93
E02005787,3720,1595,965,275,128
E02005788,2846,1388,682,256,77
E02005789,4593,2170,1146,577,91
E02005790,2788,1276,591,280,129
E02005791,2792,917,773,408,135
E02005794,4076,1700,1108,340,140
E02006870,5429,1878,1578,1035,76
E02005795,3382,1283,757,561,77
E02005796,3007,1337,749,319,90
E02005797,2715,1051,764,448,51
E02005798,3802,1997,1040,282,85
E02005799,3950,2035,1269,299,58
E02005800,3924,851,817,611,70
E02005801,2364,662,638,810,41
E02005802,3468,917,1188,163,25
E02005803,4161,1407,1287,707,47
E02005804,4433,1383,692,201,66
E02005805,3182,1591,1122,172,35
E02005806,2926,809,953,923,50
E02005807,2687,1267,896,133,57
E02005808,5434,2733,1327,505,87
E02005809,3184,1111,1194,455,70
E02005810,3526,1275,1549,212,69
E02005811,3560,1312,1582,242,48
E02005812,3734,1210,1638,504,42
E02005813,4809,874,1461,1438,57
E02005814,2705,1120,969,372,34
E02005815,3339,1416,1561,94,37
E02005816,3370,1237,1544,201,39
E02005817,3029,1109,1274,340,41
E02005818,3303,1265,1411,303,53
E02001509,2696,789,1010,601,44
E02001510,2537,787,929,497,45
E02001511,2673,875,1038,442,38
E02001512,3358,1185,1262,536,55
E02001513,3325,1294,1342,320,32
E02001514,2999,721,1044,759,36
E02001515,3918,717,1062,1813,86
E02001516,2518,641,997,489,45
E02001517,3448,1272,1304,582,45
E02001518,4376,1393,1506,899,76
E02001519,2749,774,839,833,43
E02001520,4764,2073,1714,493,49
E02001521,5349,1285,1729,559,101
E02001522,3750,1069,999,1124,62
E02001523,3043,1018,1170,230,40
E02001524,2566,1150,903,223,37
E02001525,2955,555,661,1072,69
E02001526,2487,475,619,1116,52
E02001527,2573,868,953,473,37
E02001528,4424,1489,1415,908,68
E02001529,4180,1272,1165,1321,94
E02001530,2748,689,898,514,59
E02001531,2954,807,898,636,43
E02001532,4067,1428,1689,556,36
E02001533,3125,886,1175,519,29
E02001534,3800,1035,1385,875,61
E02001535,2595,992,965,302,50
E02001536,3807,1248,1406,669,67
E02001537,3525,949,1367,657,44
E02001538,3425,1042,1030,1014,51
E02001539,2400,694,843,522,36
E02001540,4810,1579,1746,722,93
E02001541,4876,1503,1622,878,96
E02001542,3071,805,811,977,67
E02001543,3622,1029,1202,886,69
E02001544,3526,1054,1370,630,52
E02001545,3726,1632,1509,222,34
E02001546,2805,1295,1053,134,33
E02001547,4223,1019,1578,1046,69
E02001548,3397,654,973,993,56
E02001549,2521,934,1015,270,34
E02001550,3149,979,1252,571,56
E02001551,2656,842,987,207,33
E02001552,3151,733,1258,542,59
E02001553,4193,1216,1353,996,80
E02001554,2625,1042,1154,156,36
E02001555,2463,1022,1029,143,20
E02001556,3764,883,1230,1148,70
E02001557,3965,1140,1275,206,60
E02001558,2715,1129,946,263,57
E02001559,3165,1422,1313,57,41
E02001560,4318,825,920,833,85
E02001561,2953,510,781,1031,59
E02001562,2634,720,852,761,73
E02001563,3254,1434,1097,300,38
E02001564,3146,1478,1271,88,41
E02001565,2860,1265,1027,74,27
E02001566,3330,513,1211,566,67
E02001567,3786,1083,1242,941,58
E02001568,2623,732,715,853,52
E02001569,3926,966,1204,955,39
E02001570,3114,582,774,1305,89
E02001571,2620,1110,940,193,50
E02001572,2997,747,1040,740,53
E02001573,3126,927,1217,575,74
E02001574,2596,962,1225,115,15
E02001575,2941,582,988,917,65
E02001576,2459,801,960,312,36
E02001577,2981,1410,942,275,60
E02001578,3946,945,1666,873,60
E02001579,3919,1168,1216,1076,71
E02001580,3681,1394,1172,716,56
E02001581,2466,791,853,644,38
E02001582,3044,892,1003,934,44
E02001583,2423,721,916,417,29
E02001584,2994,1100,1215,251,36
E02001585,2772,478,828,976,70
E02001586,3992,829,1052,1754,73
E02001587,2558,543,686,1033,51
E02001588,3022,622,900,1286,61
E02001589,3448,1183,1672,224,32
E02001590,2913,375,676,1543,83
E02001591,3267,720,869,1101,73
E02001592,3766,1350,1447,661,55
E02001593,2853,551,653,887,87
E02001594,2833,488,531,914,104
E02001595,3577,1196,1715,336,59
E02001596,3687,1225,1245,599,37
E02001597,4060,1100,1122,968,75
E02001598,4068,1413,1393,806,66
E02001599,2627,1017,1114,238,31
E02001600,4126,1721,1363,469,65
E02001601,2188,827,786,373,34
E02001602,3745,1382,1409,528,43
E02001603,2794,873,957,509,61
E02001604,3455,877,1508,585,55
E02001605,3079,927,1350,361,41
E02001606,3306,1153,1250,376,41
E02001607,3755,1292,1314,817,57
E02001608,2818,983,1293,246,30
E02001609,3578,1622,1299,380,41
E02001610,3533,1273,1415,408,64
E02001611,3356,1201,1203,595,36
E02001612,2539,947,1103,275,23
E02001613,4522,1459,1761,993,35
E02001614,4728,1778,2154,441,31
E02001615,3289,1540,1267,176,32
E02001616,3116,867,1079,931,25
E02001617,2287,330,673,1115,14
E02001618,4057,1368,1720,498,45
E02001619,3996,803,1086,1918,22
E02001620,2773,409,812,1236,20
E02001621,2305,488,584,1046,18
E02001622,4004,815,1074,1809,27
E02001623,3301,467,662,1928,27
E02001624,4020,1177,1475,739,31
E02001625,3179,523,830,1624,21
E02001626,2474,810,958,386,17
E02001627,2788,642,1069,401,30
E02001628,2235,563,479,711,44
E02001629,2858,518,618,1408,25
E02001630,2802,916,711,562,56
E02001631,3357,987,1376,540,24
E02001632,4370,687,707,1685,102
E02001633,3177,1372,1206,396,20
E02001634,4398,1263,1599,496,32
E02001635,2930,930,924,939,18
E02001636,4176,540,743,2083,46
E02001637,2350,375,496,1078,39
E02001638,2218,437,518,103,24
E02001639,2779,813,861,229,31
E02001640,2871,456,538,470,29
E02001642,4011,1349,1678,471,30
E02001643,2729,1223,963,312,32
E02001646,2758,552,490,289,29
E02001647,2682,890,952,629,18
E02001648,2769,1013,862,145,23
E02001649,4178,395,835,2436,36
E02001650,3391,328,373,1252,47
E02001651,3306,1718,1303,65,23
E02001652,3791,472,726,594,55
E02001653,3101,381,644,1557,25
E02001654,2639,827,1039,595,15
E02001655,3419,760,1057,1330,19
E02001656,3042,986,1033,65,29
E02001657,3619,1454,1576,66,21
E02001658,2321,256,485,1401,21
E02001659,2976,558,823,1355,21
E02001660,4084,1118,1428,296,43
E02001661,3647,636,938,1619,31
E02001662,3394,1094,1234,704,29
E02001663,3343,837,1491,144,22
E02001664,2768,1034,1016,493,17
E02001665,3794,1906,1559,99,28
E02001666,2584,579,993,750,16
E02001669,3500,1031,1483,217,25
E02001670,2766,512,665,1377,24
E02001671,2669,984,1102,423,20
E02001672,2734,979,975,553,28
E02001673,2195,664,1256,72,12
E02001674,3904,1706,1470,454,36
E02001675,4149,1091,1474,1305,24
E02001676,2514,1127,1104,151,13
E02001678,4344,2206,1509,280,37
E02001679,3011,724,778,1275,19
E02001680,3133,434,598,1879,31
E02001681,3332,1418,1291,413,25
E02006803,3763,1217,1868,259,28
E02006843,3270,118,261,419,47
E02006844,3155,174,232,888,43
E02006868,5068,791,955,2175,220
E02006869,4820,1306,1874,1299,37
E02002183,2579,1186,914,175,39
E02002184,5556,2515,1868,381,78
E02002185,2478,973,1044,204,26
E02002186,5450,2157,2139,247,63
E02002187,2475,1223,937,98,29
E02002188,3173,1329,1434,32,32
E02002189,2249,872,878,122,42
E02002190,4222,1288,1301,516,62
E02002191,3523,831,1212,781,56
E02002192,3910,1642,1648,218,40
E02002193,2828,602,809,790,67
E02002194,3107,1015,1254,508,42
E02002195,2766,1193,1117,176,47
E02002196,2622,828,1193,185,20
E02002197,4019,1087,1416,492,45
E02002198,3766,1210,1550,499,65
E02002199,2804,955,1230,183,24
E02002200,4032,1399,1514,458,37
E02002201,5203,1121,2428,909,72
E02002202,3408,759,963,552,64
E02002203,3285,760,1205,869,60
E02002204,4900,1850,2119,352,37
E02002205,4476,1628,1839,164,55
E02002206,3427,1087,1472,404,33
E02002207,2307,747,858,153,29
E02002208,3235,846,1281,549,26
E02002209,2283,386,678,870,35
E02002210,2824,1030,1200,113,33
E02002211,2064,674,857,95,34
E02002212,2260,567,936,328,39
E02002213,2917,970,1161,339,53
E02002214,2404,832,1134,37,19
E02002215,2733,789,944,300,54
E02002216,2700,685,531,843,68
E02002217,2995,732,968,396,50
E02002218,3685,944,1349,827,46
E02002219,2152,593,788,194,39
E02002220,2561,678,920,447,55
E02002221,4961,656,674,1606,116
E02002222,2944,736,1104,568,36
E02002223,2216,547,577,391,39
E02002224,2803,842,753,412,75
E02002225,3448,1039,1482,355,37
E02002226,3478,1026,686,145,78
E02002227,2444,392,522,853,46
E02002228,2824,520,715,998,55
E02002229,3152,949,1245,410,38
E02002230,3332,509,482,1154,87
E02002231,4442,1247,1838,492,67
E02002232,2516,606,781,371,36
E02002233,2695,619,809,689,53
E02002234,3192,296,672,1795,76
E02002235,2438,643,756,493,75
E02002236,2493,869,1075,85,26
E02002237,3258,910,1391,298,25
E02002238,2546,556,865,605,44
E02002239,4000,872,1643,670,47
E02002240,4423,1280,2135,279,48
E02002241,4897,1068,1995,1055,74
E02002242,3369,1167,1421,278,55
E02002243,4047,1155,1518,705,50
E02002244,2525,899,1060,323,29
E02002245,2441,419,649,1020,37
E02002246,4183,1708,1727,222,31
E02002247,4310,1566,1574,413,44
E02002248,3180,749,1125,821,44
E02002249,2385,460,777,744,24
E02002250,3805,1416,1299,491,48
E02002251,3869,725,972,1054,57
E02002252,2570,1037,947,322,28
E02002253,2957,770,1080,374,58
E02002254,2497,1022,1007,138,17
E02002255,2485,601,441,809,76
E02002256,4156,1283,1404,658,59
E02002257,2074,647,702,132,52
E02002258,4005,1228,1504,508,52
E02002259,2902,1035,1065,212,37
E02002260,4301,1159,1442,776,58
E02002261,3655,1104,1367,469,36
E02002262,3689,1284,1232,521,47
E02002263,2881,785,1072,601,52
E02002264,3030,1186,1158,182,38
E02002265,2512,825,922,298,41
E02002266,2556,929,1019,200,33
E02002267,3510,1040,1354,756,50
E02002268,4519,1257,1467,841,64
E02002269,4106,1297,1796,395,47
E02002270,3518,1240,1545,214,45
E02002271,3040,1111,1315,193,35
E02002272,4107,1118,1533,937,89
E02002273,2702,959,1094,253,49
E02002274,2879,899,1277,328,41
E02002275,3942,1057,1469,643,67
E02002276,2976,958,1147,426,42
E02002277,2527,925,856,273,43
E02002278,2680,715,978,628,48
E02002279,2780,584,939,749,64
E02002280,2274,537,464,930,78
E02002281,4340,1200,1825,627,74
E02002282,2536,704,978,372,47
E02002283,2413,940,620,436,54
E02002284,2648,1005,995,299,43
E02002285,3356,1306,1349,217,42
E02002286,2372,526,799,612,52
E02002287,2732,592,675,600,70
E02002288,3831,861,1467,989,59
E02002289,2126,463,707,637,58
E02002290,2697,1168,1011,191,44
E02002291,2709,1005,1055,316,29
E02002292,2391,871,972,250,27
E02002293,2624,598,761,656,80
E02002294,3102,1162,895,604,78
E02002295,2951,464,784,1285,97
E02002296,3114,1035,1039,429,60
E02002297,2773,1174,1032,88,32
E02002298,2878,890,918,795,51
E02002299,2852,478,576,906,85
E02002300,2931,1255,1043,224,34
E02002301,2839,717,881,294,61
E02002302,2650,1026,1139,136,22
E02002303,2880,921,935,312,39
E02002304,2972,800,677,315,45
E02002305,2639,599,744,815,70
E02002306,2692,1074,1138,142,40
E02002307,2623,877,999,419,51
E02002308,2876,902,1180,286,30
E02002309,2838,700,739,544,69
E02002310,2713,679,918,587,31
E02002311,2812,796,1065,463,49
E02002312,3054,524,698,823,54
E02002313,2544,705,717,278,67
E02002314,2624,1078,891,305,40
E02002315,3028,728,1201,352,37
E02002316,2758,1147,1057,297,46
E02002317,2920,875,976,515,76
E02002318,2883,837,860,802,71
E02002319,2876,957,1175,218,25
E02002320,3097,1193,977,503,60
E02002321,2569,1066,1010,144,35
E02002322,2781,1067,1052,238,50
E02002323,3612,1463,1390,324,52
E02002324,2811,1088,1051,308,42
E02002325,3567,1307,1374,392,54
E02002326,2509,993,1150,104,30
E02002327,4086,1639,1677,215,67
E02002328,2942,1230,1137,177,50
E02002329,5047,2021,2023,324,51
E02002330,2785,1435,1066,108,29
E02002331,2679,865,820,598,52
E02002332,2534,957,874,529,37
E02002333,3625,1324,1331,386,49
E02002334,3156,1325,1127,337,59
E02002335,3154,1393,1226,204,54
E02002336,2826,1339,1086,143,36
E02002337,2830,1106,1251,182,32
E02002338,2888,1048,1128,329,34
E02002339,2597,606,851,780,49
E02002340,2536,900,922,397,19
E02002341,3016,1416,1208,27,40
E02002342,2577,1118,911,393,23
E02002343,2419,866,1123,147,26
E02002344,3427,1337,1342,178,39
E02002345,2334,1096,890,115,21
E02002346,2727,718,883,873,31
E02002347,2734,539,728,1199,70
E02002348,2727,825,879,723,57
E02002349,2540,917,828,228,31
E02002350,2563,1226,919,81,33
E02002351,2265,1092,907,91,24
E02002352,3116,1139,1198,151,43
E02002353,2225,748,1022,192,24
E02002354,3328,1027,1189,696,50
E02002356,3217,1193,1275,256,43
E02002357,3585,955,1277,708,54
E02002358,3159,829,1243,829,67
E02002359,2773,1119,1043,295,54
E02002360,2954,732,1078,624,43
E02002361,2462,701,903,495,34
E02002362,3562,651,923,1578,70
E02002363,3300,856,1240,238,27
E02002364,2699,323,602,1564,77
E02002366,2844,1075,994,260,40
E02002367,2603,281,591,1398,48
E02002368,3537,1156,1576,265,50
E02002369,2928,470,767,1383,56
E02002370,2880,419,920,1284,49
E02002371,4149,842,947,1451,87
E02002373,2670,265,273,289,17
E02002374,2979,614,699,853,50
E02002375,2296,352,682,1026,29
E02002376,2455,379,552,1212,50
E02002377,2282,423,463,575,52
E02002379,2044,286,474,1120,42
E02002380,2353,718,966,431,36
E02002381,2891,584,1188,582,38
E02002382,2302,384,488,394,61
E02002383,2332,170,146,377,19
E02002384,4306,228,331,2179,98
E02002385,3419,420,576,820,47
E02002386,3853,1824,1464,111,35
E02002387,2435,424,790,820,46
E02002388,3196,621,1097,984,27
E02002389,2906,300,579,1745,71
E02002390,2665,604,974,794,41
E02002391,3505,925,1554,466,51
E02002392,2352,132,134,667,25
E02002393,3870,191,237,2334,104
E02002394,3198,373,590,1344,66
E02002395,2440,975,999,116,19
E02002396,3822,902,1436,597,39
E02002397,3277,825,1249,840,55
E02002398,3256,1432,1308,165,35
E02002399,2631,573,921,670,37
E02002400,3641,426,687,1499,76
E02002401,2541,351,401,1581,36
E02002402,2396,960,1160,31,24
E02002403,2633,945,954,318,40
E02002404,4432,307,744,1468,76
E02002405,3228,1140,1232,380,53
E02002406,2850,1287,1285,107,19
E02002407,2835,337,738,1300,57
E02002408,3268,796,1314,621,60
E02002409,2633,730,895,760,35
E02002410,3051,866,1193,559,38
E02002411,3502,353,577,887,60
E02002412,3051,852,1358,369,32
E02002414,2682,275,492,1126,82
E02002415,2599,339,409,701,42
E02002416,2794,1121,871,569,41
E02002417,2727,842,1139,386,29
E02002418,3038,925,1457,427,28
E02002419,3503,664,886,1455,67
E02002420,3299,1029,1278,230,51
E02002421,2609,274,496,1591,58
E02002422,2662,951,1246,150,40
E02002423,2482,537,800,886,46
E02002424,3271,897,1475,515,40
E02002425,3685,1297,1542,350,49
E02002426,3240,1101,1367,420,35
E02002427,3021,961,1037,742,41
E02002428,3110,725,1312,628,38
E02002429,3523,1021,1578,473,50
E02002430,3017,360,742,1601,67
E02002431,3591,670,1535,632,51
E02002432,2919,896,1315,446,41
E02002433,3182,589,1094,715,47
E02002434,3542,668,1891,530,30
E02002435,3269,1099,1388,188,37
E02002436,2831,739,1110,586,53
E02002437,2445,890,1279,81,16
E02006852,4551,1405,1450,191,64
E02006861,3887,363,398,605,46
E02006875,3569,194,497,169,51
E02006876,3492,315,644,878,57
E02002438,3273,676,888,1476,37
E02002439,3639,1094,1213,551,37
E02002440,3225,939,1114,971,33
E02002441,3825,932,1310,1186,32
E02002442,2819,957,1298,139,21
E02002443,2353,752,1250,124,19
E02002444,2657,781,1094,464,13
E02002445,3057,1040,1129,552,31
E02002446,2585,937,1065,328,19
E02002447,2721,722,924,735,26
E02002448,3352,828,942,1283,18
E02002449,3230,1028,1557,336,27
E02002450,2859,793,1329,429,28
E02002451,3049,1274,1175,400,25
E02002452,3723,697,1098,1416,40
E02002453,4171,922,1324,1376,35
E02002454,3399,539,783,994,46
E02002455,2552,523,742,1116,19
E02002456,2738,718,847,498,33
E02002457,3252,562,815,1516,39
E02002458,3757,1185,1464,565,29
E02002459,3934,859,1498,1080,32
E02002460,3149,1461,1105,308,30
E02002461,4173,1170,1752,841,28
E02002462,3337,1037,1157,731,33
E02002463,3651,482,724,2234,34
E02002464,3506,873,1063,1150,34
E02002465,2850,1089,832,521,36
E02002466,4012,1177,1451,970,48
E02002467,3611,671,946,1042,35
E02002468,2660,918,1061,276,27
E02002469,2423,918,975,347,27
E02002470,2622,1395,968,93,24
E02002471,4499,1860,1766,394,41
E02002472,2439,938,938,324,18
E02002473,2722,1142,1198,84,23
E02002474,2700,641,834,1017,26
E02002475,2573,1076,1045,222,26
E02002476,2375,557,639,873,36
E02002477,2699,751,973,632,36
E02002478,2459,761,992,295,26
E02002479,3693,1057,1247,925,37
E02002480,2673,769,802,602,24
E02002481,2672,677,944,726,17
E02002482,2746,588,904,987,22
E02002796,2585,1286,1005,88,17
E02002797,3371,1944,1103,28,24
E02002798,4187,1272,2268,50,25
E02002799,2451,614,838,668,26
E02002800,3136,1010,1126,384,30
E02002801,3160,1108,1236,486,40
E02002802,3256,613,832,1422,54
E02002803,3492,458,807,1065,36
E02002804,3243,994,1003,980,56
E02002805,2575,1306,965,93,22
E02002806,2839,422,597,674,37
E02002807,3737,1262,1419,710,42
E02002808,5590,592,942,1601,58
E02002809,2830,925,1056,540,26
E02002810,3457,1690,1350,116,25
E02002811,3684,720,752,815,78
E02002812,2722,962,916,426,31
E02002813,3819,718,568,1215,109
E02002814,3273,1507,1216,214,40
E02002815,2520,781,718,298,41
E02002816,3377,1056,1562,340,25
E02002817,2377,1150,883,130,16
E02002818,2852,610,745,998,35
E02002819,3452,848,1298,541,31
E02002820,4043,942,1417,875,55
E02002821,4340,640,1006,1866,52
E02002822,2748,954,963,540,18
E02002823,3236,1107,1051,797,35
E02002824,3716,816,1131,1332,46
E02002825,3557,1101,1506,524,49
E02002826,2646,831,1111,434,20
E02002827,2550,476,1039,737,19
E02002828,2804,1062,1183,95,25
E02002829,4340,689,1077,1975,84
E02002830,3909,491,1142,1758,43
E02002831,2340,870,820,184,37
E02002832,2803,853,616,624,59
E02002833,2609,744,640,633,37
E02002834,3975,1393,1473,239,32
E02002835,4369,828,2105,472,24
E02002836,3131,888,737,788,53
E02002837,2624,405,634,1053,36
E02002838,3093,453,669,1679,50
E02002839,2911,821,1079,691,48
E02002842,3418,454,784,524,69
E02002843,3843,904,746,911,76
E02002844,3775,481,318,2424,104
E02002845,3933,764,1073,1356,94
E02002846,3028,1132,1294,134,31
E02002847,2854,1043,948,136,60
E02002848,3344,823,549,783,59
E02002849,5256,697,954,702,81
E02002851,2861,1331,1078,182,26
E02002852,2584,187,464,1780,47
E02002853,4029,1324,1027,423,69
E02002854,3222,442,939,1332,60
E02002855,2786,679,864,96,34
E02002856,5066,1258,1301,249,53
E02002857,2925,538,971,332,30
E02002858,2928,1235,1125,65,35
E02002860,3350,1091,1265,530,54
E02002861,2775,361,562,1638,57
E02002862,3547,599,1030,1589,83
E02006815,3739,980,1055,1355,81
E02006817,2974,953,1037,398,31
E02006819,3254,498,895,1552,50
E02006850,3215,201,206,1209,50
E02006851,2961,70,227,642,31
E02002868,2458,1003,956,322,19
E02002869,3297,558,853,1316,55
E02002871,3469,990,1274,632,36
E02002872,3816,678,1074,1558,51
E02002873,3903,679,1142,1427,56
E02002874,3052,814,1041,784,51
E02002875,3627,563,1150,1192,49
E02002876,3471,762,1297,816,40
E02002877,3650,1043,1190,347,50
E02002878,3258,374,697,1746,49
E02002879,3936,765,1408,598,41
E02002880,3296,448,907,1418,53
E02002881,2669,475,682,1209,53
E02002882,3784,843,963,414,44
E02002883,3537,571,1033,1137,43
E02002884,2323,397,513,333,29
E02002885,3107,306,478,969,69
E02002886,3438,1042,1066,733,53
E02002887,2832,612,732,1191,74
E02002888,3064,402,644,1522,93
E02002889,3140,143,205,1450,25
E02002890,4727,303,369,2225,90
E02002891,3376,1078,1218,621,50
E02002892,2565,623,763,929,44
E02002893,4388,376,496,1709,66
E02002894,2689,983,1090,222,20
E02002895,3279,545,478,390,32
E02002896,4372,477,852,1483,65
E02002897,3406,1609,1026,443,38
E02002898,3738,415,332,880,53
E02002899,2172,508,444,619,53
E02002901,2540,998,919,323,25
E02002902,3488,976,1066,1044,50
E02002903,2859,656,969,948,44
E02002904,2633,739,930,675,42
E02006834,3661,680,978,1659,66
E02006904,3787,294,556,836,57
E02006905,3324,424,710,1366,66
E02002863,2676,935,778,265,58
E02002864,2519,1027,844,314,29
E02002865,3390,1329,1069,428,67
E02002866,3088,1274,1083,285,37
E02002867,3329,1324,1053,393,77
E02004029,2845,933,874,594,49
E02004030,2550,1204,779,278,41
E02004031,3218,692,835,1209,67
E02004032,3643,1638,1425,202,39
E02004033,3828,1381,1533,252,47
E02004034,3197,1510,1149,259,33
E02004035,2727,1386,926,133,33
E02004036,4267,1544,1405,817,61
E02004037,3154,1307,1430,126,22
E02004038,3643,1229,1292,381,58
E02004039,3413,1267,1500,225,32
E02004040,3658,1347,1575,238,41
E02004041,2938,1051,1272,219,33
E02004043,3009,1213,1099,437,42
E02004044,3151,1506,1017,189,53
E02006827,3355,898,973,925,71
E02004045,3899,1438,1558,358,42
E02004046,2738,933,939,572,39
E02004047,2507,626,698,639,38
E02004048,2919,863,932,561,39
E02004049,3478,1314,1199,640,60
E02004050,2969,880,834,911,63
E02004051,3831,1196,1147,703,73
E02004052,3382,1182,1287,544,60
E02004053,3347,954,1219,680,54
E02004054,3731,1305,1551,357,37
E02004055,3286,1096,1046,750,33
E02004056,3228,746,839,1353,23
E02004057,3398,846,1252,703,29
E02004058,3638,900,869,1538,39
E02004059,3232,1250,1161,551,25
E02004060,3190,1082,1023,813,24
E02004061,3430,1088,971,878,36
E02004062,3680,1073,1244,1175,34
E02004063,3655,1534,1270,392,36
E02004064,4271,898,1146,631,55
E02004065,3672,1993,1389,30,35
E02004066,5124,1886,1868,515,50
E02004067,2992,673,560,1503,29
E02004068,3302,1486,940,416,51
E02004069,3099,1483,746,215,164
E02004070,2763,1332,658,410,55
E02004071,2229,958,674,298,40
E02004072,3722,1770,1279,238,44
E02004073,4129,1651,1124,821,58
E02004074,2582,1153,791,350,32
E02004075,3156,1458,924,199,82
E02004076,2796,860,943,673,35
E02004077,2966,1362,906,116,89
E02004078,3159,766,860,1063,61
E02004080,4284,1266,1475,483,55
E02004081,2470,1080,874,287,30
E02004082,2550,1224,1099,49,24
E02004083,3310,1120,1401,313,28
E02004084,2667,897,841,725,37
E02004085,3726,1358,1418,486,42
E02004086,3175,1271,1193,341,39
E02004087,3414,980,1352,553,33
E02004088,3124,1321,1433,39,41
E02004089,3259,641,1158,600,41
E02004090,2733,1056,997,342,33
E02004091,3905,1429,1759,154,30
E02004092,4194,1272,1708,764,47
E02006828,2722,825,1458,136,19
E02004093,2751,804,1192,321,22
E02004094,2994,675,1046,997,51
E02004095,4463,1239,1661,661,72
E02004096,3795,1612,1820,75,32
E02004097,3328,1322,1388,103,24
E02004098,3227,1073,1150,667,51
E02004100,3216,1376,1222,195,42
E02004102,3909,1256,1052,465,49
E02004103,2938,840,925,779,33
E02004104,2912,1263,1198,135,27
E02006872,5413,2233,1941,547,79
E02004105,3845,1152,1611,775,35
E02004106,3111,1587,1054,233,32
E02004108,3387,1083,1052,938,28
E02004109,2880,1537,976,202,40
E02004110,3136,1482,1372,139,21
E02004111,2414,1074,787,354,29
E02004112,2894,1582,888,199,26
E02004113,4027,950,940,1777,37
E02004114,3163,1704,981,234,31
E02004115,3978,1423,1546,614,26
E02004116,3604,883,1025,1289,39
E02004117,3170,1167,911,824,36
E02006804,3461,847,1085,1203,27
E02004118,2700,1037,1098,123,41
E02004119,4330,1245,2238,283,20
E02004120,2903,1115,1303,125,31
E02004121,2800,1191,1231,127,24
E02004122,2472,1107,915,83,79
E02004123,2816,1081,914,300,42
E02004124,3141,1159,1104,596,27
E02004125,3775,1204,1460,551,39
E02004126,3009,976,1162,441,64
E02004128,4296,1645,1696,429,64
E02006919,3595,787,1690,346,27
E02006920,3155,690,1499,473,23
E02005334,2161,860,1103,19,8
E02005335,2824,1289,1086,160,30
E02005336,2903,645,1477,198,23
E02005337,3961,1692,1532,212,36
E02005338,4167,1428,1790,492,37
E02005339,3502,1236,1702,185,15
E02005340,3553,1363,1441,351,32
E02005341,2753,783,1407,306,22
E02005342,2802,1094,1170,285,22
E02005343,2797,1221,1168,168,23
E02005344,3146,1207,1330,340,24
E02006820,4117,1927,1605,232,34
E02005345,2600,958,1037,271,20
E02005346,4925,851,1303,1441,80
E02005347,3449,691,597,704,53
E02005348,2540,945,902,309,16
E02005349,2980,1123,1210,313,35
E02005350,2813,917,1215,322,24
E02005351,2328,712,585,522,40
E02005352,2421,1060,990,105,40
E02005353,3824,1014,1238,884,46
E02005354,3542,1785,1423,48,21
E02005355,2766,1040,1156,233,29
E02005356,2873,1141,1109,212,30
E02005357,3036,971,1362,282,26
E02005358,4281,1426,1902,486,47
E02005359,2390,1073,993,81,32
E02005360,2546,1264,854,117,57
E02005361,2778,838,1176,251,27
E02005362,2627,1005,1091,286,28
E02005363,2944,1443,1116,134,26
E02005364,2098,828,935,125,19
E02005365,3944,1592,1482,383,37
E02005366,2811,1052,1095,342,36
E02005368,2581,1062,887,194,66
E02005369,4128,1711,1540,374,44
E02005370,3422,1075,1860,174,20
E02005371,3970,1497,1777,246,42
E02005372,3749,1594,1550,222,52
E02005373,3773,1705,1555,129,39
E02005374,3008,810,923,752,38
E02005375,3518,1200,1510,168,28
E02005376,3940,1415,1531,538,48
E02006816,2809,1320,1130,126,24
E02005377,3568,1463,1449,322,29
E02005378,2183,885,994,111,14
E02005379,2532,1028,1042,223,17
E02005380,3562,1422,1327,367,52
E02005381,3378,1499,1246,365,44
E02005382,4390,1363,1714,720,38
E02005383,3908,1216,1640,559,41
E02005384,2646,1091,1103,147,40
E02005385,2525,1185,1076,34,15
E02005386,3870,1077,1415,372,37
E02005387,3858,1127,1817,365,18
E02005388,2564,813,970,403,32
E02005389,2619,1018,799,591,39
E02005390,3774,1672,1642,106,27
E02005391,4087,1599,1472,320,97
E02005392,3815,1568,1629,145,24
E02005393,3001,1101,1202,294,50
E02005394,3961,1108,1331,919,35
E02005395,3837,1312,1417,550,42
E02005396,2789,1040,917,174,90
E02005397,3576,1233,1365,369,41
E02005398,2598,969,912,243,43
E02005399,2752,907,1002,385,27
E02005400,2438,1041,863,302,23
E02005401,2345,972,920,229,39
E02005402,2498,984,899,407,28
E02005403,2966,1151,1219,310,39
E02005404,3145,1078,1224,551,34
E02005405,2828,828,753,1078,42
E02005406,3125,789,1228,463,41
E02005407,3481,1079,1804,184,31
E02005408,3074,1091,1082,496,38
E02005409,4302,1459,1810,581,31
E02005412,3310,1550,1071,291,54
E02005414,3245,1011,1164,728,49
E02005415,3256,1067,1273,371,27
E02005416,3613,1738,1539,66,23
E02006818,3277,1634,1309,61,26
E02006911,4638,2069,1975,93,33
E02005417,2935,1244,989,427,57
E02005418,4119,774,880,1471,68
E02005419,3591,900,840,439,46
E02005420,3623,1021,1136,956,59
E02005422,2569,1024,893,367,35
E02005423,4106,1334,1254,1034,48
E02006864,3361,1556,1264,174,34
E02006865,2987,1390,1161,97,28
E02005424,4281,1940,1602,237,63
E02005425,2688,1247,953,175,36
E02005426,4151,1323,1256,1040,51
E02005427,3379,1171,984,257,40
E02005428,3686,1691,856,531,52
E02005429,3244,1961,597,169,41
E02005430,3059,1503,854,193,68
E02005431,3643,1664,981,384,70
E02005432,3303,1528,903,163,118
E02005433,3259,1717,627,283,61
E02005434,3291,1285,930,428,48
E02005435,3292,1354,844,303,18
E02005436,3454,1472,968,392,59
E02005437,2695,601,547,173,26
E02005438,3016,975,713,934,39
E02005439,4599,1869,1373,373,76
E02005440,2272,857,632,390,63
E02005441,3578,1668,1173,280,83
E02005442,2710,484,601,1366,93
E02005443,3177,862,1076,673,40
E02005444,5257,1558,1642,472,94
E02005445,4806,721,1218,1713,82
E02005446,2840,463,564,472,48
E02005447,3202,470,733,523,48
E02005448,3126,549,1061,1094,59
E02005449,2891,901,1043,231,17
E02005450,3708,1388,1681,147,14
E02005451,3421,571,872,1454,61
E02005452,4687,1750,1944,584,43
E02005453,4569,2105,1911,50,46
E02005455,5113,1814,2254,276,74
E02005456,4023,1327,1332,570,56
E02005457,3565,1318,1341,495,61
E02005458,2764,1112,998,273,67
E02005459,3420,1143,1094,714,94
E02005460,2387,703,848,131,32
E02005461,2817,1238,889,245,51
E02005462,4123,1090,1364,843,79
E02005463,3530,1208,1637,195,26
E02005464,3591,1463,1289,418,55
E02006866,2792,1018,1104,343,18
E02006867,3278,1576,1232,141,27
E02005465,3523,1552,1242,407,39
E02005466,2699,1261,910,276,33
E02005467,3209,1257,1005,429,60
E02005468,3084,1348,1070,371,53
E02005469,3079,1169,1131,421,52
E02005470,4483,1558,1498,423,50
E02005471,3857,1250,1013,913,72
E02005472,4314,1673,1268,691,76
E02005473,3767,1369,1517,272,34
E02005474,2726,1261,990,224,33
E02005475,2523,925,1028,301,25
E02005476,3017,1120,1231,299,52
E02005477,3798,1731,1286,409,63
E02005478,4339,1434,1300,1036,75
E02005479,3558,1215,1448,287,37
E02005480,2861,542,849,1096,36
E02005481,4985,1148,1587,596,51
E02005482,4092,1350,1747,225,120
E02005483,3224,1158,1271,379,50
E02005484,3030,916,988,483,104
E02005485,2531,1080,1011,159,42
E02005486,3580,1076,1395,520,44
E02005487,3664,1479,1563,245,68
E02005488,2686,1043,995,359,34
E02005489,2985,974,1414,209,29
E02005490,4046,1194,1404,883,56
E02005491,4948,1798,1564,516,82
E02005492,4067,1631,1353,442,114
E02005493,3881,1549,1634,314,43
E02005494,4130,1604,1327,414,83
E02005495,4499,1238,1434,535,52
E02005496,2685,933,972,155,78
E02005497,2981,576,831,1315,38
E02005498,3152,1541,1092,202,50
E02005499,3317,1413,1326,223,44
E02005500,2867,1011,1130,168,48
E02005501,3112,1537,1117,148,49
E02005502,3694,1639,1336,330,63
E02005612,2744,783,1045,500,49
E02005613,3712,897,1453,838,53
E02005614,2907,755,1123,536,43
E02005615,3699,1191,1318,759,49
E02005616,2221,504,693,654,33
E02005617,4051,842,1181,1318,54
E02006862,2499,639,1160,392,34
E02006863,3382,306,1873,281,20
E02005619,2348,935,874,203,58
E02005620,3094,1042,1408,250,71
E02005621,2883,1179,1095,357,32
E02005622,3551,1407,1418,199,59
E02005623,3316,1392,1242,322,51
E02005624,3702,851,1795,521,23
E02005625,3909,1074,1293,899,44
E02005626,2734,502,991,776,27
E02005627,2955,1009,1038,531,42
E02005628,3155,1142,1272,354,37
E02005629,2398,911,766,349,55
E02005630,3798,1454,1208,444,88
E02005631,4064,1195,1743,462,57
E02005632,2464,903,1022,312,31
E02005633,3555,1168,1516,454,28
E02005634,3568,882,1541,659,38
E02005635,3511,1028,1620,410,36
E02005636,4554,1417,1880,777,41
E02005637,3869,957,1334,817,44
E02005638,3881,1504,1963,53,24
E02005639,2246,894,762,196,73
E02005640,4390,1396,2016,425,51
E02005641,3366,1106,1249,478,44
E02005642,3277,1101,1614,115,30
E02005643,3420,592,1042,1298,64
E02005644,3645,673,1315,247,34
E02005645,5081,1310,1638,932,107
E02005646,2700,1234,1142,43,23
E02005647,3145,875,1152,717,40
E02005648,2897,1262,1320,75,22
E02005649,5534,1627,2584,661,74
E02005650,2373,915,970,189,21
E02005651,2744,1308,1164,38,20
E02005652,2609,1066,1000,280,44
E02005653,3162,511,1259,848,44
E02005654,3228,516,1415,883,18
E02005655,2560,1090,999,231,29
E02005656,2286,384,713,869,25
E02005657,2784,1082,1075,216,21
E02005658,2569,378,784,835,47
E02005659,2247,879,820,355,33
E02005660,2294,421,873,706,44
E02005661,2534,467,890,812,38
E02005662,2772,876,1134,253,33
E02005663,2348,827,1134,31,17
E02005664,2493,541,888,365,28
E02005665,3003,790,1457,323,27
E02005666,3330,382,922,1540,69
E02005667,2676,834,936,584,35
E02005668,2598,1170,1071,156,18
E02005669,2251,1059,990,33,16
E02005670,4056,294,745,1685,86
E02005671,3102,655,1178,196,26
E02005672,3292,385,870,385,30
E02005673,3249,801,1101,442,50
E02005674,3341,596,787,757,55
E02005675,2340,337,1003,663,29
E02005676,2389,506,1000,562,41
E02005677,3601,820,1343,353,42
E02005678,3986,909,2175,303,24
E02005679,3565,827,1932,89,20
E02005680,2949,681,1821,131,15
E02005681,3286,1393,1226,368,49
E02005682,2673,1032,975,279,46
E02005683,5212,1590,2493,477,59
E02005684,3311,1243,1402,254,45
E02005685,3408,982,1436,546,35
E02005686,3037,1214,1178,276,70
E02005687,2356,855,963,225,46
E02005688,3453,1205,1592,289,38
E02005689,2951,912,1653,59,17
E02005690,2363,619,952,402,30
E02005691,2667,984,943,330,95
E02005692,2981,1031,1071,509,52
E02005693,3276,913,1186,752,43
E02005694,3059,1098,1606,59,16
E02005695,3248,716,991,386,46
E02005696,2458,472,807,916,32
E02005697,2964,659,791,832,50
E02005698,2368,724,858,539,34
E02005699,3164,612,1335,896,32
E02005700,3860,1631,1451,343,39
E02005701,4679,1728,1921,444,76
E02005819,2668,1054,824,391,29
E02005820,2513,1075,966,151,41
E02005821,2795,712,926,770,34
E02005822,3974,923,1422,613,61
E02005823,3214,655,758,1312,67
E02005824,4097,1529,1679,359,44
E02005825,3241,1212,1128,530,28
E02005826,2602,531,797,861,42
E02005827,3453,1282,1498,281,34
E02005828,3116,1302,1149,318,30
E02005829,2785,1072,1056,394,43
E02005830,2642,1120,989,209,33
E02005831,3686,1221,1595,491,38
E02005832,4034,989,1457,606,60
E02005833,3041,1325,1346,120,25
E02005834,3070,950,954,852,64
E02005835,4289,1476,1527,716,66
E02005836,3809,1653,1454,363,57
E02005837,2825,1204,990,274,61
E02005838,3495,1316,1173,646,52
E02005839,2793,940,922,604,66
E02005840,3501,1007,1789,295,23
E02005842,3756,1271,1243,649,55
E02005843,2662,693,1137,405,29
E02005844,3411,1007,1125,645,39
E02005846,2835,447,708,940,52
E02005847,2921,1069,1011,255,45
E02005848,2751,998,923,281,153
E02005849,3662,1523,1321,378,52
E02006903,4957,1691,1669,1128,76
E02005850,2942,1346,1118,161,31
E02005851,2614,688,787,751,67
E02005852,3426,1616,1347,151,42
E02005853,3876,1385,1531,547,45
E02005856,3104,1630,1006,152,35
E02005857,2666,831,963,467,37
E02005858,3085,969,982,454,38
E02005859,3853,1301,1488,517,45
E02005860,3809,959,914,621,59
E02005861,2453,758,914,261,10
E02005862,3356,1116,1078,694,51
E02005863,3132,1381,1130,178,33
E02005864,3350,1279,1543,76,28
E02006906,5154,2092,2286,188,49
E02005865,3414,1730,1241,150,61
E02005866,3873,1588,1365,365,51
E02005868,2798,1130,1029,347,35
E02005869,2446,665,782,680,37
E02005870,2957,810,1029,523,37
E02005871,3153,1407,1219,136,20
E02005872,2512,1260,869,102,30
E02005873,4272,2059,1631,24,29
E02005874,3708,1473,1539,216,25
E02005875,2983,1095,1231,369,34
E02005876,3700,1346,1527,314,42
E02005877,3169,1136,1320,204,19
E02005878,4393,1349,1518,741,64
E02005879,3451,688,1425,477,21
E02006835,2520,867,1081,278,21
E02005880,2527,931,733,566,34
E02005881,2408,811,748,459,43
E02005882,3355,1427,1341,356,38
E02005883,3347,823,1072,957,49
E02005884,2653,965,1133,98,15
E02005885,3577,1178,1067,917,63
E02005886,4231,1618,1791,386,32
E02005887,4048,957,1001,602,54
E02005888,3726,620,915,1366,54
E02005889,4406,1461,1549,901,77
E02005890,2790,1229,1281,47,9
E02005891,2839,529,618,1474,37
E02005892,5021,2109,2170,70,32
E02005893,4277,1343,1311,943,102
E02005894,4095,1332,1573,717,48
E02005895,3356,1548,1149,237,60
E02005896,3156,1449,1107,274,38
E02005897,3652,1501,1275,501,57
E02005898,4555,1424,1830,692,65
E02005899,4955,1073,1478,1086,73
E02005900,3069,1376,921,300,54
E02005901,3827,1221,1392,425,50
E02005902,3602,1128,1072,1048,71
E02005903,4303,1624,1720,432,55
E02005904,3466,1186,1556,240,41
E02005905,2460,1194,925,155,23
E02005906,2615,1136,997,187,35
E02005907,3889,1357,1652,444,22
E02005908,3840,1766,1381,303,34
E02005909,3229,1084,1451,120,18
E02005910,3821,828,1167,343,28
E02005911,3501,1228,1563,160,23
E02005912,3627,1386,1466,249,32
E02005913,2764,1149,949,401,22
E02005914,2928,957,1243,454,21
E02005915,2397,1051,930,154,25
E02005916,3146,1124,1244,361,28
E02005917,2378,1369,816,34,22
E02005918,2260,1054,748,236,26
E02005919,2425,1006,782,284,51
E02005920,3015,1478,1113,124,37
E02002905,2650,1277,717,152,79
E02002906,2497,960,659,464,27
E02002907,2687,923,697,490,41
E02002908,3635,1814,898,305,108
E02002909,4444,1893,1226,576,96
E02002910,3420,1563,777,405,112
E02002911,3790,1523,1105,435,86
E02002912,2763,1182,994,221,38
E02002913,2399,1169,655,274,47
E02002914,4010,1377,1365,464,46
E02002915,2832,1281,923,253,33
E02002916,4424,973,1072,1070,79
E02002917,3032,1088,1063,264,50
E02002918,2422,1212,863,152,30
E02002919,3855,948,1226,1066,53
E02002920,2741,1019,1043,246,36
E02002921,3176,573,789,1516,44
E02002922,2601,1154,771,238,69
E02002923,4315,1751,1211,589,56
E02002924,2573,1330,621,198,69
E02002925,4433,1750,1406,446,96
E02002926,4784,1860,1372,763,65
E02002927,4836,2247,1464,316,125
E02006008,3316,1117,1077,603,55
E02006009,2717,1062,692,362,34
E02006010,4799,1754,1414,769,89
E02006011,2683,1110,843,325,48
E02006012,2818,1052,921,331,50
E02006013,3195,1269,952,288,101
E02006014,3832,1658,1079,409,114
E02006015,4282,1403,1355,659,54
E02006016,3019,1336,995,249,67
E02006017,3098,1262,942,328,61
E02006018,5144,1822,1707,802,71
E02006019,2626,1019,819,361,28
E02006020,2422,850,845,284,43
E02006021,3015,1289,1162,227,50
E02006022,2275,799,734,248,35
E02006023,3829,1488,1274,628,101
E02006024,4098,1251,1500,850,43
E02006025,4205,1439,1196,592,62
E02006026,2785,1136,1006,280,44
E02006027,2188,1055,721,154,27
E02006028,3661,1420,1262,359,72
E02006029,3316,926,1096,1016,45
E02006030,2904,825,1180,573,32
E02006031,3471,865,1209,602,32
E02006032,3695,1010,1276,1070,59
E02006033,3889,1184,999,371,54
E02006034,3746,1391,1391,318,38
E02006035,2553,1286,812,226,29
E02006036,2969,1031,1000,314,39
E02006037,3999,1633,1358,513,48
E02006038,3223,1473,1081,264,44
E02006039,3239,1433,1001,444,57
E02006040,2981,1284,840,225,97
E02006041,2472,1099,588,272,81
E02006042,2647,1414,626,270,55
E02006043,2946,1169,681,357,117
E02006044,2750,1464,575,195,87
E02006045,5173,2196,1240,922,62
E02006046,3694,1724,1071,388,62
E02002951,3204,1099,1333,530,41
E02002952,2837,701,1032,708,47
E02002953,3090,837,894,1151,51
E02002954,3619,1154,1020,1086,52
E02002955,3012,731,846,556,52
E02002956,3855,1121,1232,935,61
E02002957,4274,1899,1671,217,47
E02002958,3568,1026,1235,831,70
E02002959,3665,718,857,1018,77
E02002960,2459,925,936,389,31
E02002961,2857,728,717,628,86
E02002962,3004,583,612,1572,60
E02002963,3559,800,1058,818,80
E02002964,3846,1442,1195,843,55
E02002965,2719,476,647,745,74
E02002966,3900,698,816,986,73
E02002967,4212,618,684,2506,85
E02002968,3980,1153,1358,509,41
E02002969,4125,911,1158,789,70
E02002970,3861,895,1172,897,57
E02002971,2262,759,898,209,28
E02002972,2844,659,821,984,76
E02002973,3496,820,1106,967,44
E02002974,2415,1126,812,330,27
E02002975,3136,1113,1710,109,23
E02002976,2420,877,815,550,36
E02002977,2814,972,700,782,73
E02002978,2793,650,656,1096,44
E02002979,2075,663,666,281,46
E02002980,2692,1291,903,282,44
E02002981,3238,747,1178,1001,41
E02002982,3194,546,769,1529,71
E02002983,2269,896,1104,128,16
E02002984,2281,994,1108,37,10
E02002928,2365,840,902,297,22
E02002929,2135,979,742,138,48
E02002930,2388,885,757,297,35
E02002931,2472,872,1183,172,18
E02002932,3417,617,1104,1146,47
E02002933,3382,1186,1450,387,27
E02002934,2365,614,1027,373,25
E02002935,2724,996,969,377,29
E02002936,3174,567,1155,818,56
E02002937,4095,1454,1708,300,57
E02002938,2631,679,786,658,54
E02002939,2893,962,873,615,39
E02002940,2693,691,955,579,40
E02002941,4063,1046,1512,951,45
E02002942,2267,762,1048,124,14
E02002943,3528,712,1764,559,25
E02002944,3189,445,883,1321,43
E02002945,3588,705,1383,856,34
E02002946,3407,802,1377,697,41
E02002947,2671,568,953,573,22
E02002948,2475,427,673,701,21
E02002949,2429,652,763,663,36
E02002950,2257,645,636,504,36
E02006118,3032,1387,1292,55,27
E02006119,3481,877,1250,747,44
E02006120,3698,1219,1435,522,23
E02006121,2293,621,932,473,33
E02006122,2839,840,1091,387,36
E02006123,2616,710,1247,377,29
E02006124,2992,723,890,1036,61
E02006125,3248,894,1047,853,41
E02006126,3372,1057,1552,328,40
E02006127,2797,537,1762,134,11
E02006128,3745,1628,1196,459,54
E02006129,3461,813,1050,1038,57
E02006130,3090,1082,1222,471,36
E02006131,3152,1350,1081,283,86
E02006132,2535,953,945,455,23
E02006133,2942,939,1178,326,28
E02006134,3951,1750,1448,378,62
E02006135,3285,1447,1436,113,26
E02006136,3208,1510,1123,194,62
E02006137,3673,1079,1221,793,41
E02006138,2502,602,812,459,24
E02006139,2931,746,758,487,44
E02006140,3430,1134,1099,811,34
E02006141,4377,952,1189,563,61
E02006142,2211,925,1083,26,17
E02006143,3033,1061,1304,188,21
E02006144,3636,984,1025,1174,47
E02006145,2385,1142,863,117,17
E02006146,2896,1112,1170,300,23
E02006147,3000,1135,1307,269,32
E02006148,2945,1332,1223,167,28
E02006149,4590,1023,1161,1692,82
E02006150,4902,2186,1891,362,48
E02006151,3693,1290,1455,574,33
E02006152,4268,1548,1732,448,34
E02006153,2767,1158,1031,209,40
E02006154,4115,2077,1604,152,28
E02006155,2315,595,831,633,32
E02006156,3046,1549,1138,159,28
E02006157,2687,943,906,481,41
E02006158,3543,1566,1639,97,24
E02006159,2480,784,792,498,32
E02006160,3588,1172,1129,952,46
E02006161,2783,1075,1355,135,29
E02006162,3678,1447,1327,558,42
E02006163,3226,996,1107,866,43
E02006164,3179,700,905,1122,52
E02006165,3448,1031,1324,534,42
E02006166,3103,1297,1343,105,22
E02006167,3942,817,950,1739,66
E02006168,4189,943,906,1252,70
E02006169,2167,750,603,480,31
E02006170,2236,941,789,240,28
E02006171,4000,1547,1268,856,49
E02006172,4171,2066,1594,251,43
E02006173,2841,1363,1032,155,46
E02006174,4264,1784,1504,466,72
E02006175,2641,742,1137,514,28
E02006176,3146,1336,940,348,80
E02006177,3968,1661,1596,442,27
E02006178,3198,1142,1173,627,39
E02006179,2787,1193,1121,241,35
E02006180,2590,932,925,546,25
E02006181,2567,878,731,769,37
E02006182,2751,1344,1054,121,33
E02006183,3090,1222,1355,147,27
E02006184,2274,621,916,505,21
E02006185,3113,1106,895,793,42
E02006186,4995,2388,1786,361,59
E02006187,3074,1460,976,313,50
E02006188,2521,1187,908,236,28
E02006189,3086,1389,984,347,63
E02006190,4676,1499,1565,771,65
E02006191,3268,1420,1374,110,49
E02006192,3388,1429,1201,316,50
E02006193,2780,1295,1092,123,26
E02006194,3222,943,1043,835,37
E02006195,3543,1541,1407,258,46
E02006196,2856,471,730,774,45
E02006197,4233,707,1196,712,57
E02006198,3111,1326,1307,48,27
E02006199,3359,1370,1449,205,24
E02006200,3546,690,1052,1489,47
E02006201,5006,2615,2004,37,44
E02006202,3641,1547,1384,307,66
E02006203,3467,830,1204,1050,46
E02006204,3127,1225,961,599,43
E02006205,3058,1667,1147,37,26
E02006206,3424,824,1248,839,39
E02006207,2785,1552,975,83,26
E02006208,3911,1134,1297,536,63
E02006209,4594,2073,1845,267,53
E02006210,2377,1188,680,156,63
E02006211,2708,1526,913,90,20
E02006212,3307,1784,1243,69,34
E02006213,2844,1184,949,389,53
E02006214,2685,1042,930,368,31
E02006215,3382,1650,1273,137,51
E02006216,3570,1564,1541,129,53
E02006217,3649,1559,1358,446,33
E02006218,3877,867,922,1270,73
E02006219,3101,854,1333,627,25
E02006220,3167,1162,1187,491,39
E02006221,2540,636,1235,205,18
E02006222,2716,687,1083,594,23
E02006223,2756,278,790,1425,28
E02006224,2946,678,1681,330,16
E02006225,3013,1101,1467,148,21
E02006226,3852,968,1887,572,24
E02006468,4174,1527,1768,465,37
E02006469,3507,1053,1241,738,35
E02006470,4824,1519,1521,1103,70
E02006471,2864,1231,1157,237,32
E02006472,3703,1229,1428,577,55
E02006473,4275,1575,1755,387,51
E02006474,2465,873,985,212,38
E02006475,3080,1416,1162,262,21
E02006476,3075,774,993,802,44
E02006477,2733,1267,1212,50,16
E02006478,3176,882,1778,146,17
E02006479,3982,954,1139,736,46
E02006480,3184,832,1133,784,40
E02006481,2885,838,1099,487,29
E02006482,2797,899,1241,188,25
E02006483,3235,836,886,1023,51
E02006484,3292,874,1257,588,27
E02006485,2807,1395,1251,9,10
E02006486,2966,1037,1302,307,27
E02006487,2985,961,877,859,49
E02006488,2794,1465,863,243,24
E02006489,3341,868,1441,467,28
E02006490,3074,1043,1352,344,24
E02006806,3305,1204,1356,338,30
E02006492,4405,1542,1728,383,58
E02006493,3671,770,1669,737,21
E02006494,3075,656,750,1021,55
E02006495,3195,1352,1297,280,31
E02006496,3033,613,1031,351,26
E02006497,3388,741,1232,586,29
E02006498,4435,1160,2142,668,28
E02006499,2463,1057,1138,50,19
E02006500,2358,799,630,438,70
E02006501,3895,1469,1478,535,53
E02006502,4648,1991,1532,665,51
E02006503,3309,1622,1090,279,49
E02006504,2287,1076,796,162,43
E02006505,3044,1479,869,369,39
E02006506,2513,937,873,374,45
E02006507,3759,1360,1448,553,30
E02006508,3920,1540,1494,420,61
E02006509,2752,928,823,583,49
E02006510,2606,1322,874,152,29
E02006511,3815,1489,1328,550,64
E02006512,5000,1512,1486,947,43
E02006513,3168,1272,1209,209,31
E02006514,4226,1697,1195,444,49
E02006515,3769,1472,1434,428,45
E02006516,3740,1360,1282,536,77
E02006517,3088,1145,1129,364,50
E02006518,4241,1726,1310,622,99
E02006519,3487,1490,1172,236,43
E02006520,3658,1475,1524,186,32
E02006521,3236,1561,1088,292,26
E02006522,2327,988,841,154,61
E02006523,4228,1805,1514,315,63
E02006524,2442,619,690,928,40
E02006525,5845,1750,1770,634,56
E02006526,3630,1269,1338,606,29
E02006527,4115,1246,1288,427,45
E02006528,4693,1107,1417,805,47
E02006529,5238,1128,1899,1030,71
E02006530,4480,1513,1752,463,39
E02006531,3865,604,920,1122,60
E02006532,3587,1279,1622,284,35
E02006533,3848,1323,1629,384,32
E02001827,2578,1087,952,306,26
E02001828,3141,1398,1065,278,41
E02001829,3446,1534,1542,96,19
E02001830,3954,1937,1428,149,34
E02001831,4399,1146,1623,1177,54
E02001832,3437,1329,1447,274,42
E02001833,2288,975,974,176,17
E02001834,2480,685,918,527,46
E02001835,3496,1260,1328,156,44
E02001836,3672,1549,1540,216,23
E02001837,4098,734,1267,1534,70
E02001838,3082,1319,1430,60,35
E02001839,2810,940,1069,393,32
E02001840,3586,572,1039,1462,78
E02001841,2414,1282,908,26,21
E02001842,3024,1216,1259,124,28
E02001843,2713,1088,1134,44,27
E02001844,4459,1314,1671,600,48
E02001845,2575,727,1262,161,16
E02001846,3359,712,1140,970,62
E02001847,2399,942,996,156,22
E02001848,2545,618,807,739,45
E02001849,3211,614,853,937,54
E02001850,3059,1057,1210,173,41
E02001851,3705,864,1426,929,69
E02001852,2687,741,975,408,44
E02001854,3252,872,1163,668,58
E02001855,4247,722,866,2368,62
E02001856,3451,816,1291,296,47
E02001857,5340,937,1432,1306,86
E02001858,3126,660,732,780,54
E02001859,2722,818,664,470,76
E02001860,2852,763,695,596,61
E02001861,3160,704,517,1203,84
E02001862,3337,834,768,945,74
E02001863,2350,583,510,754,67
E02001864,2248,308,528,1156,57
E02001865,3324,968,709,835,91
E02001866,2576,493,480,1140,57
E02001867,2076,331,457,1020,56
E02001868,2637,1087,1040,109,34
E02001869,2433,198,288,1721,56
E02001870,3575,1082,1283,469,58
E02001871,3543,773,940,1470,85
E02001872,3128,679,951,1164,89
E02001873,3949,719,719,1331,121
E02001874,2737,675,594,956,79
E02001875,3264,272,464,1697,97
E02001876,3136,165,292,1882,113
E02001877,2867,758,635,852,76
E02001878,2707,585,513,1008,76
E02001879,3155,634,619,1008,68
E02001880,3479,501,1088,1396,67
E02001881,2943,655,781,945,86
E02001882,3144,828,900,827,33
E02001883,3615,667,1009,1437,79
E02001884,2447,582,757,514,60
E02001886,3231,798,834,377,46
E02001888,2400,557,809,726,37
E02001889,2276,611,671,415,50
E02001890,4450,890,828,754,77
E02001892,3534,656,998,1304,76
E02001893,3168,1064,1170,515,40
E02001895,3259,822,940,1138,77
E02001896,2422,715,590,393,63
E02001897,2818,359,358,1671,99
E02001898,2664,1071,1223,119,27
E02001899,3216,1334,1172,190,48
E02001900,2625,546,484,944,68
E02001901,3677,980,1137,369,67
E02001902,2487,790,1041,297,22
E02001903,2016,519,368,684,66
E02001904,2618,563,871,453,44
E02001905,2578,795,732,156,81
E02001906,3798,1360,1448,507,42
E02001907,4115,1526,1525,479,52
E02001908,2178,715,547,387,55
E02001909,2298,527,475,728,58
E02001910,2330,477,389,905,48
E02001911,3317,601,813,1446,81
E02001913,3289,719,578,969,68
E02001914,2195,677,649,321,41
E02001915,4852,1015,1736,857,71
E02001916,3085,754,965,707,47
E02001918,4081,781,925,1104,45
E02001919,2624,792,722,271,43
E02001920,3256,758,921,1252,66
E02001921,3283,876,1000,916,58
E02001922,2994,298,197,328,33
E02001923,3380,1208,1092,369,60
E02001924,2396,723,871,442,59
E02001925,2812,903,803,530,44
E02001926,2829,828,747,329,44
E02001927,3205,660,1017,1096,65
E02001928,3003,663,904,1150,67
E02001929,3690,670,1189,1286,84
E02001930,3203,960,1243,266,45
E02001931,3067,1181,1086,385,31
E02001932,2853,524,834,1192,64
E02001933,3119,799,1199,661,37
E02001934,2297,948,916,103,26
E02001935,3238,1086,896,939,31
E02001936,2570,1038,903,359,34
E02001937,3249,773,984,1083,63
E02001938,3286,718,1352,473,32
E02001939,2882,517,459,1572,35
E02001941,2519,598,776,802,58
E02001942,2971,807,977,613,25
E02001943,2593,692,1039,544,33
E02001944,3411,908,1451,562,44
E02001945,3098,522,1048,1178,50
E02001946,3193,1238,1294,315,25
E02001947,2869,466,608,1567,90
E02001948,3073,1028,1308,347,26
E02001949,2483,600,860,695,22
E02001950,3608,1273,1383,435,32
E02001951,3573,465,991,1850,78
E02001952,4055,651,994,1923,107
E02001953,2963,1124,1117,484,33
E02001954,3400,499,865,1705,81
E02001955,2738,580,1049,700,24
E02001956,2684,744,1181,382,40
E02001957,3283,1179,1410,341,28
E02006807,3013,1142,1332,65,34
E02006809,3083,1289,1293,95,40
E02006895,3179,187,460,1385,63
E02006896,3102,159,398,902,44
E02006897,3150,168,315,1591,82
E02006898,3371,270,629,960,47
E02006899,3433,177,456,440,43
E02006900,4067,1086,978,1021,99
E02006901,4174,1110,1369,379,73
E02001958,3268,892,1124,420,41
E02001959,2378,984,927,78,15
E02001961,3277,719,842,1160,32
E02001962,2215,592,672,335,39
E02001963,2441,956,946,259,20
E02001964,3282,463,542,1924,41
E02001965,3309,1020,1334,440,40
E02001966,2228,558,517,364,55
E02001967,2648,1230,975,143,26
E02001968,2693,763,1038,124,27
E02001969,2677,674,866,548,35
E02001970,2474,1105,719,112,31
E02001971,2401,879,975,224,20
E02001972,3644,617,556,1283,78
E02001973,3414,646,1036,867,33
E02001974,3906,1512,1639,69,31
E02001975,2974,1087,1313,51,23
E02001976,3126,904,949,644,29
E02001977,4097,527,862,996,75
E02001978,2538,830,1022,57,33
E02001979,2465,1170,974,19,23
E02001980,2568,1292,1001,12,18
E02001981,4334,555,557,1510,109
E02001982,3068,981,1301,410,27
E02001983,3268,1085,1378,228,26
E02001984,3515,1100,1394,211,34
E02001985,3071,460,490,440,39
E02001986,3587,775,985,1382,67
E02001987,2609,526,726,125,22
E02001988,3562,419,518,1035,53
E02001989,2296,747,976,109,20
E02001990,3661,1542,1582,133,27
E02001991,3732,1451,1293,160,28
E02001992,3879,806,1123,1514,43
E02001993,2937,676,916,961,48
E02001994,3398,1215,1193,398,39
E02001995,3090,835,1031,307,44
E02001996,3262,500,596,1764,45
E02001997,3464,1757,1196,202,33
E02001998,2381,1115,1028,38,20
E02001999,2258,962,774,190,19
E02006805,3197,717,1100,668,37
E02002000,3218,933,979,1032,67
E02002001,2509,793,845,624,45
E02002002,2982,1664,977,189,35
E02002003,3766,1524,1321,603,49
E02002004,2979,806,970,900,74
E02002005,3024,706,778,1249,75
E02002006,2826,726,911,934,48
E02002007,3796,1718,1167,643,62
E02002008,3066,965,1776,85,18
E02002009,2550,502,646,1027,83
E02002010,3223,709,713,1100,79
E02002011,2457,1210,1010,67,24
E02002012,3278,744,734,1400,80
E02002013,2783,1445,978,186,22
E02002014,2643,753,784,637,60
E02002015,2429,920,931,389,37
E02002016,3132,707,841,1184,90
E02002017,3550,1001,1055,1011,51
E02002018,3707,1913,1341,220,43
E02002019,3102,893,912,988,69
E02002020,3980,1669,1658,268,40
E02002021,3400,528,834,1310,75
E02002022,3418,804,1244,922,63
E02002023,2221,891,890,273,11
E02002024,3434,1142,1248,625,68
E02002025,3319,1074,1275,533,41
E02002026,2800,1141,1277,148,21
E02002027,2223,738,1296,17,9
E02002028,2587,1127,857,406,44
E02002029,2468,1195,887,176,21
E02002030,2690,786,948,675,58
E02002031,2339,817,978,94,16
E02002032,4050,1045,1448,1014,81
E02002033,3190,1240,1184,414,41
E02002034,3724,1074,1240,764,75
E02002035,2490,1188,943,208,37
E02002036,2773,673,706,943,60
E02002037,2507,966,923,424,45
E02002038,4231,1369,1319,1014,83
E02002039,2562,1049,863,305,41
E02002040,2510,1303,884,144,28
E02002041,2570,1292,793,341,30
E02002042,3361,1640,1264,233,34
E02002043,3165,781,1050,927,84
E02002044,2834,631,1080,755,44
E02002045,3201,955,1023,900,69
E02002046,2031,317,511,1033,58
E02002047,2787,818,754,831,72
E02002048,2635,1258,990,121,27
E02002049,2365,688,881,573,23
E02002051,2041,361,472,1003,56
E02002052,4082,878,1135,1503,92
E02002053,2477,950,848,378,25
E02002054,2274,958,783,247,26
E02002055,3519,899,1076,1094,75
E02002056,3532,644,874,1628,68
E02002057,3655,795,1184,1139,89
E02002058,4622,838,1667,1316,96
E02002059,4244,1160,1131,1201,91
E02002060,2369,557,544,918,68
E02002061,2052,595,490,536,47
E02002062,2952,599,484,1389,102
E02002063,3583,844,1381,597,60
E02002064,4656,1204,1714,1248,77
E02002065,3774,1027,1054,784,94
E02002066,2784,673,797,712,68
E02002067,2190,824,772,429,27
E02002068,4097,579,883,1686,135
E02002069,2917,767,781,1043,49
E02002070,3487,777,834,1050,112
E02002071,2610,676,824,840,58
E02002072,3415,1026,1222,560,73
E02002073,2867,685,863,1004,70
E02002074,3109,892,1037,817,62
E02002075,3593,901,1194,987,87
E02002076,4479,1217,1631,401,60
E02002077,4282,1049,1360,1221,77
E02002078,2483,1049,928,250,27
E02002079,3375,1032,1168,771,74
E02002080,2783,753,875,770,61
E02006810,4177,1596,1288,777,66
E02002081,2369,956,847,391,13
E02002082,2441,461,687,1082,15
E02002083,2339,1205,976,28,13
E02002084,2614,615,753,1107,8
E02002085,2593,677,739,946,21
E02002086,2462,385,557,1357,20
E02002087,2684,535,742,1172,17
E02002088,4116,772,1099,1866,26
E02002089,3084,1059,1285,397,27
E02002090,2302,892,1101,76,14
E02002091,3160,1425,1157,206,25
E02002092,3058,958,1119,672,29
E02002093,2836,988,975,411,22
E02002094,2380,1162,950,16,25
E02002095,3613,1329,1448,338,21
E02002096,4165,1839,1429,372,33
E02002097,2860,1151,995,360,46
E02002098,3808,1563,1447,475,23
E02002099,2687,1349,917,74,26
E02002101,2645,1067,1005,263,24
E02002102,3474,1420,1363,260,21
E02002103,2575,1240,948,214,22
E02002104,2399,1025,1118,21,10
E02002105,3101,1380,1312,120,22
E02002106,3888,1944,1331,222,32
E02002107,2269,871,1100,47,11
E02002108,3867,1818,1578,169,21
E02002109,3874,1233,1781,83,34
E02006808,2393,908,1100,89,13
E02002110,2689,755,1162,458,31
E02002111,2484,814,745,705,35
E02002112,2219,815,870,395,23
E02002113,2683,805,954,561,30
E02002114,2642,1111,873,397,27
E02002115,2835,918,769,918,50
E02002116,2849,1222,1106,309,32
E02002117,2682,745,869,776,45
E02002118,3019,735,868,1097,45
E02002119,2451,888,938,425,17
E02002120,2386,771,1105,358,14
E02002121,2401,498,638,887,37
E02002122,2006,394,520,768,28
E02002123,2694,908,872,650,44
E02002124,3161,1149,1003,635,40
E02002125,2552,795,927,566,40
E02002126,2656,440,552,1298,39
E02002127,3087,508,757,1257,46
E02002128,2386,915,752,506,22
E02002129,2451,1048,813,347,30
E02002130,2540,538,748,871,41
E02002131,3182,1574,1251,157,21
E02002132,2559,616,736,1003,39
E02002133,3041,861,730,917,37
E02002134,3308,765,1044,915,41
E02002135,2585,556,673,750,61
E02002136,3093,685,1061,750,34
E02002137,2652,1424,996,22,17
E02002138,2313,923,835,102,26
E02002139,3905,615,647,1715,72
E02002140,2936,757,701,872,54
E02002141,2666,1185,1214,57,11
E02002142,2443,574,679,772,35
E02002143,3150,759,806,806,66
E02002144,2498,1410,847,61,19
E02002145,2741,521,789,1042,41
E02002146,2257,638,781,499,37
E02002147,3081,711,832,1184,59
E02002148,4539,2170,1887,159,34
E02002149,4268,1453,1408,1005,70
E02002150,2259,643,840,520,43
E02002151,2548,365,846,1060,38
E02002152,2337,476,576,1095,52
E02002153,3384,1063,982,1112,56
E02002154,2270,589,727,617,48
E02002155,2129,310,301,1284,33
E02002156,3409,1113,1255,651,67
E02002157,3170,1262,1267,235,40
E02002158,3437,1222,1000,976,71
E02002159,2215,420,569,805,51
E02002160,2762,965,1007,358,37
E02002161,2426,446,660,768,32
E02002162,3275,1550,1007,360,59
E02002163,5059,743,893,2607,114
E02002164,2361,368,251,1096,59
E02002165,3611,708,792,626,64
E02002166,3839,850,917,1582,80
E02002167,2977,1218,952,483,54
E02002168,4422,793,785,1434,84
E02002169,3531,1686,1253,223,35
E02002170,2461,760,760,670,41
E02002171,3059,884,809,1023,64
E02002174,2975,1113,1168,225,29
E02002175,2901,627,603,1210,69
E02002176,3338,999,1078,981,48
E02002177,3821,723,937,1541,75
E02002178,2722,1272,973,95,29
E02002179,2580,1134,987,164,45
E02002180,2666,1065,789,552,39
E02002181,2979,636,719,1293,70
E02002182,2515,766,814,684,50
E02006894,4471,1194,890,1313,97
E02006696,2504,1248,952,52,29
E02006697,3030,1422,1051,193,61
E02006698,2674,1199,1097,161,23
E02006699,2569,1155,918,341,22
E02006700,2308,1150,959,38,25
E02006701,2383,1173,1000,14,22
E02006702,2427,805,935,472,27
E02006703,2891,1254,1312,102,24
E02006704,2717,1197,1014,223,39
E02006705,2819,933,1114,440,27
E02006706,3062,1128,977,543,34
E02006707,2638,1084,1308,56,11
E02006708,3418,718,1264,1010,39
E02006709,2850,1088,1229,174,34
E02006710,3402,1524,919,418,79
E02006711,3235,1529,1003,311,68
E02006712,2842,1330,1022,185,33
E02006713,2881,1164,803,474,36
E02006714,2293,1052,696,199,56
E02006715,3455,1291,1302,457,28
E02006716,2740,660,633,1263,33
E02006717,2426,1110,850,236,40
E02006718,2730,1273,715,451,34
E02006719,3229,1440,945,145,58
E02006720,2979,1307,841,408,71
E02006721,2401,994,1092,182,13
E02006722,2312,280,792,941,29
E02006723,3441,524,1276,1294,55
E02006724,2742,377,779,877,46
E02006725,2411,524,917,739,26
E02006726,2594,688,992,383,26
E02006727,2475,894,1119,212,25
E02006728,2961,1103,1258,263,27
E02006729,2831,800,1331,442,27
E02006730,2391,390,775,873,33
E02006731,2597,668,951,678,27
E02006732,3007,1075,1400,203,22
E02006733,2559,887,1044,264,26
E02006734,3494,1510,1445,129,25
E02006735,2379,349,509,1315,49
E02006736,2829,564,1540,140,15
E02006737,3464,1126,1344,398,29
E02006738,3649,706,1059,1320,52
E02006739,2106,938,671,102,13
E02006740,3554,729,923,415,58
E02006741,2151,475,1177,90,12
E02006742,3544,919,1003,924,52
E02006743,2579,700,969,596,20
E02006744,3262,677,909,545,42
E02006745,3252,1437,1289,164,29
E02006746,3297,1236,1260,245,34
E02006747,2482,815,1234,55,16
E02006748,2765,1147,1002,301,47
E02006749,2185,429,745,790,9
E02006750,2587,937,769,499,29
E02006751,2561,883,783,649,43
E02006752,2730,1149,1284,143,11
E02006753,2595,1199,905,223,32
E02006754,2243,1030,779,140,49
E02006755,2212,1107,789,99,34
E02006756,2085,741,978,143,25
E02006757,2854,1333,910,295,58
E02006758,2134,773,852,318,39
E02006759,3285,1329,845,657,51
E02006760,3293,1334,1111,517,46
E02006761,2776,571,671,744,41
E02006762,2422,966,901,224,16
E02006763,2619,1032,1096,215,28
E02006764,2210,531,807,555,25
E02006765,2696,1219,763,361,44
E02006766,3214,1448,1050,293,56
E02006767,3804,1642,1158,547,62
E02006768,2910,1262,1084,244,26
E02006769,3047,1224,1318,51,23
E02006770,3196,586,914,900,46
E02006771,2933,1319,861,355,57
E02006772,2815,1115,925,511,33
E02006773,3790,1307,1147,749,48
E02006774,3347,1016,1221,392,36
E02006775,2070,394,527,917,34
E02006776,2817,1014,1167,290,13
E02006777,3248,1641,988,180,47
E02006778,2894,1325,1091,240,23
E02006779,3497,1216,1261,305,24
E02006780,2617,1135,761,524,29
E02003616,2275,987,835,187,44
E02003617,3714,1542,1380,303,72
E02003618,3521,1356,1449,317,28
E02003619,4057,1478,1683,457,60
E02003620,3497,1505,1178,504,33
E02003621,3304,1627,1168,305,13
E02003622,3762,996,1186,1162,55
E02003623,3285,1410,1426,179,29
E02003624,2346,701,647,206,46
E02003625,3737,670,892,888,40
E02003626,2259,723,922,219,16
E02003627,4080,832,1017,690,56
E02003628,2801,711,865,445,50
E02003629,3940,786,1285,1165,50
E02003630,3681,717,1074,929,51
E02003631,2180,581,763,588,15
E02003632,2491,747,993,275,31
E02003633,2982,908,1153,585,24
E02003634,3747,1005,1705,634,36
E02003635,2153,736,963,214,99
E02003599,2236,454,1078,457,22
E02003600,2556,760,1051,398,40
E02003601,3029,1015,1221,372,39
E02003602,2444,912,791,377,36
E02003603,4186,1154,1682,586,50
E02003604,2729,830,1175,486,35
E02003605,3066,1079,1107,311,40
E02003606,3068,1163,1231,400,43
E02003607,3499,971,1439,435,91
E02003608,4562,1255,2103,731,33
E02003609,4001,1124,1559,673,48
E02003610,2966,1115,1188,288,32
E02003611,3353,1177,1348,326,20
E02003612,3978,1171,1958,414,47
E02003613,2387,665,938,469,28
E02003614,3020,973,1526,101,25
E02003615,3451,1320,1517,303,43
E02003636,2974,1036,1394,195,20
E02003637,3878,1448,1618,393,55
E02003638,2933,1144,1339,232,20
E02003639,3948,932,1351,940,77
E02003640,2621,944,1003,230,30
E02003641,2233,777,1124,70,16
E02003642,3325,583,1343,977,30
E02003643,3946,913,2060,415,23
E02003644,3473,855,1508,671,35
E02003645,2648,1114,1183,79,11
E02003646,3557,1052,1410,745,48
E02003647,3862,1044,1389,556,48
E02003648,2206,565,739,694,29
E02003649,2786,1108,1187,111,14
E02003650,2914,1261,1055,346,36
E02003651,2564,1125,963,200,25
E02003258,3462,1220,1714,100,20
E02003259,2542,875,1008,368,16
E02003260,3194,432,1025,1293,38
E02003261,2470,1002,882,330,28
E02003262,3872,875,1279,1214,39
E02003263,4325,1375,1664,421,36
E02003264,3226,1214,1625,45,10
E02003265,3458,1206,1441,341,36
E02003266,3618,579,1308,1260,47
E02003267,3584,854,1498,241,29
E02003268,3487,905,1352,399,29
E02003269,4040,1299,1580,256,42
E02003270,3137,1183,1048,269,42
E02003271,3954,999,1938,294,24
E02003272,2643,699,1003,221,43
E02003273,3789,943,1483,834,35
E02003274,3128,500,754,508,65
E02003275,5297,596,884,1093,58
E02003276,2511,486,733,279,36
E02003277,3720,667,1111,1169,65
E02003278,4836,710,1035,780,40
E02003237,2600,1042,1111,165,23
E02003238,2466,493,1164,399,23
E02003239,3275,1270,1519,147,21
E02003240,2480,713,819,238,48
E02003241,2567,822,1018,337,45
E02003242,3584,1442,1220,471,30
E02003243,4071,529,1082,1920,48
E02003244,3685,788,1020,1405,63
E02003245,2967,420,768,1199,27
E02003246,3094,608,956,538,30
E02003247,3272,754,1040,932,30
E02003248,3284,970,1118,291,42
E02003249,4368,1000,1169,1222,44
E02003250,3835,776,806,563,67
E02003251,2852,1457,955,136,28
E02003252,4163,783,1571,523,47
E02003253,3841,841,1247,727,48
E02003254,3732,1436,1502,272,73
E02003255,3777,1318,1419,585,38
E02003257,3532,506,1051,1254,41
E02006877,3205,810,1282,513,24
E02006878,3373,356,1595,597,15
E02003279,3982,1891,1553,141,24
E02003280,4205,1527,1648,559,43
E02003281,4173,1786,1472,440,38
E02003282,4208,1531,1556,405,30
E02003283,4279,1401,1597,764,46
E02003284,4646,1259,1835,487,38
E02003285,4386,912,1882,66,28
E02003286,3840,1652,1592,61,26
E02003287,4065,1543,1238,793,40
E02003288,4965,760,1229,1453,54
E02003289,4608,1335,1909,44,32
E02003290,4369,1238,1488,189,46
E02003291,4782,1104,1659,1106,39
E02003292,5087,622,1246,1230,38
E02003293,5199,1057,1311,144,72
E02003294,3921,1951,1395,28,40
E02003295,3963,1391,1402,687,36
E02003296,2743,1295,1215,30,21
E02003297,2895,1035,1026,556,27
E02003298,2838,1066,1082,475,24
E02003299,2370,863,1133,131,26
E02003300,3162,1079,1382,203,27
E02003301,3827,974,1566,923,30
E02003302,4082,682,1468,1578,33
E02003303,3126,810,1273,754,39
E02003304,3599,1110,1306,957,26
E02003305,2319,1007,891,268,27
E02003307,3935,1033,1229,1459,22
E02003308,2447,671,1197,169,20
E02003309,2999,1083,1363,222,17
E02003310,4783,537,2068,792,36
E02003311,3320,739,1367,275,22
E02003312,3466,349,1081,785,24
E02003313,4921,811,1532,1831,45
E02006859,2680,268,1679,25,13
E02006926,2841,487,1823,70,19
E02003719,3918,617,1070,1535,50
E02003720,3886,1045,817,1114,64
E02003721,4038,769,877,1456,41
E02003722,3729,1102,894,473,44
E02003723,2082,718,462,246,37
E02003724,4106,719,1013,1447,66
E02003725,3372,1103,464,364,105
E02003726,3366,725,722,531,44
E02003727,3857,781,1074,538,38
E02003728,3788,848,929,915,47
E02003729,3676,1067,1089,928,44
E02003730,3472,931,793,749,93
E02003731,3424,1214,854,727,63
E02003732,3584,939,1280,723,69
E02003733,3414,1223,1454,411,52
E02003734,4897,1478,1840,782,76
E02003735,3642,993,1330,472,82
E02003736,4024,1519,1636,445,65
E02003737,4782,1296,1938,755,65
E02003738,2534,826,919,359,64
E02003739,2631,988,1086,306,44
E02003740,2393,923,743,377,63
E02006825,2713,960,854,314,289
E02003742,2775,1286,938,254,33
E02003743,4066,1140,1138,870,58
E02003744,5517,1736,1550,1078,79
E02003745,4050,1539,1508,483,78
E02003746,3066,1175,1141,237,33
E02003747,4861,1732,1793,542,55
E02003748,3444,1159,990,573,50
E02003749,2509,916,1112,127,46
E02003750,3068,1292,990,264,51
E02003751,2727,1076,1162,176,49
E02003752,4537,1439,1829,450,52
E02003753,4448,1313,2026,576,35
E02003754,2381,885,885,232,38
E02003755,3559,1104,1301,526,62
E02003756,2641,855,1142,269,25
E02003757,2553,839,1083,322,25
E02003758,3775,1160,1624,338,39
E02003759,2414,930,1121,163,16
E02003760,3081,432,1048,1176,32
E02003761,2386,865,994,278,19
E02003762,3431,1228,1263,329,59
E02003763,4072,1248,1869,322,17
E02003764,3929,797,1554,520,28
E02003765,2938,1060,866,427,36
E02003766,2879,818,1136,467,36
E02003767,2591,962,1013,215,52
E02003768,3974,1786,1418,272,36
E02003769,2657,1036,1063,230,17
E02003770,3202,1124,1344,394,39
E02003771,2785,890,934,432,42
E02003772,2856,1097,1249,121,15
E02003773,4334,1064,1861,779,32
E02003774,2447,678,941,551,18
E02003775,2750,961,1212,324,30
E02003776,2658,982,1037,316,27
E02003777,2715,868,1207,260,41
E02003778,2290,719,721,332,46
E02003779,2139,804,923,113,27
E02003780,4211,1367,1465,816,40
E02003781,2626,857,932,240,31
E02003783,2772,1108,899,405,49
E02003784,3395,1324,1433,306,49
E02003785,3602,1208,1104,535,44
E02003786,2673,1159,790,370,32
E02003787,3019,1154,1096,428,62
E02003788,2592,1157,857,307,35
E02003789,2992,1030,1083,606,34
E02003790,3831,1408,1421,582,78
E02003791,3215,1115,1160,517,54
E02003792,3829,1408,1412,659,50
E02003793,2871,980,1088,409,50
E02006873,2608,328,1425,429,18
E02006874,3172,822,1363,592,56
E02004424,2755,1285,1297,19,18
E02004425,3169,1158,1350,311,23
E02004426,3284,1237,1347,365,21
E02004427,3333,1665,1183,252,39
E02004428,2694,992,954,443,16
E02004429,3111,1513,1248,138,23
E02004430,3206,1193,1716,43,10
E02004431,3814,939,1925,397,22
E02004432,2604,1233,1100,62,13
E02004433,3691,838,1469,846,33
E02004434,3454,647,1647,624,33
E02004435,3324,803,1234,938,46
E02004436,3142,393,844,1525,36
E02004437,3583,935,1150,1151,28
E02004438,3660,790,1087,1311,52
E02004439,3472,446,812,1760,41
E02004440,3354,923,1189,862,32
E02004441,3209,683,974,1247,29
E02004442,3350,436,818,1731,36
E02004443,3415,1101,1248,684,34
E02004444,3602,1092,1785,351,20
E02004445,3520,735,1278,916,25
E02004446,2749,1003,1118,351,40
E02004447,2500,1102,825,226,46
E02004448,2688,969,980,320,37
E02004449,3831,998,1300,910,33
E02004450,2548,938,911,308,58
E02004451,3521,1300,1408,381,49
E02004452,3522,1224,1660,266,30
E02004453,2969,633,883,1102,28
E02004454,4219,1066,1342,512,41
E02004455,2884,1058,1378,156,18
E02004456,3809,853,1460,904,32
E02004457,4041,1011,1590,999,46
E02004458,3540,1081,1853,227,16
E02004459,4339,1507,1617,629,55
E02004460,3706,1169,1451,748,28
E02004461,2258,371,908,732,16
E02004462,4655,1202,1732,840,43
E02004463,3264,1124,1209,444,55
E02004464,3742,1710,1487,332,48
E02004465,2588,1167,802,288,52
E02004466,3314,1183,1249,615,50
E02004467,3062,880,1152,709,37
E02004468,4144,2153,1528,55,32
E02004469,2749,1190,1169,120,34
E02004470,5127,1196,1941,680,62
E02004471,3360,1012,1212,726,49
E02004472,2560,1143,1048,61,22
E02004473,3088,1317,1348,102,23
E02004474,2994,1495,1158,79,25
E02004475,2607,1190,1134,80,23
E02004476,3140,1479,1366,33,30
E02004477,2606,1450,935,36,23
E02004478,2864,1085,992,303,28
E02004479,3270,1414,1402,113,30
E02004480,2709,917,1360,123,21
E02004481,3194,1750,976,74,22
E02004482,3147,798,1162,729,28
E02004483,3460,1455,1320,101,32
E02004484,3361,1341,1360,176,34
E02004485,2805,942,1111,451,51
E02004486,3336,1419,1353,205,18
E02004487,2946,932,1045,660,59
E02004488,3446,1182,1669,233,22
E02004489,3480,1046,1603,493,37
E02004490,3275,568,739,1586,65
E02004491,2989,1143,1399,71,33
E02004492,3910,890,1911,450,18
E02004493,4209,991,1503,904,48
E02004494,4664,1014,1445,450,61
E02004495,3421,1556,1065,461,45
E02004496,2874,1135,1328,96,21
E02004497,3308,1461,1310,207,38
E02004498,4209,1094,1464,1189,48
E02004499,2698,1148,1284,83,18
E02004500,3647,1517,1438,402,45
E02004501,3006,1215,1078,498,24
E02004502,2791,1335,955,230,35
E02004503,3257,1184,1592,82,34
E02004504,3343,902,1694,273,17
E02004505,2053,1022,746,96,33
E02004506,2696,1162,1039,233,34
E02004507,4172,755,1833,596,17
E02004508,2620,1120,1020,250,20
E02004509,4413,988,1861,379,30
E02004512,4961,1098,1280,566,78
E02004513,4268,570,777,1748,51
E02004514,2311,1018,810,207,29
E02004515,2880,1148,1220,182,31
E02004516,4437,701,1402,770,41
E02004517,3506,1276,1392,412,27
E02004518,2583,822,972,146,21
E02004519,3076,1553,1067,197,38
E02004520,3163,543,848,813,31
E02004521,3904,996,1359,819,30
E02004522,3457,1435,1141,161,33
E02004523,3634,871,1398,777,36
E02004524,3231,1390,1369,169,52
E02004525,3293,1471,1150,288,49
E02004526,3300,1731,997,208,38
E02006922,5729,2192,2057,748,57
E02004527,3667,1175,1509,471,49
E02004528,3242,1462,1308,263,43
E02004529,2582,1009,950,278,55
E02004530,2626,987,930,431,26
E02004531,2663,908,982,516,42
E02004532,2764,987,918,373,33
E02004533,2999,811,1028,933,32
E02004534,3678,913,1555,762,33
E02004535,2493,1121,741,226,56
E02004536,2520,1062,935,298,24
E02004537,3805,775,1299,1257,50
E02004538,3515,1363,1501,178,32
E02004539,3188,978,1248,630,40
E02004540,2457,925,1008,207,29
E02004541,4894,1744,1925,427,53
E02004542,2396,1007,978,120,49
E02004543,2502,843,886,433,29
E02004544,3012,773,1130,714,37
E02004545,3025,591,868,1230,27
E02004546,3260,583,919,1300,39
E02004547,3369,607,1046,1235,46
E02004548,3513,736,2173,151,15
E02004549,3244,719,1021,1225,22
E02004550,3331,686,952,1197,32
E02004551,3180,686,992,1240,16
E02004552,2748,750,1112,630,26
E02004553,2949,587,1021,1063,24
E02004554,2989,633,1170,823,17
E02004555,2503,1070,973,211,29
E02004556,2912,1422,1051,183,44
E02004557,3365,1080,1533,417,22
E02004558,3059,1136,792,604,43
E02004559,3147,1309,1323,307,19
E02004560,3383,1232,1416,317,48
E02004561,3929,1629,1727,245,41
E02004562,3519,1436,1219,401,45
E02004563,2786,1560,976,75,18
E02004564,3122,1395,1432,65,23
E02004565,5929,2738,2551,225,38
E02004566,2379,558,701,767,34
E02004567,3133,1467,1411,59,20
E02004568,3372,953,1747,335,28
E02004569,3133,1150,1257,219,32
E02004570,3591,1492,1293,437,29
E02004571,3141,1579,1342,40,18
E02004572,2978,1035,1264,325,32
E02004573,2873,806,730,428,38
E02004574,3127,1037,1023,533,48
E02004575,4812,1860,1740,499,81
E02004576,3736,1721,1413,225,50
E02004577,2082,909,784,157,35
E02004578,3423,1668,708,270,65
E02004579,2992,1503,1016,167,48
E02004580,5535,3181,1450,258,60
E02004581,3101,1552,1128,127,32
E02004582,3188,1737,928,186,43
E02004583,3703,1575,1241,228,37
E02004584,3205,2053,774,51,27
E02004585,3312,1498,1123,225,29
E02004586,3631,1528,963,269,32
E02004587,3338,1027,891,866,50
E02004588,3019,748,646,302,38
E02004589,3141,1361,929,224,37
E02004590,3887,1932,807,228,58
E02004591,2705,1078,1072,184,53
E02004592,5158,1652,1723,994,74
E02004593,3190,1282,1158,373,57
E02004594,2933,1045,998,372,48
E02004595,4711,1609,2065,374,70
E02004596,2959,846,1155,447,44
E02004597,3075,860,1189,539,32
E02004598,3825,1348,1592,360,62
E02004599,2760,948,1126,318,61
E02004843,2648,1125,1191,128,17
E02004844,2767,802,1261,421,18
E02004845,3367,995,1170,563,37
E02004846,2398,1162,966,73,14
E02004847,4040,987,1736,770,33
E02004848,2673,884,1222,302,17
E02004849,2486,922,1287,107,25
E02004850,3064,983,1265,537,13
E02004851,2315,720,1065,359,16
E02004852,3144,1082,1264,329,26
E02004853,2576,754,995,661,18
E02004854,3017,1194,1119,240,24
E02004855,3163,652,1075,807,26
E02004856,2247,665,914,354,35
E02004857,2350,863,949,211,24
E02004858,2069,577,842,428,16
E02004859,2141,934,797,175,19
E02004860,2516,485,1011,482,4
E02004861,2394,1081,766,267,36
E02004862,3130,549,1068,1163,18
E02004863,3194,489,821,1537,32
E02004864,2852,1129,1083,120,34
E02004865,2415,573,883,607,19
E02004866,2707,581,942,928,22
E02004867,2401,787,905,508,18
E02004868,2387,598,739,774,27
E02004869,2293,745,867,350,17
E02004870,4059,869,1352,1176,48
E02004871,2064,540,752,582,17
E02004872,2801,1068,1008,522,21
E02004873,4440,1309,1797,492,31
E02004874,2421,618,900,629,16
E02004875,3541,812,1289,1122,29
E02004876,3381,1389,1309,316,33
E02004877,2135,797,798,302,20
E02004878,2653,1026,1088,277,42
E02004879,3084,1141,1110,481,73
E02004880,3492,1240,1609,238,56
E02004881,2587,911,935,191,27
E02004882,3023,996,1203,330,32
E02004883,2308,772,982,293,49
E02004884,4233,950,1579,880,41
E02004885,3222,1084,1771,50,14
E02004886,2204,742,763,383,56
E02004887,2914,1067,1073,367,41
E02004888,3587,1358,1424,298,34
E02004889,4368,1311,1702,713,42
E02004890,3643,1082,1542,391,28
E02004891,3270,1166,1287,334,31
E02004892,2449,626,865,746,35
E02004893,2129,504,1156,232,13
E02004894,3810,1063,1483,472,53
E02004895,3601,1147,1415,509,106
E02004896,3263,1594,1029,118,38
E02004897,2588,1019,1039,312,22
E02004898,3040,969,1069,704,22
E02004899,2101,522,933,402,41
E02004900,3143,1307,1190,252,37
E02004901,3485,562,989,1615,55
E02004902,3173,683,1110,864,48
E02004903,2591,748,983,422,28
E02004904,2486,495,964,693,26
E02004905,2405,776,1066,138,60
E02004906,3738,880,1546,695,39
E02004907,3774,1290,1446,514,38
E02004908,3991,1644,1515,203,43
E02004909,2175,560,854,391,22
E02004910,4431,1626,1856,381,29
E02004911,2935,696,876,1149,31
E02004912,4375,1320,1694,737,45
E02004913,5796,1558,2643,703,94
E02004914,3115,752,958,976,26
E02004915,2335,530,684,793,21
E02004916,2933,1173,847,599,34
E02004917,2672,814,862,828,11
E02004918,3615,823,1428,411,36
E02004919,3073,855,1193,603,21
E02004920,4660,1530,1448,1049,55
E02004921,3216,1250,1239,230,31
E02004922,3859,1197,1215,821,73
E02004923,4236,1517,1546,633,56
E02004924,2644,1026,1201,184,19
E02004925,2907,948,1152,431,30
E02004926,3114,1342,1050,135,26
E02004927,2582,1027,937,387,43
E02004928,2639,1265,1054,107,21
E02004929,2534,939,954,347,39
E02004930,2778,971,1177,287,24
E02004931,2613,1029,1006,303,29
E02004932,2880,698,1116,814,25
E02004933,2505,1048,1069,86,19
E02004934,2997,781,1081,321,32
E02004935,3661,757,1153,496,43
E02004936,2284,697,1096,97,12
E02004937,2707,1348,919,30,41
E02004938,2282,665,958,415,20
E02004939,2682,890,824,643,35
E02004940,2975,661,1061,762,34
E02004941,3763,936,1642,599,35
E02004942,2513,964,964,302,33
E02004943,3080,1417,1269,86,32
E02004944,2559,442,1073,709,20
E02004945,4756,1171,1894,1054,32
E02004946,2632,556,963,761,21
E02004947,2632,723,1337,235,14
E02004948,2611,510,861,807,11
E02004949,3689,793,1121,1259,45
E02004950,2710,662,1101,674,15
E02004951,3041,591,761,1317,31
E02004952,2694,562,1151,692,11
E02004953,2467,501,835,916,19
E02004954,2673,559,959,870,16
E02004955,2434,666,969,608,20
E02004956,3738,1344,1432,514,35
E02004957,3536,882,1598,685,20
E02004958,2861,1136,1194,290,34
E02004959,2237,996,801,60,58
E02004960,2184,965,799,147,23
E02004961,3681,1446,1644,187,30
E02004962,3517,1117,1419,475,41
E02004963,2736,721,1077,725,13
E02004964,2314,561,879,602,16
E02004965,2754,1175,1048,279,26
E02004966,2465,1183,825,49,35
E02004967,3085,462,1022,1305,25
E02004968,3002,665,1220,773,19
E02004969,2792,862,1165,445,17
E02004970,3229,748,1129,1089,16
E02004971,2774,600,1132,615,23
E02004972,2456,862,1008,124,19
E02004973,3161,532,1426,211,18
E02004974,3173,1022,1211,202,32
E02004975,2938,1105,1215,181,26
E02004976,3948,604,1197,710,52
E02004977,2971,600,1185,250,23
E02004978,3460,520,1059,1003,18
E02004979,2777,834,1133,384,26
E02004980,2387,1053,1010,133,19
E02004981,2883,910,1125,487,35
E02004982,2408,873,814,549,25
E02004983,2581,615,890,803,36
E02004984,2878,647,1037,834,25
E02004985,2997,1046,907,717,38
E02004986,2935,303,742,1594,33
E02004987,2732,620,950,968,30
E02004988,3018,496,1069,1092,32
E02004989,3831,634,1143,1117,44
E02004990,2613,628,699,696,64
E02004991,2965,435,555,1197,45
E02004992,2795,511,618,859,30
E02004993,2273,666,662,546,43
E02004994,2224,1056,853,67,48
E02004995,2093,1068,755,82,24
E02005503,2896,1186,893,276,59
E02005504,3694,1592,1065,490,94
E02005505,2955,1068,1026,451,43
E02005506,2843,1174,1030,267,40
E02005507,5130,1759,1578,803,71
E02005508,2814,1225,996,299,58
E02005509,3258,1380,752,632,48
E02005510,2931,1379,843,346,58
E02005511,3226,1442,881,328,35
E02005512,3155,1113,1203,308,84
E02005513,3893,1362,1354,482,63
E02005514,2840,1110,876,309,71
E02005515,2471,943,917,173,56
E02005516,2742,1154,853,257,103
E02005517,2255,356,602,872,27
E02005518,4329,1216,1758,206,36
E02005519,3087,708,943,1012,31
E02005520,3347,1575,903,423,49
E02005521,3600,1399,1157,403,70
E02005522,2246,884,753,236,39
E02005523,3038,1180,1280,200,40
E02005524,2336,1072,887,171,26
E02005525,4101,1524,1915,212,24
E02005526,2278,837,941,177,19
E02005527,3336,1442,1306,273,33
E02005528,3678,1534,1405,352,20
E02005529,2637,1389,795,274,19
E02005530,2233,1135,835,57,13
E02005531,2364,955,866,323,30
E02005532,3160,1792,1066,46,35
E02005533,3521,1512,1274,399,46
E02005534,3362,1562,1187,333,46
E02005535,2998,983,1285,219,19
E02005536,2492,1150,875,170,36
E02005537,2609,1155,837,299,39
E02005538,3959,2080,1254,223,64
E02005539,3153,1407,1056,278,78
E02005540,4138,2033,1308,277,54
E02005541,2553,844,659,575,50
E02005542,3067,675,568,719,48
E02005543,3763,627,548,1330,53
E02005544,2927,646,837,595,34
E02005545,2732,1277,1122,109,35
E02005546,3620,955,911,1169,66
E02005547,3826,1429,1220,273,34
E02005548,3056,762,753,1216,85
E02005549,2323,1070,916,128,26
E02005550,2962,1219,1043,363,52
E02005551,2661,1407,486,268,46
E02005552,3330,1514,651,500,141
E02005553,4228,2300,978,393,83
E02005554,3248,1487,783,331,130
E02005555,2777,1384,1061,78,23
E02005556,3122,1247,1336,193,25
E02005557,2413,398,568,973,67
E02005558,2846,1211,1027,336,40
E02005559,2847,896,964,485,37
E02005560,3379,691,1229,809,37
E02005561,4518,1020,951,1268,83
E02005562,3052,1287,936,359,90
E02005563,2961,1275,1161,266,48
E02005564,3801,1526,1108,272,56
E02005565,2878,1112,1122,265,62
E02005566,3969,1650,1415,419,70
E02005567,4637,2089,1232,521,71
E02005568,3059,1228,1019,326,76
E02005569,3251,1186,1047,331,139
E02005570,3487,1811,744,295,61
E02005571,2858,1336,413,531,120
E02005572,3723,1630,717,502,52
E02005573,2734,1503,428,456,63
E02005574,3013,1576,815,206,64
E02005575,3103,1512,767,341,64
E02005576,3020,1500,764,353,39
E02005577,2570,1090,747,286,60
E02005578,2573,970,643,310,113
E02005579,5597,2237,1656,903,71
E02005580,3484,1447,963,582,76
E02005581,3095,1240,1005,283,71
E02005582,2948,1221,861,345,56
E02005583,3841,2010,886,511,76
E02005584,4736,895,1373,1575,38
E02005585,4673,551,1042,2350,35
E02005586,4866,857,1646,788,41
E02005587,4219,1176,1134,1590,39
E02005588,4708,726,1217,1921,49
E02005589,4784,817,1102,1997,57
E02005590,5708,729,781,2649,77
E02005592,4096,1059,1200,223,40
E02005593,2901,633,509,1285,38
E02005594,5381,1276,1135,1367,68
E02005595,3933,1871,1099,459,44
E02005596,4358,863,985,1940,53
E02006907,3076,480,559,649,45
E02006908,2880,530,630,909,29
E02005597,5457,1943,2100,839,49
E02005598,3245,1358,1254,238,46
E02005599,2507,1012,916,277,31
E02005600,2294,993,789,255,32
E02005601,2763,1103,785,429,32
E02005602,4433,1989,1539,399,74
E02005603,3520,1304,1445,312,40
E02005604,3451,1532,1108,411,81
E02005605,4173,1673,1665,392,50
E02005606,2318,1039,766,183,47
E02005607,4484,1701,1823,463,86
E02005608,3092,1405,977,322,77
E02005609,3156,1287,946,464,48
E02005610,3321,1401,1140,320,71
E02005611,4595,1823,1276,661,72
E02006227,2738,1189,705,451,84
E02006228,2438,1031,858,213,39
E02006229,2571,1042,784,373,40
E02006230,4392,1659,1291,707,86
E02006231,3574,1171,1500,376,36
E02006232,2406,1045,848,247,54
E02006233,5174,1675,1430,1035,72
E02006234,3564,1117,1370,620,50
E02006235,3380,1586,1069,302,80
E02006236,4168,2058,1430,286,57
E02006237,3117,1288,1013,302,139
E02006238,4278,1463,1284,580,80
E02006239,2350,732,633,205,161
E02006240,3337,903,881,226,250
E02006241,3755,932,1111,810,74
E02006242,3251,789,1221,327,101
E02006243,4024,841,1316,833,130
E02006826,4381,1247,1175,758,118
E02006245,3218,1053,877,1057,50
E02006246,3034,1391,1175,183,28
E02006247,3777,743,1413,1002,40
E02006248,3296,1057,1252,623,45
E02006249,3403,1193,1088,213,41
E02006250,4363,630,1199,836,41
E02006251,4501,735,1245,641,50
E02006252,3921,1018,1501,417,37
E02006253,3017,1524,1032,100,32
E02006254,3898,580,1028,1415,47
E02006255,3573,867,1205,218,26
E02006256,3920,694,1095,1122,42
E02006257,2993,876,848,922,49
E02006258,3570,682,1205,1103,56
E02006259,3226,868,813,1298,37
E02006260,3588,812,1136,1221,50
E02006261,3234,1441,989,408,67
E02006262,3605,1569,1279,312,62
E02006263,3090,1347,940,360,84
E02006264,3325,1323,1386,215,55
E02006265,2980,1287,1032,374,45
E02006266,3848,1541,1363,644,61
E02006267,3371,1369,1222,289,68
E02006268,2736,911,726,861,49
E02006269,2811,1102,1224,173,26
E02006270,4787,1331,2269,281,41
E02006271,3381,1312,1122,333,46
E02006272,3138,1343,1177,294,38
E02006273,2695,1183,868,327,50
E02006274,2527,731,693,328,66
E02006275,2956,604,857,1207,42
E02006276,2730,1274,858,304,51
E02006277,3148,755,1553,161,14
E02006278,4184,1144,1010,640,46
E02006279,3965,1655,1200,585,52
E02006280,3776,1650,1247,394,96
E02006281,3916,1682,1070,580,42
E02006282,2722,1191,798,354,54
E02006283,2543,1039,946,175,86
E02006284,3176,877,1213,721,38
E02006285,3011,577,1502,597,10
E02006286,4453,1075,1750,948,34
E02006287,2721,1497,604,245,68
E02006288,3673,1593,1043,402,106
E02006289,3670,1549,1018,631,61
E02006290,3859,1670,865,681,74
E02006291,3118,1420,863,467,44
E02006292,2694,1306,860,262,45
E02006293,4089,1400,1399,333,90
E02006294,3792,1772,877,582,64
E02006295,3942,1762,1451,307,30
E02006296,5135,1979,2148,175,38
E02006297,3193,1525,1325,43,33
E02006298,3764,1425,1492,315,26
E02006299,3770,2147,1120,155,35
E02006300,3477,850,904,1150,55
E02006301,2661,879,684,318,29
E02006302,2895,1471,888,164,35
E02006303,3191,676,880,1286,50
E02006304,3306,1660,964,407,31
E02006305,4079,1055,1204,382,33
E02006306,3203,1348,1014,416,28
E02006307,3172,1805,1054,52,20
E02006308,3496,727,799,685,38
E02006309,2989,1097,782,816,41
E02006310,3290,1102,1442,278,34
E02006311,3828,1529,884,694,61
E02006312,3649,1652,1242,314,42
E02006313,4520,2068,1521,359,59
E02006314,3190,1320,942,435,56
E02006315,2828,1447,604,393,68
E02006316,3247,1546,782,467,56
E02000166,3537,895,729,1272,70
E02000167,3629,1347,678,304,89
E02000168,3535,744,769,1034,45
E02000169,2942,1017,619,219,86
E02000170,3685,781,886,416,48
E02000171,3502,772,776,906,57
E02000172,4186,404,571,2465,51
E02000173,3569,875,548,523,84
E02000174,3822,525,671,1581,55
E02000175,4277,649,763,870,58
E02000176,3261,873,629,286,62
E02000177,3865,477,558,1898,38
E02000178,4280,432,746,1401,44
E02000179,2870,612,443,916,38
E02000180,3394,441,561,1298,40
E02000181,3657,742,821,562,42
E02000182,2963,699,447,543,116
E02000183,3881,890,645,1130,63
E02000184,3655,313,551,1674,31
E02000185,3938,367,513,1790,60
E02000186,3099,497,388,865,77
E02000187,3290,168,240,2288,53
E02000188,3170,217,237,1957,40
E02000189,2253,145,152,1259,61
E02000190,3181,395,275,1391,82
E02000191,2868,432,295,663,91
E02000192,3375,316,366,1708,67
E02000193,3850,619,521,1076,115
E02000001,4385,1093,775,725,219
E02000345,2693,387,471,636,37
E02000346,2563,116,219,1722,31
E02000347,2727,326,436,1016,26
E02000348,2804,247,336,1325,45
E02000350,3605,454,796,869,39
E02000351,3826,391,815,908,48
E02000352,2810,304,672,1115,31
E02000353,3192,499,837,692,29
E02000354,4056,242,738,1910,41
E02000355,3240,551,739,811,38
E02000356,3144,451,872,861,25
E02000357,2507,109,254,1791,36
E02000358,4775,432,940,1890,50
E02000359,2416,376,621,799,38
E02000360,4747,196,614,2877,72
E02000361,3467,229,522,1373,33
E02000362,2634,181,584,1183,31
E02000363,4402,190,572,2975,55
E02000364,3899,456,828,1518,43
E02000365,5740,544,1034,1919,77
E02000366,3690,283,601,2118,65
E02000367,4163,283,936,1604,43
E02000368,4028,209,562,2502,55
E02000369,5100,247,827,2712,76
E02000370,3768,232,586,2077,45
E02000371,5672,282,732,2250,79
E02006918,3113,177,491,1438,22
E02006921,2909,203,321,1539,48
E02000372,3674,354,550,2054,43
E02000373,2433,128,230,1691,48
E02000374,2590,451,564,935,41
E02000375,3230,365,464,1438,41
E02000376,3152,320,509,1053,49
E02000377,3613,432,751,1262,42
E02000378,3271,448,697,843,32
E02000379,3190,605,825,869,27
E02000380,2559,538,569,633,32
E02000381,3583,672,681,891,45
E02000382,2823,540,572,701,40
E02000383,4456,719,805,911,79
E02000384,3256,346,400,1515,65
E02000385,3094,440,670,498,46
E02000386,3585,292,529,1625,81
E02000387,2841,309,453,1298,38
E02000388,3805,531,663,1172,54
E02000389,3452,824,959,517,71
E02000390,2823,510,578,746,35
E02000391,3419,775,737,841,54
E02000392,4122,690,894,1041,57
E02000393,2650,592,737,339,35
E02000394,3551,532,772,1218,78
E02000395,2719,828,624,279,67
E02000396,2699,536,644,763,48
E02000397,3376,454,762,849,49
E02000398,2713,309,377,1332,39
E02000400,3061,551,836,901,36
E02000401,2351,263,539,1178,34
E02000402,2469,207,491,1169,51
E02000403,2915,424,700,451,35
E02000404,2640,417,622,838,47
E02000405,2550,722,1029,208,18
E02000406,2665,339,547,1049,44
E02000407,2905,309,575,1033,74
E02000408,2689,246,489,1198,53
E02000409,2505,295,367,1331,53
E02000410,2839,630,924,186,17
E02000411,2695,383,636,911,52
E02000412,2873,322,504,1065,48
E02000413,2945,748,946,428,29
E02000414,2562,479,691,510,38
E02000415,2697,537,589,543,46
E02000416,3463,356,892,1202,39
E02000417,2852,719,788,234,33
E02000418,2235,658,885,255,21
E02000419,3323,504,726,506,60
E02000420,3050,351,621,1059,50
E02000421,2875,222,538,1266,39
E02000422,2926,388,653,916,55
E02000423,2516,510,586,370,26
E02000424,3088,488,986,749,28
E02000425,2116,389,446,457,16
E02000426,2882,786,743,462,65
E02000427,2829,432,719,379,31
E02000428,2758,287,504,1184,55
E02000429,3207,828,1003,298,24
E02000430,3462,542,1027,412,39
E02000431,3133,691,817,184,34
E02000432,2879,357,777,728,31
E02006794,2911,183,475,1401,73
E02000554,4226,319,720,2285,42
E02000555,3986,553,948,1495,49
E02000556,4561,499,936,1639,52
E02000557,3929,382,682,1868,47
E02000558,3780,201,335,2421,51
E02000559,3882,599,907,963,36
E02000560,3177,389,669,812,50
E02000561,3413,647,911,850,39
E02000562,3594,488,770,1481,48
E02000563,3652,287,580,1855,59
E02000564,5004,393,1009,1809,69
E02000565,3610,267,679,1817,52
E02000566,3662,675,836,1061,41
E02000567,4937,486,1017,2122,43
E02000568,4063,285,584,2177,56
E02000569,4745,586,712,2354,78
E02000570,4119,804,920,1071,41
E02000571,3777,354,686,1947,56
E02000572,3490,201,373,2135,52
E02000573,4204,783,826,1201,67
E02000574,3840,414,658,1432,47
E02000575,5583,669,935,2060,89
E02000576,4322,306,491,2487,62
E02000577,3163,127,263,2344,33
E02000578,2454,135,256,1778,47
E02000579,4013,685,717,1700,52
E02000580,4517,506,485,2275,39
E02000581,3311,218,255,2383,54
E02000582,3946,1053,592,502,101
E02000583,3496,1041,570,648,71
E02000584,3922,1314,570,276,203
E02000585,3919,1093,700,522,135
E02000586,3729,1086,520,148,210
E02000587,3536,1174,533,130,107
E02000588,4458,1172,493,144,351
E02000589,4422,941,613,465,145
E02000590,3890,847,310,1174,123
E02000591,3589,585,477,1032,78
E02000592,3583,1024,481,181,134
E02000593,4067,834,804,624,93
E02000594,3710,1188,510,505,178
E02000595,3747,1243,533,545,129
E02000596,3605,1075,624,336,102
E02000597,3459,592,468,1559,65
E02000619,3743,378,638,2015,48
E02000620,4398,420,940,1932,48
E02000621,5083,523,1072,1619,75
E02000622,3482,357,678,1282,33
E02000623,3409,274,506,1851,42
E02000624,3500,207,597,1826,27
E02000625,3383,191,551,1769,33
E02000626,3443,124,479,2280,39
E02000627,4042,350,771,1673,51
E02000628,3972,156,531,2353,51
E02000629,3973,404,935,1133,47
E02000630,3336,507,799,846,40
E02000631,3723,556,938,1037,44
E02000632,4148,434,1011,907,31
E02000633,3872,298,731,1758,62
E02000634,3021,270,533,1321,31
E02000635,4066,406,877,1573,49
E02000636,3076,655,975,426,16
E02000637,3935,548,1054,840,37
E02000638,4104,363,1001,1588,36
E02000639,3398,257,528,1731,38
E02000640,3785,621,1201,972,33
E02000641,3442,207,611,2013,29
E02000642,4162,621,1077,1342,31
E02000643,3589,470,1024,925,31
E02000644,3565,533,1120,725,43
E02000645,3870,510,1167,788,34
E02000646,3842,648,1075,492,40
E02000647,3444,675,1232,664,36
E02000648,3232,300,788,1592,25
E02000649,4887,525,1364,732,43
E02000650,3233,310,879,1206,35
E02000651,3492,618,1069,574,32
E02000652,2527,668,843,386,22
E02006801,3840,394,499,1448,81
E02000653,3547,174,624,1881,41
E02000654,3336,141,451,2062,39
E02000655,3366,227,832,1144,23
E02000657,3776,379,743,1305,39
E02000658,3538,411,757,1215,45
E02000659,3284,506,818,1194,29
E02000660,3659,372,967,932,41
E02000661,3139,662,804,656,21
E02000662,3317,285,824,1293,26
E02000663,2903,509,931,711,21
E02000664,4452,423,956,1547,51
E02000665,3504,604,1109,870,24
E02000666,2859,483,941,651,64
E02000667,2595,594,1049,327,19
E02000668,2816,757,983,472,21
E02000669,3270,421,1128,569,25
E02000670,2748,420,765,771,30
E02000671,3668,596,1299,728,36
E02000672,3509,502,933,912,31
E02000673,3490,704,1162,655,30
E02000674,3020,677,1373,378,30
E02000675,3419,835,1307,639,36
E02000676,3252,529,1200,681,28
E02000677,2692,624,1120,340,31
E02000678,2432,382,860,761,22
E02000679,3455,558,1034,1099,35
E02000680,3016,464,800,1060,40
E02000681,3268,515,1063,1176,22
E02000682,3095,643,868,1145,35
E02000683,2763,452,779,1011,19
E02000685,3357,484,904,1278,42
E02000686,2839,290,655,1513,25
E02000687,3436,554,1010,1082,27
E02006783,2893,382,884,1216,17
E02006784,3168,513,950,1260,46
E02006798,3210,201,508,1518,48
E02000714,2733,399,669,767,32
E02000715,2234,305,466,612,35
E02000716,2320,331,546,555,34
E02000717,2400,334,545,568,32
E02000718,2210,240,465,970,32
E02000719,2937,333,546,922,32
E02000720,2220,471,607,339,27
E02000721,2737,481,546,531,40
E02000722,2943,331,574,824,25
E02000723,2737,704,652,307,35
E02000724,2434,531,668,273,30
E02000725,3671,257,685,1207,47
E02000726,3666,243,625,1128,30
E02000727,2251,455,469,336,25
E02000728,2237,454,627,210,28
E02000729,2207,421,489,473,30
E02000730,2443,563,520,353,29
E02000731,2825,502,646,387,37
E02000732,2326,282,398,905,35
E02000733,3465,280,669,1568,41
E02000734,2672,250,425,1327,49
E02000735,2355,371,518,665,32
E02000736,2574,308,707,780,29
E02000737,3068,524,917,830,33
E02000738,2563,517,909,271,26
E02000739,2286,263,525,801,27
E02000740,2556,170,431,1289,29
E02000741,2767,448,856,625,22
E02000742,2498,368,731,714,23
E02000743,2893,240,475,1458,42
E02000744,2942,305,550,884,35
E02000745,2782,260,712,990,30
E02000746,2574,113,550,1161,29
E02000747,4371,241,726,1613,54
E02000748,2230,250,662,498,27
E02000749,3022,201,601,1607,39
E02000750,4370,247,928,1344,47
E02000807,3705,450,1191,714,46
E02000808,4167,352,783,1561,85
E02000809,5936,647,1385,1142,107
E02000810,4137,266,898,2159,45
E02000812,4385,241,777,2198,61
E02000813,3746,228,615,2057,48
E02000814,3876,460,1002,905,51
E02000815,2516,169,488,960,35
E02000816,3959,264,827,1934,40
E02000817,2809,118,281,1993,32
E02000818,3217,156,466,1635,38
E02000819,3415,168,460,2055,33
E02000820,3873,289,641,1959,47
E02000821,3097,151,286,2103,33
E02000822,3294,110,268,2338,36
E02000823,3155,251,586,1600,31
E02000824,3553,154,394,2504,41
E02000825,3545,77,565,2329,33
E02000826,3539,229,668,1950,36
E02000827,4304,190,487,2764,49
E02000828,3180,191,546,1793,46
E02000829,4334,342,910,2120,48
E02000830,3783,530,1068,1167,46
E02000831,3918,509,1138,1270,53
E02000832,4106,332,955,2066,49
E02000833,2973,337,697,1460,34
E02000834,4198,598,1284,974,41
E02000835,2930,525,990,837,32
E02000836,3362,660,1279,612,35
E02000837,3300,1069,1180,413,37
E02000838,3862,660,1365,874,32
E02000839,3381,829,1032,836,52
E02006802,2867,253,466,1362,70
E02000864,3468,242,473,1985,26
E02000865,2763,168,371,1532,26
E02000866,3829,540,820,1380,43
E02000867,4307,302,991,1410,56
E02000868,2618,245,466,941,26
E02000869,2485,262,443,1165,23
E02000870,2560,251,477,1166,30
E02000871,3107,138,453,1730,47
E02000872,3088,225,484,1253,30
E02000873,2792,224,503,1295,24
E02000874,2494,164,325,1328,33
E02000875,3437,160,445,1857,50
E02000876,2750,219,461,1029,34
E02000877,3252,193,447,1749,30
E02000878,3900,377,675,1244,45
E02000879,2855,278,459,1314,49
E02000880,2090,167,370,908,24
E02000881,2379,197,427,1291,27
E02000882,2884,140,551,1785,37
E02000883,2880,178,321,1731,28
E02000884,3707,254,522,998,40
E02000885,2509,153,366,1421,34
E02000886,3185,356,726,984,32
E02000887,3165,213,476,1633,37
E02000888,3306,280,766,1062,54
E02000889,2879,364,652,853,41
E02000890,3093,615,855,359,41
E02000891,5742,452,1102,1397,74
E02000893,2912,307,618,1081,43
E02000894,4510,446,1098,757,66
E02006853,3320,231,578,1050,60
E02006854,2991,307,566,418,42
E02000923,3632,941,942,436,73
E02000924,5295,509,1131,1946,56
E02000925,3412,425,614,1593,35
E02000926,4283,711,1179,783,49
E02000927,3228,368,721,1277,31
E02000928,3635,1031,1116,375,41
E02000929,3201,256,539,1831,24
E02000930,4382,664,1193,737,51
E02000931,3532,779,1266,272,17
E02000932,4777,888,1491,289,50
E02000933,3872,1134,1022,428,43
E02000934,4325,606,1278,962,40
E02000935,2468,292,273,1406,42
E02000936,4057,904,935,562,54
E02000937,3130,759,1064,377,32
E02000938,4032,797,1021,1292,42
E02000939,2915,918,1005,327,40
E02000940,3494,396,1033,1027,26
E02000941,4125,797,1544,583,32
E02000942,3794,1000,1352,242,44
E02000943,3708,715,1152,439,35
E02000944,2856,359,642,991,25
E02000945,2764,348,552,1114,19
E02000946,3172,482,1110,622,20
E02000947,3820,788,1502,351,27
E02000948,4493,700,1453,548,39
E02000949,4072,1007,1389,291,48
E02000950,3233,706,936,518,40
E02000951,2946,559,792,447,28
E02000952,2644,444,713,542,21
E02000953,3113,438,1058,741,28
E02000954,2299,582,691,269,18
E02000955,2527,487,616,642,27
E02000956,3066,369,647,693,40
E02000957,4238,705,1196,564,58
E02000958,2973,738,1102,450,34
E02000959,2980,465,967,549,27
E02000960,3055,908,435,322,138
E02000961,4064,874,691,836,94
E02000962,4424,912,551,1093,149
E02000963,4141,398,632,2356,49
E02000964,5638,445,822,2653,72
E02000965,3981,576,869,718,65
E02000966,4714,1098,946,584,115
E02000967,3653,927,574,186,141
E02000968,5713,528,514,3145,105
E02000969,3719,296,435,2041,91
E02000970,4874,1005,517,506,246
E02000971,4354,787,533,371,151
E02000972,4503,543,466,1240,176
E02000973,5312,991,896,1335,105
E02000974,4380,924,566,456,192
E02000975,4621,810,684,362,110
E02000976,5041,893,676,599,156
E02000977,3895,656,348,866,215
E02000978,3882,1333,480,150,388
E02000979,3892,822,444,1096,195
E02000980,4498,745,653,1848,108
E02000981,4853,970,815,1175,102
E02000982,4143,604,508,1888,66
E02000983,4422,647,425,1522,74
E02000002,2713,596,681,1133,34
E02000003,3834,1028,1507,446,23
E02000004,2318,718,985,371,16
E02000005,3183,711,1164,793,33
E02000007,3441,558,853,1663,34
E02000008,4591,708,1440,1762,40
E02000009,3212,488,1066,982,57
E02000010,3292,463,1090,1195,27
E02000011,2289,672,861,289,27
E02000012,3258,935,1331,475,41
E02000013,3125,479,997,1181,33
E02000014,3531,557,1007,1413,27
E02000015,3170,369,671,1604,21
E02000016,2934,160,543,1038,21
E02000017,2729,641,932,267,29
E02000018,3326,403,932,1405,21
E02000019,3010,404,1057,1045,32
E02000020,3460,521,1014,1260,32
E02000021,2949,582,1054,565,31
E02000022,3261,129,474,2061,34
E02000023,2431,203,545,1271,16
E02006799,3624,583,1118,1240,35
E02000024,4110,1507,1577,214,59
E02000025,3622,1050,1255,512,42
E02000026,2496,951,971,133,37
E02000027,3705,879,1154,1259,44
E02000028,2473,878,909,89,23
E02000029,3513,961,1286,336,40
E02000030,3410,1450,1209,385,63
E02000031,2817,1078,842,231,33
E02000032,2742,1163,1194,81,24
E02000033,3317,1023,1278,466,30
E02000034,3403,1019,1184,334,55
E02000035,3381,949,960,437,44
E02000036,3942,1097,1526,498,51
E02000037,3397,1088,1164,686,48
E02000038,4049,1066,1518,391,85
E02000039,2485,849,966,101,27
E02000040,2649,766,743,660,92
E02000041,3120,909,985,343,52
E02000042,4421,1103,1260,384,99
E02000043,2693,984,939,65,26
E02000044,2862,512,895,882,31
E02000045,4168,793,1345,893,100
E02000046,2860,721,724,131,35
E02000047,4036,596,1107,1257,58
E02000048,3784,1209,1397,200,45
E02000049,3028,202,488,1886,48
E02000050,3853,874,1137,955,45
E02000051,3537,1197,888,218,102
E02000052,4163,988,1179,682,56
E02000053,3244,615,878,502,43
E02000054,2774,678,853,189,27
E02000055,4179,1033,900,601,92
E02000056,3390,1380,995,183,89
E02000057,2460,717,641,149,51
E02000058,3961,1418,1059,222,55
E02000059,3990,884,958,942,55
E02000060,3400,932,760,250,68
E02000061,3172,992,633,97,78
E02000062,2357,360,523,710,35
E02000063,2503,690,664,158,51
E02000064,2450,544,492,622,49
E02000065,2728,296,1117,622,27
E02000066,3795,506,863,1907,37
E02000067,3580,727,1361,699,39
E02000068,3041,474,1100,728,39
E02000069,2495,824,958,315,18
E02000070,3177,1331,1300,244,21
E02000071,2782,912,1244,316,32
E02000072,4722,575,1375,2087,49
E02000073,3968,1683,1878,163,20
E02000074,3185,630,1113,1149,26
E02000075,3172,1468,1336,176,21
E02000077,2870,979,1356,276,24
E02000078,3036,1155,1495,128,17
E02000079,3267,1240,1332,132,37
E02000080,3702,1423,1608,231,30
E02000081,3106,1162,1219,438,29
E02000082,3356,1328,1709,17,29
E02000083,3985,1081,1744,715,29
E02000084,4209,1696,1957,175,28
E02000085,3084,1113,1524,135,17
E02000086,2789,1104,1415,23,15
E02000087,3142,1436,1234,127,27
E02000088,2984,1249,1408,99,20
E02000089,2899,1200,1364,148,19
E02000090,3962,1397,1468,356,34
E02000091,4279,1595,1385,694,30
E02000092,2722,656,900,889,32
E02006785,2567,887,1018,388,17
E02000093,3408,1108,1127,402,53
E02000094,2738,750,895,396,42
E02000095,3117,1025,872,398,42
E02000096,2518,1027,876,109,37
E02000097,2926,877,980,317,38
E02000098,2652,696,763,482,37
E02000099,2782,701,794,377,45
E02000100,2696,899,895,441,27
E02000101,3312,569,756,1047,58
E02000102,2496,604,587,590,17
E02000103,2994,706,766,772,40
E02000104,2213,684,649,254,30
E02000105,2997,613,892,424,51
E02000106,3449,700,790,642,47
E02000107,4107,699,797,630,40
E02000108,2147,534,662,337,29
E02000109,3264,791,874,487,40
E02000110,2969,686,695,593,23
E02000111,2914,711,799,389,44
E02000112,2892,776,775,264,41
E02000113,3306,292,504,1956,60
E02000114,3528,466,692,727,57
E02000115,3911,545,733,1031,53
E02000116,3072,311,473,1012,50
E02000117,4557,429,675,2153,86
E02000118,2849,632,891,582,34
E02000119,2597,135,297,1722,46
E02000120,4277,558,904,1008,41
E02000121,2623,700,738,246,55
E02000122,3047,820,847,545,60
E02000123,5884,526,979,1997,79
E02000124,4334,766,1041,898,62
E02000125,4329,933,1206,926,51
E02000126,3381,147,320,2437,39
E02000127,3675,767,1167,1314,46
E02000128,3006,927,1305,376,26
E02000130,3464,765,1318,660,30
E02000131,4589,478,1336,1210,31
E02000132,4668,1150,1384,703,62
E02000133,3961,1789,1592,98,46
E02000134,5106,1151,1803,871,61
E02000135,4402,336,870,2225,31
E02000136,2207,819,791,427,40
E02000137,3637,1272,1389,269,23
E02000138,4057,1587,1353,143,63
E02000139,3202,762,1436,429,32
E02000140,3301,645,935,1485,25
E02000141,3055,686,1321,451,22
E02000142,3283,1118,1412,195,31
E02000144,3831,1189,1433,201,39
E02000145,3376,651,1127,1228,32
E02000146,3508,1010,1604,287,33
E02000147,3183,1485,1246,118,22
E02000148,2633,1165,1064,173,26
E02000149,3249,941,1275,681,29
E02000150,3109,1098,1446,287,24
E02000151,2994,1462,1280,49,28
E02000152,2623,675,955,821,30
E02000153,2860,1243,1409,98,12
E02000154,3293,1261,1274,297,21
E02000155,3057,1362,1188,262,23
E02000156,4756,2127,1952,242,55
E02000157,3300,1705,1292,64,30
E02000158,2952,1198,940,662,15
E02000159,2749,1331,1106,66,24
E02000160,2968,1255,1325,80,29
E02000161,3369,1513,1547,76,21
E02000162,2889,1192,956,513,24
E02000163,3072,1334,1289,203,23
E02000165,2691,918,1473,130,19
E02006782,3091,1027,1158,633,26
E02006787,3034,991,1411,281,30
E02006789,2662,1264,1010,117,39
E02000194,4099,731,1261,1002,40
E02000195,3446,1102,1417,264,44
E02000196,2553,655,885,446,27
E02000197,3403,767,1104,631,42
E02000198,3338,542,1142,718,44
E02000199,3172,671,1403,351,47
E02000200,3811,666,1398,473,46
E02000201,3814,426,1037,1124,52
E02000202,2981,835,1200,163,36
E02000203,3062,498,973,687,24
E02000204,3146,844,1169,266,52
E02000206,4009,505,1251,1049,68
E02000207,3592,547,1269,1007,38
E02000208,3821,372,1124,1113,77
E02000209,2919,539,1138,504,27
E02000210,3371,723,1550,377,31
E02000211,3279,1264,1522,200,17
E02000212,2977,467,955,740,27
E02000213,4160,385,853,1201,65
E02000214,2321,874,1020,129,18
E02000215,4991,791,1388,800,64
E02000216,3028,968,709,350,37
E02000217,4273,593,1446,953,46
E02000218,2369,649,734,826,21
E02000219,2999,1422,1247,84,42
E02000220,4847,615,1241,756,63
E02000221,3866,701,1232,1264,57
E02000222,3539,863,1335,343,30
E02000223,2875,314,488,1914,24
E02000224,3309,718,1371,246,40
E02000225,2708,630,897,1012,17
E02000226,2796,1287,1255,31,22
E02000227,4851,1533,2120,510,32
E02000228,2924,1410,1179,76,26
E02000229,2413,384,613,1181,24
E02000230,4004,1275,1632,277,40
E02000231,2543,1072,1163,40,17
E02000232,2324,953,984,243,16
E02000233,2391,654,1114,333,18
E02000234,3161,928,1326,408,31
E02000235,2694,946,1246,282,17
E02000236,2838,1069,1427,142,12
E02000237,3090,1231,1260,406,31
E02006788,2903,463,1125,965,17
E02000238,3179,753,1284,382,30
E02000239,2924,1008,1081,93,21
E02000240,3770,711,1195,1218,49
E02000241,2366,668,924,155,34
E02000242,2151,607,778,102,23
E02000243,3068,718,987,534,46
E02000244,2658,759,952,188,46
E02000245,3210,360,846,1308,46
E02000246,3071,563,924,1015,51
E02000247,3755,653,1265,912,42
E02000248,2902,744,729,104,49
E02000249,2739,716,836,438,47
E02000250,2541,930,946,104,20
E02000251,2442,758,978,123,32
E02000252,3717,582,854,888,62
E02000253,3744,630,984,1541,67
E02000254,2487,815,908,207,40
E02000255,3622,941,1093,733,45
E02000256,3782,907,957,349,50
E02000257,5873,1305,1177,646,87
E02000258,2544,523,652,412,30
E02000259,2283,634,843,202,20
E02000260,2468,743,686,395,51
E02000261,4110,744,1064,971,66
E02000262,3771,517,936,944,48
E02000263,3155,945,904,477,73
E02000264,3205,781,806,324,43
E02000265,4747,694,1365,1255,77
E02000266,3711,573,812,1728,64
E02000267,2847,588,1074,328,34
E02000268,3824,888,1128,643,57
E02000269,3245,926,1148,168,47
E02000270,3331,316,587,1633,92
E02000271,2871,871,973,168,34
E02000272,2579,940,987,144,22
E02000274,3557,852,1044,486,74
E02000275,2131,521,585,455,45
E02000276,2634,583,958,283,30
E02006791,3068,647,930,416,40
E02000277,2651,773,1048,302,32
E02000278,3278,677,902,1097,47
E02000279,4356,603,1516,1048,61
E02000280,3466,1002,1304,688,51
E02000281,3531,730,1265,713,52
E02000282,3491,477,909,1208,57
E02000283,2843,711,1090,496,38
E02000284,3497,1025,1362,365,41
E02000285,2466,1075,1061,87,28
E02000286,3863,1387,1333,176,41
E02000287,2540,1054,839,247,39
E02000288,3784,768,1223,806,62
E02000289,2421,1119,954,155,24
E02000290,2853,364,625,1124,35
E02000291,3998,1003,1219,631,38
E02000292,3578,1073,1525,293,27
E02000293,2470,1143,929,66,32
E02000294,3009,801,1039,517,53
E02000295,3347,1138,1194,313,31
E02000296,3941,1092,1009,447,56
E02000297,3482,1499,1479,74,32
E02000298,3075,1181,1209,121,34
E02000299,3438,759,1043,636,53
E02000300,2998,690,959,364,53
E02000301,3923,605,944,1319,66
E02000302,3123,1029,1128,401,47
E02000303,3120,437,779,1066,59
E02000304,2964,1196,1136,81,28
E02000305,3481,899,1269,166,51
E02000306,3594,248,634,1979,66
E02000307,3368,1010,1245,291,56
E02000308,2908,805,778,546,41
E02000309,3785,645,1091,847,84
E02000311,3656,995,1176,596,43
E02000312,4262,1068,1221,341,76
E02006793,3356,371,660,1466,69
E02000313,2575,168,455,1621,17
E02000314,4382,271,1606,1025,33
E02000315,3440,494,817,1604,38
E02000316,4944,202,1045,2013,54
E02000317,3200,220,447,2063,46
E02000318,3283,493,958,843,38
E02000319,3866,453,1023,1210,38
E02000320,2524,497,872,717,19
E02000321,2877,234,490,1581,50
E02000323,4001,340,729,1976,44
E02000324,2807,320,597,1483,33
E02000326,2932,547,949,878,20
E02000327,2357,101,367,1206,24
E02000328,3070,610,895,889,20
E02000329,2364,538,924,545,27
E02000331,3236,464,969,1142,31
E02000332,2958,827,1176,495,25
E02000333,3005,746,859,469,41
E02000334,2585,586,946,725,31
E02000335,2637,881,1173,376,14
E02000337,2998,463,963,1275,32
E02000339,2502,807,910,499,49
E02000340,2799,975,922,412,40
E02000341,3024,437,781,1546,28
E02000342,2268,485,727,723,21
E02000343,2699,658,850,935,28
E02000344,2476,826,1070,283,17
E02006786,2599,532,855,764,29
E02006927,3338,918,1033,930,35
E02006928,2977,138,610,1247,41
E02006929,3333,289,770,1309,35
E02006930,2876,459,855,592,35
E02006931,4113,606,1071,1286,47
E02000433,3309,1355,921,364,66
E02000434,3138,1116,1034,250,52
E02000435,2728,885,840,527,46
E02000436,2080,977,847,67,21
E02000437,3082,1068,1200,316,23
E02000438,2990,903,897,620,61
E02000439,2711,809,894,318,43
E02000440,3087,1109,1400,132,32
E02000441,2765,933,869,541,38
E02000442,2532,815,936,121,44
E02000443,3203,734,1052,506,38
E02000444,2682,877,1040,89,39
E02000445,3616,821,1201,535,36
E02000447,2453,854,964,201,27
E02000448,2730,1154,893,230,35
E02000449,2531,734,750,452,44
E02000451,2341,992,982,49,21
E02000452,3039,630,890,133,20
E02000453,2800,772,1038,180,29
E02000454,2550,1057,1158,93,20
E02000455,3306,718,840,459,65
E02000456,2512,684,941,244,34
E02000457,2200,829,837,120,19
E02000459,3159,666,937,622,43
E02000460,2189,422,643,666,31
E02000461,2556,642,819,128,127
E02000462,2210,627,807,139,28
E02000463,2788,611,1073,586,38
E02006795,2639,844,1087,69,24
E02006882,4342,1608,1786,166,55
E02000464,2597,741,840,817,25
E02000465,3256,626,1091,1234,42
E02000466,3235,988,1177,797,43
E02000467,4087,542,1086,2103,42
E02000468,3099,1129,1283,355,36
E02000469,2664,614,944,848,18
E02000470,3487,1388,1370,277,25
E02000471,2961,1516,1245,52,14
E02000472,3544,1365,1566,289,25
E02000473,3841,1469,1780,236,29
E02000474,3514,1035,1440,549,27
E02000475,3933,1399,1515,401,31
E02000476,4023,767,1172,988,36
E02000477,3725,1603,1648,108,17
E02000478,2156,1102,838,107,16
E02000479,3529,876,1470,357,29
E02000480,3872,1052,1615,567,29
E02000481,3254,1555,1202,249,33
E02000482,2546,1366,987,28,16
E02000483,3423,1244,1106,547,33
E02000484,3180,1225,1472,211,23
E02000485,3375,1338,1381,211,16
E02000486,3039,1295,1264,105,34
E02000487,2970,1574,1242,30,22
E02000488,2967,1449,1275,58,16
E02000489,3155,1109,1219,514,22
E02000490,3169,1275,1233,399,24
E02000491,3603,1056,1264,917,27
E02000492,2524,1269,954,85,15
E02000493,2471,658,980,360,14
E02000494,3115,1239,959,433,40
E02000495,4141,1320,1233,530,53
E02000496,3008,855,1090,723,33
E02000497,3440,1131,1308,642,25
E02000498,2561,880,1043,421,21
E02000499,3001,1351,1148,164,20
E02000500,3093,1271,1085,189,31
E02000501,3163,1165,1434,232,26
E02000502,3097,1001,1253,137,23
E02000503,3235,1102,1613,116,23
E02000504,2891,1305,1169,125,22
E02000506,2725,1239,1066,137,21
E02000507,2756,843,1289,278,22
E02000508,3075,768,823,560,37
E02000509,3112,598,897,744,39
E02000510,3196,950,1232,412,37
E02000511,3211,976,1454,261,30
E02000512,2968,604,971,844,22
E02000513,3234,521,1116,988,46
E02000514,3044,850,1232,215,44
E02000515,4303,768,1461,936,28
E02000516,2764,600,1074,490,52
E02000517,2917,510,1032,806,36
E02000518,3099,616,1034,988,29
E02000519,2890,449,845,1057,38
E02000520,3645,682,1212,803,48
E02000521,3397,620,1140,1053,24
E02000522,3269,766,1017,868,41
E02000523,2939,718,1148,356,23
E02000524,2462,631,691,306,33
E02000525,3142,596,956,602,39
E02006796,3321,996,1345,336,24
E02000526,3536,985,1017,398,46
E02000528,4770,571,1091,2122,51
E02000529,2776,605,901,593,37
E02000530,2314,327,462,1134,51
E02000531,4269,786,1328,1107,69
E02000532,4001,1058,1183,906,63
E02000533,3835,881,1160,778,43
E02000534,2917,838,1056,195,39
E02000535,2852,805,1007,393,40
E02000536,2925,732,985,492,28
E02000537,2841,938,815,70,25
E02000538,2648,650,742,464,42
E02000539,4299,675,1601,1058,43
E02000540,3564,755,1038,711,38
E02000541,2846,574,585,966,55
E02000542,3166,562,814,775,36
E02000543,4170,691,1124,571,41
E02000544,2793,907,1178,159,27
E02000545,3299,513,961,1214,59
E02000546,3018,626,1025,531,36
E02000547,3547,785,1338,757,49
E02000548,3539,522,1249,1170,39
E02000549,3937,1056,1535,751,50
E02000550,3840,404,1305,1373,34
E02000551,3294,449,851,1577,54
E02000552,3266,678,1466,344,25
E02000553,2605,667,1024,613,29
E02006792,4035,1008,918,460,58
E02000598,3001,1052,1314,227,27
E02000599,2368,1006,856,73,42
E02000600,3354,796,976,466,43
E02000601,4245,907,1508,577,48
E02000602,3997,573,1054,1313,50
E02000603,2798,573,937,697,31
E02000604,3343,1005,1178,214,44
E02000605,3013,1071,1215,168,30
E02000606,4799,1021,1393,322,41
E02000607,2497,717,959,202,25
E02000608,3182,543,975,312,35
E02000609,2741,964,1005,392,23
E02000610,3785,731,1007,660,38
E02000611,2649,1179,1205,56,14
E02000612,3051,1247,1299,141,31
E02000613,3174,809,1294,382,18
E02000614,3072,852,1326,278,22
E02000615,2916,1015,1312,231,30
E02000616,2363,766,1263,127,6
E02000617,3291,900,1393,664,31
E02000689,3230,868,1229,225,23
E02000690,2300,1047,581,182,60
E02000691,2968,666,926,262,28
E02000692,3686,1071,809,322,68
E02000693,3973,622,1383,334,36
E02000694,3828,752,1319,539,30
E02000695,2813,895,996,94,29
E02000696,3185,429,1020,594,27
E02000697,3577,805,1096,149,33
E02000698,3146,1183,1119,162,38
E02000699,3205,858,1214,159,28
E02000700,3367,437,914,1135,30
E02000701,3006,626,1056,484,35
E02000702,2964,598,1089,760,27
E02000703,2961,1204,1082,131,24
E02000704,3409,776,1070,480,37
E02000705,2836,886,1333,130,23
E02000706,3259,411,872,1336,41
E02000707,2683,506,963,840,21
E02000708,3011,1043,1350,108,27
E02000709,2874,1222,1224,127,16
E02000710,3208,818,1066,690,27
E02000711,3140,649,996,697,31
E02000712,3328,706,1107,1092,34
E02000713,2800,1082,1386,70,19
E02000751,4277,1935,1562,190,54
E02000752,2864,666,915,938,47
E02000753,2420,605,934,503,28
E02000754,2607,738,1060,395,35
E02000755,2151,646,895,260,23
E02000756,4966,1495,2007,481,67
E02000757,4969,1338,1881,406,49
E02000758,2159,787,836,268,20
E02000759,4703,1176,1851,750,45
E02000760,2613,788,905,445,31
E02000762,2087,824,878,74,18
E02000763,2385,672,962,311,27
E02000764,5435,1651,1747,640,71
E02000765,2190,713,791,128,26
E02000767,2620,730,1019,254,24
E02000768,2240,838,821,276,21
E02000769,5160,1340,2144,516,61
E02000770,2425,664,871,164,26
E02000772,2565,549,934,287,31
E02000773,2819,643,1107,359,25
E02000774,2208,571,706,104,32
E02000776,2031,582,616,109,30
E02000777,2365,742,902,383,21
E02000779,2753,470,598,318,42
E02000780,4443,891,1195,477,60
E02000781,4257,1302,1791,325,40
E02000782,2851,479,745,559,42
E02000783,2250,367,612,602,28
E02006800,4170,992,1430,355,55
E02006924,4020,1216,1539,213,45
E02006925,4102,1501,1821,199,49
E02000784,4296,1366,1116,771,68
E02000785,4304,1483,1276,271,48
E02000786,4941,1308,1588,790,56
E02000787,4800,1033,1526,970,72
E02000788,3666,1123,1321,327,43
E02000789,2966,777,719,583,34
E02000790,2609,745,1046,104,36
E02000791,2986,845,676,218,60
E02000792,3209,875,1018,183,49
E02000793,3144,1024,1218,364,33
E02000794,2660,868,1134,91,25
E02000795,2623,1120,859,242,48
E02000796,3918,1251,1345,830,46
E02000797,3273,757,1307,197,37
E02000798,4280,1192,1894,493,45
E02000799,2418,810,924,186,32
E02000800,2159,613,707,535,37
E02000801,2880,888,1234,138,22
E02000802,2840,890,1141,241,19
E02000803,4086,1205,1410,918,47
E02000804,3148,915,1089,354,23
E02000805,4455,1333,1491,671,62
E02000806,4174,1335,1556,574,51
E02000840,3206,353,1025,1497,29
E02000841,3335,411,1095,1386,17
E02000842,2879,1097,1306,138,23
E02000843,3271,703,1459,464,19
E02000844,3117,698,1363,696,21
E02000845,3472,938,1627,258,23
E02000846,2708,907,1251,196,21
E02000847,3489,1469,1515,156,23
E02000848,2886,1089,1460,37,15
E02000849,3099,823,1336,483,19
E02000850,4037,1267,1970,365,26
E02000851,4098,777,1279,1047,39
E02000852,3136,892,1467,198,12
E02000853,3164,812,1472,333,14
E02000854,2932,957,1234,246,19
E02000855,3035,1184,1287,98,30
E02000856,3486,1016,1474,222,23
E02000857,4004,1024,1224,287,27
E02000858,3139,389,762,1721,30
E02000859,3453,1242,1242,478,35
E02000860,3925,777,992,773,36
E02000861,2789,1256,1199,85,20
E02000863,2319,885,1054,208,11
E02006836,3195,1391,1313,50,28
E02000895,3271,1111,1097,738,35
E02000896,3758,1384,1364,385,37
E02000897,3345,919,1084,997,31
E02000898,3065,908,1188,689,24
E02000899,3090,1075,1245,348,19
E02000900,2986,845,1129,581,38
E02000901,3553,1088,1559,408,27
E02000902,3101,757,1172,621,41
E02000903,3179,426,970,1183,49
E02000904,2900,646,1176,402,15
E02000905,3465,619,1268,622,40
E02000906,3507,552,1140,825,38
E02000907,3885,410,798,1827,56
E02000908,4348,558,1443,960,46
E02000909,3459,658,1168,662,39
E02000910,4005,713,1182,611,51
E02000911,4115,579,1171,902,39
E02000912,3151,578,952,780,30
E02000913,2968,777,903,362,33
E02000914,3689,484,720,1326,41
E02000915,3305,608,879,600,28
E02000916,3506,538,1170,464,37
E02000917,3396,530,1009,362,22
E02000918,3449,502,884,944,43
E02000919,3225,640,848,332,34
E02000920,3434,528,674,1074,32
E02000921,3966,405,695,1647,29
E02000922,3740,558,1095,724,50
E02003352,2487,1189,930,73,32
E02003353,3534,974,1735,229,43
E02003354,3872,948,2115,357,26
E02003355,2708,483,953,1002,24
E02003356,2731,930,1229,138,57
E02003357,3951,700,1393,1240,58
E02003358,3988,750,1354,1314,48
E02003359,2835,355,1452,474,17
E02003360,3605,748,1785,778,19
E02003361,3133,569,1437,738,22
E02003362,2757,600,1298,536,18
E02003363,2533,953,963,125,109
E02003364,2509,633,1386,271,9
E02003365,2652,874,1270,230,20
E02003366,2583,714,1226,173,18
E02003491,3088,1126,1297,383,33
E02003492,2166,434,472,914,25
E02003493,3348,1382,1292,199,36
E02003494,2641,1024,1084,206,28
E02003495,2970,895,1271,490,33
E02003496,3146,1042,948,805,57
E02003497,2804,1158,1203,45,22
E02003498,3475,570,650,1597,67
E02003499,2843,496,614,1269,37
E02003500,3049,834,1484,76,17
E02003501,3685,1121,1395,92,51
E02003502,3145,824,1265,619,37
E02003503,3487,1077,1276,738,37
E02003504,3838,755,1432,309,30
E02003505,3786,544,1111,319,45
E02003506,2871,594,1242,209,31
E02003507,3924,1455,1420,664,42
E02003508,3418,800,1279,146,25
E02003509,4695,708,1238,492,59
E02003510,4055,1021,1312,151,60
E02003511,3318,881,1372,299,41
E02003512,3736,631,1273,439,37
E02003513,2907,765,938,473,51
E02003514,4856,652,1241,262,42
E02003515,3659,426,522,2406,75
E02003516,4972,701,1184,169,43
E02003517,5238,729,1129,760,88
E02003518,4158,984,1068,199,68
E02003519,5052,616,1051,348,52
E02003520,4690,532,799,1354,83
E02003521,4424,748,1035,986,99
E02003522,3584,774,886,636,63
E02003523,4512,2098,1655,133,45
E02003581,3669,1097,1229,293,59
E02003582,3516,1681,1242,181,43
E02003583,2847,1117,850,477,18
E02003584,3149,778,775,202,47
E02003585,3018,1550,962,132,31
E02003586,3268,1288,1087,391,30
E02003587,3610,1138,1071,639,36
E02003588,2917,1007,926,592,32
E02003589,3320,808,1034,532,19
E02003590,3549,2054,858,151,73
E02003591,3750,1428,1361,422,43
E02003592,4475,2310,998,482,60
E02003593,2350,1250,719,124,38
E02003594,3910,1388,1244,425,50
E02003595,3613,1856,1152,238,31
E02003596,4020,1542,975,518,51
E02003597,2464,1199,711,248,39
E02003598,3640,1600,894,476,44
E02003314,2724,1181,989,268,38
E02003315,2137,694,1033,190,24
E02003316,3873,1276,1750,500,32
E02003317,2321,782,1042,272,21
E02003318,2273,999,1013,90,12
E02003319,3181,786,1211,325,41
E02003320,3127,458,1026,618,25
E02003321,2481,667,845,699,32
E02003322,2546,449,863,345,15
E02003323,2783,530,1120,619,15
E02003324,3572,851,1719,520,32
E02003325,3079,500,878,510,45
E02003326,2992,815,1257,208,29
E02003327,3518,596,978,822,97
E02003328,3580,539,769,863,54
E02003329,2637,585,992,47,21
E02003330,2771,744,1111,370,28
E02003331,3674,1034,1324,947,69
E02003332,2238,730,953,282,16
E02003333,2900,469,866,474,36
E02003334,2254,602,817,178,22
E02003335,2719,488,925,501,22
E02003336,2454,1180,966,126,25
E02003337,2647,857,1032,432,31
E02003338,3078,926,1086,470,31
E02003339,2414,919,977,256,27
E02003340,3190,806,1141,897,40
E02003341,2211,790,1054,153,15
E02003342,2567,1064,1049,172,25
E02003343,2334,1153,1006,50,17
E02003344,2725,575,1202,651,31
E02003345,2308,711,1301,16,12
E02003346,2540,1051,992,243,18
E02003347,2425,459,1509,85,8
E02003348,3139,1457,1424,21,16
E02003349,3091,1153,1389,161,32
E02003350,2521,862,1067,389,22
E02003351,3185,959,1594,226,17
E02003459,3670,1265,1461,253,41
E02003460,3806,1296,1603,453,54
E02003461,2925,1047,1297,231,18
E02003462,3289,983,1535,170,25
E02003463,2669,731,1215,395,21
E02003464,2569,522,917,732,32
E02003465,2685,675,1417,253,22
E02003466,2905,614,1224,375,34
E02003467,2490,434,776,764,23
E02003468,3191,1027,1266,311,32
E02003469,2406,702,1189,159,20
E02003470,2134,214,581,1027,35
E02003471,2543,431,956,664,19
E02003472,3815,286,936,986,47
E02003473,2335,527,1202,66,9
E02003474,3238,633,1415,561,21
E02003475,5668,672,2967,681,21
E02003476,3080,330,802,1191,34
E02003477,4114,760,2285,448,30
E02003478,2684,504,1355,339,13
E02003479,2778,251,914,868,29
E02003480,3402,454,1673,607,17
E02003481,3000,401,652,1504,33
E02003482,2508,841,1115,180,20
E02003483,3888,427,2197,600,20
E02003484,2914,484,1402,554,19
E02003485,3243,908,1208,749,34
E02003486,3410,514,2052,307,10
E02003487,2930,958,1088,571,30
E02003488,2881,976,1014,414,34
E02003489,2824,908,1266,260,29
E02003490,2590,382,761,1090,31
E02003524,3076,554,996,1259,40
E02003525,2459,457,609,1025,39
E02003526,2687,1405,943,102,24
E02003527,2571,761,884,443,34
E02003529,3027,1125,1330,262,26
E02003530,3101,824,1043,672,32
E02003531,3314,1187,1523,97,27
E02003532,3149,766,1337,198,29
E02003533,2408,529,921,397,31
E02003534,3469,969,1582,107,36
E02003535,3810,798,1698,212,27
E02003536,3277,241,456,2179,70
E02003537,4182,1327,1788,493,36
E02003538,4386,752,1564,617,55
E02003539,4872,299,600,3053,99
E02003540,3685,1232,1441,384,45
E02003541,4631,493,502,2225,93
E02003542,3669,885,1129,196,32
E02003543,3503,681,904,219,31
E02003544,2851,704,1083,211,20
E02003545,3555,627,738,528,50
E02003546,3825,1102,1181,196,43
E02003547,4470,1149,942,324,74
E02003548,2866,694,849,89,30
E02006821,2630,1055,1063,123,19
E02003389,3115,1275,1391,109,20
E02003390,2846,1303,1338,32,11
E02003391,3286,1244,1395,250,32
E02003392,3647,811,1314,618,42
E02003393,3186,1216,1497,90,20
E02003394,2927,497,1148,872,46
E02003395,3861,583,1304,292,20
E02003396,3995,798,1524,424,19
E02003397,3022,892,1096,705,34
E02003398,4040,481,1145,660,30
E02003399,5891,464,1318,919,60
E02003400,3052,629,835,82,27
E02003401,3682,824,1124,658,40
E02003402,3725,563,1028,386,32
E02003403,3582,1011,1123,1044,49
E02003404,2326,536,593,721,40
E02003405,3816,436,1144,1568,59
E02003406,2870,659,1070,812,43
E02003407,3648,560,1228,1501,27
E02003408,3462,824,1190,461,39
E02003409,4198,749,1656,898,28
E02003410,3334,640,1121,703,47
E02003411,3759,687,1148,1110,42
E02003412,3641,842,1590,487,37
E02003413,3880,770,1159,653,42
E02003414,4589,651,2021,787,32
E02003415,4241,534,1129,790,71
E02003416,3106,769,1296,332,34
E02003417,3654,784,1094,420,42
E02003418,3445,701,1300,987,22
E02003419,3276,604,1133,983,24
E02003420,2533,387,874,364,14
E02003549,2849,920,867,320,28
E02003550,3216,866,1297,677,21
E02003551,2256,445,562,879,25
E02003552,2646,339,762,1256,44
E02003553,2394,361,425,609,35
E02003554,2646,868,810,385,26
E02003555,3140,760,1021,972,37
E02003556,2471,811,938,309,14
E02003557,2753,839,614,203,24
E02003558,2924,495,697,945,32
E02003559,3065,1157,1230,183,31
E02003560,3040,457,650,1627,40
E02003561,3181,481,624,626,27
E02003562,3636,832,1376,332,33
E02003563,3483,793,1054,759,35
E02003564,3474,1059,1179,783,33
E02003565,2563,308,464,298,26
E02003566,2607,747,834,778,30
E02003567,2991,688,1034,816,31
E02003568,3820,601,1068,173,33
E02003569,3527,613,998,529,37
E02003570,3635,357,484,1084,49
E02003571,3040,305,353,615,35
E02003572,2484,802,1081,202,15
E02003573,3236,796,783,1409,50
E02003574,3412,1101,1411,402,32
E02003575,2808,403,697,1436,41
E02003576,3434,668,1309,784,35
E02003577,4908,409,962,1355,67
E02003578,2641,758,1166,281,22
E02003579,3357,886,1255,388,29
E02003580,2617,361,595,1452,35
E02003367,2368,730,833,384,89
E02003368,2416,702,781,466,101
E02003369,2427,950,909,176,72
E02003370,2642,1066,1215,107,24
E02003371,2287,1039,1116,13,12
E02003372,2949,1127,1308,308,19
E02003373,2972,942,1178,246,95
E02003374,2334,596,1149,323,9
E02003375,2440,586,933,481,58
E02003376,2600,834,874,367,43
E02003377,3854,1387,1493,364,107
E02003378,3466,1086,1032,772,49
E02003379,2785,634,1121,518,27
E02003380,3110,914,1584,285,11
E02003381,2272,679,967,256,25
E02003382,3129,715,1188,826,23
E02003383,2708,735,1416,231,19
E02003384,2587,854,873,326,102
E02003385,3592,706,1207,701,40
E02003386,3465,873,1210,838,28
E02003387,3611,1519,1436,285,27
E02003388,2326,781,852,355,47
E02003421,2148,960,838,79,34
E02003422,4718,1985,1633,389,120
E02003423,2289,613,744,708,22
E02003424,3430,1361,1293,96,27
E02003425,4704,977,1524,1028,91
E02003426,3721,1399,1591,192,28
E02003427,2833,758,1054,573,30
E02003428,3545,1182,1449,649,36
E02003429,2966,1149,1247,194,48
E02003430,2609,590,702,366,270
E02003431,2730,780,1082,404,33
E02003432,3021,723,1053,415,21
E02003433,2744,1089,807,337,23
E02003434,3688,912,1150,1093,43
E02003435,2844,865,1088,163,32
E02003436,3355,1276,1277,237,71
E02003437,2886,896,1067,441,82
E02003438,4118,1498,1422,384,124
E02003439,2272,945,777,257,49
E02003440,3634,1341,1569,246,21
E02003441,2954,1255,1247,143,43
E02003442,2760,882,1497,38,13
E02003443,2429,823,806,575,33
E02003444,3223,1315,1358,156,29
E02003445,3110,1274,1548,32,8
E02003446,3035,1279,1413,64,18
E02003447,3453,884,1759,407,21
E02003448,2617,996,1222,92,33
E02003449,3144,726,1777,45,14
E02003450,4206,1155,2000,405,30
E02003451,3725,1113,1126,796,51
E02003452,2428,950,1170,87,20
E02003453,2387,983,1228,17,8
E02003454,3045,1158,1391,160,19
E02003455,2669,844,1246,203,47
E02003456,2535,685,1018,343,43
E02003457,3679,1520,1822,108,18
E02003458,3027,1333,1347,62,41
E02003652,3079,1094,1317,225,43
E02003653,2616,828,944,385,26
E02003654,2208,856,953,190,41
E02003655,3706,1151,1671,376,73
E02003656,2485,927,910,285,44
E02003657,2411,889,940,271,47
E02003658,2869,1055,1195,305,53
E02003659,3272,935,1316,546,79
E02003660,3823,1346,1753,372,46
E02003661,2066,729,882,162,32
E02003662,2592,533,1104,415,22
E02003663,2044,342,858,613,21
E02003664,2440,646,975,473,37
E02003665,2209,663,1012,166,6
E02003666,2974,641,916,520,32
E02003667,3887,624,2106,332,16
E02003668,3472,1577,1450,96,26
E02003669,2506,368,805,967,45
E02003670,3650,975,1625,442,21
E02003671,2395,432,1108,493,20
E02003672,3837,1525,1662,275,43
E02003673,3387,1462,1245,311,44
E02003674,2137,868,806,280,29
E02003675,3341,1141,1142,482,42
E02003676,3190,1605,1095,209,47
E02003677,3751,1206,1285,1001,24
E02003678,2195,835,965,152,20
E02003679,2796,767,926,644,28
E02003680,4032,1813,1462,392,49
E02003681,3982,1706,1313,492,30
E02003682,3000,1097,1167,308,33
E02003683,2509,1049,834,413,26
E02003685,3185,1424,1194,276,34
E02003686,2702,1250,1074,128,18
E02003687,2182,844,857,315,25
E02006823,3422,1595,1312,243,50
E02003688,4733,1842,1460,655,76
E02003689,3160,1396,1146,127,65
E02003690,2806,1040,962,459,30
E02003691,2698,1028,1048,300,46
E02003692,3354,1433,1270,323,44
E02003693,2520,1133,939,105,48
E02003694,3294,948,1215,734,35
E02003695,3949,1279,1716,563,38
E02003696,3500,1422,1134,569,46
E02003697,2384,996,819,141,46
E02003698,3247,1514,1301,71,44
E02003699,2290,766,945,257,42
E02003701,4149,1223,1777,624,42
E02003702,3207,1213,1155,171,105
E02003703,3049,823,1182,229,38
E02003704,2330,906,1132,97,16
E02003705,2491,496,960,417,28
E02003706,2657,572,1032,705,43
E02003707,2445,543,1037,341,24
E02003708,3075,517,1064,623,29
E02003709,2315,393,792,844,39
E02003710,3520,965,1246,313,60
E02003711,3848,698,1496,708,40
E02003712,3246,1010,1223,674,54
E02003713,2390,1033,988,188,27
E02003714,2829,839,1176,377,28
E02003715,2563,1129,930,117,28
E02003716,2460,974,862,239,44
E02003717,3729,1493,1302,421,52
E02003718,2377,723,912,297,30
E02006824,3760,1639,1614,227,24
E02004356,3009,773,1078,756,32
E02004357,3050,773,994,816,24
E02004358,3537,1321,1091,750,45
E02004359,3484,1260,983,789,37
E02004361,3330,1389,1145,489,29
E02004362,3585,1083,1395,315,35
E02004363,3280,1039,865,236,28
E02004364,3908,1436,1201,452,36
E02004365,3590,508,704,389,37
E02004366,3758,1213,596,135,84
E02004367,3401,1898,712,151,46
E02006857,3856,1455,1248,449,36
E02006858,3224,923,1000,226,13
E02004368,3253,1063,1450,295,31
E02004369,4206,2194,1422,237,31
E02004370,3223,494,828,1528,33
E02004371,3007,870,1008,462,26
E02004372,2801,475,635,1066,21
E02004373,3638,1085,1315,514,48
E02004374,3530,1067,1084,319,54
E02004375,3973,964,1061,286,37
E02004376,3793,649,697,320,41
E02004377,4480,1420,1652,308,27
E02004378,5255,790,676,653,60
E02004379,3008,1121,1142,391,49
E02004380,3491,1607,1153,245,86
E02004381,4363,1356,1298,859,72
E02004382,2769,1058,748,403,77
E02004383,3094,1242,1023,432,24
E02004384,3161,1225,1350,155,15
E02004385,3421,1316,1292,201,36
E02004386,2784,1104,973,174,26
E02004387,2468,516,949,494,24
E02004388,2828,1040,981,420,23
E02004389,4180,2282,1362,137,33
E02004390,3473,1768,1058,416,30
E02004391,3141,1162,807,282,36
E02004392,3639,1380,1428,417,62
E02004393,2763,1250,770,395,63
E02004394,3195,1392,1084,316,70
E02004395,3642,1521,922,602,81
E02004396,3815,2119,1135,240,53
E02004397,3362,1388,1052,390,54
E02004398,3679,937,1041,1115,46
E02004399,3572,1790,1023,227,44
E02004400,4697,2962,1330,92,33
E02004401,3801,2192,964,217,49
E02004402,4712,1623,976,231,59
E02004403,2623,994,908,216,93
E02004404,2570,1061,986,154,79
E02004405,2342,1030,944,140,23
E02004406,2988,1405,1128,109,24
E02004407,3295,1427,1126,273,90
E02004408,3126,927,1337,452,36
E02004409,2189,1002,782,93,67
E02004410,3153,1382,1233,206,70
E02004411,3668,1313,1444,431,48
E02004412,3330,1269,1296,228,37
E02004413,2806,1203,1089,184,44
E02004414,2409,710,1181,186,30
E02004415,2398,987,901,205,46
E02004416,2695,1246,935,178,50
E02004417,2520,1078,972,102,27
E02004418,2284,837,860,371,23
E02004419,2473,829,709,674,37
E02004420,4527,2342,1498,146,87
E02004421,3649,1710,1218,232,30
E02004422,4125,1826,1610,149,56
E02004423,3506,1905,1218,79,40
E02004675,3060,1048,1305,447,27
E02004676,3361,1281,1469,223,42
E02004677,2707,981,971,368,96
E02004678,3127,1162,1181,377,90
E02004679,3430,1039,1471,482,68
E02004680,2849,626,1571,160,10
E02004681,4551,663,1883,1462,39
E02004682,3238,771,1502,504,13
E02004683,2802,605,931,883,36
E02004684,3645,779,1650,875,22
E02004685,3292,684,1089,671,30
E02004686,3544,816,1280,596,38
E02004687,2761,530,1055,941,24
E02004688,3472,778,961,1441,40
E02004689,2277,1032,823,197,33
E02004690,3179,964,1570,300,21
E02004691,3232,1309,1110,311,113
E02004692,2996,1519,1258,120,9
E02004693,3041,499,1245,930,22
E02004694,2872,951,1048,450,62
E02004695,3235,521,2074,219,7
E02004696,2644,959,930,389,61
E02004697,2223,899,840,122,55
E02004698,2503,517,584,1016,43
E02004699,4442,1793,1789,289,40
E02004700,2170,319,815,543,28
E02004702,3241,882,1544,477,26
E02004703,4175,1787,1657,287,98
E02004704,2325,807,938,254,42
E02004705,3532,1335,1348,420,49
E02004706,3030,1244,1050,344,44
E02004707,4529,1799,1578,417,126
E02004708,3918,1321,1101,755,45
E02004709,3020,1230,1354,184,30
E02004710,2569,950,1094,310,28
E02006829,2772,1282,1106,115,25
E02006838,2809,1355,1032,148,31
E02004712,3487,1778,1361,34,17
E02004713,3212,1307,1423,165,25
E02004714,3371,1406,1383,160,29
E02004715,3429,949,1422,571,30
E02004716,3563,1170,1483,585,26
E02004717,3996,761,1337,1362,40
E02004718,3796,712,1374,757,48
E02004719,3977,1566,1920,132,26
E02004720,4748,1730,2027,361,34
E02004721,3569,777,1992,270,18
E02004722,3098,1083,1160,538,21
E02004723,3816,1596,1803,54,16
E02004724,3200,929,1214,643,33
E02004725,2398,664,832,505,24
E02004726,2517,800,955,274,27
E02004727,3384,986,1890,163,20
E02004728,3472,1034,1602,369,31
E02004729,3062,951,1221,637,32
E02004730,3544,1717,1432,136,35
E02004731,3232,1217,1524,93,18
E02004732,3279,1337,1406,173,25
E02004733,3111,1110,1306,297,31
E02004734,4370,1589,1814,292,51
E02004735,3206,1615,1269,29,16
E02004736,3398,1631,1433,112,18
E02004737,3278,818,1177,764,49
E02004738,3212,1315,1251,369,30
E02004739,2913,1390,1033,266,29
E02004740,3118,1569,1100,85,27
E02004741,3161,999,1228,705,33
E02004742,3231,909,1154,829,36
E02004743,3162,1067,1469,190,31
E02004744,3251,434,933,910,21
E02004745,3900,737,1621,758,38
E02004746,4616,1804,1818,337,37
E02004747,2914,847,1179,323,24
E02004748,4767,845,1171,1466,82
E02004749,3058,1562,1086,67,18
E02004750,3370,1209,1424,230,22
E02004751,3293,1229,1398,386,29
E02004752,3162,1161,1683,81,13
E02004753,3851,1408,1832,209,28
E02004754,2549,965,855,357,55
E02004755,4728,1178,2328,221,51
E02004756,3214,1002,1544,305,20
E02004757,3160,1532,1357,83,17
E02004758,3100,1200,1203,395,29
E02004759,3239,1305,1518,122,16
E02004760,2941,892,1245,246,23
E02004761,2273,738,580,313,72
E02004764,3421,1562,1303,362,33
E02004765,2640,1017,1180,20,16
E02004766,2632,715,821,864,32
E02004767,2247,411,688,940,35
E02004768,2274,544,878,561,16
E02004769,2478,380,630,1234,27
E02004770,2880,541,864,1224,38
E02004771,3621,710,1074,1429,55
E02004772,3852,1384,1705,442,31
E02004774,4329,2115,1180,434,58
E02004775,3969,1670,1333,435,33
E02004776,2546,1286,879,171,30
E02004777,2608,1101,693,307,23
E02004778,2805,1345,887,132,27
E02006822,3602,1462,1420,383,29
E02006830,2771,680,900,963,19
E02006831,2636,1246,1064,136,17
E02004779,4691,2082,1344,485,110
E02004780,2550,847,943,502,29
E02004781,3332,995,1659,236,29
E02004782,3322,1181,1207,488,45
E02004783,2924,981,1372,222,25
E02004784,2289,1215,796,81,19
E02004785,2422,1146,676,223,54
E02004786,3608,1036,1523,398,22
E02004787,3480,1658,1172,205,27
E02004788,2887,1360,1096,128,27
E02004789,4406,1689,1448,872,35
E02004790,3445,1180,1010,530,35
E02004791,2201,650,723,654,17
E02004792,3723,1689,1307,303,37
E02004793,3081,1691,845,215,44
E02004794,2825,1300,938,194,69
E02004795,4028,1886,803,350,143
E02004796,4259,2366,1383,165,37
E02004797,3540,1166,1044,822,48
E02004798,2668,801,738,819,35
E02004799,3881,1893,927,382,47
E02004800,3561,2311,863,66,30
E02004801,3716,2307,840,100,55
E02004802,2547,608,997,717,27
E02004803,2648,326,969,1067,24
E02004804,2780,879,1533,106,12
E02004805,3334,1177,1594,176,23
E02004806,3177,823,1703,288,25
E02004807,3785,1105,1594,555,32
E02004808,4180,790,1563,622,36
E02004809,2856,168,563,477,22
E02004810,2945,523,1371,559,21
E02004811,3210,852,1244,408,27
E02004812,2395,735,1265,51,10
E02004813,2487,448,906,901,43
E02004814,2861,896,1291,266,69
E02004815,2837,331,972,1269,27
E02004816,3968,925,1228,1200,56
E02004817,3259,861,1188,687,39
E02004818,4092,1377,1569,466,50
E02004819,3291,1127,1364,234,33
E02004820,2856,942,920,346,44
E02004821,2161,818,672,196,139
E02004822,3255,1271,924,454,144
E02004823,3814,1686,1477,276,30
E02004824,2864,1184,619,579,64
E02004825,4416,1879,1684,427,41
E02004826,2620,1172,863,226,60
E02004827,2831,853,1610,99,10
E02004828,2501,1090,1019,129,26
E02004829,2236,724,824,198,55
E02004830,2608,943,952,377,69
E02004831,3417,1614,1109,292,60
E02004832,3591,1501,1084,418,118
E02004833,3428,1189,1143,648,37
E02004834,3167,540,678,1434,63
E02004835,4418,1256,1098,778,126
E02004836,2177,349,346,1030,29
E02004837,3092,1296,1120,216,38
E02004838,3685,1514,1396,352,69
E02004839,3314,1473,1150,303,82
E02004840,3986,1535,1566,440,59
E02004841,4517,1271,1921,480,94
E02004842,3229,1180,1300,277,47
E02004996,3331,1138,1097,470,79
E02004997,3161,1306,1094,447,57
E02004998,2669,1034,1102,192,36
E02004999,5136,1417,2044,796,50
E02005000,3922,805,1270,881,60
E02005001,3575,1261,1476,350,42
E02005002,3795,811,1394,881,45
E02005003,3069,510,1278,869,38
E02005004,4473,798,2189,505,47
E02005005,2952,1211,1212,189,45
E02005006,2193,960,765,250,39
E02005007,3494,1275,1413,256,61
E02005008,3686,1699,1006,507,62
E02005009,2331,975,783,322,39
E02005010,3522,920,920,279,53
E02005011,3152,1602,1132,168,39
E02005012,3603,1300,1308,535,42
E02005013,3558,1487,1211,410,37
E02005014,3688,1961,1380,16,34
E02005015,3352,1245,1562,97,33
E02005016,3317,1290,1116,512,29
E02005017,3303,1134,1117,114,55
E02005018,3393,1606,1255,250,34
E02005019,2380,825,869,279,46
E02005020,2865,1080,1010,412,44
E02005021,2635,1227,878,108,60
E02005022,2959,724,477,782,21
E02005023,3158,377,421,1302,58
E02005025,3495,1165,853,377,63
E02005026,3046,1079,1202,305,34
E02005027,2203,963,771,147,52
E02006855,2356,432,602,587,39
E02006856,4786,1161,945,729,106
E02005028,3156,451,960,1409,50
E02005029,4021,628,1826,377,28
E02005030,4093,1004,1799,335,31
E02005031,3258,528,1156,896,38
E02005032,3931,914,1734,198,31
E02005033,2897,534,1047,641,39
E02005034,2843,1196,1391,14,16
E02005035,3038,1094,1373,163,30
E02005036,2556,472,865,884,37
E02005037,2742,1235,1172,130,20
E02005038,2333,954,1012,195,16
E02005039,2692,755,1096,584,25
E02005040,2521,1247,913,121,32
E02005041,2851,1105,953,360,53
E02005042,3999,1595,1181,557,104
E02005043,3353,1353,1152,305,49
E02005044,3446,1359,951,97,53
E02005045,3298,1107,1214,466,66
E02005046,2619,756,868,660,83
E02005047,3354,1179,1067,686,61
E02005048,2678,1234,998,152,32
E02005049,3200,1753,888,174,48
E02005050,3719,1620,1533,236,32
E02005051,5514,1018,1624,1729,71
E02005052,3590,877,749,629,83
E02005053,3813,731,1065,684,41
E02005054,2876,1347,1110,129,29
E02005055,3167,536,934,868,35
E02005056,4550,774,897,917,77
E02005057,4146,1098,1400,621,49
E02005058,2974,684,1059,551,41
E02005059,3819,1382,1553,202,36
E02005060,2879,934,1011,663,35
E02005061,2777,696,867,961,60
E02005062,2606,1008,1149,254,18
E02005063,2469,859,939,484,16
E02005064,2702,1225,994,251,32
E02005065,2904,649,941,1006,47
E02005066,3146,1583,1204,134,30
E02005067,2292,980,1048,96,19
E02005068,2706,857,1455,72,21
E02005069,3465,1307,1449,133,22
E02005070,3650,1884,1451,19,26
E02005071,4423,686,1306,891,48
E02005072,3055,1241,1414,70,17
E02005073,4713,874,1646,575,33
E02005074,3336,1430,1414,72,37
E02005075,3700,868,1514,580,38
E02005076,3434,693,1415,549,28
E02005077,3021,848,1156,779,32
E02005078,3230,1273,1253,265,51
E02005079,3241,1473,1332,147,29
E02005080,4530,862,1058,2299,80
E02005081,2861,1262,948,279,44
E02005082,3820,1264,1659,488,47
E02005083,2808,1170,1166,257,34
E02005084,2579,1083,879,218,72
E02005085,2564,909,1014,254,61
E02005086,2311,901,957,119,34
E02005087,2804,1194,1192,214,27
E02005088,3916,849,1220,1551,63
E02005089,2533,1018,1047,207,26
E02005090,2405,1199,838,213,40
E02005091,2896,1099,1194,302,44
E02005093,2505,1182,987,151,25
E02005094,3514,1249,1310,334,53
E02005095,2950,1360,1111,283,33
E02005096,4009,1184,1431,758,47
E02005097,3362,1580,1293,145,58
E02005098,3914,1488,1113,452,109
E02005099,3265,1194,1131,415,77
E02005100,3785,1240,1447,660,50
E02005101,2694,1006,848,355,82
E02006832,2468,800,1194,178,13
E02005102,2695,1340,896,125,56
E02005103,3602,983,1595,450,31
E02005104,3388,966,1058,952,40
E02005105,3254,630,1033,526,30
E02005106,3608,916,1276,685,45
E02005107,5068,2076,1658,172,40
E02005109,2893,1588,908,49,33
E02005110,2853,1403,1082,113,41
E02005111,3648,1457,824,632,70
E02005112,3047,1402,892,362,61
E02005113,2984,1361,961,269,45
E02005114,2814,1138,917,253,41
E02006879,3842,546,444,553,37
E02006880,3683,938,641,170,49
E02005115,2441,485,682,149,21
E02005116,2567,472,577,1040,33
E02005117,2492,1120,861,271,25
E02005118,3696,1080,1636,382,33
E02005119,2438,902,772,323,26
E02005120,2729,1067,970,178,56
E02005121,4706,866,2540,619,27
E02005122,2795,1116,1129,271,26
E02005123,4328,1258,2020,394,34
E02005124,3692,805,1009,984,52
E02005125,3120,860,1236,584,39
E02005126,3184,1323,1230,245,31
E02005127,3406,1313,1513,255,34
E02005128,3449,1212,1324,535,34
E02005129,4896,1495,1663,894,78
E02005130,3358,1155,1126,535,67
E02005131,2288,915,788,283,61
E02005132,4393,642,630,523,40
E02005133,3739,1867,1189,98,49
E02005134,3079,464,801,416,30
E02005135,3222,795,1082,470,39
E02005136,3176,1171,1235,369,36
E02005137,3205,686,854,1327,35
E02005138,3985,1294,1086,532,51
E02005139,4214,2353,1127,120,55
E02005140,3429,1697,1073,147,31
E02005141,3133,1294,910,87,49
E02005142,3108,1379,1003,353,47
E02005143,3450,1146,1153,413,38
E02005144,3440,746,935,1296,38
E02005145,2948,1154,1011,304,58
E02005146,3130,742,1109,198,40
E02005147,4455,890,817,732,44
E02005148,3407,1583,1195,152,32
E02005149,4167,1370,2073,310,32
E02005150,4288,1053,1791,931,28
E02005151,4932,1488,2326,724,42
E02005153,3460,1115,1290,772,29
E02005154,4333,1701,1629,512,70
E02005155,3920,952,2143,355,33
E02005156,2915,1070,981,526,53
E02005157,2677,925,786,853,22
E02005158,2550,1110,1013,214,35
E02005159,3145,1341,987,674,33
E02005160,4210,1163,1430,688,66
E02005161,3332,892,1346,470,35
E02006833,4211,1497,1491,733,68
E02005162,4198,1483,1581,631,47
E02005163,3097,993,1303,373,38
E02005164,3318,932,1237,721,35
E02005165,3077,1166,1144,464,36
E02005166,2839,536,767,1242,23
E02005167,2957,1263,1133,214,49
E02005168,3097,1073,1246,64,24
E02005169,4630,753,1222,509,45
E02005170,4028,1391,1469,389,35
E02005171,2642,623,750,910,33
E02005172,3213,1169,1121,379,75
E02005173,3734,1427,1241,242,35
E02005174,2961,1088,907,549,91
E02005175,3383,1214,1143,461,90
E02005921,2248,966,819,139,47
E02005922,3404,695,1607,410,26
E02005923,2301,493,822,573,32
E02005924,4852,752,1464,826,54
E02005925,3139,573,1007,1259,48
E02005926,3210,1400,1082,202,52
E02005927,2219,766,862,176,14
E02005928,2975,1285,1182,165,43
E02005929,2814,1181,1032,251,66
E02005930,3123,1168,1034,244,56
E02005931,3325,918,1402,219,170
E02005932,2683,454,1495,208,17
E02005933,2950,790,1358,410,27
E02005934,3531,1101,1568,535,38
E02005935,3122,631,1437,304,39
E02005936,3335,1299,1268,317,77
E02005937,2768,1147,925,301,46
E02005938,2149,856,826,215,21
E02005939,2580,1037,1044,118,31
E02005940,2593,1003,736,332,36
E02005941,2835,970,621,380,76
E02005942,2458,900,613,99,102
E02005943,2516,981,705,245,35
E02005944,2813,472,623,1157,53
E02005945,3772,1156,859,519,63
E02005946,3306,1033,1090,344,51
E02005947,2705,410,312,496,178
E02005948,2856,574,482,423,74
E02005949,2527,404,382,1051,39
E02005950,4080,698,649,662,67
E02005951,2592,637,592,462,43
E02005952,5317,1044,1545,945,74
E02005953,2187,493,607,368,32
E02005954,3800,1134,1173,598,53
E02005955,3936,827,1173,1188,55
E02005956,2390,348,589,1167,25
E02005957,2692,193,804,1392,25
E02005958,2301,703,1056,175,19
E02005959,2214,1008,708,208,48
E02005960,2422,999,871,299,30
E02005961,2745,1130,928,293,41
E02005962,3285,1416,1407,206,35
E02005963,3226,1233,1103,483,56
E02005964,2934,1289,1089,233,48
E02005965,2252,831,715,252,59
E02005966,3173,509,1843,127,11
E02005967,2265,817,823,363,16
E02005968,2559,815,690,202,42
E02005969,3901,1331,1376,709,32
E02005970,2384,460,984,452,16
E02005971,2311,832,885,399,32
E02005972,3210,1271,1157,409,50
E02005973,2616,1063,672,350,45
E02005974,2641,952,841,338,28
E02005975,3082,1413,1041,268,87
E02005976,2278,1015,759,163,91
E02005977,2305,1026,859,234,24
E02005978,2739,1263,957,192,40
E02005979,3728,1599,1289,277,41
E02005980,4005,1602,1171,454,169
E02005981,3544,1308,1754,116,12
E02005982,2450,888,1001,194,20
E02005983,4845,1199,1531,1091,80
E02005984,2812,1171,1066,181,65
E02005985,3201,1031,1017,797,32
E02005986,3822,1136,1395,697,65
E02005987,3156,1156,1099,525,34
E02005988,2918,1048,1239,318,21
E02005991,4074,1419,1518,603,48
E02005992,3748,1443,1235,534,59
E02006886,4365,1441,1288,604,141
E02005993,2815,978,933,486,36
E02005994,2445,920,799,252,117
E02005995,2511,1020,818,255,96
E02005996,3469,1373,1105,372,73
E02005997,2419,1040,829,283,34
E02005998,2357,1046,858,144,25
E02005999,2510,1069,976,213,45
E02006000,4790,1419,2169,569,38
E02006001,2251,441,1029,503,13
E02006002,4380,1422,1483,758,52
E02006003,2236,905,729,320,24
E02006004,2446,930,751,291,103
E02006005,3564,590,1504,313,18
E02006006,2321,684,790,306,20
E02006007,2727,1078,1001,322,48
E02006317,2509,938,1058,207,18
E02006318,2685,1018,1074,66,29
E02006319,2824,775,1171,530,33
E02006320,2787,573,1175,649,20
E02006321,2451,827,1135,131,25
E02006322,2504,829,1104,281,20
E02006323,3063,1016,1094,207,30
E02006324,2773,867,1297,327,28
E02006325,3226,1286,1505,96,34
E02006326,2722,900,1069,214,23
E02006327,2662,1035,1013,122,34
E02006328,4002,1163,1421,400,54
E02006329,2638,1017,896,266,43
E02006330,3844,1215,1415,717,51
E02006331,2788,1144,1101,261,25
E02006332,2567,836,1024,74,54
E02006333,3765,1288,1184,527,79
E02006334,3112,1392,1198,143,45
E02006335,3187,1331,1285,177,26
E02006336,2670,777,1202,486,7
E02006337,3303,1504,1495,52,15
E02006338,2638,1093,1182,110,10
E02006339,3379,757,1650,487,30
E02006341,3846,1264,1412,442,27
E02006342,3392,1050,990,301,58
E02006343,3239,1349,1365,157,45
E02006837,4130,1844,1638,178,26
E02006344,3291,1342,1176,363,74
E02006345,2411,909,727,219,24
E02006346,3862,1911,1433,193,43
E02006347,3079,1022,1409,169,24
E02006348,3456,1401,1334,371,36
E02006349,3106,770,1433,333,22
E02006350,2400,426,812,849,39
E02006351,3404,1001,1371,448,44
E02006352,2274,665,939,288,25
E02006353,2612,752,995,651,18
E02006354,3599,1608,1385,81,30
E02006355,2368,438,518,976,30
E02006356,4977,1057,1387,576,62
E02006357,2636,936,1231,268,20
E02006358,2472,698,828,337,31
E02006359,2559,1085,787,191,35
E02006360,3220,1235,1168,389,76
E02006361,2247,948,713,206,60
E02006362,2677,1252,945,245,39
E02006363,2340,1012,948,171,12
E02006364,3177,604,1091,798,47
E02006365,2535,1130,851,155,33
E02006366,3112,1489,1284,124,21
E02006367,2444,1150,754,339,19
E02006368,2396,1096,813,259,24
E02006369,2866,1408,849,215,50
E02006370,2646,973,999,221,50
E02006371,3025,1027,1006,420,37
E02006372,2703,729,963,720,18
E02006373,3039,1075,1042,364,84
E02006374,2868,1066,1137,342,58
E02006375,2381,988,1090,145,11
E02006376,3349,1431,1334,255,34
E02006377,2287,1064,970,119,5
E02006378,3325,1140,1651,239,30
E02006379,2519,569,970,812,14
E02006380,2798,1258,1175,100,38
E02006381,2767,1182,1163,147,36
E02006382,2574,608,1002,731,22
E02006383,3836,1484,1483,111,71
E02006384,4197,1209,1413,792,29
E02006385,4284,866,1925,309,27
E02006386,3164,1036,1274,346,37
E02006387,2585,784,984,592,18
E02006388,3553,941,1615,449,20
E02006389,2747,961,1055,463,27
E02006390,3134,1067,1267,528,18
E02006391,2336,753,1113,66,19
E02006392,3587,1052,1282,401,34
E02006393,2709,729,829,323,39
E02006394,3333,848,868,664,64
E02006395,3800,975,1620,682,40
E02006396,2426,1048,874,197,43
E02006397,2323,982,792,78,73
E02006398,3348,854,1265,665,51
E02006399,4574,1637,1846,495,47
E02006400,2374,870,848,314,33
E02006401,3958,1304,1623,509,42
E02006402,3869,1580,1665,283,41
E02006403,2622,585,973,684,22
E02006404,2476,573,966,635,25
E02006405,3995,1490,1806,142,33
E02006406,3528,847,1235,418,43
E02006407,3584,1364,1458,321,38
E02006408,3486,1147,1523,285,21
E02006409,2712,746,1053,682,36
E02006410,3163,758,1237,734,43
E02006411,3033,1344,1234,111,18
E02006412,2831,1186,1103,197,28
E02006413,2496,989,1001,313,16
E02006414,2539,955,1094,306,28
E02006415,3047,1419,1125,83,35
E02006416,3398,1420,1353,242,63
E02006417,2332,700,1037,265,27
E02006418,2778,1133,1270,116,14
E02006419,3079,682,1030,878,30
E02006420,2788,1114,1232,36,26
E02006421,2998,1141,1484,77,39
E02006422,2344,820,1205,50,13
E02006423,4111,1133,1539,680,46
E02006424,2360,1007,1090,67,16
E02006425,2354,812,919,367,30
E02006426,2266,797,1103,123,18
E02006427,2738,909,1108,188,24
E02006429,3149,1080,1401,150,24
E02006430,3473,988,1689,459,26
E02006431,4265,1516,1737,317,74
E02006432,2193,895,899,169,26
E02006433,3760,1653,1316,282,56
E02006434,2358,761,918,497,15
E02006435,2361,787,914,380,27
E02006436,2386,776,954,401,34
E02006437,3199,1215,1207,374,52
E02006438,3151,1216,1293,238,71
E02006790,3047,1187,1213,343,46
E02006439,2490,869,1073,304,34
E02006440,2844,1042,1223,294,23
E02006441,3296,1002,959,639,45
E02006442,2290,1097,861,71,39
E02006443,3141,915,1069,766,30
E02006444,2718,945,1076,415,24
E02006445,2995,969,1106,122,70
E02006446,2730,1191,939,305,49
E02006447,2412,976,991,180,39
E02006448,2818,1054,1140,373,18
E02006449,2894,1125,1022,439,51
E02006450,2563,1052,908,228,96
E02006451,4372,1781,1515,541,85
E02006453,3235,1427,1086,362,102
E02006454,2766,1098,978,392,32
E02006455,2445,724,1012,338,34
E02006839,3271,1305,1256,299,78
E02006456,3174,1029,1425,378,27
E02006457,3615,1594,1388,128,29
E02006458,3498,1437,1389,269,37
E02006459,3618,608,1138,1049,46
E02006460,3945,942,1725,743,32
E02006461,2696,1083,926,121,33
E02006462,3339,898,1600,319,25
E02006463,4393,1127,1366,330,53
E02006464,2882,877,1230,446,22
E02006465,2509,945,1028,140,20
E02006466,3355,938,1378,691,29
E02006467,2443,1001,1125,90,27
E02006534,3544,1437,1388,397,27
E02006535,2829,1314,1222,70,27
E02006536,2875,1189,1245,139,66
E02006537,4304,1127,1366,1279,51
E02006538,4059,1467,1470,289,43
E02006539,3132,1179,1116,520,37
E02006540,2589,978,870,456,20
E02006541,3625,1500,1169,373,47
E02006542,2629,1112,755,237,92
E02006543,2432,1043,829,233,51
E02006544,4128,1722,1659,302,47
E02006545,3458,1003,1248,754,37
E02006546,4201,1721,1457,569,53
E02006547,2300,855,919,298,32
E02006548,4133,1612,1705,246,32
E02006549,2864,1861,747,34,21
E02006550,4118,1991,1376,332,36
E02006551,4049,2505,927,166,41
E02006552,3462,878,792,218,41
E02006553,3139,1261,1292,172,35
E02006554,3140,1556,1018,177,46
E02006555,3164,841,1021,669,36
E02006556,3659,2019,1209,55,18
E02006557,2828,626,982,689,32
E02006558,4850,1292,926,383,70
E02006559,3831,2427,1037,25,20
E02006560,4321,2256,1340,327,49
E02006561,2636,983,974,381,50
E02006562,2387,1055,855,234,66
E02006563,2392,1017,679,316,77
E02006564,3424,1336,856,673,68
E02006565,3502,1325,835,508,185
E02006566,3356,1492,843,481,101
E02006567,3149,1401,971,377,76
E02006568,4791,1217,950,1494,90
E02006569,3197,1480,809,224,50
E02006570,4130,1375,896,738,59
E02006571,3343,1520,1117,280,35
E02006572,3807,1170,1188,924,64
E02006573,4871,2455,1308,377,102
E02006574,4863,2384,1445,400,59
E02006575,2942,651,1012,882,42
E02006576,3228,1074,1505,224,15
E02006577,3301,725,1008,1104,80
E02006578,4141,912,1362,966,46
E02006579,3269,918,1107,637,40
E02006580,3281,871,1371,654,31
E02006581,3650,886,1154,827,43
E02006582,3008,723,1708,106,12
E02006583,3809,989,1567,612,53
E02006584,2900,275,1100,1184,31
E02006585,3096,769,1112,912,48
E02006586,2662,340,1173,731,24
E02006587,3440,347,1157,1355,38
E02006588,3198,944,1190,531,49
E02006589,4465,1691,2102,271,21
E02006590,3646,1176,1349,510,50
E02006591,3428,1157,1298,371,37
E02006592,2430,959,936,250,52
E02006593,4697,1281,1410,1122,58
E02006594,2892,1035,1238,304,22
E02006595,3154,1415,1125,145,119
E02006596,3342,979,1824,270,12
E02006597,3945,1376,1545,501,70
E02006598,2184,802,939,149,52
E02006599,3049,1725,1002,95,44
E02006600,4324,1635,1263,862,66
E02006601,3464,1391,1052,570,46
E02006602,2921,1112,1221,211,60
E02006603,3784,1808,1309,185,49
E02006604,5493,1546,1890,1025,66
E02006605,2429,872,1013,156,62
E02006606,3310,1175,1603,99,28
E02006607,2981,1291,1293,106,31
E02006608,2343,1064,994,131,15
E02006609,2729,1108,922,298,87
E02006610,2784,890,1012,318,120
E02006611,4165,1912,1620,197,53
E02006612,4656,1131,1693,423,52
E02006613,3028,814,1110,783,22
E02006614,4149,1533,1572,543,48
E02006615,2608,675,1450,214,4
E02006616,3264,1272,1463,265,22
E02006617,3877,1008,1488,746,30
E02006618,2377,1125,1071,21,15
E02006619,3192,1035,1250,439,77
E02006620,4024,1957,1367,328,44
E02006621,3330,1782,1273,60,30
E02006622,3466,1373,1335,333,24
E02006623,3340,1094,1239,620,26
E02006624,2862,1227,1303,16,19
E02006625,3295,964,1600,165,17
E02006626,3001,678,1105,866,42
E02006627,3758,1467,1426,411,24
E02006628,3969,871,1508,496,39
E02006629,3391,952,1176,599,33
E02006630,4164,1137,1030,438,46
E02006631,4945,1061,1095,427,48
E02006632,3783,1630,1280,108,31
E02006633,3740,2137,1095,156,30
E02002985,2176,755,757,387,41
E02002986,2307,775,697,596,37
E02002987,2324,1208,801,97,16
E02002988,2412,871,812,292,27
E02002989,2306,944,690,351,23
E02002990,2828,767,851,358,25
E02002991,5472,1297,930,996,108
E02002992,2483,793,815,388,24
E02002993,2666,544,537,542,44
E02002994,4279,1976,1406,335,96
E02002995,2273,377,554,1098,35
E02002996,3500,1407,873,154,53
E02002997,2216,644,621,185,22
E02002998,2277,595,612,490,26
E02002999,2327,786,740,533,31
E02003000,3830,1768,1337,406,59
E02003001,2240,968,763,162,23
E02003002,2336,806,607,630,26
E02003003,2364,724,856,418,25
E02003004,2392,911,999,238,35
E02003005,2479,1152,858,199,44
E02003006,3473,1168,1438,342,50
E02003007,3371,1373,1337,304,34
E02003008,2300,604,917,476,36
E02003009,2455,909,1062,114,23
E02003010,2299,771,1043,227,28
E02003011,2130,934,696,296,27
E02003172,2688,985,836,552,40
E02003173,3027,1089,960,627,42
E02003174,3486,1517,1326,170,32
E02003175,3750,1200,1649,291,28
E02003176,2976,522,771,1365,44
E02003177,3188,1118,1501,57,29
E02003178,3417,1004,1264,533,42
E02003179,2766,737,782,954,36
E02003180,3617,715,1099,404,33
E02003181,3341,1015,1395,134,28
E02003182,2689,994,1073,91,22
E02003183,2765,994,859,138,23
E02003184,3171,559,1042,116,25
E02003185,3035,916,1267,352,41
E02003186,3684,628,1188,397,27
E02003187,4015,996,1270,281,35
E02003188,5433,982,996,825,51
E02003189,3935,1223,1149,295,33
E02003190,5441,643,920,489,45
E02003191,3840,1832,1082,155,36
E02003192,5008,1105,744,529,79
E02006883,3204,775,735,354,38
E02006885,3898,1271,898,97,48
E02003012,4806,1195,1373,1608,101
E02003013,4850,1040,1427,1662,89
E02003014,3331,618,690,1745,51
E02003015,2436,722,714,596,36
E02003016,3059,445,848,986,33
E02003017,2736,1035,897,361,45
E02003018,2393,734,756,669,33
E02003019,3995,1125,1368,890,54
E02003020,2504,1220,920,157,23
E02003021,2670,714,981,172,22
E02003022,2389,1288,912,24,13
E02003023,2630,861,818,504,61
E02003024,3599,1103,1006,783,54
E02003025,2726,665,808,758,63
E02003026,3241,1601,1078,110,48
E02003027,4578,1223,1903,157,29
E02003028,3430,1016,1247,216,36
E02003029,2448,578,819,661,44
E02003030,3088,727,1104,308,44
E02003031,4083,910,1277,170,35
E02003032,3083,818,1121,415,43
E02003033,3613,686,778,175,26
E02003034,5569,740,1175,1853,88
E02003036,3913,510,654,669,55
E02003037,4038,756,888,120,48
E02003038,2795,763,1046,339,31
E02003039,3518,822,1209,671,47
E02003040,4392,734,1474,440,50
E02003041,2979,736,590,106,67
E02003043,4647,568,674,743,81
E02003044,2513,845,1070,105,15
E02003045,2988,602,656,469,43
E02003046,4107,898,1737,536,37
E02003047,4474,970,1494,725,39
E02003048,3212,544,1143,428,23
E02003049,3122,971,1166,548,33
E02003050,4322,746,1090,889,65
E02003051,2831,558,982,600,48
E02003052,2835,935,1102,258,24
E02003053,3342,1144,1315,330,20
E02003054,2698,839,1068,363,18
E02003055,3118,619,944,1217,57
E02003056,2841,535,777,1175,73
E02003057,2434,912,896,292,39
E02003058,3836,1086,1407,794,40
E02003059,2374,828,771,536,27
E02003060,4591,1631,1612,930,40
E02003061,2481,551,625,1053,56
E02003062,2435,526,574,1123,51
E02003063,2947,1409,1210,98,23
E02003064,2834,432,511,1698,67
E02006887,3380,143,466,1354,85
E02006888,2857,386,528,1008,57
E02006889,3015,217,348,1908,65
E02006890,3621,648,1118,578,48
E02003892,2769,1314,875,236,45
E02003893,2819,1281,942,219,56
E02003894,3479,1340,1146,379,56
E02003895,3379,1257,1060,447,39
E02003896,2608,778,677,589,56
E02003897,2228,926,932,51,23
E02003898,2879,1268,872,257,52
E02003899,2372,810,804,502,35
E02003900,3090,1085,1228,345,25
E02003901,3369,1488,787,517,89
E02003902,2383,780,731,430,26
E02003903,2872,1160,935,337,48
E02003904,2509,1173,700,185,46
E02003905,2556,988,946,152,31
E02003906,2362,1042,707,182,63
E02003907,3404,1512,1027,246,60
E02003908,3387,1177,1052,656,51
E02003909,3914,1443,1179,635,48
E02003910,3002,1001,745,435,63
E02003911,3594,1752,1052,195,75
E02003912,3496,1615,891,362,101
E02003913,2564,1327,675,186,56
E02003914,3146,899,960,525,37
E02003915,3308,888,703,1006,77
E02003916,3034,1135,639,173,56
E02003917,3167,1377,1174,214,32
E02003918,2969,1267,999,281,41
E02003919,2998,804,812,778,59
E02003920,3093,1112,1138,133,33
E02003921,2517,1134,818,222,23
E02003922,3262,1151,1157,444,30
E02003923,3090,1162,913,252,30
E02003924,3123,1201,789,533,44
E02003925,2892,1056,935,497,36
E02003926,3117,1367,1137,160,47
E02003927,3674,1856,1020,273,70
E02003928,4916,1596,1649,562,61
E02003929,2957,1410,830,289,54
E02003930,3600,1759,865,401,80
E02003931,4484,1886,1166,584,55
E02003932,2853,1448,732,236,85
E02003933,3078,1528,820,224,61
E02003934,2734,1216,768,274,60
E02003935,3926,1130,1182,623,50
E02003936,3414,1658,1030,167,81
E02003937,2396,1166,486,293,81
E02003938,2810,1201,682,412,63
E02003939,2955,1228,812,423,42
E02003940,2553,1317,647,214,61
E02003941,3098,1008,997,410,35
E02003942,3148,883,908,848,33
E02003943,3445,1378,865,573,65
E02003944,4031,1564,1236,637,53
E02003945,2656,1352,788,59,34
E02003946,3714,1607,1080,387,81
E02003947,2753,1237,748,260,61
E02003948,3685,1336,842,893,60
E02003949,3472,991,726,706,66
E02003950,2429,1042,642,287,63
E02003951,2920,1404,662,342,69
E02003952,2853,1014,895,285,57
E02003953,4232,1635,1400,368,69
E02003954,3091,887,865,349,45
E02003955,4032,1336,1387,394,68
E02003956,2884,999,972,369,37
E02003957,4192,1694,1333,375,53
E02003958,3180,1197,1146,300,25
E02003959,2841,962,946,449,45
E02003960,2577,1242,718,164,33
E02003961,3866,1664,1400,307,46
E02003962,2587,1037,882,152,25
E02003963,4195,1423,1053,858,68
E02003964,3407,1752,851,147,64
E02006781,989,313,107,179,96
E02003065,3960,1268,1503,495,35
E02003066,2613,1300,1061,64,16
E02003067,3174,1073,1479,245,32
E02003068,2671,1133,944,308,45
E02003069,2390,1165,819,39,22
E02003070,4942,1969,2147,354,49
E02003071,3521,1194,1170,553,44
E02003072,4127,1887,1406,399,39
E02003073,2651,1233,1113,90,18
E02003074,3448,1180,1590,136,15
E02003075,2288,1061,896,128,24
E02003076,3761,1439,1583,314,46
E02003077,2491,1132,895,124,31
E02003078,2756,1092,1098,194,30
E02003079,3905,1175,1902,194,42
E02003080,3917,1669,1276,421,48
E02003081,4126,1915,1536,206,42
E02003082,4453,1444,1142,179,41
E02003084,4665,1113,1085,504,58
E02003085,3307,402,740,1626,78
E02003086,2810,923,819,214,26
E02003087,4029,1932,1459,212,35
E02003088,3451,1645,1114,232,47
E02003089,2532,1061,751,392,38
E02006845,3352,712,1605,254,28
E02006846,2887,357,1300,226,18
E02003122,2843,1461,935,125,25
E02003123,3508,903,1162,1092,33
E02003124,3333,747,1165,1014,34
E02003125,2648,681,827,855,38
E02003126,2909,811,1093,675,39
E02003127,3060,775,1026,968,36
E02003128,3823,830,1144,1305,55
E02003129,2760,949,833,501,30
E02003130,4392,1135,1511,1168,48
E02003131,3193,855,1202,794,31
E02003132,3398,1122,1294,575,35
E02003133,3012,1110,1204,420,27
E02003134,2735,544,825,1107,43
E02003135,3008,510,907,1099,26
E02003136,3286,1549,1254,162,29
E02003137,3125,1285,1307,163,29
E02003138,3138,948,1375,49,24
E02003139,2544,681,1401,101,7
E02003140,3126,1322,1425,82,20
E02003141,3690,775,1284,321,36
E02003142,3877,871,1410,1006,39
E02003143,3295,1039,1295,480,29
E02003144,3257,515,611,36,21
E02003145,3049,767,983,370,35
E02003146,3522,682,1069,150,45
E02003147,3579,304,524,1963,58
E02003148,4376,491,479,1504,68
E02003149,4158,618,995,660,63
E02003150,6100,755,911,1831,72
E02003151,3213,1718,1023,175,37
E02003152,3971,1658,1550,209,51
E02003153,3379,1352,1211,135,25
E02003194,2440,1251,888,78,39
E02003195,2176,645,1001,289,17
E02003196,4197,2278,1605,78,29
E02003197,2809,844,1162,459,17
E02003198,2898,898,1267,276,20
E02003199,3986,1355,1699,496,26
E02003200,4139,1238,1427,872,54
E02003201,4458,1201,1707,784,58
E02003202,2671,770,906,407,17
E02003203,3173,922,1440,205,26
E02003204,3781,1257,1308,506,39
E02003205,3354,1398,1362,257,29
E02003206,4077,1406,1589,166,41
E02003207,2861,759,866,647,26
E02003208,5025,1323,1168,1047,92
E02003209,2686,814,915,495,30
E02003210,4386,1888,1333,170,49
E02003211,4413,2472,897,92,63
E02003090,2802,1280,1003,182,36
E02003091,2756,1081,1024,398,31
E02003092,2801,1033,1221,253,45
E02003093,2726,1349,910,146,42
E02003094,3319,1202,1458,239,33
E02003095,2723,988,1291,135,20
E02003096,2719,741,1254,251,20
E02003097,2681,1155,992,241,26
E02003098,4145,767,2110,35,33
E02003099,2842,1112,1190,207,23
E02003100,4514,1410,1781,804,54
E02003101,4289,704,2075,312,16
E02003102,2577,1120,1019,236,36
E02003103,2793,782,1471,73,9
E02003104,3196,1015,1402,377,26
E02003105,2554,1158,915,278,22
E02003106,3596,988,1438,266,66
E02003107,4514,1456,1482,611,56
E02003108,3813,1414,1674,351,45
E02003109,2445,1255,979,58,16
E02003110,3998,1007,2053,67,26
E02003111,2689,1113,1069,201,28
E02003112,2635,749,883,710,40
E02003113,4161,1584,1377,444,141
E02003114,3133,1225,1097,420,32
E02003115,3994,1227,1493,480,50
E02003116,3264,970,998,853,54
E02003117,3615,1118,1416,445,53
E02003118,4250,1197,2105,389,21
E02003119,4163,1239,1710,825,58
E02003120,3531,1617,1325,261,34
E02003121,4300,1994,1818,85,30
E02003212,3607,1332,1305,535,49
E02003214,2745,445,538,1591,44
E02003215,3068,1228,1314,219,20
E02003216,3911,1354,1460,699,29
E02003217,2775,626,1034,819,31
E02003218,2596,522,835,1020,51
E02003219,2536,962,1008,233,45
E02003220,4321,1592,1921,310,30
E02003221,2872,636,1063,513,26
E02003222,2525,470,1413,210,14
E02003223,4306,988,1907,215,19
E02003224,3814,1568,1724,173,20
E02003225,2552,652,1282,40,10
E02003226,3345,438,920,610,36
E02003227,2789,326,631,1587,54
E02003228,2698,974,1051,161,27
E02003229,2300,498,1306,174,4
E02003230,3548,594,1158,170,26
E02003231,3445,570,1020,1538,50
E02003232,3522,868,1634,157,16
E02003233,3838,803,1405,1173,48
E02003234,3615,1018,1467,804,28
E02003235,3349,1393,1196,302,26
E02003236,4403,1720,1601,656,55
E02006847,3551,397,2374,128,5
E02006848,2892,242,1578,210,9
E02006849,3437,533,2126,135,17
E02003154,3038,977,1005,692,24
E02003155,2568,880,812,105,40
E02003156,3944,1173,1583,375,30
E02003157,2819,662,879,449,22
E02003158,2529,985,747,177,41
E02003159,2449,632,975,84,11
E02003161,3553,634,687,324,57
E02003163,4109,1684,938,139,40
E02003164,3821,1788,1362,76,46
E02003165,3038,1242,1218,66,18
E02003166,4349,1349,1505,844,30
E02003167,4448,1298,907,361,44
E02003168,3081,1268,1138,200,22
E02003169,3027,1779,850,100,33
E02003170,4500,2056,1179,264,44
E02003171,3236,1348,1059,282,39
E02006840,4501,1748,1631,224,33
E02006634,3533,1329,1060,481,176
E02006635,3415,1205,865,733,116
E02006636,3059,1124,920,536,92
E02006637,4505,1245,1730,868,35
E02006638,3076,1036,719,940,33
E02006639,3391,1316,1104,588,56
E02006640,2941,1034,977,408,96
E02006641,2968,1063,1056,443,68
E02006642,2412,789,785,380,40
E02006643,4512,573,1136,1079,26
E02006644,2782,1076,1087,305,45
E02006645,2992,983,1087,415,39
E02006646,2242,938,869,229,26
E02006647,2337,1052,869,124,44
E02006648,2398,964,757,221,46
E02006649,2979,962,1055,529,28
E02006650,4387,1579,1540,277,51
E02006651,2760,1102,1033,216,74
E02006652,3703,1152,1630,451,29
E02006653,3989,1278,1734,505,38
E02006654,4291,1256,1258,1141,50
E02006655,2703,1040,1025,189,65
E02006656,2867,725,1478,209,13
E02006657,3951,838,1742,787,68
E02006658,3162,1118,1299,363,32
E02006659,2997,1045,1032,307,38
E02006660,5481,1791,1886,939,86
E02006661,2808,504,597,334,31
E02006662,2367,705,888,419,22
E02006663,4264,1056,1589,861,35
E02006664,2683,1113,819,262,69
E02006665,2953,1244,752,425,87
E02006666,2338,837,854,404,30
E02006667,2509,465,679,1110,33
E02006668,2517,961,870,447,25
E02006669,4358,1524,1148,698,118
E02006670,3068,824,1033,330,51
E02006671,2791,841,769,298,49
E02006672,2728,1077,880,319,75
E02006673,2435,943,543,484,63
E02006674,2425,716,736,563,31
E02006675,3229,1444,1197,208,57
E02006676,2658,1127,638,406,90
E02006677,3201,1456,1040,249,73
E02006678,3033,1018,1235,432,23
E02006679,3872,1446,1598,407,44
E02006680,3251,1024,1135,570,37
E02006681,2538,1206,819,244,39
E02006682,4286,1877,1300,590,48
E02006683,3094,980,1412,344,27
E02006684,2778,741,862,462,26
E02006685,3234,1148,1248,296,26
E02006686,2130,738,722,499,14
E02006687,3017,811,1140,598,15
E02006688,2447,770,1043,194,23
E02006689,2584,1198,970,124,19
E02006690,2865,1217,1088,236,36
E02006691,5595,1424,2310,870,58
E02006692,2290,768,543,333,25
E02006693,2462,811,998,327,22
E02006694,2791,1027,829,344,45
E02006695,2762,1080,795,241,113
E02004129,2363,1238,695,102,53
E02004130,2873,1135,700,498,49
E02004131,2421,1050,891,172,17
E02004132,3349,1488,1179,204,64
E02004133,3711,1702,968,493,58
E02004134,2810,1089,948,283,56
E02004135,3604,2020,856,319,65
E02004136,3398,1647,1081,250,37
E02004137,2375,1344,533,188,46
E02004138,3564,1993,767,252,39
E02004139,3032,1536,753,480,39
E02004140,2606,1668,444,115,53
E02004141,2472,1110,739,205,59
E02004142,2224,1078,659,103,40
E02004143,2679,1190,1068,185,27
E02004144,2973,1393,1070,165,26
E02004145,2896,1658,616,230,48
E02004146,3043,967,1098,646,21
E02004147,3328,917,962,147,64
E02004148,3350,1614,738,478,52
E02004149,2681,1238,880,150,25
E02004150,2835,663,858,755,23
E02004151,3284,1310,1123,549,35
E02004152,2986,598,516,244,26
E02004153,3219,737,1261,682,24
E02004154,3183,787,1040,325,27
E02004155,3305,1003,958,1023,69
E02004156,4766,694,719,1481,107
E02004157,2993,961,855,284,36
E02004158,3317,911,1299,379,43
E02004159,3939,1371,1671,270,26
E02004160,3030,1286,1078,416,22
E02004161,3313,760,972,1104,57
E02004162,3247,1018,1077,335,22
E02004163,3144,1472,797,389,65
E02004164,2747,1286,821,169,64
E02004165,3433,1533,1161,78,37
E02004166,2715,1073,889,356,64
E02004167,3015,646,878,891,73
E02004168,2734,666,703,682,60
E02004169,2858,1133,1078,268,52
E02004170,3223,1013,1220,470,42
E02004171,3144,1306,1028,306,61
E02004172,2571,1164,850,195,47
E02004173,2922,1217,994,238,60
E02004174,3396,1169,1103,482,41
E02004175,2491,673,644,266,38
E02004176,2421,1176,627,129,62
E02004177,2541,880,804,267,35
E02004178,2260,1118,685,71,54
E02004179,3717,1553,1058,347,57
E02004180,2273,1074,756,90,45
E02004181,2571,874,850,405,34
E02004182,2896,597,719,793,36
E02004183,2654,1187,725,238,39
E02004184,3532,916,1265,650,28
E02004185,2510,1302,792,138,23
E02004186,3426,1382,1224,256,42
E02004187,3966,1552,1110,412,129
E02004188,2743,1354,757,254,68
E02004189,2417,716,1093,131,31
E02004190,3285,1411,1004,348,62
E02004191,3848,1389,907,793,53
E02004192,3230,1691,935,128,77
E02004193,4741,1652,2136,390,46
E02004194,2655,1155,760,251,45
E02004195,2635,967,621,570,41
E02004196,3111,1418,860,324,56
E02004197,2874,1475,858,223,26
E02004198,2980,1115,757,555,45
E02004199,2550,1449,562,195,43
E02004200,2532,1337,572,287,39
E02004201,2231,1225,591,100,31
E02004202,3332,1262,1212,275,50
E02004203,2425,1187,700,183,50
E02004204,4038,1617,1455,345,50
E02004205,2759,1234,951,109,33
E02004206,3216,1292,782,375,67
E02004207,2534,1128,913,193,23
E02004208,3423,1659,1256,64,30
E02004209,3553,1288,1411,363,36
E02004210,3268,999,798,540,61
E02004211,2946,1550,944,64,31
E02004212,2494,888,1005,274,20
E02004213,2049,847,833,23,13
E02004214,2821,622,917,484,35
E02004215,2390,765,804,381,30
E02004216,2383,1030,857,271,15
E02004217,3382,1197,1012,503,44
E02004218,2462,1122,914,139,23
E02004219,2297,1103,803,127,17
E02004220,3027,1321,827,336,48
E02004221,2767,1504,715,63,29
E02004222,2762,900,755,277,55
E02004223,4793,1522,1645,876,62
E02004224,2640,1183,736,142,77
E02004225,2438,862,764,306,29
E02004226,3047,1538,893,142,71
E02004227,3682,1730,1027,261,79
E02004228,2830,1438,835,121,71
E02004229,3272,1548,961,219,54
E02004230,3242,1194,981,413,36
E02004231,2710,1194,727,254,67
E02004232,2639,1217,796,135,62
E02004233,5467,2269,1629,641,92
E02004234,2630,1333,810,221,33
E02004235,2765,1248,871,275,36
E02004236,2440,1026,906,249,26
E02004237,3105,1350,1132,363,29
E02004238,3503,2025,790,281,32
E02004239,2627,1527,823,41,34
E02004240,2576,577,689,1088,23
E02004241,4132,1512,1207,603,55
E02004242,3092,1797,788,159,22
E02004243,2605,981,891,268,91
E02004244,3096,1419,1356,41,26
E02004245,2965,1164,1159,411,29
E02004246,3040,1920,871,57,31
E02004247,2373,931,689,223,105
E02004248,3492,1966,925,320,27
E02004249,2223,1106,847,152,12
E02004250,3569,1838,872,492,26
E02004251,2757,1340,1073,132,20
E02004252,3422,1301,810,702,58
E02004253,3944,2268,1313,62,33
E02004254,4078,1783,1659,260,33
E02004255,3399,1333,1100,452,32
E02004256,3769,1612,1379,252,65
E02004257,3235,1180,1056,491,40
E02004258,4545,2004,1277,670,59
E02004259,2759,1288,757,372,59
E02004260,3328,1128,853,379,110
E02004261,4438,1324,1594,830,43
E02004262,3197,1417,917,419,84
E02004263,2463,938,781,355,56
E02004264,3372,1352,1292,263,37
E02004265,3690,1619,991,556,46
E02004266,3313,1086,852,531,86
E02004267,2241,1109,501,225,66
E02004268,4504,2202,1055,516,63
E02004269,4213,1747,861,783,118
E02004270,3226,1581,812,297,94
E02004271,4408,2069,1012,558,119
E02004272,4925,2034,1509,544,139
E02004273,3338,1731,715,465,71
E02004274,3001,1295,773,549,42
E02004275,3366,1842,763,268,65
E02004276,2813,1317,575,479,32
E02004277,4573,1492,1262,976,65
E02004278,3876,1616,1249,535,39
E02004279,3323,1446,1066,341,92
E02004280,3324,1393,1033,364,65
E02004281,3176,832,1082,779,38
E02004282,3912,2140,1173,127,45
E02004283,3709,1541,1191,583,50
E02004284,4743,1417,891,519,94
E02004285,3299,994,1120,570,41
E02004286,2122,751,755,313,22
E02004287,2399,946,833,300,16
E02004288,2094,618,567,468,14
E02004289,3081,1182,1189,235,26
E02004600,2451,851,957,247,28
E02004601,2341,1233,785,113,25
E02004602,2771,572,966,825,24
E02004603,2958,579,647,531,22
E02004604,3437,551,883,1576,42
E02004605,2443,573,710,844,52
E02004606,4147,1018,1468,513,39
E02004607,4794,1128,1488,315,53
E02004608,5072,1158,1062,358,64
E02004609,3125,1252,1300,114,24
E02004610,3618,1476,1146,134,61
E02004611,4586,1801,1931,262,40
E02004612,4155,1725,1704,242,22
E02004613,2755,1361,968,98,22
E02004614,2276,1085,861,55,20
E02004615,3589,1578,996,518,96
E02004616,4055,1613,1025,653,144
E02004617,3428,1370,1028,419,115
E02004618,2990,1148,840,204,198
E02004619,3171,1182,848,376,167
E02004620,3149,1153,1224,479,32
E02004621,3103,963,621,785,58
E02004622,2798,859,822,572,23
E02004623,3451,1448,1077,479,82
E02004624,2488,903,882,305,32
E02004625,4014,1474,1190,598,139
E02004626,3645,1768,1191,234,69
E02004627,2302,925,693,298,38
E02004628,3201,1291,1193,438,42
E02004629,5333,1928,1754,906,72
E02004630,2605,1185,895,164,55
E02004631,2130,1024,775,120,28
E02004632,4362,1558,1460,759,69
E02004633,3423,1425,1235,439,48
E02004634,4263,1585,1456,644,72
E02004635,2903,1277,939,235,45
E02004636,3272,1409,1458,55,28
E02004637,3965,1134,1054,548,45
E02004638,2285,915,1028,128,8
E02004639,3935,751,941,702,52
E02004640,2987,734,842,429,54
E02004641,3260,1643,1137,159,26
E02004642,4580,1332,2161,560,25
E02004643,3000,554,1011,739,37
E02004644,3547,862,1369,707,31
E02004645,3941,1244,2055,116,27
E02004646,3782,935,1160,1330,58
E02004647,2423,813,833,585,31
E02004648,2549,1121,991,119,17
E02004649,2812,515,1626,107,15
E02004650,4025,767,2020,430,25
E02004651,3173,1031,1412,179,22
E02004652,2828,1498,763,152,50
E02004653,2569,1032,975,248,44
E02004654,4731,1701,1617,813,52
E02004655,3193,973,1182,590,55
E02004656,4967,1500,1655,851,69
E02004657,2860,1159,1229,142,19
E02004658,2681,1054,1169,108,25
E02004659,2640,1167,877,355,49
E02004660,2760,1380,815,303,40
E02004661,3573,1408,1303,599,43
E02004662,2540,989,839,298,39
E02004663,2827,984,986,421,40
E02004664,2909,890,1030,585,36
E02004665,3543,1421,1234,453,50
E02004666,4600,1146,2266,471,29
E02004667,4819,1679,1423,1014,53
E02004668,3684,1661,1086,393,86
E02004669,2731,1331,937,136,51
E02004670,5574,2191,2138,611,47
E02004671,2480,1124,874,139,32
E02004672,5251,1892,2010,465,47
E02004673,2351,1135,629,361,41
E02004674,3636,1232,1420,600,25
E02006047,3418,1367,1168,264,86
E02006048,2714,1017,914,399,49
E02006049,3167,1410,1331,30,11
E02006050,3613,881,1109,873,34
E02006051,3099,1505,916,254,96
E02006052,3187,1270,1143,189,53
E02006053,3848,1216,1439,602,39
E02006054,3699,1590,961,478,45
E02006055,3744,1014,1365,582,39
E02006056,3068,1219,1076,295,76
E02006057,3410,1279,929,506,58
E02006058,3085,1347,1155,176,40
E02006059,2673,1288,828,137,93
E02006060,3432,984,1066,688,42
E02006061,3791,1560,1379,328,52
E02006062,4423,2093,1599,213,52
E02006063,2748,1353,1021,111,40
E02006064,3740,1551,1073,295,47
E02006065,3743,1202,1176,756,38
E02006066,3309,1484,1212,346,37
E02006067,2972,1373,932,273,77
E02006068,3092,670,836,1000,44
E02006069,4435,966,1344,706,64
E02006070,2955,998,1280,114,17
E02006071,3408,1409,1327,160,28
E02006072,3758,1830,1321,219,57
E02006073,2960,591,838,1043,53
E02006074,3467,1240,1417,387,56
E02006075,2099,884,607,208,93
E02006076,3660,1602,1135,366,83
E02006077,2444,1104,706,306,46
E02006078,2410,1056,778,242,40
E02006079,3114,1222,945,384,65
E02006080,2502,895,756,279,47
E02006081,2253,1041,721,232,57
E02006082,2840,1115,925,426,43
E02006083,2504,959,875,344,39
E02006084,3165,1428,969,382,61
E02006085,2549,929,967,351,18
E02006086,2706,919,1161,257,24
E02006087,2640,596,919,588,19
E02006088,3149,782,933,1028,44
E02006089,2939,732,862,474,35
E02006090,2985,939,1133,403,42
E02006091,4254,1793,1321,614,94
E02006092,2659,1106,1132,120,13
E02006093,3747,1533,1174,494,50
E02006094,2357,1036,707,332,38
E02006095,3585,1415,1173,474,45
E02006096,2849,1062,1068,411,28
E02006097,2933,992,781,736,31
E02006098,3158,1578,931,246,80
E02006099,2736,917,1096,257,43
E02006100,2955,1082,1028,337,43
E02006101,2420,1031,725,294,46
E02006102,3083,704,829,1264,56
E02006103,3079,1482,1052,222,35
E02006104,3264,988,1310,375,37
E02006105,4680,1217,1531,300,64
E02006106,2991,922,1093,607,24
E02006107,3458,621,884,1603,61
E02006108,4029,1434,915,585,78
E02006109,3355,1761,1109,78,46
E02006110,3441,828,1166,904,52
E02006111,4322,1979,1477,310,77
E02006112,3094,1363,1100,185,53
E02006113,3340,1458,846,256,52
E02006114,2887,1359,488,583,47
E02006115,3254,1237,790,762,52
E02006116,3519,1708,848,281,90
E02006117,2623,1262,497,406,91
W02000001,3793,1523,1053,605,94
W02000002,2916,1493,813,188,69
W02000003,4673,1266,1183,1292,100
W02000004,3241,1576,965,286,73
W02000005,3997,1954,1034,358,104
W02000006,2847,1012,828,670,69
W02000007,3003,1089,829,421,81
W02000008,2789,1181,830,288,69
W02000009,3335,1350,1055,379,90
W02000010,2785,539,404,687,72
W02000011,3011,839,817,825,80
W02000012,3546,1202,1228,502,77
W02000013,2720,1035,992,228,61
W02000014,2949,1055,1000,444,71
W02000015,3508,1099,912,1096,94
W02000016,2767,1125,875,398,55
W02000017,3335,1358,1003,571,69
W02000018,2997,1350,716,461,83
W02000019,3218,1557,722,398,97
W02000020,2958,1439,689,373,78
W02000021,3654,1462,824,646,93
W02000022,2881,1480,669,276,88
W02000023,2698,1307,509,345,85
W02000024,2556,1125,558,371,92
W02000025,3160,1312,659,554,76
W02000026,3730,1884,750,386,86
W02000027,4228,1254,862,674,92
W02000028,3043,1258,833,615,32
W02000029,2806,1452,994,11,36
W02000030,3002,1252,775,387,49
W02000031,3606,1467,1319,217,40
W02000032,3539,1771,1112,234,46
W02000033,3002,812,804,306,43
W02000034,3258,1109,1188,451,63
W02000035,3763,1248,1359,642,38
W02000036,4986,2306,1396,501,52
W02000037,3023,1167,1003,359,39
W02000038,2755,1207,780,314,41
W02000039,3502,1321,1176,422,52
W02000040,2807,1174,785,274,101
W02000041,3857,1611,1084,539,94
W02000042,2622,1160,865,93,32
W02000043,2217,786,745,341,40
W02000044,2391,1187,830,35,20
W02000045,4084,1007,951,727,71
W02000047,2058,399,612,707,35
W02000049,2709,989,973,315,65
W02000050,2789,1069,966,263,32
W02000051,2263,848,751,334,43
W02000052,2305,584,602,649,46
W02000053,2631,1087,1012,203,41
W02000054,2460,1060,832,202,51
W02000055,2406,939,711,367,56
W02000056,2172,868,730,264,54
W02000057,2786,1158,751,405,72
W02000419,4653,1796,1791,420,58
W02000058,2291,879,770,308,28
W02000059,2691,982,1047,384,27
W02000060,4491,1320,1512,1108,42
W02000061,2862,659,767,1116,22
W02000062,2400,905,1149,146,14
W02000063,3506,1479,1372,288,57
W02000064,2596,660,835,784,20
W02000065,3000,1065,1436,123,25
W02000066,4150,1032,1344,1191,38
W02000067,2494,982,1186,144,13
W02000068,2453,796,800,459,24
W02000069,2524,1004,1028,195,24
W02000070,4266,1662,1934,217,35
W02000071,3049,1389,1320,99,21
W02000072,4668,1301,1935,830,44
W02000073,4313,1638,1384,782,48
W02000074,4098,1326,1497,749,41
W02000075,2224,942,960,125,17
W02000076,3169,1337,1173,325,40
W02000077,2536,1039,945,278,30
W02000080,3287,873,1301,825,46
W02000081,2331,554,942,608,28
W02000082,3171,747,1224,849,39
W02000083,3668,974,1402,802,66
W02000084,2240,1091,883,81,37
W02000085,3965,1608,1303,428,54
W02000086,2239,712,679,599,41
W02000087,2938,343,475,1923,60
W02000088,3515,856,984,534,58
W02000089,3781,721,1013,1181,75
W02000090,2422,825,853,566,33
W02000091,2636,965,1016,349,33
W02000092,3079,718,947,985,52
W02000093,2826,879,994,478,49
W02000094,3818,1003,1071,1433,66
W02000095,2697,1127,900,226,48
W02000096,2839,1003,908,582,79
W02000420,5577,2365,2224,354,104
W02000097,3893,1890,960,353,94
W02000098,2641,1213,891,158,45
W02000099,2955,919,700,712,87
W02000100,2748,1240,659,420,78
W02000101,2350,1055,684,165,41
W02000102,2652,1263,752,247,41
W02000103,2349,1167,663,194,57
W02000104,2880,1027,700,556,39
W02000105,2135,393,504,983,32
W02000106,2954,1437,662,313,70
W02000107,4449,2245,939,491,125
W02000108,3210,1671,668,354,62
W02000109,2583,931,603,406,36
W02000110,3072,1459,753,288,60
W02000111,3751,1740,858,449,99
W02000113,3635,1301,827,804,91
W02000114,2970,1404,826,292,68
W02000414,2565,1269,689,148,68
W02000416,4553,2002,1305,828,84
W02000116,3291,1509,986,191,56
W02000117,3321,713,363,425,61
W02000118,2840,865,684,644,53
W02000120,3257,1586,863,173,73
W02000122,2921,1561,748,176,85
W02000123,3432,1609,773,356,67
W02000124,4165,1811,944,670,71
W02000125,3308,1671,857,332,64
W02000421,5027,2496,1394,229,128
W02000126,3537,1860,957,206,87
W02000127,4462,2142,1057,586,83
W02000128,3130,1510,789,439,77
W02000129,2807,1425,813,157,81
W02000130,3118,811,681,828,34
W02000131,3020,1125,935,508,37
W02000132,2702,1243,784,207,67
W02000133,3322,1609,972,322,57
W02000134,3633,1555,1211,518,44
W02000135,3097,1060,806,808,32
W02000136,3708,1856,1000,268,72
W02000137,3047,959,807,915,33
W02000138,4171,1280,1188,899,36
W02000139,3318,1669,981,314,48
W02000140,3046,1000,722,883,48
W02000141,3004,1203,688,454,88
W02000142,2406,1086,645,347,52
W02000143,2516,1258,597,254,74
W02000144,3274,1524,920,360,63
W02000145,3124,1561,868,228,60
W02000146,2732,1425,851,145,47
W02000147,3221,1300,1016,393,67
W02000148,2267,803,596,550,35
W02000149,2945,1220,649,436,54
W02000151,3209,1270,969,632,50
W02000152,3387,1427,1149,524,37
W02000153,3351,1675,1001,340,64
W02000154,3344,1315,976,594,50
W02000156,3381,1387,1259,356,45
W02000157,3845,1670,1313,537,53
W02000158,2409,973,959,201,29
W02000159,2575,1057,756,474,43
W02000160,3193,1456,1168,319,52
W02000161,2320,742,697,550,43
W02000162,3781,1684,1156,460,58
W02000163,2371,910,689,360,46
W02000164,3035,1346,935,310,61
W02000165,2827,942,912,559,51
W02000166,3616,1066,1262,933,60
W02000167,4551,1184,1013,1250,67
W02000418,5149,2367,1500,560,91
W02000168,2661,940,983,414,49
W02000169,4034,1504,1366,678,76
W02000170,3868,1411,1440,607,68
W02000171,3288,1093,1586,219,43
W02000172,4201,1348,1590,762,66
W02000173,2987,838,1440,338,34
W02000174,3867,1608,1542,399,42
W02000175,3416,950,1089,697,50
W02000176,4011,1460,1115,1113,50
W02000177,2982,873,1249,442,27
W02000178,3753,416,704,2295,112
W02000179,2807,1101,1160,213,38
W02000180,3416,839,1030,1109,72
W02000181,2980,837,880,865,83
W02000182,3446,1159,1263,420,54
W02000183,4279,1102,1152,1016,83
W02000184,3176,1033,1031,766,57
W02000185,2175,1009,799,175,34
W02000186,3850,564,605,2301,124
W02000187,2373,1135,865,170,21
W02000188,3321,980,869,567,75
W02000189,3678,1269,1079,916,65
W02000190,2027,1012,732,81,22
W02000191,3916,1126,1064,308,64
W02000192,5079,748,644,1620,76
W02000193,3609,821,520,476,53
W02000194,2448,1280,669,90,40
W02000195,2672,1542,810,64,40
W02000196,3062,1305,855,595,62
W02000197,2637,1522,782,90,55
W02000198,3478,1751,1078,72,57
W02000200,2232,952,627,462,33
W02000201,2336,940,674,419,36
W02000202,4904,1856,1688,846,85
W02000203,2813,1078,951,513,38
W02000204,2940,1358,1174,172,30
W02000205,2595,987,835,534,49
W02000206,3367,1099,826,800,73
W02000207,2139,984,907,107,25
W02000208,3773,1332,1454,505,51
W02000209,2264,882,483,680,47
W02000210,2663,803,833,750,51
W02000211,3588,1008,1064,884,57
W02000212,3342,1162,1172,731,55
W02000213,2924,1325,1130,240,39
W02000214,4151,1254,1124,1382,117
W02000215,4234,1264,1124,1004,113
W02000216,3019,1173,1097,186,54
W02000217,2716,891,1075,423,46
W02000417,4393,1628,1376,907,73
W02000218,2966,1101,943,372,44
W02000219,3223,1196,1136,456,38
W02000220,3449,1256,1226,444,35
W02000221,3230,1042,1128,607,36
W02000222,2585,1086,945,301,34
W02000223,2337,711,959,367,29
W02000224,2556,772,995,483,31
W02000225,3783,1120,1434,772,55
W02000226,4163,1539,1782,385,41
W02000227,3023,860,1032,746,47
W02000228,2350,1010,917,123,38
W02000229,2616,872,950,531,38
W02000230,2171,1022,914,32,25
W02000231,3770,1090,1094,861,51
W02000232,2427,722,1217,109,22
W02000233,2602,646,977,589,25
W02000234,4112,1155,2006,516,42
W02000235,4073,2025,1284,133,54
W02000236,3079,1234,1093,272,52
W02000237,2158,1086,802,53,36
W02000238,2715,1452,840,101,41
W02000239,2688,1278,1061,79,46
W02000240,3628,1347,1419,459,33
W02000241,4554,1651,1509,134,68
W02000242,3333,1531,1194,348,27
W02000243,3784,822,1142,1494,33
W02000244,4318,1824,1645,406,38
W02000245,3586,749,1633,672,25
W02000246,2347,1140,1004,63,15
W02000247,3637,1505,1336,338,35
W02000248,4624,1130,1715,511,42
W02000249,3934,977,1377,836,52
W02000250,4307,1323,1761,310,40
W02000251,3892,1139,1380,550,35
W02000367,2456,1156,1014,21,34
W02000368,2488,783,1244,90,18
W02000369,3115,599,1764,195,23
W02000370,2957,1707,1003,16,22
W02000371,3989,1126,1480,820,66
W02000372,3060,1206,1401,157,27
W02000373,2668,615,853,896,60
W02000374,2293,1135,914,41,27
W02000375,2783,488,1165,725,25
W02000376,2989,969,1097,639,28
W02000377,2876,584,1576,270,17
W02000378,3096,1338,1230,107,27
W02000379,2562,250,560,1486,38
W02000380,2764,1083,1326,102,29
W02000381,2799,825,920,725,57
W02000382,2342,504,647,944,58
W02000383,3027,750,1153,755,27
W02000384,2322,1017,963,94,17
W02000385,2453,1140,906,62,16
W02000386,3349,1543,1217,215,45
W02000387,2419,1054,947,55,21
W02000388,2384,896,950,299,17
W02000389,3504,895,1226,899,46
W02000390,2365,1176,840,102,19
W02000391,2426,516,681,251,50
W02000392,3794,1551,1505,142,57
W02000393,2963,739,1066,744,48
W02000394,2739,460,446,81,35
W02000395,2727,750,986,242,25
W02000396,2963,552,695,160,41
W02000397,2985,888,996,733,59
W02000398,3453,320,276,241,72
W02000399,4602,577,679,638,52
W02000400,3147,687,919,234,38
W02000401,2688,858,1077,246,38
W02000402,4064,488,849,1088,88
W02000403,3077,477,1068,981,64
W02000404,2786,486,775,902,62
W02000405,2996,384,632,1682,50
W02000406,3566,998,1317,419,53
W02000407,2637,527,760,1036,47
W02000408,3011,492,573,795,70
W02000409,2541,674,853,779,47
W02000410,3039,694,909,486,69
W02000411,2703,545,899,892,36
W02000412,2804,613,915,560,70
W02000422,3654,282,944,214,29
W02000423,4132,391,897,1113,98
W02000252,3742,1285,1118,936,80
W02000253,2722,1059,884,237,41
W02000254,3356,1322,1187,342,39
W02000255,2718,1039,877,522,34
W02000256,4329,1650,1254,647,57
W02000257,3282,1230,967,544,57
W02000258,2573,1077,661,368,54
W02000259,2427,910,638,444,29
W02000260,2640,1082,646,505,47
W02000261,3362,1537,1035,245,50
W02000262,2322,963,782,181,25
W02000263,2694,965,908,349,41
W02000264,2657,1012,675,390,32
W02000265,3944,1529,1215,558,66
W02000266,3183,1004,1223,623,37
W02000267,2804,1169,896,173,37
W02000268,4030,1629,1417,278,53
W02000269,3598,1398,1129,444,69
W02000270,2888,1117,1141,181,42
W02000271,2487,843,697,573,46
W02000272,4294,1647,1593,312,66
W02000273,3732,875,864,975,87
W02000274,3921,1249,1538,728,64
W02000275,2501,878,847,494,45
W02000276,2518,1185,843,314,32
W02000277,3098,950,1190,602,49
W02000278,3623,1189,2014,29,19
W02000279,3166,961,1425,405,47
W02000280,3266,993,1500,368,41
W02000281,3293,1189,1302,403,45
W02000282,4493,1402,2106,503,45
W02000284,4048,1234,1309,892,72
W02000285,3385,1414,1220,304,43
W02000286,2966,811,627,1010,80
W02000287,3380,1316,1333,292,54
W02000288,3512,1377,1036,581,62
W02000289,3316,1206,1294,429,45
W02000415,3657,919,789,1610,96
W02000290,3857,1168,1067,1272,41
W02000291,3151,1116,960,645,28
W02000292,2432,763,777,587,24
W02000293,2645,910,822,523,17
W02000294,2363,891,880,365,25
W02000295,3790,1361,1543,529,33
W02000296,3214,987,1036,847,33
W02000297,3214,980,1341,502,33
W02000298,2940,973,1227,406,24
W02000299,2743,973,917,525,29
W02000300,3535,1205,1224,721,30
W02000301,3039,918,1215,599,23
W02000302,4114,1527,1605,447,45
W02000303,2948,949,1174,422,34
W02000304,2436,772,857,467,23
W02000305,2743,881,1080,531,18
W02000306,2364,839,762,404,28
W02000307,2778,737,1097,508,19
W02000308,3760,1102,1516,727,22
W02000309,2837,959,1077,498,34
W02000310,2215,710,818,504,21
W02000311,4077,1142,1341,1111,37
W02000312,3100,980,1238,595,23
W02000313,4184,1345,2086,227,30
W02000314,3011,974,890,912,31
W02000315,2457,749,725,585,20
W02000316,3058,1054,816,965,34
W02000317,3283,1024,1037,900,29
W02000318,3959,1171,1195,1123,37
W02000319,3673,1179,1052,863,39
W02000320,3696,1221,1197,569,39
W02000321,3985,1432,1143,732,48
W02000322,3294,1215,850,635,39
W02000323,2645,909,742,700,26
W02000324,2938,892,961,829,26
W02000325,2923,737,829,1120,36
W02000326,3845,1317,1339,679,56
W02000327,2632,1143,963,329,32
W02000328,3043,1067,1233,401,35
W02000329,3233,880,1054,942,25
W02000330,3314,1311,1099,570,38
W02000331,2653,464,854,1074,21
W02000332,3127,780,867,1152,48
W02000333,2611,665,1281,473,11
W02000334,2753,826,1278,466,9
W02000335,2807,1185,1041,365,29
W02000336,3653,1713,1035,295,59
W02000337,3316,1036,948,1045,35
W02000338,3337,1604,1003,430,33
W02000339,4520,1741,1347,815,66
W02000340,2971,1371,794,210,104
W02000341,3381,1532,1115,285,57
W02000342,3780,1749,1510,174,49
W02000343,3709,1011,1247,805,41
W02000344,3033,1310,1294,201,33
W02000345,3458,1270,1145,764,28
W02000346,3075,932,1576,264,27
W02000347,3433,1375,1319,330,47
W02000348,3363,1341,1223,507,35
W02000349,3306,716,955,1343,41
W02000350,2974,1199,1226,289,38
W02000351,2715,776,935,739,46
W02000352,3019,712,995,787,58
W02000353,2955,1012,1150,142,31
W02000354,2587,945,799,577,49
W02000355,3386,1396,1501,224,25
W02000356,2273,549,551,1015,45
W02000357,3289,951,1198,263,50
W02000358,2534,1120,977,137,30
W02000359,4074,820,1415,571,69
W02000360,2831,580,723,486,42
W02000361,3977,1175,1215,1227,51
W02000362,2605,923,1025,352,36
W02000363,2624,869,876,630,48
W02000364,2957,411,614,1051,60
W02000365,3077,413,974,1321,49
W02000366,3193,946,1697,131,31
